title,year,certificate,duration,genre,rating,votes
Cobra Kai,(2018– ),TV-14,30 min,"Action, Comedy, Drama",8.5,"177,031"
The Crown,(2016– ),TV-MA,58 min,"Biography, Drama, History",8.699999809265137,"199,885"
Better Call Saul,(2015–2022),TV-MA,46 min,"Crime, Drama",8.899999618530273,"501,384"
Devil in Ohio,(2022),TV-MA,356 min,"Drama, Horror, Mystery",5.900000095367432,"9,773"
Cyberpunk: Edgerunners,(2022– ),TV-MA,24 min,"Animation, Action, Adventure",8.600000381469727,"15,413"
The Sandman,(2022– ),TV-MA,45 min,"Drama, Fantasy, Horror",7.800000190734863,"116,358"
Rick and Morty,(2013– ),TV-MA,23 min,"Animation, Adventure, Comedy",9.199999809265137,"502,160"
Breaking Bad,(2008–2013),TV-MA,49 min,"Crime, Drama, Thriller",9.5,"1,831,340"
The Imperfects,(2022– ),TV-MA,45 min,"Action, Adventure, Drama",6.300000190734863,"3,123"
Blonde,(2022),NC-17,166 min,"Biography, Drama, Mystery",6.199999809265137,935
Stranger Things,(2016– ),TV-14,51 min,"Drama, Fantasy, Horror",8.699999809265137,"1,149,889"
End of the Road,(II) (2022),R,89 min,"Action, Crime, Drama",4.699999809265137,"5,122"
The Walking Dead,(2010–2022),TV-MA,44 min,"Drama, Horror, Thriller",8.100000381469727,"970,060"
Glass Onion: A Knives Out Mystery,(2022),PG-13,139 min,"Crime, Drama, Mystery",8.100000381469727,547
Do Revenge,(2022),TV-MA,118 min,Comedy,6.400000095367432,"13,457"
I Came By,(2022),TV-MA,110 min,Thriller,6.099999904632568,"16,230"
No Limit,(2022),TV-MA,118 min,"Drama, Romance, Sport",5.800000190734863,"1,695"
1899,(2022– ),,60 min,"Drama, History, Horror",9.600000381469727,853
Peaky Blinders,(2013–2022),TV-MA,60 min,"Crime, Drama",8.800000190734863,"531,058"
Fate: The Winx Saga,(2021– ),TV-MA,,"Action, Adventure, Drama",6.900000095367432,"43,179"
The Lord of the Rings: The Fellowship of the Ring,(2001),PG-13,178 min,"Action, Adventure, Drama",8.800000190734863,"1,844,055"
Grey's Anatomy,(2005– ),TV-14,41 min,"Drama, Romance",7.599999904632568,"303,617"
Supernatural,(2005–2020),TV-14,44 min,"Drama, Fantasy, Horror",8.399999618530273,"439,597"
American Horror Story,(2011– ),TV-MA,60 min,"Drama, Horror, Sci-Fi",8.0,"312,970"
The Accidental Narco,(2022– ),TV-MA,50 min,"Action, Biography, Crime",7.400000095367432,"2,056"
NCIS,(2003– ),TV-14,60 min,"Action, Crime, Drama",7.800000190734863,"145,895"
Friends,(1994–2004),TV-14,22 min,"Comedy, Romance",8.899999618530273,"979,424"
Shameless,(2011–2021),TV-MA,46 min,"Comedy, Drama",8.600000381469727,"239,541"
Modern Family,(2009–2020),TV-PG,22 min,"Comedy, Drama, Romance",8.5,"423,963"
Ozark,(2017–2022),TV-MA,60 min,"Crime, Drama, Thriller",8.5,"309,552"
Echoes,(2022),TV-MA,326 min,"Drama, Mystery, Thriller",5.900000095367432,"9,380"
The Gray Man,(2022),PG-13,122 min,"Action, Thriller",6.5,"172,136"
Me Time,(2022),R,101 min,Comedy,5.0,"26,092"
Suits,(2011–2019),TV-14,44 min,"Comedy, Drama",8.5,"405,863"
Vikings,(2013–2020),TV-MA,44 min,"Action, Adventure, Drama",8.5,"524,630"
The Witcher,(2019– ),TV-MA,60 min,"Action, Adventure, Drama",8.199999809265137,"481,837"
The Blacklist,(2013– ),TV-14,43 min,"Crime, Drama, Mystery",8.0,"245,591"
Seinfeld,(1989–1998),TV-PG,22 min,Comedy,8.899999618530273,"314,089"
Lucifer,(2016–2021),TV-14,42 min,"Crime, Drama, Fantasy",8.100000381469727,"318,928"
The Umbrella Academy,(2019–2023),TV-14,60 min,"Action, Adventure, Comedy",7.900000095367432,"243,344"
The Last Kingdom,(2015–2022),TV-MA,60 min,"Action, Drama, History",8.5,"136,936"
Partner Track,(2022– ),TV-MA,60 min,Drama,6.800000190734863,"3,840"
Love in the Villa,(2022),TV-14,114 min,"Comedy, Romance",5.300000190734863,"7,048"
Black Mirror,(2011–2019),TV-MA,60 min,"Drama, Mystery, Sci-Fi",8.800000190734863,"535,782"
Brooklyn Nine-Nine,(2013–2021),TV-14,22 min,"Comedy, Crime",8.399999618530273,"309,004"
Squid Game,(2021– ),TV-MA,55 min,"Action, Drama, Mystery",8.0,"435,160"
Gilmore Girls,(2000–2007),TV-PG,44 min,"Comedy, Drama",8.199999809265137,"124,087"
Outlander,(2014– ),TV-MA,60 min,"Drama, Fantasy, Romance",8.399999618530273,"158,268"
Ófærð,(2015– ),TV-14,60 min,"Crime, Drama, Mystery",8.0,"21,641"
Never Have I Ever,(2020–2023),TV-14,30 min,"Comedy, Drama",7.900000095367432,"56,216"
Attack on Titan,(2013–2023),TV-MA,24 min,"Animation, Action, Adventure",9.0,"363,297"
Manifest,(2018– ),TV-14,43 min,"Drama, Mystery, Sci-Fi",7.099999904632568,"59,167"
Locke & Key,(2020–2022),TV-14,48 min,"Drama, Fantasy, Horror",7.300000190734863,"84,847"
Day Shift,(2022),R,113 min,"Action, Comedy, Fantasy",6.099999904632568,"62,931"
Dark,(2017–2020),TV-MA,60 min,"Crime, Drama, Mystery",8.699999809265137,"371,981"
Guillermo del Toro's Pinocchio,(II) (2022),,114 min,"Animation, Drama, Family",,
Sex Education,(2019– ),TV-MA,45 min,"Comedy, Drama",8.399999618530273,"273,671"
The Lord of the Rings: The Return of the King,(2003),PG-13,201 min,"Action, Adventure, Drama",9.0,"1,819,157"
The Vampire Diaries,(2009–2017),TV-14,43 min,"Drama, Fantasy, Horror",7.699999809265137,"318,383"
Virgin River,(2019– ),TV-14,44 min,"Drama, Romance",7.400000095367432,"41,276"
Family Guy,(1999– ),TV-MA,22 min,"Animation, Comedy",8.199999809265137,"334,757"
Fargo,(2014– ),TV-MA,53 min,"Crime, Drama, Thriller",8.899999618530273,"369,918"
Animal Kingdom,(2016–2022),TV-MA,60 min,"Crime, Drama",8.199999809265137,"37,944"
Diario de un Gigoló,(2022),TV-MA,50 min,Drama,6.300000190734863,538
How I Met Your Mother,(2005–2014),TV-14,22 min,"Comedy, Romance",8.300000190734863,"676,121"
The School for Good and Evil,(2022),PG-13,147 min,"Action, Drama, Fantasy",,
Heartbreak High,(2022– ),TV-MA,50 min,"Drama, Romance",7.599999904632568,"1,502"
Wednesday,(2022– ),,,"Comedy, Family, Fantasy",,
Community,(2009–2015),TV-14,22 min,Comedy,8.5,"261,138"
Daredevil,(2015–2018),TV-MA,54 min,"Action, Crime, Drama",8.600000381469727,"434,141"
Blue Bloods,(2010– ),TV-14,43 min,"Crime, Drama, Mystery",7.699999809265137,"40,037"
Bee and PuppyCat,(2013– ),TV-PG,7 min,"Animation, Short, Action",8.199999809265137,"2,385"
Loving Adults,(2022),TV-MA,104 min,"Crime, Drama, Thriller",6.5,"5,861"
Schitt's Creek,(2015–2020),TV-14,22 min,Comedy,8.5,"118,638"
Sing 2,(2021),PG,110 min,"Animation, Adventure, Comedy",7.400000095367432,"65,399"
RRR,(2022),Not Rated,187 min,"Action, Drama",8.0,"107,203"
Arcane,(2021– ),TV-14,41 min,"Animation, Action, Adventure",9.0,"196,697"
The Lørenskog Disappearance,(2021),TV-MA,,"Documentary, Crime",6.099999904632568,668
The Lord of the Rings: The Two Towers,(2002),PG-13,179 min,"Action, Adventure, Drama",8.800000190734863,"1,642,708"
All Quiet on the Western Front,(2022),R,147 min,"Action, Drama, War",8.300000190734863,199
Mr. Harrigan's Phone,(2022),PG-13,104 min,Horror,,
American Psycho,(2000),R,102 min,"Crime, Drama, Horror",7.599999904632568,"598,117"
The Hobbit: An Unexpected Journey,(2012),PG-13,169 min,"Adventure, Fantasy",7.800000190734863,"820,021"
Kleo,(2022– ),TV-MA,44 min,"Action, Crime, Drama",7.5,"5,517"
Riverdale,(2017– ),TV-14,45 min,"Crime, Drama, Mystery",6.599999904632568,"143,861"
Sons of Anarchy,(2008–2014),TV-MA,45 min,"Crime, Drama, Thriller",8.600000381469727,"294,616"
Mad Men,(2007–2015),TV-14,47 min,Drama,8.699999809265137,"237,030"
The Flash,(2014–2023),TV-PG,43 min,"Action, Adventure, Drama",7.599999904632568,"344,187"
Archer,(2009– ),TV-MA,22 min,"Animation, Action, Comedy",8.600000381469727,"153,880"
Dahmer - Monster: The Jeffrey Dahmer Story,(2022),TV-MA,534 min,"Biography, Crime, Drama",8.5,"5,580"
Mr. Robot,(2015–2019),TV-MA,49 min,"Crime, Drama, Thriller",8.600000381469727,"383,470"
That '70s Show,(1998–2006),TV-14,22 min,"Comedy, Drama, Romance",8.100000381469727,"169,768"
You,(2018– ),TV-MA,45 min,"Crime, Drama, Romance",7.699999809265137,"234,218"
Look Both Ways,(2022),TV-14,110 min,"Comedy, Drama, Romance",6.300000190734863,"14,313"
365 Days,(2020),TV-MA,114 min,"Drama, Romance",3.299999952316284,"89,071"
I Used to Be Famous,(2022),TV-14,104 min,"Comedy, Drama, Music",6.599999904632568,"2,633"
Titanic,(1997),PG-13,194 min,"Drama, Romance",7.900000095367432,"1,158,746"
Bridgerton,(2020– ),TV-MA,60 min,"Drama, History, Romance",7.300000190734863,"133,119"
Sherlock,(2010–2017),TV-14,88 min,"Crime, Drama, Mystery",9.100000381469727,"913,816"
Dexter,(2006–2013),TV-MA,53 min,"Crime, Drama, Mystery",8.699999809265137,"720,792"
New Girl,(2011–2018),TV-14,22 min,"Comedy, Romance",7.699999809265137,"221,781"
The Expanse,(2015–2022),TV-14,60 min,"Drama, Mystery, Sci-Fi",8.5,"151,611"
Purple Hearts,(2022),TV-14,122 min,"Drama, Music, Romance",6.699999809265137,"32,797"
The Gentlemen,(2019),R,113 min,"Action, Comedy, Crime",7.800000190734863,"331,508"
The Good Doctor,(2017– ),TV-14,41 min,Drama,8.100000381469727,"92,641"
Downton Abbey,(2010–2015),TV-PG,58 min,"Drama, Romance",8.699999809265137,"204,875"
Extraordinary Attorney Woo,(2022),TV-14,75 min,Drama,8.899999618530273,"9,538"
Smallville,(2001–2017),TV-PG,60 min,"Action, Adventure, Drama",7.5,"127,295"
Star Trek: The Next Generation,(1987–1994),TV-PG,44 min,"Action, Adventure, Sci-Fi",8.699999809265137,"119,655"
BoJack Horseman,(2014–2020),TV-MA,25 min,"Animation, Comedy, Drama",8.800000190734863,"152,649"
"Love, Death & Robots",(2019– ),TV-MA,15 min,"Animation, Short, Action",8.399999618530273,"165,153"
Money Heist,(2017–2021),TV-MA,70 min,"Action, Crime, Drama",8.199999809265137,"469,640"
Orange Is the New Black,(2013–2019),TV-MA,59 min,"Comedy, Crime, Drama",8.100000381469727,"300,354"
Jurassic Park,(1993),PG-13,127 min,"Action, Adventure, Sci-Fi",8.199999809265137,"978,402"
Prison Break,(2005–2017),TV-14,44 min,"Action, Crime, Drama",8.300000190734863,"529,304"
Billions,(2016– ),TV-MA,60 min,Drama,8.399999618530273,"93,451"
Once Upon a Time,(2011–2018),TV-PG,60 min,"Adventure, Fantasy, Romance",7.699999809265137,"223,549"
Titans,(I) (2018– ),TV-MA,45 min,"Action, Adventure, Crime",7.599999904632568,"98,315"
The 100,(2014–2020),TV-14,43 min,"Drama, Mystery, Sci-Fi",7.599999904632568,"248,827"
Jaws,(1975),PG,124 min,"Adventure, Thriller",8.100000381469727,"600,404"
The Catholic School,(2021),TV-MA,106 min,Drama,5.800000190734863,"1,536"
South Park,(1997– ),TV-14,22 min,"Animation, Comedy",8.699999809265137,"366,394"
Spartacus,(2010–2013),TV-MA,55 min,"Action, Adventure, Biography",8.5,"241,105"
Sabse Bada Fan Bole Ciao,(2021 Video),,2 min,"Short, Musical",,
Clueless,(1995),PG-13,97 min,"Comedy, Romance",6.900000095367432,"216,233"
Chesapeake Shores,(2016–2022),TV-PG,42 min,"Drama, Family",7.5,"7,676"
Demon Slayer: Kimetsu no Yaiba,(2019– ),TV-MA,24 min,"Animation, Action, Adventure",8.699999809265137,"97,968"
The Queen's Gambit,(2020),TV-MA,60 min,Drama,8.600000381469727,"432,644"
Pretty Little Liars,(2010–2017),TV-14,44 min,"Drama, Mystery, Romance",7.400000095367432,"166,548"
Mindhunter,(2017–2019),TV-MA,60 min,"Crime, Drama, Mystery",8.600000381469727,"281,506"
"Murder, She Wrote",(1984–1996),TV-PG,50 min,"Crime, Drama, Mystery",7.099999904632568,"24,323"
From,(2022– ),TV-MA,52 min,"Drama, Horror, Mystery",7.599999904632568,"18,826"
Spiderhead,(2022),R,106 min,"Action, Crime, Drama",5.400000095367432,"52,102"
CSI: Crime Scene Investigation,(2000–2015),TV-14,60 min,"Crime, Drama, Mystery",7.699999809265137,"83,833"
Evil,(2019– ),TV-14,42 min,"Crime, Drama, Horror",7.699999809265137,"26,248"
The Lincoln Lawyer,(2022– ),TV-MA,60 min,"Crime, Drama, Mystery",7.699999809265137,"35,356"
Arrested Development,(2003–2019),TV-14,22 min,Comedy,8.699999809265137,"302,834"
Heartland,(II) (2007– ),TV-PG,45 min,"Drama, Family",8.399999618530273,"16,702"
Mo,(2022– ),TV-MA,30 min,"Comedy, Drama",7.599999904632568,"5,261"
Inventing Anna,(2022),TV-MA,65 min,Drama,6.800000190734863,"65,185"
It,(I) (2017),R,135 min,Horror,7.300000190734863,"537,240"
Narcos,(2015–2017),TV-MA,49 min,"Biography, Crime, Drama",8.800000190734863,"416,307"
The Sinner,(2017–2021),TV-MA,45 min,"Crime, Drama, Mystery",7.900000095367432,"120,241"
Homeland,(2011–2020),TV-MA,55 min,"Crime, Drama, Mystery",8.300000190734863,"339,482"
The Haunting of Hill House,(2018),TV-MA,572 min,"Drama, Horror, Mystery",8.600000381469727,"237,198"
Doc Martin,(2004–2022),TV-14,46 min,"Comedy, Drama, Romance",8.399999618530273,"16,147"
Hawaii Five-0,(2010–2020),TV-14,42 min,"Action, Crime, Drama",7.400000095367432,"73,530"
Star Trek: The Original Series,(1966–1969),TV-PG,50 min,"Action, Adventure, Sci-Fi",8.399999618530273,"83,805"
The Next 365 Days,(2022),TV-MA,112 min,"Drama, Romance",2.700000047683716,"5,495"
Don't Look Up,(2021),R,138 min,"Comedy, Drama, Sci-Fi",7.199999809265137,"525,424"
Murdoch Mysteries,(2008– ),TV-PG,48 min,"Crime, Drama, Mystery",8.199999809265137,"14,381"
The Good Wife,(2009–2016),TV-14,43 min,"Crime, Drama, Mystery",8.399999618530273,"75,557"
Shadow and Bone,(2021– ),TV-14,60 min,"Action, Adventure, Drama",7.599999904632568,"82,657"
Sex/Life,(2021– ),TV-MA,45 min,"Comedy, Drama, Romance",5.400000095367432,"21,107"
Gladiator,(2000),R,155 min,"Action, Adventure, Drama",8.5,"1,481,531"
The Punisher,(2017–2019),TV-MA,53 min,"Action, Crime, Drama",8.5,"231,599"
Midnight Mass,(2021),TV-MA,450 min,"Drama, Fantasy, Horror",7.699999809265137,"110,997"
"Roswell, New Mexico",(2019–2022),TV-14,45 min,"Drama, Romance, Sci-Fi",6.199999809265137,"12,827"
Taxi Driver,(1976),R,114 min,"Crime, Drama",8.199999809265137,"819,599"
Teen Wolf,(2011–2017),TV-14,41 min,"Action, Drama, Fantasy",7.699999809265137,"146,991"
Vikings: Valhalla,(2022– ),TV-MA,51 min,"Action, Adventure, Drama",7.199999809265137,"37,571"
New Amsterdam,(2018– ),TV-14,43 min,Drama,8.0,"37,212"
Léon: The Professional,(1994),R,110 min,"Action, Crime, Drama",8.5,"1,147,345"
Arrow,(2012–2020),TV-14,42 min,"Action, Adventure, Crime",7.5,"429,943"
The Good Nurse,(2022),R,121 min,"Biography, Crime, Drama",7.800000190734863,116
The Good Place,(2016–2020),TV-PG,22 min,"Comedy, Drama, Fantasy",8.199999809265137,"156,760"
Agents of S.H.I.E.L.D.,(2013–2020),TV-PG,45 min,"Action, Adventure, Drama",7.5,"216,461"
Mother!,(2017),R,121 min,"Drama, Horror, Mystery",6.599999904632568,"224,398"
Hustle,(2022),R,117 min,"Comedy, Drama, Sport",7.300000190734863,"110,391"
Terim,(2022– ),TV-14,,"Documentary, Biography, Sport",7.0,"4,279"
365 Days: This Day,(2022),TV-MA,111 min,"Drama, Romance",2.5999999046325684,"19,357"
Cheers,(1982–1993),TV-PG,22 min,"Comedy, Drama",7.900000095367432,"54,765"
Line of Duty,(2012–2021),TV-14,60 min,"Crime, Drama, Mystery",8.699999809265137,"58,387"
Pieces of Her,(2022– ),TV-MA,52 min,"Crime, Drama, Mystery",6.300000190734863,"25,208"
The Departed,(2006),R,151 min,"Crime, Drama, Thriller",8.5,"1,310,171"
Star Wars: The Clone Wars,(2008–2020),TV-PG,23 min,"Animation, Action, Adventure",8.399999618530273,"94,334"
Star Trek: Deep Space Nine,(1993–1999),TV-PG,45 min,"Action, Adventure, Drama",8.100000381469727,"62,898"
Spider-Man,(2002),PG-13,121 min,"Action, Adventure, Sci-Fi",7.400000095367432,"809,904"
Santo,(2022– ),TV-MA,45 min,"Action, Crime, Drama",5.0,417
Delhi Crime,(2019– ),TV-MA,50 min,"Crime, Drama",8.5,"22,337"
JoJo's Bizarre Adventure,(2012– ),TV-14,30 min,"Animation, Action, Adventure",8.399999618530273,"22,677"
House of Cards,(2013–2018),TV-MA,51 min,Drama,8.699999809265137,"500,982"
American Crime Story,(2016– ),TV-MA,42 min,"Biography, Crime, Drama",8.399999618530273,"95,054"
Beauty and the Beast,(I) (2017),PG,129 min,"Adventure, Family, Fantasy",7.099999904632568,"306,985"
Dynasty,(2017–2022),TV-14,42 min,Drama,7.199999809265137,"22,045"
Glee,(2009–2015),TV-PG,44 min,"Comedy, Drama, Music",6.800000190734863,"147,910"
Brooklyn,(2015),PG-13,117 min,"Drama, Romance",7.5,"142,184"
The Americans,(2013–2018),TV-MA,44 min,"Crime, Drama, Mystery",8.399999618530273,"98,875"
Gotham,(2014–2019),TV-14,42 min,"Action, Crime, Drama",7.800000190734863,"229,301"
Gossip Girl,(2007–2012),TV-14,42 min,"Drama, Romance",7.5,"173,318"
Gone Girl,(2014),R,149 min,"Drama, Mystery, Thriller",8.100000381469727,"971,322"
The Tudors,(2007–2010),TV-MA,60 min,"Drama, History, Romance",8.100000381469727,"74,863"
Twin Peaks,(1990–1991),TV-MA,47 min,"Crime, Drama, Mystery",8.800000190734863,"196,192"
The Poison Rose,(2019),R,98 min,"Crime, Mystery, Thriller",4.699999809265137,"9,475"
Avatar: The Last Airbender,(2005–2008),TV-Y7-FV,23 min,"Animation, Action, Adventure",9.300000190734863,"309,241"
Hannibal,(2013–2015),TV-14,44 min,"Crime, Drama, Horror",8.5,"253,302"
Star Trek: Voyager,(1995–2001),TV-PG,44 min,"Action, Adventure, Sci-Fi",7.800000190734863,"69,047"
NCIS: Los Angeles,(2009– ),TV-14,43 min,"Action, Crime, Drama",6.699999809265137,"53,571"
Persuasion,(I) (2022),PG,108 min,"Drama, Romance",5.699999809265137,"25,625"
Good Girls,(2018–2021),TV-14,43 min,"Comedy, Crime, Drama",7.699999809265137,"51,835"
Dated and Related,(2022– ),TV-MA,,Reality-TV,4.300000190734863,379
Jogi,(2022),TV-MA,116 min,"Drama, History, Thriller",7.5,"4,105"
How to Get Away with Murder,(2014–2020),TV-14,43 min,"Crime, Drama, Mystery",8.100000381469727,"150,319"
Uncoupled,(2022– ),TV-MA,30 min,"Comedy, Drama, Romance",7.0,"13,745"
Longmire,(2012–2017),TV-14,60 min,"Action, Crime, Drama",8.300000190734863,"35,601"
The Anthrax Attacks,(2022),TV-MA,94 min,"Documentary, Crime",6.199999809265137,865
White Collar,(2009–2014),TV-PG,40 min,"Comedy, Crime, Drama",8.300000190734863,"131,006"
White Noise,(I) (2022),,136 min,"Comedy, Drama, Horror",5.900000095367432,235
After Life,(2019–2022),TV-MA,30 min,"Comedy, Drama",8.399999618530273,"133,432"
Outer Banks,(2020– ),TV-MA,50 min,"Action, Crime, Drama",7.599999904632568,"48,115"
Luckiest Girl Alive,(2022),R,115 min,"Drama, Mystery, Thriller",,
Derry Girls,(2018–2022),TV-MA,30 min,Comedy,8.5,"36,522"
El Camino: A Breaking Bad Movie,(2019),TV-MA,122 min,"Action, Crime, Drama",7.300000190734863,"243,473"
Anatomy of a Scandal,(2022),TV-MA,268 min,"Drama, Thriller",7.0,"27,590"
A Knight's Tale,(2001),PG-13,132 min,"Action, Adventure, Romance",6.900000095367432,"186,888"
The Munsters,(2022),PG,109 min,"Comedy, Family, Fantasy",,
Baywatch,(2017),R,116 min,"Action, Comedy, Crime",5.5,"185,920"
Broad Peak,(2022),TV-MA,101 min,"Adventure, Biography, Drama",5.900000095367432,671
Grimm,(2011–2017),TV-14,45 min,"Crime, Drama, Fantasy",7.800000190734863,"119,368"
The Sea Beast,(2022),PG,115 min,"Animation, Adventure, Comedy",7.099999904632568,"36,407"
Operation Mincemeat,(2021),PG-13,128 min,"Drama, War",6.599999904632568,"22,162"
Alchemy of Souls,(2022– ),Approved,80 min,"Action, Drama, Fantasy",8.699999809265137,"3,769"
Chip 'n Dale: Rescue Rangers,(2022),PG,97 min,"Animation, Adventure, Comedy",7.0,"37,904"
Wedding Season,(2022),TV-PG,98 min,"Comedy, Romance",6.300000190734863,"6,947"
Black Sails,(2014–2017),TV-MA,56 min,"Action, Adventure, Drama",8.199999809265137,"104,342"
Knock Knock,(I) (2015),R,99 min,"Drama, Thriller",4.900000095367432,"94,594"
Elementary,(2012–2019),TV-14,60 min,"Crime, Drama, Mystery",7.900000095367432,"110,920"
13 Reasons Why,(2017–2020),TV-MA,60 min,"Drama, Mystery, Thriller",7.5,"289,319"
Maid,(2021),TV-MA,545 min,Drama,8.399999618530273,"81,102"
The King,(I) (2019),R,140 min,"Biography, Drama, History",7.300000190734863,"127,673"
The Adam Project,(2022),PG-13,106 min,"Action, Adventure, Comedy",6.699999809265137,"193,255"
Top Boy,(2011– ),TV-MA,60 min,"Crime, Drama, Thriller",8.399999618530273,"25,235"
Emily in Paris,(2020– ),TV-MA,30 min,"Comedy, Drama, Romance",6.900000095367432,"88,868"
Grease,(1978),PG,110 min,"Comedy, Musical, Romance",7.199999809265137,"275,313"
Sicario,(2015),R,121 min,"Action, Crime, Drama",7.599999904632568,"425,967"
The Devil All the Time,(2020),R,138 min,"Crime, Drama, Thriller",7.099999904632568,"133,166"
Little Women,(2022– ),TV-14,,"Action, Drama, Mystery",8.600000381469727,469
Blackout,(XLI),,,Drama,,
The Fall,(I) (2013–2016),TV-MA,60 min,"Crime, Drama, Thriller",8.100000381469727,"104,577"
Elite,(2018– ),TV-MA,60 min,"Crime, Drama, Thriller",7.400000095367432,"77,113"
Legally Blonde,(2001),PG-13,96 min,"Comedy, Romance",6.400000095367432,"216,974"
2001: A Space Odyssey,(1968),G,149 min,"Adventure, Sci-Fi",8.300000190734863,"662,697"
The Little Things,(2021),R,128 min,"Crime, Drama, Mystery",6.300000190734863,"99,050"
The Guilty,(2021),R,90 min,"Crime, Drama, Thriller",6.300000190734863,"121,907"
Naruto,(2002–2007),TV-PG,24 min,"Animation, Action, Adventure",8.399999618530273,"99,442"
Broadchurch,(2013–2017),TV-MA,48 min,"Crime, Drama, Mystery",8.399999618530273,"112,247"
Scorpion,(2014–2018),TV-14,43 min,"Action, Crime, Drama",7.0,"53,803"
Spirited Away,(2001),PG,125 min,"Animation, Adventure, Family",8.600000381469727,"751,180"
Adventure Time,(2010–2018),TV-PG,11 min,"Animation, Action, Adventure",8.600000381469727,"93,949"
Dead to Me,(2019–2022),TV-MA,30 min,"Comedy, Crime, Drama",8.0,"76,565"
The Nice Guys,(2016),R,116 min,"Action, Comedy, Crime",7.300000190734863,"324,865"
Designated Survivor,(2016–2019),TV-14,60 min,"Action, Drama, Mystery",7.5,"90,424"
Dracula,(2020),TV-14,270 min,"Action, Drama, Fantasy",6.800000190734863,"47,794"
Narcos: Mexico,(2018–2021),TV-MA,50 min,"Crime, Drama",8.399999618530273,"83,199"
300,(2006),R,117 min,"Action, Drama",7.599999904632568,"815,351"
That's Amor,(2022),TV-14,96 min,"Comedy, Romance",5.199999809265137,"2,055"
Resident Evil,(2022),TV-MA,60 min,"Action, Horror, Sci-Fi",4.0,"39,033"
Ginny & Georgia,(2021– ),TV-14,,"Comedy, Drama",7.400000095367432,"48,057"
Grace and Frankie,(2015–2022),TV-MA,30 min,Comedy,8.199999809265137,"51,896"
The Man from Toronto,(2022),PG-13,110 min,"Action, Adventure, Comedy",5.800000190734863,"43,867"
Snowpiercer,(2020–2023),TV-MA,60 min,"Action, Drama, Sci-Fi",6.900000095367432,"54,342"
The Killing,(2011–2014),TV-14,45 min,"Crime, Drama, Mystery",8.300000190734863,"111,425"
The Power of the Dog,(2021),R,126 min,"Drama, Romance, Western",6.800000190734863,"169,764"
Baby Driver,(2017),R,113 min,"Action, Crime, Drama",7.599999904632568,"528,768"
The Haunting of Bly Manor,(2020),TV-MA,494 min,"Drama, Horror, Mystery",7.300000190734863,"101,853"
My Hero Academia,(2016– ),TV-14,24 min,"Animation, Action, Adventure",8.399999618530273,"60,041"
Arrival,(II) (2016),PG-13,116 min,"Drama, Mystery, Sci-Fi",7.900000095367432,"684,855"
Dead Poets Society,(1989),PG,128 min,"Comedy, Drama",8.100000381469727,"484,465"
The House,(III) (2022),TV-MA,97 min,"Animation, Comedy, Drama",6.800000190734863,"15,290"
Skins,(2007–2013),TV-MA,46 min,Drama,8.199999809265137,"83,918"
Bardo,(2022),R,174 min,"Comedy, Drama",6.699999809265137,218
Wendell & Wild,(2022),PG-13,105 min,"Animation, Adventure, Comedy",7.5,94
The Woman in the House,(2022),TV-MA,208 min,"Comedy, Crime, Drama",6.400000095367432,"44,195"
Kill Bill: Vol. 1,(2003),R,111 min,"Action, Crime, Drama",8.199999809265137,"1,103,348"
Behind Her Eyes,(2021),TV-MA,298 min,"Drama, Mystery, Thriller",7.199999809265137,"60,901"
Bleach,(2004–2012),TV-14,24 min,"Animation, Action, Adventure",8.199999809265137,"53,769"
Uncut Gems,(2019),R,135 min,"Crime, Drama, Thriller",7.400000095367432,"277,507"
Annihilation,(I) (2018),R,115 min,"Adventure, Drama, Horror",6.800000190734863,"323,342"
The Mummy,(2017),PG-13,110 min,"Action, Adventure, Fantasy",5.400000095367432,"189,542"
Orphan Black,(2013–2017),TV-MA,44 min,"Drama, Sci-Fi, Thriller",8.300000190734863,"110,756"
Altered Carbon,(2018–2020),TV-MA,60 min,"Action, Drama, Sci-Fi",7.900000095367432,"167,469"
Supergirl,(2015–2021),TV-PG,43 min,"Action, Adventure, Drama",6.199999809265137,"123,705"
Zero Dark Thirty,(2012),R,157 min,"Drama, History, Thriller",7.400000095367432,"299,829"
The Irishman,(2019),R,209 min,"Biography, Crime, Drama",7.800000190734863,"382,523"
Jurassic World: Fallen Kingdom,(2018),PG-13,128 min,"Action, Adventure, Sci-Fi",6.099999904632568,"314,340"
Big Mouth,(2017– ),TV-MA,30 min,"Animation, Comedy, Romance",7.900000095367432,"77,339"
Rhyme Time Town Singalongs,(2020– ),TV-Y,,"Animation, Family",8.100000381469727,18
Chilling Adventures of Sabrina,(2018–2020),TV-14,60 min,"Drama, Fantasy, Horror",7.400000095367432,"93,761"
Death Note,(2006–2007),TV-14,24 min,"Animation, Crime, Drama",9.0,"316,300"
Booksmart,(2019),R,102 min,Comedy,7.099999904632568,"117,900"
Heartbreak High,(1994–1999),TV-MA,50 min,"Drama, Romance",7.800000190734863,"3,208"
Untitled Super Mario Project,(2023),,,"Animation, Adventure, Comedy",,
The End of the F***ing World,(2017–2019),TV-MA,25 min,"Adventure, Comedy, Crime",8.100000381469727,"186,272"
The Revenant,(2015),R,156 min,"Action, Adventure, Drama",8.0,"794,404"
Red Notice,(2021),PG-13,118 min,"Action, Comedy, Thriller",6.300000190734863,"270,232"
Jessica Jones,(2015–2019),TV-MA,56 min,"Action, Crime, Drama",7.900000095367432,"213,221"
Frozen,(I) (2013),PG,102 min,"Animation, Adventure, Comedy",7.400000095367432,"620,220"
Anne with an E,(2017–2019),TV-PG,60 min,"Drama, Family",8.699999809265137,"54,248"
Jane the Virgin,(2014–2019),TV-PG,60 min,Comedy,7.900000095367432,"50,019"
Incantation,(2022),TV-MA,110 min,"Horror, Mystery",6.199999809265137,"11,424"
Queen of the South,(2016–2021),TV-MA,42 min,"Action, Crime, Drama",8.0,"30,158"
Godless,(2017),TV-MA,452 min,"Action, Drama, Western",8.300000190734863,"66,821"
Fullmetal Alchemist: Brotherhood,(2009–2010),TV-14,24 min,"Animation, Action, Adventure",9.100000381469727,"164,032"
Ray Donovan,(2013–2020),TV-MA,60 min,"Crime, Drama",8.300000190734863,"86,921"
Wind River,(2017),R,107 min,"Crime, Drama, Mystery",7.699999809265137,"249,800"
Jumanji: The Next Level,(2019),PG-13,123 min,"Action, Adventure, Comedy",6.699999809265137,"246,668"
Fakes,(2022– ),TV-MA,30 min,Comedy,6.300000190734863,594
The IT Crowd,(2006–2013),TV-14,25 min,Comedy,8.5,"151,277"
DC's Legends of Tomorrow,(2016–2022),TV-14,42 min,"Action, Adventure, Drama",6.800000190734863,"104,446"
Heartstopper,(2022– ),TV-14,30 min,"Drama, Romance",8.699999809265137,"49,420"
12 Surprising Hollywood Jobs You Never Knew Existed,(2022 Video),,14 min,"Documentary, Short",,
Zodiac,(2007),R,157 min,"Crime, Drama, Mystery",7.699999809265137,"536,068"
Iron Fist,(2017–2018),TV-MA,55 min,"Action, Adventure, Crime",6.400000095367432,"130,223"
Merlí. Sapere Aude,(2019–2021),TV-MA,50 min,"Comedy, Drama",7.699999809265137,"2,298"
The Affair,(2014–2019),TV-MA,60 min,Drama,7.900000095367432,"45,649"
Unbelievable,(2019),TV-MA,385 min,"Crime, Drama",8.399999618530273,"100,699"
Enola Holmes,(2020),PG-13,123 min,"Action, Adventure, Crime",6.599999904632568,"169,720"
Pirates of the Caribbean: Dead Men Tell No Tales,(2017),PG-13,129 min,"Action, Adventure, Fantasy",6.5,"309,009"
Bates Motel,(2013–2017),TV-MA,45 min,"Drama, Horror, Mystery",8.100000381469727,"107,362"
Jujutsu Kaisen,(2020– ),TV-MA,24 min,"Animation, Action, Adventure",8.600000381469727,"56,920"
Star Trek: Enterprise,(2001–2005),TV-PG,60 min,"Action, Adventure, Drama",7.5,"53,374"
Run,(I) (2020),PG-13,90 min,"Mystery, Thriller",6.699999809265137,"77,264"
The Green Knight,(2021),R,130 min,"Adventure, Drama, Fantasy",6.599999904632568,"98,337"
All of Us Are Dead,(2022– ),TV-MA,60 min,"Action, Drama, Fantasy",7.5,"47,580"
Jumanji: Welcome to the Jungle,(2017),PG-13,119 min,"Action, Adventure, Comedy",6.900000095367432,"375,650"
"El Rey, Vicente Fernández",(2022– ),TV-14,52 min,"Biography, Drama, Music",6.400000095367432,127
Bodyguard,(2018),TV-MA,60 min,"Crime, Drama, Thriller",8.100000381469727,"121,426"
Luther,(2010–2019),TV-MA,60 min,"Crime, Drama, Mystery",8.399999618530273,"136,105"
That '90s Show,,TV-14,30 min,"Comedy, Drama, Romance",,
Fauda,(2015– ),TV-MA,60 min,"Action, Drama, Thriller",8.199999809265137,"26,699"
Hubie Halloween,(2020),PG-13,103 min,"Comedy, Mystery",5.199999809265137,"49,569"
The Watcher,(2022– ),,,"Drama, Horror, Mystery",,
Borgen,(2010–2022),TV-14,58 min,Drama,8.5,"26,360"
Marcella,(2016– ),TV-MA,45 min,"Crime, Drama, Mystery",7.400000095367432,"31,515"
Reign,(2013–2017),TV-14,42 min,Drama,7.400000095367432,"49,625"
Love Between Fairy and Devil,(2022– ),TV-PG,40 min,"Comedy, Fantasy, Romance",8.600000381469727,365
Bump of Chicken Tour 2019: aurora ark Tokyo Dome,(2020),,151 min,Music,,
Amar,(2017),,105 min,"Drama, Romance",5.099999904632568,"4,570"
Freaks and Geeks,(1999–2000),TV-14,44 min,"Comedy, Drama",8.800000190734863,"142,164"
High Heat,(2022– ),TV-MA,45 min,Drama,5.900000095367432,432
Workin' Moms,(2017–2023),TV-MA,30 min,"Comedy, Drama",7.800000190734863,"17,710"
Poldark,(2015–2019),TV-14,60 min,"Drama, Romance",8.300000190734863,"31,763"
Penny Dreadful,(2014–2016),TV-MA,60 min,"Drama, Fantasy, Horror",8.199999809265137,"121,814"
Medici,(2016–2019),TV-14,60 min,"Biography, Drama, History",7.900000095367432,"19,261"
Your Name.,(2016),PG,106 min,"Animation, Drama, Fantasy",8.399999618530273,"262,352"
Venom,(2018),PG-13,112 min,"Action, Adventure, Sci-Fi",6.599999904632568,"478,585"
Californication,(2007–2014),TV-MA,28 min,"Comedy, Drama",8.300000190734863,"180,641"
The Platform,(2019),TV-MA,94 min,"Horror, Sci-Fi, Thriller",7.0,"219,327"
Interceptor,(2022),TV-MA,99 min,"Action, Adventure, Drama",4.5,"22,251"
Arango y Sanint: Ríase el show,(2018 TV Special),,62 min,Comedy,4.0,42
Shadowhunters,(2016–2019),TV-14,42 min,"Action, Drama, Fantasy",6.5,"63,040"
Tropic Thunder,(2008),R,107 min,"Action, Comedy, War",7.0,"413,784"
Howl's Moving Castle,(2004),PG,119 min,"Animation, Adventure, Family",8.199999809265137,"390,278"
Beverly Hills Cop: Axel Foley,,,,"Action, Comedy, Crime",,
iZombie,(2015–2019),TV-14,42 min,"Comedy, Crime, Drama",7.800000190734863,"67,849"
SPY×FAMILY,(2022– ),TV-14,24 min,"Animation, Action, Comedy",8.600000381469727,"19,612"
Fighting with My Family,(2019),PG-13,108 min,"Biography, Comedy, Drama",7.099999904632568,"81,142"
Captain America: Civil War,(2016),PG-13,147 min,"Action, Adventure, Sci-Fi",7.800000190734863,"776,556"
The Ranch,(2016–2020),TV-MA,30 min,"Comedy, Drama, Western",7.5,"38,824"
Will & Grace,(1998–2020),TV-14,22 min,"Comedy, Romance",7.300000190734863,"55,858"
I'm Thinking of Ending Things,(2020),R,134 min,"Drama, Thriller",6.599999904632568,"85,315"
The Wonder,(2022),R,103 min,"Drama, Mystery, Thriller",7.599999904632568,87
Legends of Strength,,,,,,
The Midnight Club,(2022– ),,,"Drama, Horror, Mystery",,
Black Clover,(2017–2021),TV-PG,24 min,"Animation, Action, Adventure",8.300000190734863,"22,411"
Russian Doll,(2019– ),TV-MA,30 min,"Comedy, Drama, Mystery",7.800000190734863,"94,732"
Snowpiercer,(2013),R,126 min,"Action, Sci-Fi, Thriller",7.099999904632568,"359,095"
Below Deck Mediterranean,(2016– ),TV-14,43 min,Reality-TV,7.5,"2,757"
Lost in Space,(2018–2021),TV-PG,60 min,"Adventure, Drama, Family",7.300000190734863,"99,084"
The Forgotten Battle,(2020),TV-MA,124 min,"Drama, War",7.099999904632568,"28,608"
HollyBlood,(2022),,87 min,"Comedy, Fantasy, Horror",4.300000190734863,564
A Cinderella Story,(2004),PG,95 min,"Comedy, Family, Romance",5.900000095367432,"87,840"
6 Underground,(2019),R,128 min,"Action, Thriller",6.099999904632568,"174,852"
Happy Valley,(2014–2022),TV-MA,58 min,"Crime, Drama, Thriller",8.5,"39,851"
The Stranger,(I) (2020),TV-MA,363 min,"Crime, Drama, Mystery",7.300000190734863,"50,086"
Public Enemies,(2009),R,140 min,"Action, Biography, Crime",7.0,"302,797"
Sausage Party,(2016),R,89 min,"Animation, Adventure, Comedy",6.099999904632568,"194,159"
Revenge,(2011–2015),TV-14,44 min,"Drama, Mystery, Thriller",7.800000190734863,"119,927"
The Invitation,(I) (2015),Not Rated,100 min,"Drama, Horror, Mystery",6.599999904632568,"108,509"
Paddington 2,(2017),PG,103 min,"Adventure, Comedy, Family",7.800000190734863,"77,861"
Shameless,(2004–2013),TV-MA,90 min,"Comedy, Crime, Drama",8.0,"16,895"
The Girl in the Mirror,(2022– ),TV-MA,56 min,"Drama, Horror, Mystery",6.199999809265137,"1,472"
Terrifier,(2016),Unrated,82 min,"Horror, Thriller",5.599999904632568,"19,119"
The Blues Brothers,(1980),R,133 min,"Action, Adventure, Comedy",7.900000095367432,"199,019"
Merlí,(2015–2018),TV-MA,58 min,"Comedy, Drama, Romance",8.600000381469727,"8,555"
Polar,(I) (2019),TV-MA,118 min,"Action, Thriller",6.300000190734863,"89,645"
The Unforgivable,(2021),R,112 min,"Crime, Drama",7.099999904632568,"107,709"
Red Rose,(2022– ),,45 min,"Drama, Horror, Thriller",6.400000095367432,761
King Arthur: Legend of the Sword,(2017),PG-13,126 min,"Action, Adventure, Drama",6.699999809265137,"216,416"
The Impossible,(2012),PG-13,114 min,"Adventure, Drama, History",7.5,"223,356"
Vinland Saga,(2019– ),TV-MA,24 min,"Animation, Action, Adventure",8.800000190734863,"36,550"
Spider-Man: Far from Home,(2019),PG-13,129 min,"Action, Adventure, Sci-Fi",7.400000095367432,"482,390"
The Ballad of Buster Scruggs,(2018),R,133 min,"Comedy, Drama, Musical",7.300000190734863,"146,391"
Madam Secretary,(2014–2019),TV-PG,45 min,"Drama, Thriller",7.699999809265137,"23,203"
Willy Wonka & the Chocolate Factory,(1971),G,100 min,"Family, Fantasy, Musical",7.800000190734863,"200,703"
Full House,(1987–1995),TV-G,22 min,"Comedy, Drama, Family",6.699999809265137,"58,833"
Sweet Magnolias,(2020– ),TV-14,,"Drama, Romance",7.300000190734863,"18,682"
True Story,(III) (2021),TV-MA,260 min,"Crime, Drama, Thriller",7.400000095367432,"18,325"
La jefa,(2022),TV-MA,109 min,Drama,4.699999809265137,"1,028"
The Vault,(2021),R,118 min,"Action, Adventure, Thriller",6.400000095367432,"25,121"
Pieces of a Woman,(2020),R,126 min,Drama,7.0,"49,524"
Nashville,(2012–2018),TV-PG,43 min,"Drama, Music, Romance",7.699999809265137,"25,744"
Footloose,(1984),PG,107 min,"Drama, Music, Romance",6.599999904632568,"80,905"
Gerald's Game,(2017),TV-MA,103 min,"Drama, Horror, Thriller",6.5,"108,970"
Charlie's Angels,(2019),PG-13,118 min,"Action, Adventure, Comedy",4.900000095367432,"73,202"
The Curse of Bridge Hollow,(2022),,89 min,"Adventure, Comedy, Family",,
Sense8,(2015–2018),TV-MA,60 min,"Drama, Mystery, Sci-Fi",8.199999809265137,"153,913"
Travelers,(2016–2018),TV-MA,45 min,"Drama, Mystery, Sci-Fi",8.0,"56,239"
The Lost Daughter,(2021),R,121 min,Drama,6.699999809265137,"62,800"
Miraculous: Tales of Ladybug & Cat Noir,(2015– ),TV-Y7,20 min,"Animation, Action, Adventure",7.599999904632568,"11,332"
Texas Chainsaw Massacre,(2022),R,81 min,"Crime, Horror, Thriller",4.800000190734863,"50,801"
Senior Year,(2022),R,111 min,Comedy,5.5,"36,521"
"Bastard!! Heavy Metal, Dark Fantasy",(2022– ),TV-MA,25 min,"Animation, Action, Adventure",6.599999904632568,"1,364"
Castlevania,(2017–2021),TV-MA,23 min,"Animation, Action, Adventure",8.300000190734863,"64,403"
Matilda,(I) (2022),PG,117 min,"Comedy, Drama, Family",,
Step Brothers,(2008),R,98 min,Comedy,6.900000095367432,"294,349"
Castle Rock,(2018–2019),TV-MA,60 min,"Drama, Fantasy, Horror",7.5,"45,696"
Rebel Moon,,,,"Adventure, Drama, Fantasy",,
The Harder They Fall,(2021),R,139 min,"Action, Drama, Western",6.5,"61,698"
The OA,(2016–2019),TV-MA,60 min,"Drama, Fantasy, Mystery",7.800000190734863,"104,258"
Below Her Mouth,(2016),Not Rated,94 min,"Drama, Romance",5.5,"12,539"
Fear Street: Part One - 1994,(2021),R,107 min,"Drama, Horror, Mystery",6.199999809265137,"79,648"
Birdman or (The Unexpected Virtue of Ignorance),(2014),R,119 min,"Comedy, Drama",7.699999809265137,"626,026"
Beauty and the Beast,(1991),G,84 min,"Animation, Family, Fantasy",8.0,"452,086"
Moonlight,(I) (2016),R,111 min,Drama,7.400000095367432,"305,932"
Dirilis: Ertugrul,(2014–2019),TV-14,120 min,"Action, Adventure, Drama",7.900000095367432,"36,678"
National Lampoon's Animal House,(1978),R,109 min,Comedy,7.400000095367432,"121,253"
Crash Landing on You,(2019–2020),TV-14,70 min,"Adventure, Comedy, Romance",8.699999809265137,"28,088"
Archive 81,(2022),TV-MA,60 min,"Drama, Horror, Mystery",7.300000190734863,"48,309"
Trailer Park Boys,(2001–2018),TV-MA,30 min,"Comedy, Crime",8.600000381469727,"43,638"
Misfits,(2009–2013),TV-MA,60 min,"Comedy, Drama, Fantasy",8.199999809265137,"101,181"
Ratched,(2020– ),TV-MA,60 min,"Crime, Drama, History",7.199999809265137,"55,875"
GLOW,(2017–2019),TV-MA,35 min,"Comedy, Drama, Sport",8.0,"46,464"
Skyggen i mit øje,(2021),TV-MA,107 min,"Drama, History, War",7.300000190734863,"10,999"
The Stranger,(II) (2022),,117 min,"Crime, Drama, Thriller",7.400000095367432,85
Cowboy Bebop,(2021),TV-MA,58 min,"Action, Adventure, Comedy",6.699999809265137,"39,424"
Shooter,(2016–2018),TV-14,60 min,"Action, Drama",7.5,"36,802"
Drifting Home,(2022),PG,119 min,"Animation, Adventure, Drama",6.300000190734863,725
Keep Breathing,(2022),TV-MA,209 min,"Adventure, Drama, Thriller",5.199999809265137,"10,156"
The Bubble,(2022),R,126 min,Comedy,4.699999809265137,"23,324"
Bloodline,(2015–2017),TV-MA,60 min,"Drama, Thriller",7.900000095367432,"52,302"
Get Smart with Money,(2022),TV-PG,93 min,Documentary,5.599999904632568,444
Marriage Story,(2019),R,137 min,"Drama, Romance",7.900000095367432,"303,984"
A Series of Unfortunate Events,(2017–2019),TV-PG,50 min,"Adventure, Comedy, Drama",7.800000190734863,"60,640"
Hell or High Water,(II) (2016),R,102 min,"Crime, Drama, Thriller",7.599999904632568,"229,943"
Dark Desire,(2020–2022),TV-MA,30 min,"Drama, Mystery, Thriller",6.5,"7,693"
The Human Centipede (First Sequence),(2009),R,92 min,Horror,4.400000095367432,"79,417"
Ghost,(1990),PG-13,127 min,"Drama, Fantasy, Romance",7.099999904632568,"216,532"
Army of the Dead,(2021),R,148 min,"Action, Crime, Horror",5.699999809265137,"171,262"
Lawrence of Arabia,(1962),Approved,218 min,"Adventure, Biography, Drama",8.300000190734863,"292,337"
The Lost World: Jurassic Park,(1997),PG-13,129 min,"Action, Adventure, Sci-Fi",6.5,"416,716"
Cowboy Bebop,(1998–1999),TV-14,24 min,"Animation, Action, Adventure",8.899999618530273,"117,843"
Ocean's Eight,(2018),PG-13,110 min,"Action, Comedy, Crime",6.300000190734863,"217,713"
Gods of Egypt,(2016),PG-13,127 min,"Action, Adventure, Fantasy",5.400000095367432,"117,441"
Barbarians,(2020– ),TV-MA,280 min,"Action, Adventure, Drama",7.199999809265137,"24,243"
The Bold Type,(2017–2021),TV-14,45 min,"Comedy, Drama",7.800000190734863,"21,044"
Atypical,(2017–2021),TV-MA,30 min,"Comedy, Drama",8.300000190734863,"87,238"
Rosemary's Baby,(1968),Approved,137 min,"Drama, Horror",8.0,"215,114"
3rd Rock from the Sun,(1996–2001),TV-PG,60 min,"Comedy, Family, Sci-Fi",7.800000190734863,"52,455"
Mars Attacks!,(1996),PG-13,106 min,"Comedy, Sci-Fi",6.400000095367432,"227,173"
Kong: Skull Island,(2017),PG-13,118 min,"Action, Adventure, Fantasy",6.599999904632568,"317,486"
Cannon Busters,(2019– ),TV-MA,,"Animation, Fantasy",7.199999809265137,38
There's Something About Mary,(1998),R,119 min,"Comedy, Romance",7.099999904632568,"311,136"
Don't Breathe,(2016),R,88 min,"Crime, Horror, Thriller",7.099999904632568,"272,361"
Now You See Me,(I) (2013),PG-13,115 min,"Crime, Mystery, Thriller",7.199999809265137,"654,721"
One Of Us Is Lying,(2021– ),TV-MA,50 min,"Crime, Drama, Mystery",6.800000190734863,"8,906"
Monty Python and the Holy Grail,(1975),PG,91 min,"Adventure, Comedy, Fantasy",8.199999809265137,"538,546"
Batman v Superman: Dawn of Justice,(2016),PG-13,152 min,"Action, Adventure, Sci-Fi",6.400000095367432,"694,619"
Climax,(I) (2018),R,97 min,"Drama, Horror, Music",6.900000095367432,"67,926"
Lupin,(2021– ),TV-MA,45 min,"Action, Crime, Drama",7.5,"105,218"
Entergalactic,(2022– ),,,"Animation, Comedy, Music",,
The Old Guard,(2020),R,125 min,"Action, Thriller",6.599999904632568,"162,921"
The Serpent,(2021),TV-MA,458 min,"Crime, Drama, Thriller",7.599999904632568,"43,200"
Cannon Busters,(2019– ),TV-MA,,"Animation, Fantasy",6.5,34
Cannon Busters,(2019– ),TV-MA,,"Animation, Fantasy",7.199999809265137,38
"tick, tick... BOOM!",(2021),PG-13,120 min,"Biography, Drama, Musical",7.5,"103,537"
The Pale Blue Eye,(2022),R,,"Crime, Horror, Mystery",,
Alice in Borderland,(2020– ),TV-MA,50 min,"Action, Drama, Mystery",7.599999904632568,"50,974"
Gilmore Girls: A Year in the Life,(2016),TV-14,370 min,"Comedy, Drama",7.599999904632568,"38,451"
Carter,(I) (2022),TV-MA,132 min,"Action, Thriller",5.099999904632568,"7,595"
The Babysitter,(I) (2017),TV-MA,85 min,"Comedy, Horror",6.300000190734863,"92,479"
Outlaw King,(2018),R,121 min,"Action, Biography, Drama",6.900000095367432,"71,960"
Despicable Me 2,(2013),PG,98 min,"Animation, Adventure, Comedy",7.300000190734863,"399,084"
Good Witch,(2015–2021),TV-PG,48 min,"Comedy, Drama, Fantasy",7.300000190734863,"10,753"
Extraction,(2020),R,116 min,"Action, Thriller",6.699999809265137,"200,239"
Cleveland Abduction,(2015 TV Movie),TV-14,88 min,"Biography, Crime, Drama",6.599999904632568,"7,425"
Army of Thieves,(2021),TV-MA,127 min,"Action, Comedy, Crime",6.400000095367432,"75,902"
Selling the OC,(2022– ),TV-MA,30 min,Reality-TV,5.5,767
Dawson's Creek,(1998–2003),TV-14,60 min,"Drama, Romance",6.800000190734863,"41,567"
12 Strong,(2018),R,130 min,"Action, Drama, History",6.5,"81,719"
Lone Survivor,(2013),R,121 min,"Action, Biography, Drama",7.5,"287,213"
Into the Night,(II) (2020– ),TV-MA,35 min,"Drama, Sci-Fi, Thriller",7.099999904632568,"32,118"
Inside Job,(2021– ),TV-MA,30 min,"Animation, Comedy, Fantasy",7.599999904632568,"17,662"
Chef's Table: Pizza,(2022– ),TV-MA,45 min,Documentary,7.400000095367432,289
Major,(2022),,150 min,"Action, Biography, Drama",8.199999809265137,"25,431"
Bird Box,(2018),R,124 min,"Horror, Mystery, Sci-Fi",6.599999904632568,"336,633"
The Fresh Prince of Bel-Air,(1990–1996),TV-PG,22 min,Comedy,7.900000095367432,"134,185"
"Breakfast, Lunch & Dinner",(2019– ),,,Documentary,6.699999809265137,86
Through My Window,(2022),TV-MA,116 min,"Comedy, Drama, Romance",5.400000095367432,"10,198"
The Holiday,(2006),PG-13,136 min,"Comedy, Romance",6.900000095367432,"284,199"
Moonrise Kingdom,(2012),PG-13,94 min,"Comedy, Drama, Romance",7.800000190734863,"348,507"
He's All That,(2021),TV-14,88 min,"Comedy, Romance",4.400000095367432,"24,843"
Superwog,(2017– ),TV-MA,30 min,Comedy,7.400000095367432,986
Breakfast at Tiffany's,(1961),Approved,115 min,"Comedy, Drama, Romance",7.599999904632568,"180,040"
The Girl in the Spider's Web,(2018),R,115 min,"Action, Crime, Drama",6.099999904632568,"47,930"
The Karate Kid,(2010),PG,140 min,"Action, Drama, Family",6.199999809265137,"183,166"
Shot Caller,(2017),R,121 min,"Crime, Drama, Thriller",7.300000190734863,"86,482"
The Missing,(2014–2016),TV-14,60 min,"Crime, Drama, Mystery",8.199999809265137,"26,870"
Moneyball,(2011),PG-13,133 min,"Biography, Drama, Sport",7.599999904632568,"420,330"
Clusterf**k: Woodstock '99,(2022),TV-MA,142 min,"Documentary, History, Music",7.400000095367432,"13,986"
Stay Close,(2021),TV-MA,375 min,"Crime, Drama, Mystery",6.900000095367432,"31,279"
Furious 7,(2015),PG-13,137 min,"Action, Crime, Thriller",7.099999904632568,"388,751"
Avatar: The Last Airbender,,,,"Action, Adventure, Comedy",,
Top Gear,(2002– ),TV-PG,60 min,"Adventure, Comedy, Reality-TV",8.699999809265137,"118,264"
Lou,(I) (2022),R,107 min,"Action, Crime, Drama",5.900000095367432,880
Lost Ollie,(2022),TV-PG,45 min,"Animation, Adventure, Drama",7.800000190734863,"1,071"
Fatal Attraction,(1987),R,119 min,"Drama, Thriller",6.900000095367432,"86,764"
Untold: The Girlfriend Who Didn't Exist,(2022),TV-MA,124 min,"Documentary, Biography, Sport",7.199999809265137,"4,962"
The Lincoln Lawyer,(2011),R,118 min,"Crime, Drama, Mystery",7.300000190734863,"238,378"
Mighty Morphin Power Rangers,(1993–1996),TV-Y7,30 min,"Action, Adventure, Family",6.5,"22,310"
Life of Brian,(1979),R,94 min,Comedy,8.0,"397,955"
Love Is Blind,(2020– ),TV-MA,48 min,"Game-Show, Reality-TV, Romance",6.099999904632568,"8,099"
The Pentaverate,(2022),TV-MA,160 min,Comedy,6.099999904632568,"9,498"
Doom,(2005),R,105 min,"Action, Horror, Sci-Fi",5.199999809265137,"113,934"
Pan,(2015),PG,111 min,"Action, Adventure, Comedy",5.699999809265137,"64,414"
Crazy Ex-Girlfriend,(2015–2019),TV-14,42 min,"Comedy, Musical",7.800000190734863,"20,397"
A Walk to Remember,(2002),PG,101 min,"Drama, Romance",7.300000190734863,"211,211"
Enola Holmes 2,(2022),PG-13,,"Action, Adventure, Crime",,
When Calls the Heart,(2014– ),TV-G,43 min,"Drama, History, Romance",7.900000095367432,"13,133"
Space Force,(2020–2022),TV-MA,30 min,Comedy,6.699999809265137,"64,540"
The Shannara Chronicles,(2016–2017),TV-14,42 min,"Adventure, Drama, Fantasy",7.099999904632568,"60,428"
Lucy,(I) (2014),R,89 min,"Action, Sci-Fi, Thriller",6.400000095367432,"493,047"
Midnight in Paris,(2011),PG-13,94 min,"Comedy, Fantasy, Romance",7.699999809265137,"422,213"
Contagion,(2011),PG-13,106 min,"Drama, Thriller",6.800000190734863,"303,276"
Project X,(2012),R,88 min,Comedy,6.599999904632568,"210,083"
Cars 3,(2017),G,102 min,"Animation, Adventure, Comedy",6.699999809265137,"99,256"
The Alienist,(2018–2020),TV-MA,60 min,"Crime, Drama, Mystery",7.699999809265137,"54,039"
Pokémon,(1997– ),TV-Y7,24 min,"Animation, Action, Adventure",7.5,"42,922"
Wentworth,(2013–2021),TV-MA,45 min,"Crime, Drama, Thriller",8.600000381469727,"22,295"
Knocked Up,(2007),R,129 min,"Comedy, Romance",6.900000095367432,"369,484"
I Think You Should Leave with Tim Robinson,(2019– ),TV-MA,16 min,Comedy,7.900000095367432,"12,743"
Ivy & Bean,(2022),TV-G,56 min,"Action, Comedy, Family",5.900000095367432,176
The Fall of the House of Usher,,,,"Drama, Horror",,
Robin Hood,(2018),PG-13,116 min,"Action, Adventure, Drama",5.300000190734863,"73,741"
Return to Sender,(I) (2015),Not Rated,92 min,"Drama, Thriller",5.099999904632568,"13,648"
Kingdom,(2019– ),TV-MA,45 min,"Action, Drama, Horror",8.300000190734863,"45,888"
Windfall,(2022),R,92 min,"Crime, Drama, Thriller",5.699999809265137,"22,612"
"Breakfast, Lunch & Dinner",(2019– ),,,Documentary,7.400000095367432,70
Hell on Wheels,(2011–2016),TV-14,42 min,"Drama, Western",8.300000190734863,"52,166"
Henry Danger,(2014–2020),TV-G,30 min,"Action, Comedy, Family",5.599999904632568,"5,633"
Love and Monsters,(I) (2020),PG-13,109 min,"Action, Adventure, Comedy",6.900000095367432,"126,227"
Disenchantment,(2018– ),TV-MA,30 min,"Animation, Action, Adventure",7.199999809265137,"61,178"
Princess Mononoke,(1997),PG-13,134 min,"Animation, Action, Adventure",8.399999618530273,"390,689"
The Legend of Korra,(2012–2014),TV-PG,23 min,"Animation, Action, Adventure",8.399999618530273,"120,855"
The Call,(2020),TV-MA,112 min,"Crime, Horror, Mystery",7.099999904632568,"32,424"
Atomic Blonde,(2017),R,115 min,"Action, Thriller",6.699999809265137,"193,383"
Fear Street: Part Two - 1978,(2021),R,109 min,"Drama, Horror, Mystery",6.699999809265137,"62,722"
Copenhagen Cowboy,(2022– ),,,"Crime, Drama",8.5,37
The Expendables 2,(2012),R,103 min,"Action, Adventure, Thriller",6.599999904632568,"307,174"
Indian Predator: The Diary of a Serial Killer,(2022),,123 min,"Documentary, Crime, History",6.699999809265137,"1,077"
The Ritual,(I) (2017),TV-MA,94 min,"Horror, Mystery, Thriller",6.300000190734863,"99,253"
When They See Us,(2019),TV-MA,296 min,"Biography, Crime, Drama",8.899999618530273,"119,339"
Sicario: Day of the Soldado,(2018),R,122 min,"Action, Adventure, Crime",7.099999904632568,"147,136"
The Real Housewives of Beverly Hills,(2010– ),TV-14,44 min,Reality-TV,5.199999809265137,"6,393"
The Emperor's New Groove,(2000),G,78 min,"Animation, Adventure, Comedy",7.400000095367432,"203,092"
The Hitman's Bodyguard,(2017),R,118 min,"Action, Comedy, Crime",6.900000095367432,"230,164"
Monster Hunter,(I) (2020),PG-13,103 min,"Action, Adventure, Fantasy",5.199999809265137,"58,347"
Between,(2015–2016),TV-14,60 min,"Drama, Mystery, Sci-Fi",5.900000095367432,"9,252"
The Amazing World of Gumball,(2011–2019),TV-Y7-FV,11 min,"Animation, Short, Adventure",8.300000190734863,"31,652"
One Piece,,TV-14,,"Action, Adventure, Comedy",,
Geostorm,(2017),PG-13,109 min,"Action, Sci-Fi, Thriller",5.300000190734863,"108,072"
Metal Lords,(2022),R,97 min,"Comedy, Music",6.699999809265137,"26,266"
Robin Hood: Prince of Thieves,(1991),PG-13,143 min,"Action, Adventure, Drama",6.900000095367432,"193,725"
Darlings,(I) (2022),TV-14,133 min,"Comedy, Drama, Thriller",6.599999904632568,"16,317"
Steven Universe,(2013–2020),TV-PG,11 min,"Animation, Action, Adventure",8.199999809265137,"33,505"
Hairspray,(2007),PG,117 min,"Comedy, Drama, Musical",6.699999809265137,"130,694"
Escape Room,(I) (2019),PG-13,99 min,"Action, Adventure, Horror",6.400000095367432,"121,675"
"Extremely Wicked, Shockingly Evil and Vile",(2019),R,110 min,"Biography, Crime, Drama",6.699999809265137,"93,449"
Sweet Tooth,(2021– ),TV-14,,"Action, Adventure, Drama",7.800000190734863,"51,170"
Into the Badlands,(2015–2019),TV-14,42 min,"Action, Adventure, Drama",7.900000095367432,"46,547"
Spartacus: Gods of the Arena,(2011),TV-MA,331 min,"Action, Adventure, Biography",8.5,"137,339"
Newness,(2017),Unrated,117 min,"Drama, Romance",6.300000190734863,"16,901"
Santa Clarita Diet,(2017–2019),TV-MA,30 min,"Comedy, Horror",7.800000190734863,"67,529"
Maestro,(VII),,,"Biography, Drama, Music",,
Man vs. Bee,(2022– ),TV-PG,,"Short, Comedy, Family",6.699999809265137,"26,558"
Things Heard & Seen,(2021),TV-MA,121 min,"Drama, Horror, Mystery",5.300000190734863,"31,421"
Guillermo del Toro's Cabinet of Curiosities,(2022– ),,,"Drama, Horror, Mystery",,
Timeless,(2016–2018),TV-14,60 min,"Action, Adventure, Drama",7.599999904632568,"42,921"
Girl in the Picture,(2022),TV-MA,101 min,"Documentary, Crime, Mystery",7.199999809265137,"16,008"
Hush,(I) (2016),R,82 min,"Horror, Thriller",6.599999904632568,"132,650"
Neon Genesis Evangelion,(1995–1996),TV-MA,24 min,"Animation, Action, Drama",8.5,"68,559"
Waterworld,(1995),PG-13,177 min,"Action, Adventure, Sci-Fi",6.199999809265137,"196,460"
The Cuphead Show!,(2022– ),TV-Y7,12 min,"Animation, Short, Action",7.400000095367432,"7,414"
A Perfect Pairing,(2022),TV-14,101 min,"Comedy, Romance",6.099999904632568,"11,632"
Kill Bill: Vol. 2,(2004),R,137 min,"Action, Crime, Thriller",8.0,"749,653"
Rampage,(2018),PG-13,107 min,"Action, Adventure, Sci-Fi",6.099999904632568,"167,170"
Contact,(1997),PG,150 min,"Drama, Mystery, Sci-Fi",7.5,"274,308"
The Woman in the Window,(2021),R,100 min,"Crime, Drama, Mystery",5.699999809265137,"74,469"
Copshop,(2021),R,107 min,"Action, Thriller",6.199999809265137,"30,767"
In the Heart of the Sea,(2015),PG-13,122 min,"Action, Adventure, Biography",6.900000095367432,"139,010"
The Starling,(2021),PG-13,102 min,"Comedy, Drama",6.300000190734863,"13,097"
Between Two Ferns: The Movie,(2019),TV-MA,82 min,Comedy,6.099999904632568,"32,734"
Aftermath,(IV) (2021),TV-MA,114 min,"Drama, Horror, Mystery",5.300000190734863,"16,046"
White House Down,(2013),PG-13,131 min,"Action, Drama, Thriller",6.300000190734863,"221,953"
The Dirt,(2019),TV-MA,107 min,"Biography, Comedy, Drama",6.900000095367432,"49,568"
The Post,(2017),PG-13,116 min,"Biography, Drama, History",7.199999809265137,"150,823"
Luke Cage,(2016–2018),TV-MA,55 min,"Action, Crime, Drama",7.300000190734863,"130,409"
Firefly Lane,(2021– ),TV-MA,,"Drama, Romance",7.400000095367432,"21,296"
Vincenzo,(2021– ),Not Rated,80 min,"Action, Comedy, Crime",8.399999618530273,"17,647"
Pera Palas'ta Gece Yarisi,(2022– ),TV-14,45 min,"Drama, History, Mystery",7.099999904632568,"7,982"
I Care a Lot,(2020),R,118 min,"Comedy, Crime, Drama",6.300000190734863,"131,838"
To Kill a Mockingbird,(1962),Approved,129 min,"Crime, Drama",8.300000190734863,"315,380"
Unbreakable Kimmy Schmidt,(2015–2019),TV-14,30 min,Comedy,7.599999904632568,"72,009"
Munich: The Edge of War,(2021),PG-13,130 min,"Biography, Drama, History",6.800000190734863,"29,870"
Kim's Convenience,(2016–2021),TV-14,22 min,Comedy,8.199999809265137,"18,672"
The Chestnut Man,(2021– ),TV-MA,50 min,"Crime, Drama, Mystery",7.699999809265137,"44,386"
Security,(I) (2017),R,88 min,"Action, Crime, Thriller",5.699999809265137,"19,286"
Lilo & Stitch,(2002),PG,85 min,"Animation, Adventure, Comedy",7.300000190734863,"190,010"
Perfect Blue,(1997),R,81 min,"Animation, Crime, Drama",8.0,"75,641"
The Boondocks,(2005–2014),TV-MA,22 min,"Animation, Action, Comedy",8.5,"30,847"
The Firm,(1993),R,154 min,"Drama, Mystery, Thriller",6.800000190734863,"135,029"
Another Self,(2022– ),TV-MA,50 min,"Drama, Romance",6.300000190734863,"3,124"
Mob Psycho 100,(2016– ),TV-14,24 min,"Animation, Action, Comedy",8.600000381469727,"30,081"
The Invisible Guest,(2016),TV-MA,106 min,"Crime, Drama, Mystery",8.0,"174,610"
Glitch,(2015–2019),TV-MA,45 min,"Drama, Horror, Sci-Fi",7.199999809265137,"18,276"
Night Teeth,(2021),TV-14,107 min,"Action, Crime, Drama",5.599999904632568,"18,285"
Jurassic Park III,(2001),PG-13,92 min,"Action, Adventure, Sci-Fi",5.900000095367432,"321,937"
Bad Teacher,(2011),R,92 min,"Comedy, Romance",5.599999904632568,"203,437"
The Snowman,(2017),R,119 min,"Crime, Drama, Thriller",5.099999904632568,"64,629"
Fuller House,(2016–2020),TV-G,30 min,"Comedy, Family",6.699999809265137,"27,643"
The Kissing Booth,(2018),TV-14,105 min,"Comedy, Romance",5.900000095367432,"83,980"
No One Gets Out Alive,(2021),R,87 min,"Drama, Horror, Mystery",5.300000190734863,"15,996"
Ludik,(2022– ),TV-MA,60 min,"Crime, Drama",5.400000095367432,412
Conan the Barbarian,(2011),R,113 min,"Action, Adventure, Fantasy",5.099999904632568,"99,364"
Troll,(2022),,,"Action, Adventure, Fantasy",,
The Weekend Away,(2022),TV-14,89 min,"Crime, Drama, Mystery",5.599999904632568,"23,932"
1922,(2017),TV-MA,102 min,"Crime, Drama, Horror",6.199999809265137,"63,582"
A Jazzman's Blues,(2022),R,127 min,Drama,6.0,189
Ash vs Evil Dead,(2015–2018),TV-MA,30 min,"Action, Comedy, Fantasy",8.399999618530273,"73,097"
The Fate of the Furious,(2017),PG-13,136 min,"Action, Crime, Thriller",6.599999904632568,"231,142"
Warrior Nun,(2020– ),TV-MA,,"Action, Drama, Fantasy",6.900000095367432,"31,190"
Kingdom,(2014–2017),TV-MA,43 min,"Drama, Sport",8.5,"18,196"
Versailles,(2015–2018),TV-MA,52 min,"Biography, Drama, History",7.900000095367432,"16,726"
Code Geass,(2006–2008),TV-14,24 min,"Animation, Action, Drama",8.699999809265137,"67,510"
My Neighbor Totoro,(1988),G,86 min,"Animation, Comedy, Family",8.100000381469727,"335,557"
Green Room,(2015),R,95 min,"Crime, Drama, Horror",7.0,"123,286"
The Last Dance,(2020),TV-MA,491 min,"Documentary, Biography, History",9.100000381469727,"119,768"
Serendipity,(2001),PG-13,90 min,"Comedy, Romance",6.800000190734863,"113,554"
Blue Mountain State,(2010–2011),TV-MA,22 min,"Comedy, Sport",8.300000190734863,"53,845"
Black Summer,(2019–2021),TV-MA,40 min,"Action, Drama, Horror",6.5,"29,824"
127 Hours,(2010),R,94 min,"Biography, Drama",7.599999904632568,"375,723"
The Founder,(2016),PG-13,115 min,"Biography, Drama",7.199999809265137,"150,116"
Black Crab,(2022),TV-MA,114 min,"Action, Adventure, Drama",5.599999904632568,"20,283"
12 Monkeys,(2015–2018),TV-14,42 min,"Adventure, Drama, Mystery",7.699999809265137,"44,864"
Extraction 2,(2023),,,"Action, Thriller",,
Murder Mystery,(2019),PG-13,97 min,"Action, Comedy, Crime",6.0,"127,206"
Dota: Dragon's Blood,(2021– ),TV-MA,25 min,"Animation, Action, Adventure",7.800000190734863,"19,110"
Havoc,(2022),,,"Action, Thriller",,
The Defenders,(2017),TV-MA,50 min,"Action, Adventure, Crime",7.199999809265137,"106,814"
Manhunt,(II) (2017– ),TV-14,60 min,"Biography, Crime, Drama",8.100000381469727,"59,078"
Hunt for the Wilderpeople,(2016),PG-13,101 min,"Adventure, Comedy, Drama",7.800000190734863,"130,345"
What Happened to Monday,(2017),TV-MA,123 min,"Action, Crime, Fantasy",6.800000190734863,"122,876"
Kate,(I) (2021),R,106 min,"Action, Adventure, Crime",6.199999809265137,"61,030"
The Client,(1994),PG-13,119 min,"Crime, Drama, Mystery",6.699999809265137,"66,825"
As Good as It Gets,(1997),PG-13,139 min,"Comedy, Drama, Romance",7.699999809265137,"298,034"
Below Deck,(2013– ),TV-14,43 min,Reality-TV,7.400000095367432,"3,541"
The Mitchells vs the Machines,(2021),PG,114 min,"Animation, Adventure, Comedy",7.599999904632568,"106,685"
300: Rise of an Empire,(2014),R,102 min,"Action, Drama",6.199999809265137,"300,895"
Against the Ice,(2022),TV-MA,102 min,"Adventure, Drama, History",6.5,"21,943"
Maniac,(2018),TV-MA,386 min,"Comedy, Drama, Sci-Fi",7.699999809265137,"78,151"
Clark,(2022),TV-MA,362 min,"Action, Comedy, Crime",7.400000095367432,"9,365"
The A-Team,(2010),PG-13,117 min,"Action, Adventure, Thriller",6.699999809265137,"258,955"
The Danish Girl,(2015),R,119 min,"Biography, Drama, Romance",7.099999904632568,"185,277"
Deliver Us from Evil,(I) (2014),R,118 min,"Action, Adventure, Crime",6.199999809265137,"77,685"
Escape Room: Tournament of Champions,(2021),PG-13,88 min,"Action, Adventure, Horror",5.699999809265137,"44,400"
Jeepers Creepers III,(2017),Not Rated,100 min,Horror,3.9000000953674316,"22,397"
The Order,(2019–2020),TV-MA,60 min,"Drama, Fantasy, Horror",6.699999809265137,"28,610"
Intrusion,(II) (2021),TV-14,92 min,"Drama, Thriller",5.199999809265137,"17,071"
Who Killed Sara?,(2021–2022),TV-MA,40 min,"Crime, Drama, Mystery",6.400000095367432,"14,316"
Fractured,(I) (2019),TV-MA,99 min,Thriller,6.400000095367432,"74,728"
The Secret Life of Pets,(2016),PG,87 min,"Animation, Adventure, Comedy",6.5,"201,790"
Jurassic World: Camp Cretaceous,(2020–2022),TV-PG,24 min,"Animation, Action, Adventure",7.5,"8,774"
Brazen,(2022),TV-14,94 min,"Crime, Drama, Mystery",4.099999904632568,"12,120"
Love,(2016–2018),TV-MA,50 min,"Comedy, Drama, Romance",7.699999809265137,"42,755"
Spartacus,(1960),PG-13,197 min,"Adventure, Biography, Drama",7.900000095367432,"134,933"
Bee & Puppycat: Lazy in Space,(2013– ),TV-PG,,Animation,8.699999809265137,163
Under the Dome,(2013–2015),TV-14,43 min,"Drama, Mystery, Sci-Fi",6.5,"106,485"
Rebecca,(I) (2020),PG-13,123 min,"Drama, Mystery, Romance",6.0,"41,997"
Fantasy Island,(2020),PG-13,109 min,"Fantasy, Horror, Mystery",4.900000095367432,"52,319"
The Witcher: Blood Origin,(2022),TV-MA,,"Action, Adventure, Drama",,
Utopia,(I) (2013–2014),TV-MA,50 min,"Drama, Mystery, Sci-Fi",8.399999618530273,"46,783"
The Bad Batch,(2016),R,118 min,"Action, Horror, Mystery",5.199999809265137,"31,725"
Marco Polo,(2014–2016),TV-MA,60 min,"Action, Adventure, Drama",8.0,"72,672"
The Killer,,,,"Action, Crime, Drama",,
Locke,(2013),R,85 min,Drama,7.099999904632568,"150,008"
Below Zero,(2021),TV-MA,106 min,"Action, Adventure, Crime",6.199999809265137,"19,509"
Insatiable,(2018–2019),TV-MA,45 min,"Comedy, Drama, Thriller",6.5,"28,595"
Tekken: Bloodline,(2022– ),TV-14,,"Animation, Action, Adventure",6.699999809265137,"3,330"
Our Man from Jersey,,,,"Action, Thriller",,
First Kill,(2022),TV-MA,60 min,"Drama, Horror, Mystery",6.400000095367432,"25,843"
The Festival of Troubadours,(2022),TV-14,102 min,Drama,5.900000095367432,"1,733"
Family Secrets,(2022– ),TV-MA,50 min,"Comedy, Drama, Romance",5.900000095367432,333
Awakenings,(1990),PG-13,121 min,"Biography, Drama",7.800000190734863,"141,037"
Fullmetal Alchemist: The Revenge of Scar,(2022),TV-14,125 min,"Action, Adventure, Fantasy",5.300000190734863,"1,238"
The Kominsky Method,(2018–2021),TV-MA,30 min,"Comedy, Drama",8.199999809265137,"39,741"
I Am a Killer,(2018–2022),TV-MA,52 min,"Documentary, Crime",7.400000095367432,"4,287"
The Trial of the Chicago 7,(2020),R,129 min,"Drama, History, Thriller",7.699999809265137,"175,568"
Slasher,(2016– ),Not Rated,60 min,"Crime, Drama, Horror",6.699999809265137,"14,543"
Ragnarok,(2020– ),TV-MA,45 min,"Action, Drama, Fantasy",7.5,"37,517"
Triple Frontier,(2019),R,125 min,"Action, Thriller",6.400000095367432,"128,044"
Lord of War,(2005),R,122 min,"Crime, Drama",7.599999904632568,"316,908"
Planet of the Apes,(1968),G,112 min,"Adventure, Sci-Fi",8.0,"179,986"
The Society,(2019),TV-MA,58 min,"Drama, Mystery, Sci-Fi",7.099999904632568,"29,809"
Noah,(2014),PG-13,138 min,"Action, Adventure, Drama",5.800000190734863,"255,168"
Hachi: A Dog's Tale,(2009),G,93 min,"Biography, Drama, Family",8.100000381469727,"283,263"
Frontier,(2016–2018),TV-MA,60 min,"Adventure, Drama, History",7.099999904632568,"21,360"
Gunpowder Milkshake,(2021),R,114 min,"Action, Crime, Thriller",6.0,"43,839"
Athena,(2022),R,99 min,"Action, Drama, Thriller",7.0,579
The Office Blind Date,(2022– ),TV-14,60 min,"Comedy, Drama, Romance",8.100000381469727,"9,892"
Ender's Game,(2013),PG-13,114 min,"Action, Adventure, Sci-Fi",6.599999904632568,"240,470"
God's Favorite Idiot,(2022– ),TV-MA,30 min,"Comedy, Fantasy",5.699999809265137,"5,384"
Choose or Die,(2022),MA-17,84 min,"Drama, Horror, Thriller",4.699999809265137,"20,030"
Moesha,(1996–2001),TV-PG,30 min,"Comedy, Drama, Family",5.800000190734863,"3,798"
Dirty John,(2018– ),TV-14,44 min,"Crime, Drama",7.199999809265137,"21,809"
Unorthodox,(2020),TV-MA,53 min,Drama,8.0,"78,975"
Indian Predator: The Butcher of Delhi,(2022),TV-MA,125 min,"Documentary, Crime, History",6.0,"2,058"
Rango,(2011),PG,107 min,"Animation, Action, Adventure",7.199999809265137,"264,146"
To All the Boys I've Loved Before,(2018),TV-14,99 min,"Comedy, Drama, Romance",7.0,"107,043"
Diorama,(2022),,99 min,Romance,5.199999809265137,205
Hannah Montana,(2006–2011),TV-G,23 min,"Comedy, Family, Music",5.199999809265137,"40,470"
His House,(2020),TV-14,93 min,"Drama, Horror, Thriller",6.5,"41,196"
You're Next,(2011),R,95 min,"Horror, Thriller",6.5,"99,371"
Seoul Vibe,(2022),TV-MA,138 min,"Action, Comedy, Crime",5.5,"1,224"
Spy Kids,(2001),PG,88 min,"Action, Adventure, Comedy",5.599999904632568,"117,739"
I Am Not Okay with This,(2020),TV-MA,30 min,"Comedy, Drama, Fantasy",7.5,"60,738"
Young Royals,(2021– ),TV-MA,50 min,"Drama, Romance",8.300000190734863,"30,076"
Flashdance,(1983),R,95 min,"Drama, Music, Romance",6.199999809265137,"53,738"
Eurovision Song Contest: The Story of Fire Saga,(2020),PG-13,123 min,"Comedy, Musical",6.5,"93,701"
Gangubai Kathiawadi,(2022),TV-MA,152 min,"Biography, Crime, Drama",7.0,"54,207"
Brand New Cherry Flavor,(2021),TV-MA,342 min,"Drama, Horror, Mystery",7.099999904632568,"15,476"
Impractical Jokers,(2011– ),TV-14,30 min,"Comedy, Reality-TV",8.600000381469727,"40,287"
Haikyu!!,(2014–2020),TV-14,24 min,"Animation, Comedy, Drama",8.699999809265137,"24,721"
It's Okay to Not Be Okay,(2020),TV-MA,80 min,"Comedy, Drama, Romance",8.600000381469727,"23,471"
There's Someone Inside Your House,(2021),TV-MA,96 min,"Horror, Mystery, Thriller",4.800000190734863,"16,059"
Sweet Home,(2020– ),TV-MA,52 min,"Drama, Fantasy, Horror",7.300000190734863,"21,055"
The Dictator,(2012),R,83 min,Comedy,6.400000095367432,"305,686"
Peppa Pig,(2004– ),TV-Y,9 min,"Animation, Adventure, Comedy",6.300000190734863,"5,171"
Love Hard,(2021),TV-MA,104 min,"Comedy, Romance",6.300000190734863,"50,967"
Hometown Cha-Cha-Cha,(2021– ),TV-14,70 min,"Comedy, Romance",8.399999618530273,"12,059"
The Tourist,(I) (2010),PG-13,103 min,"Action, Thriller",6.0,"243,244"
Teen Titans Go!,(2013– ),TV-PG,10 min,"Animation, Short, Action",5.400000095367432,"21,432"
Set It Up,(2018),TV-14,105 min,"Comedy, Romance",6.5,"53,464"
Happy!,(2017–2019),TV-MA,60 min,"Action, Comedy, Crime",8.100000381469727,"38,841"
Home Team,(2022),PG,95 min,"Comedy, Sport",6.0,"18,459"
H2O: Just Add Water,(2006–2010),TV-PG,23 min,"Drama, Family, Fantasy",7.199999809265137,"15,477"
Bill & Ted Face the Music,(2020),PG-13,91 min,"Adventure, Comedy, Music",5.900000095367432,"46,881"
Untitled Kanye West Documentary,(2022),Not Rated,93 min,"Documentary, Music",8.600000381469727,"1,041"
Scream: The TV Series,(2015–2019),TV-14,45 min,"Comedy, Crime, Drama",7.099999904632568,"41,077"
Z Nation,(2014–2018),TV-14,44 min,"Action, Comedy, Drama",6.699999809265137,"36,710"
Escape Plan,(2013),R,115 min,"Action, Thriller",6.699999809265137,"242,838"
Hellbound,(2021– ),TV-MA,150 min,"Crime, Drama, Fantasy",6.599999904632568,"23,866"
Mank,(2020),R,131 min,"Biography, Comedy, Drama",6.800000190734863,"74,186"
Sacred Games,(2018–2019),TV-MA,50 min,"Action, Crime, Drama",8.5,"87,403"
In the Shadow of the Moon,(2019),TV-MA,115 min,"Action, Crime, Mystery",6.199999809265137,"53,157"
Are You Afraid of the Dark?,(1990–2000),TV-PG,30 min,"Drama, Fantasy, Horror",8.199999809265137,"15,062"
News of the World,(2020),PG-13,118 min,"Action, Adventure, Drama",6.800000190734863,"86,396"
The Meyerowitz Stories,(2017),TV-MA,112 min,"Comedy, Drama",6.900000095367432,"49,217"
The Windsors,(2016– ),TV-MA,30 min,Comedy,7.099999904632568,"2,783"
Hemlock Grove,(2013–2015),TV-MA,46 min,"Drama, Fantasy, Horror",7.0,"40,283"
The Mauritanian,(2021),R,129 min,"Biography, Drama, Thriller",7.400000095367432,"51,115"
Royalteen,(2022),TV-MA,107 min,"Drama, Romance",5.300000190734863,"1,566"
Kota Factory,(2019–2021),TV-14,45 min,"Comedy, Drama",9.100000381469727,"71,138"
Honest Thief,(2020),PG-13,99 min,"Action, Thriller",6.0,"50,172"
How It Ends,(2018),TV-MA,113 min,"Action, Drama, Mystery",5.0,"53,299"
Triple 9,(2016),R,115 min,"Action, Crime, Thriller",6.300000190734863,"72,474"
Too Hot to Handle,(2020– ),TV-MA,40 min,"Game-Show, Reality-TV, Romance",4.699999809265137,"12,484"
Pain Hustlers,,,,"Crime, Drama",,
My Name,(2021),TV-MA,50 min,"Action, Crime, Drama",7.800000190734863,"20,967"
Parallel Mothers,(2021),R,123 min,Drama,7.099999904632568,"28,112"
Clickbait,(2021),TV-MA,368 min,"Crime, Drama, Mystery",7.199999809265137,"52,589"
The Little Mermaid,(2018),PG,85 min,"Adventure, Drama, Fantasy",4.199999809265137,"9,050"
The Innocent,(2021),TV-MA,467 min,"Crime, Drama, Mystery",7.800000190734863,"30,505"
Till Death,(I) (2021),R,88 min,Thriller,5.800000190734863,"21,221"
Criminal: UK,(2019–2020),TV-MA,43 min,"Crime, Drama, Mystery",7.599999904632568,"18,693"
Master of None,(2015– ),TV-MA,30 min,"Comedy, Drama",8.199999809265137,"73,214"
Knightfall,(2017–2019),TV-14,60 min,"Action, Adventure, Drama",6.800000190734863,"20,356"
The Babysitter: Killer Queen,(2020),TV-MA,101 min,"Comedy, Horror",5.800000190734863,"39,725"
The King's Affection,(2021– ),TV-PG,,"Drama, Romance",7.900000095367432,"3,202"
Easy,(2016–2019),TV-MA,30 min,Comedy,6.900000095367432,"13,814"
Party of Five,(1994–2000),TV-PG,60 min,"Drama, Family",6.800000190734863,"10,431"
Living with Yourself,(2019),TV-MA,26 min,"Comedy, Drama, Sci-Fi",7.199999809265137,"31,253"
The Last Letter from Your Lover,(2021),TV-MA,110 min,"Drama, Romance",6.699999809265137,"17,875"
Jupiter's Legacy,(2021),TV-MA,56 min,"Action, Adventure, Drama",6.699999809265137,"38,387"
Tokyo Revengers,(2021– ),TV-14,24 min,"Animation, Action, Drama",8.100000381469727,"15,752"
Sword Art Online,(2012– ),TV-14,24 min,"Animation, Action, Adventure",7.599999904632568,"45,397"
Okja,(2017),TV-MA,120 min,"Action, Adventure, Drama",7.300000190734863,"121,183"
Another Life,(2019–2021),TV-MA,43 min,"Adventure, Drama, Mystery",5.199999809265137,"35,855"
The Musketeers,(2014–2016),TV-14,55 min,"Adventure, Drama",7.800000190734863,"22,376"
MILF,(2018),TV-MA,101 min,Comedy,4.800000190734863,"6,369"
Steins;Gate,(2011–2015),TV-14,24 min,"Animation, Comedy, Drama",8.800000190734863,"61,150"
Roma,(2018),R,135 min,Drama,7.699999809265137,"157,396"
The Thundermans,(2013–2018),TV-G,23 min,"Action, Comedy, Drama",5.599999904632568,"5,668"
Homefront,(I) (2013),R,100 min,"Action, Crime, Thriller",6.5,"120,729"
The Politician,(2019– ),TV-14,42 min,"Comedy, Drama",7.5,"22,532"
The Guernsey Literary and Potato Peel Pie Society,(2018),TV-14,124 min,"Drama, Romance, War",7.300000190734863,"46,544"
Cosmos: A Spacetime Odyssey,(2014),TV-PG,557 min,Documentary,9.300000190734863,"121,400"
The Hand of God,(2021),R,130 min,Drama,7.300000190734863,"41,588"
The Dig,(2021),PG-13,112 min,"Biography, Drama, History",7.099999904632568,"74,270"
The Ten Commandments,(1956),G,220 min,"Adventure, Drama, Family",7.900000095367432,"71,119"
Hotel Mumbai,(2018),R,123 min,"Action, Drama, History",7.599999904632568,"63,979"
Southpaw,(2015),R,124 min,"Action, Crime, Drama",7.300000190734863,"236,533"
Safe,(2018),TV-MA,356 min,"Crime, Drama, Mystery",7.199999809265137,"43,443"
Twenty Five Twenty One,(2022),TV-14,70 min,"Drama, Romance",8.600000381469727,"6,849"
Young Guns II,(1990),PG-13,104 min,"Action, Western",6.5,"36,404"
Flower of Evil,(2020),,70 min,"Crime, Mystery, Romance",8.699999809265137,"7,700"
Maggie,(I) (2015),PG-13,95 min,"Drama, Horror, Sci-Fi",5.599999904632568,"44,549"
Once Upon a Small Town,(2022– ),,,"Drama, Romance",8.5,104
Salem,(2014–2017),TV-MA,60 min,"Drama, Fantasy, Horror",7.099999904632568,"23,955"
Revenge,(II) (2017),R,108 min,"Action, Horror, Thriller",6.400000095367432,"43,575"
Pixels,(2015),PG-13,105 min,"Action, Comedy, Fantasy",5.599999904632568,"144,672"
Step Up,(2006),PG-13,104 min,"Crime, Drama, Music",6.5,"119,288"
She,(2020– ),TV-MA,,"Crime, Drama",6.400000095367432,"5,390"
Guardian: The Lonely and Great God,(2016–2017),TV-14,120 min,"Comedy, Drama, Fantasy",8.600000381469727,"20,760"
Pose,(2018–2021),TV-MA,60 min,Drama,8.600000381469727,"29,019"
Tommy Boy,(1995),PG-13,97 min,"Adventure, Comedy",7.099999904632568,"87,921"
ZeroZeroZero,(2019–2020),TV-MA,60 min,"Crime, Drama, Thriller",8.199999809265137,"25,048"
Gypsy,(2017),TV-MA,51 min,"Drama, Thriller",6.800000190734863,"16,552"
The Challenge,(1998– ),TV-14,60 min,"Adventure, Game-Show, Reality-TV",7.800000190734863,"3,454"
I Am All Girls,(2021),TV-MA,107 min,"Crime, Drama, Mystery",5.900000095367432,"6,139"
Dark Places,(2015),R,113 min,"Crime, Drama, Mystery",6.199999809265137,"45,465"
Mushoku Tensei: Jobless Reincarnation,(2021– ),TV-14,24 min,"Animation, Action, Adventure",8.399999618530273,"10,155"
Jaws 2,(1978),PG,116 min,"Adventure, Horror, Thriller",5.800000190734863,"78,737"
Hollywood,(2020),TV-MA,347 min,"Drama, History",7.5,"36,652"
Kaguya-sama: Love is War,(2019– ),TV-14,24 min,"Animation, Comedy, Romance",8.600000381469727,"13,237"
Jamtara: Sabka Number Ayega,(2020– ),,29 min,Crime,7.300000190734863,"6,557"
Running with the Devil: The Wild World of John McAfee,(2022),TV-MA,105 min,"Documentary, Crime",5.900000095367432,"2,551"
Blood Red Sky,(2021),TV-MA,121 min,"Action, Adventure, Drama",6.099999904632568,"48,309"
Selling Sunset,(2019– ),TV-MA,30 min,Reality-TV,6.5,"6,584"
The Lucky One,(2012),PG-13,101 min,"Drama, Mystery, Romance",6.400000095367432,"108,807"
F Is for Family,(2015–2021),TV-MA,30 min,"Animation, Comedy, Drama",8.0,"37,225"
Stowaway,(2021),TV-MA,116 min,"Adventure, Sci-Fi, Thriller",5.599999904632568,"46,158"
Dirk Gently's Holistic Detective Agency,(2016–2017),TV-14,60 min,"Action, Adventure, Comedy",8.199999809265137,"51,064"
Formula 1: Drive to Survive,(2019– ),TV-MA,40 min,"Documentary, Sport",8.600000381469727,"39,632"
Apostle,(2018),TV-MA,130 min,"Drama, Fantasy, Horror",6.300000190734863,"52,870"
CHIPS,(2017),R,100 min,"Action, Comedy, Crime",6.0,"48,181"
The Protector,(2018–2020),TV-MA,40 min,"Action, Fantasy, Sci-Fi",6.5,"34,809"
Rise of the Teenage Mutant Ninja Turtles: The Movie,(2022),TV-Y7,82 min,"Animation, Action, Adventure",5.900000095367432,"3,955"
Finding Dory,(2016),PG,97 min,"Animation, Adventure, Comedy",7.300000190734863,"274,280"
The Next Three Days,(2010),PG-13,133 min,"Action, Crime, Drama",7.300000190734863,"197,126"
Human Resources,(2022– ),TV-MA,30 min,"Animation, Comedy, Romance",7.199999809265137,"6,188"
101 Dalmatians,(1996),G,103 min,"Adventure, Comedy, Crime",5.699999809265137,"111,407"
Desperado,(1995),R,104 min,"Action, Crime, Thriller",7.099999904632568,"186,134"
Vivo,(I) (2021),PG,95 min,"Animation, Adventure, Comedy",6.599999904632568,"18,809"
Deepwater Horizon,(2016),PG-13,107 min,"Action, Drama, History",7.099999904632568,"168,678"
Goosebumps,(1995–1998),TV-Y7,22 min,"Fantasy, Horror, Mystery",7.599999904632568,"13,649"
Out of the Furnace,(2013),R,116 min,"Action, Crime, Drama",6.699999809265137,"116,319"
The Promised Neverland,(2019–2021),TV-14,23 min,"Animation, Action, Adventure",8.300000190734863,"37,094"
Everything Sucks!,(2018),TV-14,30 min,"Comedy, Drama",7.5,"19,872"
Inside the Mind of a Cat,(2022),TV-PG,67 min,Documentary,6.900000095367432,"3,395"
The Defeated,(2020– ),TV-MA,45 min,"Drama, History, Thriller",7.0,"6,344"
The Ugly Truth,(2009),R,96 min,"Comedy, Romance",6.400000095367432,"219,132"
The Suite Life of Zack & Cody,(2005–2008),TV-G,30 min,"Comedy, Family",6.5,"36,629"
Nanatsu no taizai,(2014–2021),TV-14,24 min,"Animation, Action, Adventure",7.900000095367432,"31,725"
Alias Grace,(2017),TV-MA,267 min,"Biography, Crime, Drama",7.699999809265137,"32,897"
The DUFF,(2015),PG-13,101 min,"Comedy, Romance",6.400000095367432,"94,704"
Toscana,(II) (2022),TV-MA,90 min,"Drama, Romance",5.699999809265137,"6,917"
Kung Fu Panda 3,(2016),PG,95 min,"Animation, Action, Adventure",7.099999904632568,"158,187"
Keeping Up with the Kardashians,(2006–2021),TV-14,44 min,"Drama, Family, Reality-TV",2.799999952316284,"29,990"
Vikingane,(2016–2020),TV-MA,30 min,"Comedy, History",7.699999809265137,"18,768"
Rise of the Teenage Mutant Ninja Turtles,(2018–2020),TV-Y7-FV,22 min,"Animation, Action, Adventure",5.099999904632568,"3,965"
Verónica,(I) (2017),TV-MA,105 min,Horror,6.199999809265137,"41,818"
The Quick and the Dead,(1995),R,108 min,"Action, Romance, Thriller",6.5,"94,644"
Death Note,(I) (2017),TV-MA,101 min,"Crime, Drama, Fantasy",4.5,"84,893"
Shattered,(II) (2022),R,92 min,Thriller,5.0,"3,207"
The Midnight Sky,(2020),PG-13,118 min,"Adventure, Drama, Sci-Fi",5.599999904632568,"83,059"
Force of Nature,(2020),R,91 min,"Crime, Drama, Thriller",4.5,"11,369"
Scary Movie V,(2013),PG-13,86 min,Comedy,3.5,"71,952"
How to Train Your Dragon: The Hidden World,(2019),PG,104 min,"Animation, Action, Adventure",7.400000095367432,"127,862"
Coroner,(2019– ),TV-MA,60 min,"Crime, Drama, Mystery",6.699999809265137,"4,494"
Vis a vis,(2015–2019),TV-MA,53 min,"Drama, Thriller",8.199999809265137,"22,298"
Death Wish,(2018),R,107 min,"Action, Crime, Drama",6.300000190734863,"72,384"
Oz the Great and Powerful,(2013),PG,130 min,"Adventure, Family, Fantasy",6.300000190734863,"208,176"
Sand Castle,(2017),TV-MA,113 min,"Action, Drama, War",6.300000190734863,"23,637"
Easy Rider,(1969),R,95 min,"Adventure, Drama",7.300000190734863,"110,079"
Torchwood,(2006–2011),TV-MA,50 min,"Action, Drama, Mystery",7.699999809265137,"41,119"
Malcolm & Marie,(2021),R,106 min,"Drama, Romance",6.599999904632568,"37,062"
Ponyo,(2008),G,101 min,"Animation, Adventure, Comedy",7.599999904632568,"143,199"
Hypnotic,(2021),TV-14,88 min,"Mystery, Thriller",5.300000190734863,"16,263"
Holidate,(2020),TV-MA,104 min,"Comedy, Romance",6.099999904632568,"64,848"
"Boo, Bitch",(2022),TV-14,202 min,Comedy,5.800000190734863,"3,457"
3%,(2016–2020),TV-MA,49 min,"Action, Drama, Sci-Fi",7.300000190734863,"25,700"
The In Between,(2022),PG-13,115 min,"Drama, Romance, Sci-Fi",5.900000095367432,"7,652"
College Romance,(2018– ),TV-MA,30 min,"Comedy, Drama, Romance",8.399999618530273,"26,513"
The Silent Sea,(2021– ),TV-MA,45 min,"Adventure, Drama, Mystery",6.900000095367432,"20,373"
Cursed,(2020),TV-MA,60 min,"Adventure, Drama, Fantasy",5.900000095367432,"30,298"
I See You,(II) (2019),R,98 min,"Crime, Drama, Horror",6.800000190734863,"49,300"
What/If,(2019),TV-14,55 min,"Drama, Thriller",6.300000190734863,"15,483"
We Can Be Heroes,(II) (2020),PG,100 min,"Action, Comedy, Drama",4.699999809265137,"14,971"
Descendants of the Sun,(2016),TV-14,60 min,"Action, Comedy, Drama",8.300000190734863,"16,031"
Begin Again,(II) (2013),R,104 min,"Comedy, Drama, Music",7.400000095367432,"156,482"
The Human Centipede 2 (Full Sequence),(2011),Not Rated,91 min,Horror,3.799999952316284,"39,094"
The Croods,(2013),PG,98 min,"Animation, Adventure, Comedy",7.199999809265137,"214,351"
Don't Be a Menace to South Central While Drinking Your Juice in the Hood,(1996),R,89 min,"Comedy, Crime",6.5,"55,787"
Money Heist: Korea - Joint Economic Area,(2022– ),TV-MA,60 min,"Action, Crime, Drama",5.300000190734863,"5,791"
Mirage,(2018),TV-MA,128 min,"Drama, Fantasy, Mystery",7.400000095367432,"55,701"
Baki,(2018–2020),TV-MA,45 min,"Animation, Action, Drama",6.699999809265137,"6,333"
Project Power,(2020),R,113 min,"Action, Crime, Sci-Fi",6.0,"88,089"
Call My Agent!,(2015–2020),TV-MA,52 min,"Comedy, Drama",8.300000190734863,"14,448"
To the Lake,(I) (2019– ),TV-MA,48 min,"Drama, Sci-Fi, Thriller",7.199999809265137,"13,051"
Erased,(2016),TV-14,264 min,"Animation, Drama, Fantasy",8.5,"46,215"
The Cloverfield Paradox,(2018),PG-13,102 min,"Action, Horror, Sci-Fi",5.5,"105,228"
Messiah,(2020),TV-MA,43 min,"Drama, Mystery, Thriller",7.599999904632568,"43,128"
Heist,(III) (2015),R,93 min,"Action, Crime, Drama",6.099999904632568,"30,618"
Miracle in Cell No. 7,(2019),TV-14,132 min,Drama,8.199999809265137,"48,567"
Blue Jasmine,(2013),PG-13,98 min,"Comedy, Drama",7.300000190734863,"202,975"
American Vandal,(2017–2018),TV-MA,34 min,"Comedy, Crime, Drama",8.100000381469727,"30,797"
The Wrong Missy,(2020),TV-MA,90 min,"Comedy, Romance",5.699999809265137,"39,860"
Mr. Sunshine,(2018),TV-MA,80 min,"Action, Drama, History",8.699999809265137,"7,620"
Alice Through the Looking Glass,(2016),PG,113 min,"Adventure, Family, Fantasy",6.099999904632568,"108,693"
The Trip,(2021),TV-MA,113 min,"Action, Comedy, Horror",6.900000095367432,"21,751"
Welcome to Eden,(2022– ),TV-MA,40 min,"Action, Drama, Sci-Fi",5.5,"4,529"
L.A.'s Finest,(2019–2020),TV-14,60 min,"Action, Comedy, Crime",6.099999904632568,"7,787"
Extremely Loud & Incredibly Close,(2011),PG-13,129 min,"Adventure, Drama, Mystery",6.900000095367432,"102,189"
The Italian Job,(1969),G,99 min,"Action, Comedy, Crime",7.199999809265137,"46,471"
Along for the Ride,(2022),TV-14,106 min,"Drama, Romance",6.099999904632568,"6,370"
Final Space,(2018–2021),TV-14,30 min,"Animation, Action, Adventure",8.199999809265137,"43,494"
Daybreak,(I) (2019),TV-MA,60 min,"Action, Adventure, Comedy",6.699999809265137,"20,392"
The Ice Road,(2021),PG-13,109 min,"Action, Adventure, Thriller",5.599999904632568,"40,567"
Now You See Me 2,(2016),PG-13,129 min,"Action, Adventure, Comedy",6.400000095367432,"287,484"
From Scratch,(2022– ),,,Drama,,
Father of the Bride Part 3 (ish),(2020),Not Rated,26 min,"Short, Family",6.900000095367432,"1,169"
Forgotten,(2017),TV-MA,108 min,"Mystery, Thriller",7.400000095367432,"33,550"
Hillbilly Elegy,(2020),R,116 min,Drama,6.699999809265137,"42,262"
R.I.P.D.,(2013),PG-13,96 min,"Action, Adventure, Comedy",5.599999904632568,"133,188"
Dirty Grandpa,(2016),R,102 min,Comedy,5.900000095367432,"124,037"
Colony,(2016–2018),TV-14,42 min,"Action, Adventure, Drama",7.300000190734863,"36,235"
The Dark Crystal: Age of Resistance,(2019),TV-PG,60 min,"Adventure, Drama, Family",8.399999618530273,"24,798"
High School DxD,(2012–2018),TV-MA,23 min,"Animation, Action, Comedy",7.599999904632568,"10,667"
Crashing,(2016),TV-MA,30 min,Comedy,7.699999809265137,"21,023"
The Guardians of Justice (Will Save You!),(2022– ),TV-MA,30 min,"Animation, Action, Adventure",4.900000095367432,"3,177"
Dogs in Space,(2021– ),TV-Y7,18 min,"Animation, Action, Adventure",7.099999904632568,693
Macbeth,(I) (2015),R,113 min,"Drama, History, War",6.599999904632568,"56,963"
White Girl,(2016),TV-MA,88 min,"Crime, Drama",5.699999809265137,"10,974"
Skandal! Bringing Down Wirecard,(2022),TV-14,92 min,"Documentary, Crime",7.199999809265137,595
Friends from College,(2017–2019),TV-MA,30 min,"Comedy, Drama",6.900000095367432,"21,028"
Spenser Confidential,(2020),R,111 min,"Action, Comedy, Drama",6.199999809265137,"88,002"
The F**k-It List,(2020),TV-MA,103 min,Comedy,5.099999904632568,"6,447"
Chef's Table,(2015–2019),TV-MA,50 min,Documentary,8.5,"15,573"
Man Down,(2013–2017),TV-MA,30 min,Comedy,7.599999904632568,"4,488"
The Beauty Queen of Jerusalem,(2021– ),TV-MA,28 min,Drama,7.199999809265137,584
Insidious: Chapter 2,(2013),PG-13,106 min,"Horror, Mystery, Thriller",6.5,"170,491"
Fruits Basket,(2019–2021),TV-14,24 min,"Animation, Comedy, Drama",8.600000381469727,"6,270"
Seven Seconds,(2018),TV-MA,60 min,"Crime, Drama",7.699999809265137,"16,561"
Mechanic: Resurrection,(2016),R,98 min,"Action, Adventure, Crime",5.699999809265137,"85,193"
Itaewon Class,(2020),TV-MA,70 min,"Drama, Romance",8.199999809265137,"13,538"
The Vietnam War,(2017),TV-MA,990 min,"Documentary, History, War",9.100000381469727,"24,632"
Downsizing,(2017),R,135 min,"Drama, Fantasy, Sci-Fi",5.699999809265137,"110,069"
Serenity,(2019),R,106 min,"Drama, Mystery, Thriller",5.400000095367432,"41,427"
Mirror Mirror,(I) (2012),PG,106 min,"Adventure, Comedy, Drama",5.599999904632568,"88,003"
You Don't Know Me,(2021),TV-MA,60 min,"Crime, Drama",6.800000190734863,"5,240"
"Good Morning, Verônica",(2020– ),TV-MA,49 min,"Crime, Drama, Mystery",7.5,"4,505"
Eli,(I) (2019),R,98 min,"Drama, Horror, Mystery",5.800000190734863,"36,030"
Dreamgirls,(2006),PG-13,130 min,"Drama, Music, Musical",6.599999904632568,"74,022"
Bordertown,(2016–2020),TV-MA,60 min,"Crime, Drama, Mystery",7.599999904632568,"11,049"
Fabulous Lives of Bollywood Wives,(2020– ),TV-MA,35 min,"Documentary, Reality-TV, Romance",4.599999904632568,"10,077"
Off the Hook,(2022– ),TV-MA,30 min,"Comedy, Romance",6.400000095367432,265
The Wolf of Snow Hollow,(2020),R,85 min,"Comedy, Horror, Mystery",6.199999809265137,"20,461"
Girl From Nowhere,(2018– ),TV-MA,45 min,"Crime, Drama, Fantasy",7.599999904632568,"4,447"
Cuckoo,(II) (2012– ),TV-14,30 min,Comedy,7.199999809265137,"9,807"
Still Game,(2002–2019),TV-14,30 min,Comedy,8.899999618530273,"7,880"
Total Recall,(I) (2012),PG-13,118 min,"Action, Adventure, Sci-Fi",6.199999809265137,"254,640"
Lilyhammer,(2012–2014),TV-MA,45 min,"Comedy, Crime, Drama",7.900000095367432,"29,675"
Winx Club,(2004–2019),TV-Y7,25 min,"Animation, Action, Adventure",6.099999904632568,"7,005"
The Adventures of Sharkboy and Lavagirl 3-D,(2004),PG,93 min,"Action, Adventure, Comedy",3.5999999046325684,"38,137"
Takers,(2010),PG-13,107 min,"Action, Crime, Drama",6.199999809265137,"62,903"
Black Lightning,(2017–2021),TV-14,43 min,"Action, Drama, Sci-Fi",6.099999904632568,"25,555"
Tuca & Bertie,(2019–2022),TV-MA,26 min,"Animation, Comedy",7.300000190734863,"7,337"
The Lorax,(2012),PG,86 min,"Animation, Adventure, Comedy",6.400000095367432,"112,998"
Velvet Buzzsaw,(2019),R,113 min,"Horror, Mystery, Thriller",5.699999809265137,"61,331"
"Re: Zero, Starting Life in Another World",(2016– ),TV-14,24 min,"Animation, Adventure, Drama",8.100000381469727,"18,302"
The Old Guard 2,,,,"Action, Adventure, Fantasy",,
Bright,(I) (2017),TV-MA,117 min,"Action, Fantasy, Thriller",6.300000190734863,"188,766"
Swallow,(I) (2019),R,94 min,"Drama, Thriller",6.5,"23,642"
Young Lady and Gentleman,(2021– ),,70 min,"Comedy, Drama, Family",6.400000095367432,213
Colombiana,(2011),PG-13,108 min,"Action, Drama, Thriller",6.400000095367432,"101,670"
Katla,(2021– ),TV-MA,,"Drama, Mystery, Sci-Fi",7.0,"13,775"
StartUp,(2016–2018),Not Rated,44 min,"Crime, Thriller",7.800000190734863,"29,045"
Capitani,(2019–2022),TV-MA,312 min,"Crime, Drama, Mystery",6.599999904632568,"5,386"
Mother/Android,(2021),R,110 min,"Drama, Sci-Fi, Thriller",4.900000095367432,"18,609"
Aileen Wuornos: American Boogeywoman,(2021),R,85 min,"Drama, Horror, Thriller",3.700000047683716,"1,667"
The Three-Body Problem,,,60 min,"Adventure, Drama, Fantasy",,
Mercury Rising,(1998),R,111 min,"Action, Crime, Drama",6.099999904632568,"74,419"
Murderville,(2022– ),TV-MA,33 min,"Comedy, Crime, Mystery",6.800000190734863,"12,015"
The Highwaymen,(2019),R,132 min,"Biography, Crime, Drama",6.900000095367432,"91,163"
Child's Play,(2019),R,90 min,"Drama, Horror, Sci-Fi",5.699999809265137,"51,894"
Prey,(VI) (2021),TV-MA,87 min,"Adventure, Drama, Thriller",4.300000190734863,"7,747"
Miss Fisher's Murder Mysteries,(2012–2015),TV-PG,60 min,"Crime, Drama, History",8.199999809265137,"16,127"
Roman Empire,(2016–2019),TV-MA,48 min,"Documentary, Biography, Drama",7.0,"7,899"
Child 44,(2015),R,137 min,"Crime, Drama, History",6.400000095367432,"71,468"
The Rain,(2018–2020),TV-MA,45 min,"Drama, Sci-Fi, Thriller",6.300000190734863,"36,959"
Fatherhood,(I) (2021),PG-13,109 min,"Comedy, Drama",6.599999904632568,"37,606"
The Staircase,(2004–2018),TV-MA,629 min,"Documentary, Crime, Drama",7.800000190734863,"24,588"
86,(2021–2022),TV-14,24 min,"Animation, Action, Drama",8.199999809265137,"4,465"
You're Nothing Special,(2022– ),TV-MA,35 min,"Comedy, Fantasy",5.599999904632568,209
RuPaul's Secret Celebrity Drag Race,(2020– ),TV-14,63 min,"Game-Show, Reality-TV",6.800000190734863,"1,675"
From Dusk Till Dawn: The Series,(2014–2016),TV-MA,45 min,"Action, Crime, Fantasy",6.800000190734863,"20,612"
Toy Boy,(2019– ),TV-MA,,"Action, Adventure, Crime",6.5,"7,671"
Hold Tight,(2022),TV-MA,284 min,"Crime, Drama, Mystery",6.099999904632568,"2,662"
Fairy Tail,(2009–2019),TV-14,24 min,"Animation, Action, Adventure",7.900000095367432,"24,692"
Fidelity,(2022– ),TV-MA,40 min,"Drama, Romance",6.400000095367432,"1,700"
13: The Musical,(2022),PG,91 min,"Comedy, Drama, Family",5.199999809265137,595
Untold: The Race of the Century,(2022),,83 min,"Documentary, Sport",7.300000190734863,459
Spy Kids 3: Game Over,(2003),PG,84 min,"Action, Adventure, Comedy",4.300000190734863,"60,653"
All the Bright Places,(2020),TV-MA,107 min,"Drama, Romance",6.5,"31,536"
A Classic Horror Story,(2021),TV-MA,95 min,"Drama, Horror, Mystery",5.699999809265137,"18,171"
Resident Evil: The Final Chapter,(2016),R,107 min,"Action, Horror, Sci-Fi",5.5,"94,352"
Once Upon a Time in Mexico,(2003),R,102 min,"Action, Crime, Thriller",6.300000190734863,"162,527"
El Chapo,(2017–2018),TV-MA,43 min,"Biography, Crime, Drama",7.800000190734863,"18,453"
Continuum,(I) (2012–2015),TV-14,45 min,"Action, Sci-Fi, Thriller",7.599999904632568,"61,028"
Worth,(2020),PG-13,118 min,"Biography, Drama, History",6.800000190734863,"14,516"
This Is England,(2006),Not Rated,101 min,"Crime, Drama",7.699999809265137,"122,393"
Eye See You,(2002),R,96 min,"Crime, Thriller",5.300000190734863,"27,280"
Dr. Stone,(2019– ),TV-14,24 min,"Animation, Action, Adventure",8.100000381469727,"19,439"
Kiki's Delivery Service,(1989),G,103 min,"Animation, Adventure, Family",7.800000190734863,"143,858"
Awake,(III) (2021),TV-MA,96 min,"Action, Adventure, Drama",4.900000095367432,"21,862"
One Day at a Time,(2017–2020),TV-PG,30 min,"Comedy, Drama",8.100000381469727,"16,483"
Kyle XY,(2006–2009),TV-14,60 min,"Drama, Mystery, Romance",7.5,"29,554"
The Irregulars,(2021),TV-14,,"Crime, Drama, Fantasy",5.900000095367432,"15,210"
Power Rangers Dino Fury,(2021– ),TV-Y7,21 min,"Action, Adventure, Comedy",6.800000190734863,553
Mudbound,(2017),R,134 min,"Drama, War",7.400000095367432,"49,339"
Zoo,(2015–2017),TV-14,42 min,"Drama, Mystery, Sci-Fi",6.599999904632568,"24,869"
"Hello, Goodbye and Everything in Between",(2022),TV-14,82 min,"Comedy, Drama, Romance",5.0,"2,725"
Jo Koy: Live from the Los Angeles Forum,(2022 TV Special),TV-MA,74 min,Comedy,7.199999809265137,419
The Dragon Prince,(2018– ),TV-Y7,26 min,"Animation, Action, Adventure",8.399999618530273,"22,684"
Killjoys,(2015–2019),TV-MA,42 min,"Action, Adventure, Sci-Fi",7.199999809265137,"22,283"
Eagle Eye,(2008),PG-13,118 min,"Action, Mystery, Thriller",6.599999904632568,"187,292"
Oxygen,(2021),TV-14,100 min,"Drama, Fantasy, Sci-Fi",6.5,"38,611"
Passing,(I) (2021),PG-13,98 min,Drama,6.699999809265137,"14,513"
#Alive,(2020),TV-MA,98 min,"Action, Drama, Horror",6.300000190734863,"39,285"
Late Night,(2019),R,102 min,"Comedy, Drama",6.5,"37,701"
The Shack,(I) (2017),PG-13,132 min,"Drama, Fantasy",6.199999809265137,"36,034"
Sweet Girl,(2021),R,110 min,"Action, Drama, Thriller",5.5,"31,856"
The Devil's Own,(1997),R,111 min,"Action, Crime, Drama",6.199999809265137,"66,112"
Fawlty Towers,(1975–1979),TV-PG,30 min,Comedy,8.800000190734863,"92,910"
The Forest,(2017),TV-MA,313 min,"Crime, Drama",7.199999809265137,"10,638"
This Means War,(2012),PG-13,103 min,"Action, Comedy, Romance",6.300000190734863,"186,896"
The Spy,(2019),TV-MA,53 min,"Drama, History",7.900000095367432,"42,038"
In from the Cold,(2022– ),TV-MA,42 min,"Action, Crime, Drama",6.199999809265137,"7,572"
The Day the Earth Stood Still,(2008),PG-13,104 min,"Adventure, Drama, Sci-Fi",5.5,"171,003"
Smokin' Aces,(2006),R,108 min,"Action, Comedy, Crime",6.599999904632568,"145,893"
Unknown,(I) (2011),PG-13,113 min,"Action, Mystery, Thriller",6.800000190734863,"261,643"
An Easy Girl,(2019),TV-MA,92 min,"Comedy, Drama",5.599999904632568,"5,226"
The Ghost Writer,(2010),PG-13,128 min,"Crime, Drama, Mystery",7.199999809265137,"164,272"
What's Wrong with Secretary Kim,(2018),TV-G,60 min,"Comedy, Mystery, Romance",8.100000381469727,"12,281"
Tomorrow,(2022– ),TV-14,60 min,"Action, Comedy, Drama",7.800000190734863,"9,161"
Undercover,(2019– ),TV-MA,50 min,"Crime, Drama, Thriller",7.800000190734863,"17,309"
Kingdom,(2012– ),TV-MA,,"Animation, Action, Drama",8.399999618530273,"1,984"
In the Tall Grass,(2019),TV-MA,101 min,"Horror, Mystery, Sci-Fi",5.400000095367432,"56,339"
Finding 'Ohana,(2021),PG,123 min,"Action, Adventure, Comedy",6.099999904632568,"10,225"
Pretty Hard Cases,(2021– ),TV-14,,"Comedy, Crime, Drama",6.5,"1,852"
Julie and the Phantoms,(2020),TV-G,,"Adventure, Comedy, Drama",8.399999618530273,"10,039"
Live by Night,(2016),R,129 min,"Action, Thriller",6.400000095367432,"57,377"
Last Man Down,(2021),R,87 min,"Action, Sci-Fi",4.300000190734863,"13,092"
Someone Great,(2019),R,92 min,"Comedy, Romance",6.099999904632568,"22,717"
Lost Girls,(2020),R,95 min,"Crime, Drama, Mystery",6.099999904632568,"21,978"
Pine Gap,(2018),TV-MA,360 min,"Drama, Mystery, Thriller",7.099999904632568,"5,163"
Karppi,(2018–2021),TV-MA,45 min,"Crime, Drama, Mystery",7.300000190734863,"9,473"
The Midnight Gospel,(2020),TV-MA,23 min,"Animation, Adventure, Comedy",8.199999809265137,"18,939"
Snabba Cash,(2021– ),TV-MA,52 min,"Action, Crime, Drama",7.599999904632568,"8,775"
Fresh Meat,(2011–2016),TV-MA,50 min,"Comedy, Drama",7.800000190734863,"17,984"
Thunder Force,(2021),PG-13,106 min,"Action, Adventure, Comedy",4.5,"41,955"
Fear Street: Part Three - 1666,(2021),R,114 min,"Horror, Mystery",6.599999904632568,"52,059"
Limitless,(2015–2016),TV-14,42 min,"Comedy, Crime, Drama",7.599999904632568,"67,426"
Alba,(2021),TV-MA,50 min,Drama,6.400000095367432,"1,351"
Blockbuster,(2022– ),,30 min,Comedy,,
Young Wallander,(2020– ),TV-MA,,"Crime, Drama, Mystery",6.900000095367432,"11,645"
Greenleaf,(2016–2020),TV-14,60 min,Drama,7.400000095367432,"5,311"
The Silence,(II) (2019),PG-13,90 min,"Drama, Horror, Sci-Fi",5.300000190734863,"45,389"
Rumor Has It...,(2005),PG-13,97 min,"Comedy, Drama, Romance",5.5,"58,670"
Malcolm X,(1992),PG-13,202 min,"Biography, Drama, History",7.699999809265137,"94,756"
The Great Gatsby,(1974),PG,144 min,"Drama, Romance",6.400000095367432,"25,241"
Red Riding Hood,(2011),PG-13,100 min,"Fantasy, Horror, Mystery",5.400000095367432,"112,459"
Devilman: Crybaby,(2018),TV-MA,25 min,"Animation, Action, Drama",7.599999904632568,"20,303"
Salvation,(2017–2018),TV-14,43 min,"Drama, Sci-Fi, Thriller",6.900000095367432,"22,443"
Black Spot,(2017– ),TV-MA,52 min,"Crime, Drama, Horror",7.400000095367432,"11,502"
Slumberland,(2022),PG,117 min,"Adventure, Comedy, Family",,
Hell's Kitchen,(2005– ),TV-14,42 min,"Game-Show, Reality-TV",7.099999904632568,"20,887"
Calibre,(2018),TV-MA,101 min,"Drama, Thriller",6.800000190734863,"29,430"
Violet Evergarden,(2018),TV-14,24 min,"Animation, Drama, Fantasy",8.399999618530273,"21,825"
Two Summers,(2022– ),TV-MA,45 min,"Drama, Thriller",6.800000190734863,"3,319"
Hot Girls Wanted,(2015),TV-MA,84 min,Documentary,6.099999904632568,"17,679"
Klaus,(2019),PG,96 min,"Animation, Adventure, Comedy",8.100000381469727,"146,975"
Boyka: Undisputed,(2016 Video),R,86 min,"Action, Drama, Sport",6.900000095367432,"29,267"
Before I Wake,(2016),PG-13,97 min,"Drama, Fantasy, Horror",6.199999809265137,"46,899"
Fenced In,(2022),TV-MA,110 min,"Comedy, Family, Fantasy",4.400000095367432,399
Love & Anarchy,(2020– ),TV-MA,30 min,"Comedy, Drama, Romance",7.400000095367432,"9,989"
Sheng Wang: Sweet and Juicy,(2022 TV Special),,60 min,Comedy,7.699999809265137,436
Spinning Out,(2020),TV-MA,48 min,"Drama, Sport",7.599999904632568,"14,613"
Intimacy,(2022),TV-MA,50 min,"Crime, Drama",6.800000190734863,"2,367"
Horse Girl,(I) (2020),R,103 min,"Drama, Mystery, Thriller",5.900000095367432,"17,923"
Love & Gelato,(2022),TV-14,110 min,"Comedy, Drama, Romance",5.099999904632568,"4,869"
Ezel,(2009–2011),TV-14,90 min,"Crime, Drama, Thriller",8.699999809265137,"32,693"
Operation Finale,(2018),PG-13,122 min,"Biography, Drama, History",6.599999904632568,"42,606"
Wanderlust,(2018),TV-MA,60 min,Drama,7.0,"5,435"
Start-Up,(2020– ),TV-14,80 min,"Comedy, Drama, Romance",8.0,"10,280"
To the Bone,(I) (2017),TV-MA,107 min,Drama,6.800000190734863,"49,505"
The Red Sea Diving Resort,(2019),TV-MA,129 min,"Drama, History, Thriller",6.599999904632568,"29,469"
Troy: Fall of a City,(2018– ),TV-MA,60 min,"Action, Adventure, Fantasy",3.9000000953674316,"14,059"
The Infiltrator,(2016),R,127 min,"Biography, Crime, Drama",7.0,"74,191"
Hotel Transylvania 3: Summer Vacation,(2018),PG,97 min,"Animation, Adventure, Comedy",6.300000190734863,"73,751"
Cable Girls,(2017–2020),TV-14,50 min,Drama,7.5,"14,548"
You Get Me,(2017),TV-MA,89 min,"Crime, Drama, Romance",4.699999809265137,"13,225"
The Perfection,(2018),TV-MA,90 min,"Drama, Horror, Music",6.199999809265137,"43,524"
Isekai Ojisan,(2022– ),TV-MA,24 min,"Animation, Comedy, Fantasy",7.400000095367432,489
The K2,(2016),TV-14,60 min,"Drama, Romance, Thriller",7.800000190734863,"6,554"
Mat Kilau,(2022),,117 min,"Action, Adventure, Drama",5.800000190734863,"1,269"
Anon,(I) (2018),TV-MA,100 min,"Crime, Mystery, Sci-Fi",6.099999904632568,"44,630"
Super Dark Times,(2017),Not Rated,103 min,"Crime, Drama, Horror",6.599999904632568,"23,376"
Malevolent,(III) (2018),TV-MA,89 min,"Horror, Mystery, Thriller",4.800000190734863,"14,116"
"See No Evil, Hear No Evil",(1989),R,103 min,"Comedy, Crime",6.800000190734863,"54,756"
She-Ra and the Princesses of Power,(2018–2020),TV-Y7-FV,30 min,"Animation, Action, Adventure",7.900000095367432,"15,996"
The Gift,(2019–2021),TV-MA,40 min,"Drama, Fantasy, Mystery",7.0,"22,064"
The War of the Worlds,(2019),TV-14,48 min,"Drama, History, Sci-Fi",5.099999904632568,"9,281"
Hotel Del Luna,(2019),,80 min,"Action, Comedy, Drama",8.100000381469727,"9,013"
The Tinder Swindler,(2022),TV-MA,114 min,"Documentary, Crime",7.099999904632568,"64,227"
World on Fire,(2019– ),TV-14,57 min,"Drama, War",7.199999809265137,"5,267"
The King: Eternal Monarch,(2020),TV-14,70 min,"Fantasy, Mystery, Romance",8.100000381469727,"11,564"
Rust and Bone,(2012),R,120 min,"Drama, Romance",7.400000095367432,"67,766"
22 July,(2018),R,143 min,"Crime, Drama, History",6.800000190734863,"34,106"
Baby,(2018–2020),TV-MA,50 min,Drama,6.800000190734863,"11,399"
The SpongeBob Movie: Sponge on the Run,(2020),PG,91 min,"Animation, Adventure, Comedy",5.900000095367432,"18,264"
Dumbo,(1941),G,64 min,"Animation, Adventure, Drama",7.199999809265137,"131,896"
Jaadugar,(2022),TV-14,167 min,"Comedy, Drama, Fantasy",7.0,"9,354"
You People,(2023),,,"Comedy, Romance",,
Alexa & Katie,(2018–2020),TV-Y7,25 min,"Comedy, Drama",7.400000095367432,"5,036"
The Painted Veil,(2006),PG-13,125 min,"Drama, Romance",7.400000095367432,"93,122"
That Time I Got Reincarnated as a Slime,(2018– ),TV-PG,25 min,"Animation, Action, Adventure",8.199999809265137,"10,271"
Deadly Class,(2018–2019),TV-MA,60 min,"Action, Adventure, Comedy",7.5,"17,740"
Dangerous,(III) (2021),R,99 min,"Action, Thriller",5.099999904632568,"6,128"
I Spit on Your Grave 2,(2013),R,106 min,"Horror, Thriller",5.699999809265137,"30,034"
SAS: Red Notice,(2021),R,124 min,"Action, Thriller",5.199999809265137,"18,605"
My Little Pony: Friendship Is Magic,(2010–2020),TV-Y,22 min,"Animation, Adventure, Comedy",7.599999904632568,"21,074"
The Figo Affair: The Transfer that Changed Football,(2022),TV-MA,105 min,"Documentary, Sport",7.099999904632568,"3,044"
Raising Dion,(2019–2022),TV-G,50 min,"Drama, Sci-Fi",7.099999904632568,"15,055"
Chappelle's Show,(2003–2006),TV-MA,22 min,"Comedy, Music",8.800000190734863,"64,313"
Cam,(2018),TV-MA,94 min,"Drama, Horror, Mystery",5.900000095367432,"32,081"
Eternally Confused and Eager for Love,(2022– ),TV-MA,22 min,"Comedy, Romance",6.699999809265137,"1,866"
Taken 3,(2014),PG-13,108 min,"Action, Crime, Thriller",6.0,"192,711"
Better Watch Out,(II) (2016),R,89 min,"Comedy, Horror, Thriller",6.5,"38,454"
Away,(2020),TV-14,50 min,"Drama, Romance, Sci-Fi",6.599999904632568,"24,095"
The Wind Rises,(2013),PG-13,126 min,"Animation, Biography, Drama",7.699999809265137,"85,688"
The Bletchley Circle,(2012–2014),TV-14,45 min,"Crime, Drama, History",7.900000095367432,"12,671"
Miss Bala,(2019),PG-13,104 min,"Action, Crime, Drama",5.800000190734863,"11,438"
Knives Out 3,(2024),,,"Comedy, Crime, Drama",,
Mowgli: Legend of the Jungle,(2018),PG-13,104 min,"Adventure, Drama, Fantasy",6.5,"62,142"
Fire Force,(2019– ),TV-14,23 min,"Animation, Action, Drama",7.599999904632568,"7,213"
Keep Sweet: Pray and Obey,(2022),TV-MA,192 min,"Documentary, Crime",7.300000190734863,"11,304"
Castle in the Sky,(1986),PG,125 min,"Animation, Adventure, Family",8.0,"165,884"
The Package,(II) (2018),TV-MA,94 min,"Comedy, Thriller",5.5,"18,386"
Wish Dragon,(2021),PG,98 min,"Animation, Adventure, Comedy",7.199999809265137,"26,608"
A Model Family,(2022– ),TV-MA,45 min,"Crime, Drama, Thriller",6.599999904632568,818
The Professor and the Madman,(2019),Not Rated,124 min,"Biography, Drama, History",7.199999809265137,"46,052"
Nausicaä of the Valley of the Wind,(1984),PG,117 min,"Animation, Adventure, Sci-Fi",8.0,"168,797"
Masters of the Universe: Revelation,(2021– ),TV-PG,25 min,"Animation, Action, Adventure",5.300000190734863,"26,753"
Circle,(II) (2015),Not Rated,87 min,"Drama, Horror, Mystery",6.0,"56,467"
Deadly Illusions,(2021),R,114 min,"Drama, Thriller",3.700000047683716,"12,204"
The Outsider,(I) (2018),TV-MA,120 min,"Action, Crime, Drama",6.199999809265137,"26,027"
On My Block,(2018–2021),TV-14,30 min,"Comedy, Drama",7.900000095367432,"16,542"
Going in Style,(2017),PG-13,96 min,"Comedy, Crime",6.599999904632568,"85,654"
The Hardy Boys,(2020– ),TV-PG,45 min,"Adventure, Drama, Family",7.0,"2,450"
Dumplin',(2018),PG-13,110 min,"Comedy, Drama",6.5,"34,117"
Captain Nova,(2021),,86 min,"Adventure, Family, Sci-Fi",5.5,"1,557"
Black Money Love,(2014–2015),TV-MA,90 min,"Action, Crime, Drama",7.5,"6,390"
The Ridiculous 6,(2015),TV-14,119 min,"Action, Adventure, Comedy",4.800000190734863,"49,602"
Happiness,(2021– ),TV-14,65 min,"Action, Fantasy, Horror",7.900000095367432,"5,494"
Paradise PD,(2018–2022),TV-MA,28 min,"Animation, Action, Comedy",6.800000190734863,"19,109"
Wine Country,(2019),R,103 min,"Adventure, Comedy, Drama",5.400000095367432,"21,441"
Planes,(2013),PG,91 min,"Animation, Adventure, Comedy",5.699999809265137,"45,527"
Sharknado,(2013 TV Movie),Not Rated,86 min,"Action, Adventure, Comedy",3.299999952316284,"49,890"
Step Up 2: The Streets,(2008),PG-13,98 min,"Drama, Music, Romance",6.199999809265137,"87,797"
The Witcher: Nightmare of the Wolf,(2021),TV-MA,83 min,"Animation, Action, Adventure",7.199999809265137,"43,497"
Abducted in Plain Sight,(2017),TV-14,91 min,"Documentary, Crime",6.800000190734863,"19,558"
Código Emperador,(2022),,106 min,"Drama, Thriller",5.800000190734863,"1,794"
The Promise,(II) (2016),PG-13,133 min,"Action, Adventure, Drama",6.0,"176,299"
Don't Listen,(2020),TV-MA,97 min,"Adventure, Drama, Horror",6.099999904632568,"14,263"
When We First Met,(2018),TV-14,97 min,"Comedy, Fantasy, Romance",6.400000095367432,"49,438"
The Rising of the Shield Hero,(2019– ),TV-14,24 min,"Animation, Action, Adventure",8.0,"13,071"
Collateral,(2018),TV-MA,230 min,"Crime, Drama, Mystery",6.699999809265137,"18,307"
Fullmetal Alchemist,(2017),TV-14,135 min,"Action, Adventure, Fantasy",5.300000190734863,"20,210"
I Am Mother,(2019),TV-14,113 min,"Drama, Mystery, Sci-Fi",6.699999809265137,"90,922"
The Wrath of God,(2022),TV-MA,97 min,"Drama, Thriller",5.699999809265137,"3,327"
The Last Stand,(2013),R,107 min,"Action, Thriller, Western",6.300000190734863,"139,326"
The Clovehitch Killer,(2018),Unrated,109 min,"Crime, Drama, Mystery",6.5,"28,019"
Neon Genesis Evangelion: The End of Evangelion,(1997),TV-MA,87 min,"Animation, Action, Drama",8.0,"54,347"
Being Human,(2008–2013),TV-14,60 min,"Comedy, Drama, Fantasy",7.800000190734863,"25,374"
Brooklyn's Finest,(2009),R,132 min,"Action, Crime, Drama",6.699999809265137,"64,048"
Crossing Lines,(2013–2015),TV-14,43 min,"Action, Crime, Drama",7.300000190734863,"13,157"
Tidelands,(2018),TV-MA,60 min,"Crime, Drama, Fantasy",6.800000190734863,"8,030"
Drop Dead Diva,(2009–2014),TV-PG,60 min,"Comedy, Drama",7.400000095367432,"19,731"
Thelma,(2017),Not Rated,116 min,"Drama, Fantasy, Horror",7.0,"32,497"
Inside Job,(2010),PG-13,109 min,"Documentary, Crime",8.199999809265137,"75,659"
Don't Trust the B---- in Apartment 23,(2012–2013),TV-14,22 min,Comedy,7.300000190734863,"38,047"
The Privilege,(2022 TV Movie),TV-MA,107 min,"Drama, Horror, Mystery",4.699999809265137,"4,619"
Your Lie in April,(2014–2015),TV-PG,23 min,"Animation, Comedy, Drama",8.600000381469727,"28,925"
S.W.A.T.: Firefight,(2011 Video),R,89 min,"Action, Crime, Thriller",5.300000190734863,"10,990"
The Valhalla Murders,(2019–2020),TV-MA,50 min,"Crime, Drama, Mystery",7.099999904632568,"13,993"
Leyla and Mecnun,(2011–2022),TV-PG,80 min,"Adventure, Comedy, Drama",9.100000381469727,"93,632"
Reckoning,(2019),TV-MA,460 min,Thriller,6.5,"4,773"
Derek,(2012–2014),TV-MA,23 min,"Comedy, Drama",8.100000381469727,"32,985"
Always Be My Maybe,(2019),PG-13,101 min,"Comedy, Romance",6.800000190734863,"56,455"
The Secret World of Arrietty,(2010),G,94 min,"Animation, Adventure, Drama",7.599999904632568,"92,424"
River,(2015),TV-MA,60 min,"Crime, Drama, Mystery",8.0,"23,968"
The Cave,(2005),PG-13,97 min,"Adventure, Horror, Sci-Fi",5.099999904632568,"39,112"
Extinction,(2018),TV-MA,95 min,"Action, Drama, Sci-Fi",5.800000190734863,"53,157"
Drinking Buddies,(2013),R,90 min,"Comedy, Drama, Romance",6.099999904632568,"58,711"
The Playlist,(2022– ),,45 min,"Biography, Drama",,
More the Merrier,(2021),TV-MA,111 min,Comedy,5.400000095367432,"3,437"
Lovesick,(2014–2018),TV-MA,24 min,Comedy,8.0,"20,266"
Bonding,(2018–2021),TV-MA,17 min,"Comedy, Drama",7.099999904632568,"16,347"
The Laundromat,(I) (2019),R,96 min,"Comedy, Crime, Drama",6.300000190734863,"50,985"
The Five Juanas,(2021– ),TV-MA,,Drama,6.900000095367432,"1,876"
Reply 1988,(2015–2016),,90 min,"Comedy, Drama, Family",9.199999809265137,"7,286"
Inside,(2021 TV Special),TV-MA,87 min,"Comedy, Drama, Music",8.600000381469727,"48,299"
How to Change Your Mind,(2022),TV-MA,212 min,Documentary,7.900000095367432,"1,763"
Run On,(2020–2021),TV-MA,70 min,"Drama, Romance",7.5,"3,460"
Komi Can't Communicate,(2021– ),TV-14,24 min,"Animation, Comedy, Drama",7.800000190734863,"5,956"
Psycho-Pass,(2012– ),TV-MA,25 min,"Animation, Action, Crime",8.199999809265137,"19,164"
Black Book,(2006),R,145 min,"Drama, Thriller, War",7.699999809265137,"77,055"
I Just Killed My Dad,(2022),TV-MA,125 min,"Documentary, Crime",6.699999809265137,"4,232"
Wounds,(2019),R,95 min,"Drama, Horror, Mystery",4.099999904632568,"19,429"
Hannibal Rising,(2007),R,121 min,"Adventure, Crime, Drama",6.099999904632568,"110,447"
Nevertheless,(2021),,70 min,"Drama, Romance",7.199999809265137,"5,326"
Tyler Perry's A Madea Homecoming,(2022),TV-MA,105 min,"Comedy, Drama, Romance",5.599999904632568,"3,827"
The Rhythm Section,(2020),R,109 min,"Action, Drama, Mystery",5.400000095367432,"18,549"
My Little Pony: A New Generation,(2021),PG,90 min,"Animation, Adventure, Comedy",6.800000190734863,"3,764"
Mirrors,(I) (2008),R,110 min,"Horror, Mystery",6.099999904632568,"107,940"
Cafe Minamdang,(2022– ),,65 min,"Comedy, Crime, Drama",7.199999809265137,615
The Spectacular Spider-Man,(2008–2009),TV-Y7,23 min,"Animation, Action, Adventure",8.300000190734863,"15,539"
Beasts of No Nation,(2015),TV-MA,137 min,"Drama, War",7.699999809265137,"81,447"
Akame ga Kill!,(2014),TV-MA,24 min,"Animation, Action, Adventure",7.800000190734863,"23,986"
Yes Day,(2021),PG,86 min,"Comedy, Family",5.699999809265137,"24,184"
Staged,(2020–2021),Not Rated,22 min,"Comedy, Drama",8.5,"6,622"
Stranger,(2017– ),TV-14,60 min,"Crime, Drama, Mystery",8.5,"8,283"
Borgia,(2011–2014),TV-MA,52 min,"Biography, Drama, History",7.800000190734863,"6,718"
Caliphate,(2020– ),TV-MA,46 min,"Crime, Drama, Thriller",8.199999809265137,"18,555"
The Bureau of Magical Things,(2018– ),TV-G,25 min,"Drama, Family, Fantasy",6.800000190734863,"2,293"
A Futile and Stupid Gesture,(2018),TV-MA,101 min,"Biography, Comedy",6.699999809265137,"16,339"
The Baby-Sitters Club,(2020–2021),TV-PG,,"Adventure, Comedy, Drama",7.400000095367432,"4,070"
Marianne,(2019),TV-MA,50 min,"Drama, Horror, Mystery",7.400000095367432,"15,438"
Tangerine,(2015),R,88 min,"Comedy, Crime, Drama",7.099999904632568,"32,450"
The Mist,(2017),TV-14,42 min,"Drama, Horror, Mystery",5.400000095367432,"25,159"
How to Sell Drugs Online (Fast),(2019– ),TV-MA,30 min,"Comedy, Crime, Drama",7.800000190734863,"32,396"
Big Game,(2014),PG-13,110 min,"Action, Adventure",5.400000095367432,"33,388"
Nightbooks,(2021),TV-PG,103 min,"Family, Fantasy, Horror",5.699999809265137,"8,827"
Republic of Doyle,(2010–2014),TV-14,60 min,"Comedy, Crime, Drama",7.599999904632568,"4,117"
Victoria & Abdul,(2017),PG-13,111 min,"Biography, Drama, History",6.800000190734863,"35,951"
Cadaver,(2020),TV-MA,86 min,"Drama, Horror, Thriller",5.199999809265137,"10,199"
Making a Murderer,(2015–2018),TV-14,60 min,"Documentary, Crime",8.600000381469727,"95,626"
He-Man and the Masters of the Universe,(2021–2022),TV-Y7,26 min,"Animation, Action, Adventure",5.800000190734863,"1,838"
The Swimmers,(2022),PG-13,134 min,"Biography, Drama, Sport",7.0,57
Highschool of the Dead,(2010),TV-MA,24 min,"Animation, Action, Drama",7.199999809265137,"13,405"
Hold the Dark,(2018),TV-MA,125 min,"Action, Drama, Thriller",5.599999904632568,"37,393"
Safe,(I) (2012),R,94 min,"Action, Crime, Thriller",6.5,"111,025"
The Social Dilemma,(2020),PG-13,94 min,"Documentary, Drama",7.599999904632568,"82,178"
We Have a Ghost,(2022),PG-13,,"Adventure, Comedy, Family",,
The White Tiger,(2021),R,125 min,"Crime, Drama",7.099999904632568,"60,169"
Thomas & Friends,(1984–2021),TV-Y,11 min,"Animation, Short, Adventure",6.5,"5,220"
Pasión de gavilanes,(2003–2022),TV-MA,60 min,"Drama, Romance",7.800000190734863,"2,514"
The Prom,(2020),PG-13,130 min,"Comedy, Drama, Musical",5.900000095367432,"27,218"
The Takedown,(2022),TV-MA,119 min,"Action, Comedy, Crime",5.699999809265137,"6,592"
My Octopus Teacher,(2020),TV-G,85 min,Documentary,8.100000381469727,"54,166"
The Half of It,(I) (2020),PG-13,104 min,"Comedy, Drama, Romance",6.900000095367432,"37,562"
Feel Good,(2020–2021),TV-MA,30 min,"Comedy, Drama, Romance",7.5,"11,158"
Redemption,(I) (2013),R,100 min,"Action, Crime, Drama",6.199999809265137,"72,611"
Shaft,(2019),R,111 min,"Action, Comedy, Crime",6.400000095367432,"53,555"
A Perfect Ending,(2012),Not Rated,110 min,"Drama, Romance",5.599999904632568,"4,478"
Moxie,(I) (2021),PG-13,111 min,"Comedy, Drama, Music",6.699999809265137,"25,588"
Cloudy with a Chance of Meatballs 2,(2013),PG,95 min,"Animation, Adventure, Comedy",6.300000190734863,"103,309"
Code 8,(2019),Not Rated,98 min,"Action, Crime, Drama",6.099999904632568,"40,118"
The Longest Night,(2022),TV-MA,268 min,"Action, Crime, Drama",5.800000190734863,"2,083"
While You Were Sleeping,(2017),,30 min,"Comedy, Drama, Fantasy",8.300000190734863,"7,318"
The Chair,(2021– ),TV-MA,30 min,"Comedy, Drama",7.199999809265137,"16,734"
The Good Cop,(2018),TV-PG,60 min,"Comedy, Crime, Drama",6.900000095367432,"5,834"
Our Blues,(2022– ),TV-MA,60 min,Drama,8.600000381469727,"1,688"
The Two Popes,(2019),PG-13,125 min,"Biography, Comedy, Drama",7.599999904632568,"123,244"
My Little Pony: Make Your Mark,(2022– ),TV-Y,22 min,"Animation, Adventure, Comedy",6.099999904632568,152
Our Beloved Summer,(2021– ),TV-Y7,70 min,"Drama, Romance",8.300000190734863,"5,765"
Blood of Zeus,(2020– ),TV-MA,30 min,"Animation, Action, Adventure",7.5,"18,056"
Da 5 Bloods,(2020),R,154 min,"Adventure, Drama, War",6.5,"51,378"
The Kindergarten Teacher,(2018),R,96 min,"Drama, Thriller",6.699999809265137,"16,198"
Tales of the City,(2019),TV-MA,60 min,Drama,7.400000095367432,"8,161"
Lara Croft Tomb Raider: The Cradle of Life,(2003),PG-13,117 min,"Action, Adventure, Fantasy",5.5,"138,796"
Suite Française,(2014),,107 min,"Drama, Romance, Thriller",7.0,"26,585"
Get Rich or Die Tryin',(2005),R,117 min,"Biography, Crime, Drama",5.400000095367432,"47,480"
Back to the Outback,(2021),PG,95 min,"Animation, Adventure, Comedy",6.5,"8,320"
The Hour,(2011–2012),TV-14,60 min,Drama,8.0,"10,425"
Malnazidos,(2020),TV-MA,101 min,"Action, Adventure, Fantasy",5.800000190734863,"3,717"
The Marked Heart,(2022– ),TV-MA,45 min,"Drama, Thriller",6.400000095367432,"2,012"
Monty Python's Flying Circus,(1969–1974),TV-14,30 min,Comedy,8.800000190734863,"74,089"
Something in the Rain,(2018),,75 min,"Drama, Romance",8.100000381469727,"6,434"
True Story,(I) (2015),R,99 min,"Biography, Crime, Drama",6.300000190734863,"69,032"
Wet Hot American Summer: First Day of Camp,(2015),TV-MA,30 min,Comedy,7.300000190734863,"24,101"
Don't F**k with Cats: Hunting an Internet Killer,(2019),TV-MA,187 min,"Documentary, Crime",8.0,"53,411"
For Life,(2020–2021),TV-14,43 min,"Biography, Crime, Drama",7.599999904632568,"8,415"
Ma Rainey's Black Bottom,(2020),R,94 min,"Drama, Music",6.900000095367432,"52,538"
The Most Hated Man on the Internet,(2022),TV-MA,162 min,"Documentary, Crime",6.800000190734863,"5,753"
Yakamoz S-245,(2022),TV-MA,45 min,"Action, Adventure, Drama",6.099999904632568,"6,343"
Vagabond,(2019),,60 min,"Action, Mystery, Thriller",8.100000381469727,"8,368"
Beckett,(2021),TV-MA,110 min,"Action, Crime, Drama",5.599999904632568,"26,117"
Close Enough,(2020–2022),TV-14,23 min,"Animation, Action, Adventure",7.800000190734863,"11,319"
I Don't Feel at Home in This World Anymore.,(2017),TV-MA,93 min,"Comedy, Crime, Drama",6.900000095367432,"58,103"
Tale of the Nine Tailed,(2020– ),,70 min,"Fantasy, Horror, Romance",7.900000095367432,"4,901"
Jackass 4.5,(2022 Video),TV-MA,90 min,"Action, Comedy, Reality-TV",6.5,"11,266"
White Lines,(2020),TV-MA,60 min,"Crime, Drama, Mystery",6.599999904632568,"17,076"
Avengement,(I) (2019),Not Rated,87 min,"Action, Crime",6.5,"16,284"
Les papillons noirs,(2022– ),,,"Crime, Drama, Mystery",7.599999904632568,88
Skyscraper,(2018),PG-13,102 min,"Action, Adventure, Thriller",5.800000190734863,"122,155"
In the Name of the King: A Dungeon Siege Tale,(2007),PG-13,127 min,"Action, Adventure, Fantasy",3.799999952316284,"49,241"
Instant Dream Home,(2022– ),TV-G,45 min,Reality-TV,6.300000190734863,667
Jeopardy!,(1984– ),TV-G,30 min,Game-Show,8.300000190734863,"7,434"
Tiny Pretty Things,(2020),TV-MA,60 min,"Drama, Mystery, Thriller",5.900000095367432,"9,392"
Black Lagoon,(2006),TV-MA,25 min,"Animation, Action, Adventure",7.900000095367432,"15,113"
Smurfs: The Lost Village,(2017),PG,90 min,"Animation, Adventure, Comedy",5.900000095367432,"21,726"
Turning Point: 9/11 and the War on Terror,(2021),TV-14,312 min,"Documentary, History, War",8.0,"9,520"
Goblin Slayer,(2018– ),TV-MA,30 min,"Animation, Action, Adventure",7.5,"7,608"
Bungou Stray Dogs,(2016– ),TV-14,24 min,"Animation, Action, Comedy",7.800000190734863,"6,230"
My Mister,(2018),TV-14,70 min,"Drama, Family",9.100000381469727,"6,442"
The Stronghold,(2020),TV-MA,105 min,"Action, Crime, Thriller",6.900000095367432,"10,474"
Falling for Christmas,(2022),,93 min,"Comedy, Romance",,
Mako Mermaids,(2013–2016),TV-G,30 min,"Adventure, Comedy, Drama",6.699999809265137,"4,075"
Bitten,(2014–2016),TV-MA,44 min,"Drama, Fantasy, Horror",6.900000095367432,"18,271"
Indian Matchmaking,(2020– ),TV-14,40 min,"Documentary, Reality-TV, Romance",6.199999809265137,"3,686"
Shtisel,(2013–2021),TV-14,45 min,Drama,8.600000381469727,"7,204"
Shutter,(II) (2004),Not Rated,97 min,"Horror, Mystery, Thriller",7.0,"45,222"
The Royal Treatment,(2022),TV-PG,96 min,"Comedy, Family, Romance",5.199999809265137,"9,262"
Hap and Leonard,(2016–2018),TV-MA,60 min,"Crime, Drama, Mystery",7.599999904632568,"7,790"
Valley of the Dolls,(1967),PG-13,123 min,"Drama, Music, Romance",6.0,"8,882"
Stateless,(2020),TV-MA,316 min,Drama,7.5,"9,520"
Farzar,(2022– ),TV-MA,30 min,"Animation, Action, Adventure",5.5,"1,775"
Rise of Empires: Ottoman,(2020),,44 min,"Documentary, Drama, History",7.900000095367432,"22,893"
Contraband,(2012),R,109 min,"Action, Crime, Drama",6.400000095367432,"122,880"
The Empress,(2022– ),,,"Drama, History, Romance",,
The Mother,(2022),,,"Action, Thriller",,
Rascal Does Not Dream of Bunny Girl Senpai,(2018– ),TV-PG,24 min,"Animation, Drama, Fantasy",8.100000381469727,"11,696"
Over the Moon,(2020),PG,95 min,"Animation, Adventure, Comedy",6.300000190734863,"22,398"
Portlandia,(2011–2018),TV-14,22 min,Comedy,7.800000190734863,"21,283"
Beirut,(2018),R,109 min,"Action, Crime, Drama",6.400000095367432,"22,396"
Batman,(1966),PG,105 min,"Action, Adventure, Comedy",6.5,"33,371"
The Paramedic,(2020),TV-MA,94 min,"Adventure, Crime, Drama",5.699999809265137,"12,685"
War Machine,(2017),TV-MA,122 min,"Comedy, Drama, War",6.0,"46,794"
The English Game,(2020),TV-14,281 min,"Drama, History, Sport",7.599999904632568,"14,922"
Whisper of the Heart,(1995),G,111 min,"Animation, Drama, Family",7.900000095367432,"62,536"
The Iceman,(2012),R,106 min,"Biography, Crime, Drama",6.800000190734863,"75,326"
Spy Kids 2: Island of Lost Dreams,(2002),PG,100 min,"Action, Adventure, Comedy",5.199999809265137,"67,870"
Tribes of Europa,(2021– ),TV-MA,,"Action, Adventure, Drama",6.699999809265137,"12,284"
Taken 2,(2012),PG-13,92 min,"Action, Crime, Thriller",6.199999809265137,"306,820"
High Seas,(2019–2020),TV-MA,50 min,"Crime, Drama, Mystery",6.800000190734863,"7,480"
Dude,(2018),TV-MA,97 min,"Comedy, Drama",5.099999904632568,"7,134"
Relic,(2020),R,89 min,"Drama, Horror, Mystery",6.0,"26,791"
Cuties,(2020),TV-MA,96 min,Drama,3.5,"30,717"
Berserk,(2016–2017),TV-MA,24 min,"Animation, Action, Adventure",6.800000190734863,"6,089"
Tall Girl,(2019),TV-PG,101 min,"Comedy, Drama, Family",5.199999809265137,"23,890"
Single All the Way,(2021),TV-PG,99 min,"Comedy, Drama, Romance",6.099999904632568,"15,424"
Army of the Dead: Lost Vegas,(2022– ),TV-MA,,"Animation, Action, Crime",,
Because This Is My First Life,(2017),,70 min,"Comedy, Drama, Romance",8.100000381469727,"4,952"
The Letdown,(2017–2019),,30 min,Comedy,7.400000095367432,"3,447"
The Get Down,(2016–2017),TV-MA,52 min,"Drama, Music, Musical",8.199999809265137,"22,628"
The One I Love,(2014),R,91 min,"Comedy, Drama, Fantasy",7.0,"40,089"
Country Comfort,(2021),TV-PG,25 min,"Comedy, Drama, Family",6.800000190734863,"3,530"
KILL la KILL,(2013–2014),TV-14,25 min,"Animation, Action, Comedy",7.900000095367432,"14,244"
Love and Leashes,(2022),TV-14,117 min,"Comedy, Romance",6.300000190734863,"4,570"
Konosuba: God's Blessing on This Wonderful World!,(2016–2017),TV-14,24 min,"Animation, Adventure, Comedy",7.800000190734863,"10,903"
Sijipeuseu: The Myth,(2021– ),Not Rated,70 min,"Action, Drama, Fantasy",7.0,"3,960"
Hellsing Ultimate,(2006–2012),Not Rated,50 min,"Animation, Action, Fantasy",8.300000190734863,"23,275"
Nobody Sleeps in the Woods Tonight,(2020),TV-MA,102 min,"Fantasy, Horror, Mystery",4.900000095367432,"11,895"
Blitz,(2011),R,97 min,"Action, Crime, Thriller",6.099999904632568,"87,345"
Halston,(2021),TV-MA,240 min,"Biography, Drama",7.5,"15,020"
Rake,(2010–2018),Not Rated,60 min,"Comedy, Drama",8.5,"7,976"
Hit & Run,(2021),TV-MA,,"Action, Crime, Drama",7.0,"8,950"
Feel the Beat,(2020),TV-G,109 min,"Comedy, Drama, Family",6.300000190734863,"11,438"
The Night Comes for Us,(2018),TV-MA,121 min,"Action, Thriller",6.900000095367432,"26,222"
Wu Assassins,(2019),TV-MA,44 min,"Action, Crime, Drama",6.400000095367432,"13,186"
The Last Thing He Wanted,(2020),R,115 min,"Crime, Drama, Thriller",4.300000190734863,"15,484"
One Shot,(III) (2021),,96 min,"Action, Thriller",5.599999904632568,"4,530"
Apollo 10½: A Space Age Childhood,(2022),PG-13,97 min,"Animation, Adventure, Drama",7.300000190734863,"7,599"
Jeanne du Barry,,,,Drama,,
The 7 Lives of Lea,(2022– ),TV-MA,45 min,"Crime, Drama, Fantasy",7.5,"3,323"
Black Mirror: Bandersnatch,(2018),TV-MA,90 min,"Drama, Fantasy, Mystery",7.099999904632568,"126,454"
The Uncanny Counter,(2020–2021),TV-14,65 min,"Action, Fantasy, Horror",8.100000381469727,"6,413"
Valeria,(2020– ),TV-MA,47 min,"Adventure, Comedy, Drama",6.5,"5,840"
Thar,(2022),TV-MA,108 min,"Action, Crime, Drama",6.099999904632568,"5,178"
Unthinkable,(2010),R,97 min,"Crime, Drama, Thriller",7.0,"88,545"
Control Z,(2020–2022),TV-MA,37 min,"Drama, Thriller",6.900000095367432,"9,294"
Queer Eye,(2018– ),TV-14,45 min,Reality-TV,8.5,"18,935"
Fistful of Vengeance,(2022),TV-MA,96 min,"Action, Crime, Drama",4.400000095367432,"6,565"
Welcome Home,(I) (2018),R,97 min,Thriller,5.199999809265137,"7,838"
Gurren Lagann,(2007),TV-14,24 min,"Animation, Action, Adventure",8.300000190734863,"18,195"
The Concubine,(2012),Unrated,122 min,"Drama, History, Romance",6.0,"2,200"
Teenage Bounty Hunters,(2020),TV-MA,50 min,"Comedy, Crime, Drama",7.599999904632568,"11,916"
Onder Vuur,(2021– ),,47 min,Drama,6.699999809265137,429
Claymore,(2007),TV-MA,24 min,"Animation, Action, Adventure",8.0,"13,743"
The Division,,,,"Action, Sci-Fi, Thriller",,
Comedians in Cars Getting Coffee,(2012– ),TV-14,20 min,"Comedy, Family, Talk-Show",8.0,"12,681"
Rebelde,(2022– ),TV-MA,48 min,"Comedy, Drama, Music",6.400000095367432,"6,073"
Berlin Syndrome,(2017),R,116 min,"Drama, Horror, Mystery",6.199999809265137,"25,468"
Pretty Smart,(2021),TV-14,30 min,"Comedy, Drama, Romance",5.800000190734863,"4,662"
Hospital Playlist,(2020–2021),TV-14,84 min,"Comedy, Drama",8.800000190734863,"5,360"
Gabby's Dollhouse,(2021– ),TV-Y,24 min,"Animation, Short, Adventure",7.0,425
Giri/Haji,(2019),TV-MA,461 min,"Crime, Drama, Mystery",7.800000190734863,"14,301"
The Real Housewives of Atlanta,(2008– ),TV-14,44 min,Reality-TV,4.400000095367432,"3,803"
Perfume,(2018),TV-MA,45 min,"Drama, Thriller",7.0,"9,042"
Big Bug,(2022),TV-MA,111 min,"Comedy, Sci-Fi",5.5,"8,020"
Chicken Run: Dawn of the Nugget,(2023),,,"Animation, Adventure, Comedy",,
On Becoming a God in Central Florida,(2019),TV-MA,46 min,Comedy,7.099999904632568,"6,938"
Fun Mom Dinner,(2017),R,81 min,Comedy,5.300000190734863,"5,779"
Lady Chatterley's Lover,(2022),R,103 min,"Drama, Romance",,
Aranyak,(2021– ),TV-MA,48 min,"Crime, Drama, Mystery",7.800000190734863,"9,298"
Darling in the Franxx,(2018),TV-14,24 min,"Animation, Action, Drama",7.400000095367432,"10,062"
Our Planet,(2019),TV-G,403 min,Documentary,9.300000190734863,"43,175"
Touch of Evil,(1958),PG-13,95 min,"Crime, Drama, Film-Noir",8.0,"104,511"
Arthdal Chronicles,(2019– ),,80 min,"Action, Drama, Fantasy",8.300000190734863,"4,503"
Lost Bullet,(2020),TV-MA,92 min,"Action, Crime, Thriller",6.300000190734863,"9,690"
Kung Fu Panda: The Dragon Knight,(2022– ),TV-Y7,24 min,"Animation, Action, Adventure",5.900000095367432,"1,347"
White Gold,(2017–2019),TV-MA,30 min,Comedy,7.400000095367432,"11,485"
Lab Rats,(2012–2016),TV-Y7,22 min,"Action, Comedy, Drama",6.599999904632568,"6,191"
Dead End: Paranormal Park,(2022– ),TV-Y7,30 min,"Animation, Adventure, Comedy",6.5,"1,926"
Legend of the Blue Sea,(2016–2017),,60 min,"Comedy, Drama, Fantasy",8.199999809265137,"9,238"
Wheel of Fortune,(1983– ),TV-G,30 min,"Family, Game-Show",6.699999809265137,"3,198"
"Game Over, Man!",(2018),TV-MA,101 min,"Action, Comedy",5.400000095367432,"30,573"
Chad & JT Go Deep,(2022– ),TV-MA,20 min,Comedy,7.199999809265137,413
Mute,(II) (2018),TV-MA,126 min,"Mystery, Sci-Fi, Thriller",5.400000095367432,"35,557"
Trollhunters: Tales of Arcadia,(2016–2018),TV-Y7,23 min,"Animation, Action, Adventure",8.399999618530273,"17,005"
Buy My House,(2022– ),TV-G,30 min,Reality-TV,5.699999809265137,145
Killers,(2010),PG-13,100 min,"Action, Comedy, Romance",5.400000095367432,"92,179"
Restless,(2022),TV-MA,95 min,"Action, Crime, Thriller",5.800000190734863,"4,453"
A Man Apart,(2003),R,109 min,"Action, Crime, Drama",6.0,"47,628"
Mimi,(I) (2021),TV-14,132 min,"Comedy, Drama",7.900000095367432,"39,063"
Office Christmas Party,(2016),R,105 min,Comedy,5.800000190734863,"80,088"
Isn't It Romantic,(2019),PG-13,89 min,"Comedy, Fantasy, Musical",5.900000095367432,"70,076"
Love Island,(2019– ),TV-MA,42 min,"Game-Show, Reality-TV",4.900000095367432,977
Jimmy Neutron: Boy Genius,(2001),G,82 min,"Animation, Action, Adventure",6.0,"34,860"
Naked,(I) (2017),TV-14,96 min,"Comedy, Fantasy, Romance",5.400000095367432,"19,852"
Under the Shadow,(2016),PG-13,84 min,"Drama, Fantasy, Horror",6.800000190734863,"27,735"
My Love from Another Star,(2013–2014),Not Rated,60 min,"Comedy, Drama, Fantasy",8.199999809265137,"12,910"
Stavisky,(1974),PG,120 min,"Biography, Crime, Drama",6.5,"2,205"
They Cloned Tyrone,(2022),R,,"Comedy, Sci-Fi",,
Dare Me,(2019–2020),TV-MA,42 min,"Crime, Mystery, Thriller",6.599999904632568,"5,458"
W,(2016),,60 min,"Action, Comedy, Drama",8.100000381469727,"10,534"
Rita,(2012–2020),TV-MA,40 min,"Comedy, Drama",8.100000381469727,"9,112"
Terrified,(2017),Not Rated,87 min,Horror,6.400000095367432,"15,691"
Thumbelina,(1994),G,86 min,"Animation, Adventure, Family",6.199999809265137,"17,338"
The Wonderful Story of Henry Sugar,,,,"Adventure, Comedy, Drama",,
Dolemite Is My Name,(2019),R,118 min,"Biography, Comedy, Drama",7.199999809265137,"60,868"
7 Prisoners,(2021),R,93 min,"Crime, Drama",7.099999904632568,"7,244"
The Girl with All the Gifts,(2016),R,111 min,"Action, Adventure, Drama",6.599999904632568,"59,969"
Outside the Wire,(2021),R,114 min,"Action, Adventure, Fantasy",5.400000095367432,"42,472"
Romeo & Juliet,(II) (2013),PG-13,118 min,"Drama, Romance",5.699999809265137,"11,991"
Scarface,(1932),PG,93 min,"Action, Crime, Drama",7.699999809265137,"28,107"
The Last Legion,(2007),PG-13,101 min,"Action, Adventure, History",5.400000095367432,"35,943"
Yeh Kaali Kaali Ankhein,(2022– ),TV-MA,51 min,"Comedy, Crime, Mystery",7.0,"7,492"
How to Build a Sex Room,(2022– ),TV-MA,45 min,Reality-TV,6.599999904632568,865
Untitled Kanye West Documentary,(2022),Not Rated,97 min,"Documentary, Music",7.900000095367432,708
Masters of the Universe,(2024),,,"Action, Adventure, Drama",,
Tyrant,(2014–2016),TV-14,60 min,"Action, Drama, Thriller",7.699999809265137,"22,938"
The Do-Over,(2016),TV-MA,108 min,"Action, Adventure, Comedy",5.699999809265137,"46,845"
Fishbowl Wives,(2022– ),TV-MA,44 min,"Drama, Romance",6.199999809265137,975
You Me Her,(2016–2020),TV-MA,28 min,"Comedy, Drama, Romance",7.0,"10,445"
The Kissing Booth 3,(2021),TV-14,112 min,"Comedy, Romance",4.699999809265137,"16,962"
Rebellion,(2016–2019),TV-MA,258 min,"Drama, History, War",7.099999904632568,"3,890"
Ride or Die,(III) (2021),TV-MA,142 min,"Drama, Romance, Thriller",5.599999904632568,"1,974"
The Titan,(2018),TV-MA,97 min,"Drama, Mystery, Romance",4.800000190734863,"31,511"
Luther,(I) (2022),,,"Crime, Drama, Mystery",,
As the Crow Flies,(2022– ),TV-MA,45 min,Drama,6.300000190734863,"3,890"
Badhaai Do,(2022),,147 min,"Comedy, Crime, Drama",7.099999904632568,"17,828"
Kodachrome,(2017),TV-MA,105 min,Drama,6.800000190734863,"17,174"
Mystery Science Theater 3000,(1988–1999),TV-14,92 min,"Comedy, Sci-Fi",8.699999809265137,"24,646"
Dangerous Lies,(2020),TV-14,96 min,Thriller,5.300000190734863,"17,192"
Disappearance at Clifton Hill,(2019),Unrated,100 min,"Drama, Mystery, Thriller",5.400000095367432,"4,208"
Heart of Stone,(II),,,"Action, Crime, Thriller",,
The Worst Witch,(2017– ),TV-Y7,30 min,"Family, Fantasy",7.199999809265137,"2,501"
The Mess You Leave Behind,(2020),TV-MA,56 min,"Crime, Drama, Mystery",6.699999809265137,"9,221"
Inuyasha,(2000–2004),TV-14,24 min,"Animation, Action, Adventure",7.900000095367432,"16,398"
Porco Rosso,(1992),PG,94 min,"Animation, Adventure, Comedy",7.699999809265137,"89,540"
Mai,(2022– ),TV-MA,45 min,"Crime, Drama, Thriller",7.199999809265137,"5,005"
The Eddy,(2020),TV-MA,,"Drama, Music",7.099999904632568,"2,960"
Servant of the People,(2015–2019),TV-MA,28 min,Comedy,7.300000190734863,"3,486"
Freud,(2020– ),TV-MA,55 min,"Crime, Thriller",6.5,"11,883"
Spectral,(2016),PG-13,107 min,"Action, Adventure, Sci-Fi",6.300000190734863,"59,604"
Haseen Dillruba,(2021),TV-MA,135 min,"Crime, Drama, Mystery",6.900000095367432,"26,893"
Flowers,(2016–2018),TV-14,30 min,"Comedy, Drama",8.100000381469727,"5,734"
Spaceman,(2023),,,"Adventure, Drama, Sci-Fi",,
Premium Rush,(2012),PG-13,91 min,"Action, Crime, Thriller",6.5,"114,322"
Step Up Revolution,(2012),PG-13,99 min,"Drama, Music, Romance",6.400000095367432,"56,405"
The Sleepover,(2020),TV-PG,100 min,"Action, Adventure, Comedy",5.599999904632568,"10,604"
Skylines,(2020),R,113 min,"Action, Adventure, Sci-Fi",4.699999809265137,"8,294"
Kakegurui,(2017–2019),TV-14,24 min,"Animation, Drama, Mystery",7.199999809265137,"9,562"
Bubble,(2022),TV-PG,100 min,"Animation, Action, Adventure",6.300000190734863,"5,311"
The Tale of The Princess Kaguya,(2013),PG,137 min,"Animation, Drama, Family",8.0,"46,657"
Dear White People,(2017–2021),TV-MA,30 min,"Comedy, Drama",6.099999904632568,"25,414"
Security,(I) (2021),TV-MA,118 min,Thriller,5.0,"2,041"
Beyond Evil,(2021– ),,70 min,"Drama, Mystery, Thriller",8.100000381469727,"3,289"
Suburra: Blood on Rome,(2017–2020),TV-MA,50 min,"Action, Crime",7.900000095367432,"14,700"
Into the Forest,(2015),R,101 min,"Drama, Thriller",5.800000190734863,"20,884"
The Professor,(I) (2018),R,90 min,"Comedy, Drama",6.699999809265137,"32,751"
Wild Wild Country,(2018),TV-MA,403 min,"Documentary, Crime",8.100000381469727,"31,079"
The Perfect Date,(I) (2019),TV-14,89 min,"Comedy, Romance",5.800000190734863,"39,275"
Untitled Hulk Hogan Biopic,,,,"Biography, Drama, Sport",,
A Fall from Grace,(2020),TV-MA,120 min,Thriller,5.800000190734863,"15,613"
Touch,(2012–2013),TV-PG,43 min,"Drama, Fantasy, Mystery",7.300000190734863,"42,718"
Sergio,(2020),R,118 min,"Biography, Drama, History",6.199999809265137,"9,960"
Untold: Operation Flagrant Foul,(2022),TV-MA,76 min,"Documentary, Crime, History",6.800000190734863,"1,046"
Bad Trip,(2021),Unrated,86 min,Comedy,6.5,"24,899"
Backstreet Rookie,(2020),,60 min,"Action, Comedy, Romance",7.5,"2,661"
Glória,(2021– ),TV-MA,40 min,"Drama, History, Thriller",7.900000095367432,"4,226"
Rescued by Ruby,(2022),TV-G,90 min,"Biography, Drama, Family",7.099999904632568,"7,959"
Great News,(2017–2018),TV-14,22 min,Comedy,7.0,"7,432"
Sabotage,(2014),R,109 min,"Action, Crime, Drama",5.699999809265137,"63,842"
"Ada Twist, Scientist",(2021– ),TV-PG,12 min,"Animation, Adventure, Comedy",6.400000095367432,176
Cargo,(I) (2017),TV-MA,105 min,"Drama, Horror, Sci-Fi",6.300000190734863,"43,750"
That Girl Lay Lay,(2021– ),TV-G,22 min,"Comedy, Family",3.5999999046325684,323
Entrevías,(2021– ),TV-MA,79 min,"Action, Adventure, Crime",6.699999809265137,"1,937"
America: The Motion Picture,(2021),TV-MA,98 min,"Animation, Action, Adventure",5.599999904632568,"6,488"
Our Father,(III) (2022),TV-MA,97 min,"Documentary, Crime",6.5,"11,422"
Laggies,(2014),R,99 min,"Comedy, Drama, Romance",6.400000095367432,"44,270"
Wasp Network,(2019),TV-MA,127 min,"Crime, Drama, Thriller",5.900000095367432,"10,711"
Resort to Love,(2021),PG,101 min,"Comedy, Romance",5.699999809265137,"5,955"
Move to Heaven,(2021– ),TV-MA,60 min,Drama,8.600000381469727,"6,077"
Alvin and the Chipmunks: The Squeakquel,(2009),PG,88 min,"Animation, Adventure, Comedy",4.5,"49,386"
Grand Army,(2020),TV-MA,,Drama,7.5,"7,115"
Fate/Zero,(2011–2012),TV-MA,24 min,"Animation, Action, Adventure",8.199999809265137,"13,062"
The I-Land,(2019),TV-MA,281 min,"Adventure, Drama, Mystery",4.599999904632568,"17,707"
Suburbicon,(2017),R,105 min,"Comedy, Crime, Drama",5.699999809265137,"44,493"
Invisible City,(2021– ),TV-G,60 min,"Crime, Drama, Fantasy",7.199999809265137,"5,589"
Forbidden Love,(2008–2010),TV-PG,90 min,"Drama, Romance",7.599999904632568,"13,502"
6 Days,(I) (2017),R,94 min,"Action, Drama, History",6.199999809265137,"22,128"
Family Reunion,(2019–2022),TV-PG,28 min,"Comedy, Family",6.5,"2,704"
The Penthouse: War in Life,(2020–2021),,70 min,"Crime, Drama, Mystery",7.900000095367432,"2,807"
In for a Murder,(2021),TV-14,105 min,"Comedy, Thriller",5.400000095367432,"1,579"
Quicksand,(2019),TV-MA,45 min,"Crime, Drama, Mystery",7.400000095367432,"21,927"
Cocomelon,(2018–2022),TV-PG,4 min,"Animation, Family",4.699999809265137,635
Untold: The Rise and Fall of AND1,(2022),TV-MA,68 min,"Documentary, History, Sport",6.800000190734863,"1,394"
Mosul,(I) (2019),TV-MA,101 min,"Action, Drama, War",7.099999904632568,"26,840"
Sky Rojo,(2021–2022),TV-MA,31 min,"Action, Adventure, Crime",6.5,"8,830"
My Little Pony: The Movie,(2017),PG,99 min,"Animation, Adventure, Comedy",6.0,"7,138"
The Boys in the Band,(2020),R,121 min,Drama,6.800000190734863,"15,722"
A Very Long Engagement,(2004),R,133 min,"Drama, Mystery, Romance",7.599999904632568,"73,958"
The Kissing Booth 2,(2020),TV-14,134 min,"Comedy, Romance",5.699999809265137,"31,821"
Heirs,(2013),,55 min,"Comedy, Drama, Romance",7.5,"10,906"
Top Chef,(2006– ),TV-14,44 min,"Game-Show, Reality-TV",7.599999904632568,"6,220"
Bruised,(2020),R,129 min,"Drama, Sport",6.199999809265137,"14,652"
Kung Fury,(2015),Not Rated,31 min,"Short, Action, Comedy",8.0,"59,747"
To All the Boys: Always and Forever,(2021),TV-14,109 min,"Comedy, Drama, Romance",6.300000190734863,"26,017"
House of Secrets: The Burari Deaths,(2021),TV-MA,135 min,"Documentary, Crime, History",7.400000095367432,"10,573"
Stonehearst Asylum,(2014),PG-13,112 min,"Drama, Horror, Mystery",6.800000190734863,"56,882"
V-Wars,(2019),TV-MA,60 min,"Drama, Horror, Sci-Fi",6.0,"13,974"
Good on Paper,(2021),Unrated,92 min,"Comedy, Romance",5.599999904632568,"12,284"
Life Unexpected,(2010–2011),TV-PG,60 min,Drama,7.5,"14,829"
RuPaul's Drag Race All Stars,(2012– ),TV-14,60 min,"Game-Show, Reality-TV",8.5,"8,533"
Inside Man,(II) (2022– ),,,"Drama, Mystery, Thriller",,
Much Loved,(2015),,104 min,Drama,6.199999809265137,"2,833"
The Decline,(2020),TV-MA,83 min,"Action, Thriller",6.0,"8,881"
Dead Man Down,(2013),R,118 min,"Action, Crime, Drama",6.400000095367432,"68,250"
Broken City,(2013),R,109 min,"Action, Crime, Drama",6.099999904632568,"80,434"
Unauthorized Living,(2018–2020),TV-MA,75 min,Drama,7.400000095367432,"4,888"
Romance Is a Bonus Book,(2019),,62 min,Romance,8.0,"5,552"
The Fundamentals of Caring,(2016),TV-MA,97 min,"Comedy, Drama",7.300000190734863,"72,933"
Kon-Tiki,(2012),PG-13,118 min,"Action, Adventure, Biography",7.199999809265137,"49,337"
Creep 2,(2017),Not Rated,78 min,"Crime, Drama, Horror",6.400000095367432,"26,416"
Love/Hate,(2010–2014),,51 min,"Crime, Drama",8.5,"6,847"
Tales from Earthsea,(2006),PG-13,115 min,"Animation, Adventure, Fantasy",6.300000190734863,"40,010"
Yu Yu Hakusho: Ghost Files,(1992–1995),TV-PG,24 min,"Animation, Action, Adventure",8.5,"13,711"
The Repair Shop,(2017– ),,30 min,"Documentary, Reality-TV",8.699999809265137,"1,590"
Running with the Devil,(2019),R,100 min,"Crime, Drama, Thriller",5.400000095367432,"8,360"
Somebody Feed Phil,(2018– ),TV-14,60 min,Documentary,8.199999809265137,"5,273"
Philomena,(2013),PG-13,98 min,"Biography, Comedy, Drama",7.599999904632568,"100,206"
Odd Squad,(2014– ),TV-Y,27 min,"Action, Adventure, Comedy",7.099999904632568,"1,163"
2067,(2020),Not Rated,114 min,"Mystery, Sci-Fi",4.900000095367432,"9,683"
Desperados,(2020),TV-MA,105 min,"Comedy, Romance",5.199999809265137,"10,436"
Chernobyl: Abyss,(2021),,136 min,"Drama, History, Romance",5.099999904632568,"9,227"
Arifureta: From Commonplace to World's Strongest,(2019– ),TV-MA,23 min,"Animation, Action, Adventure",7.099999904632568,"2,943"
Ivy + Bean: The Ghost That Had to Go,(2022),TV-G,61 min,"Comedy, Family",6.0,117
Bhool Bhulaiyaa 2,(2022),,143 min,"Comedy, Horror",5.699999809265137,"29,934"
Rim of the World,(2019),TV-14,98 min,"Action, Adventure, Comedy",5.199999809265137,"24,220"
American Murder: The Family Next Door,(2020),TV-MA,83 min,"Documentary, Crime",7.199999809265137,"28,220"
When Marnie Was There,(2014),PG,103 min,"Animation, Drama, Family",7.699999809265137,"40,640"
Secret City,(2016–2019),TV-MA,49 min,"Mystery, Thriller",7.400000095367432,"8,223"
Look Who's Back,(2015),Not Rated,116 min,"Comedy, Drama, Fantasy",7.0,"45,688"
Double Team,(1997),R,93 min,"Action, Comedy, Sci-Fi",4.800000190734863,"34,662"
Mr. Iglesias,(2019–2020),TV-14,30 min,Comedy,7.099999904632568,"7,013"
PJ Masks,(2015– ),TV-Y,24 min,"Animation, Action, Adventure",5.300000190734863,"1,293"
Arbitrage,(2012),R,107 min,"Drama, Thriller",6.599999904632568,"52,605"
D.P.,(2021– ),TV-MA,50 min,"Action, Crime, Drama",8.199999809265137,"5,445"
Falling for Figaro,(2020),,104 min,"Comedy, Romance",6.400000095367432,"2,437"
The Boy Who Harnessed the Wind,(2019),TV-PG,113 min,"Biography, Drama, History",7.599999904632568,"38,283"
Space Sweepers,(2021),TV-MA,136 min,"Action, Adventure, Drama",6.5,"25,569"
A Man for All Seasons,(1966),G,120 min,"Biography, Drama, History",7.699999809265137,"34,731"
Sexify,(2021– ),TV-MA,40 min,"Comedy, Drama",6.5,"5,159"
The Red Balloon,(1956),Not Rated,34 min,"Short, Comedy, Drama",8.100000381469727,"18,627"
Impetigore,(2019),Not Rated,106 min,"Horror, Mystery, Thriller",6.599999904632568,"5,663"
The Last Kingdom: Seven Kings Must Die,,TV-MA,120 min,"Action, Drama, History",,
Obliterated,,,45 min,"Action, Comedy, Drama",,
Teachers,(2001–2004),,50 min,"Comedy, Drama",7.800000190734863,"3,610"
Beauty Inside,(2018),,70 min,"Drama, Fantasy, Romance",7.599999904632568,"2,112"
A Castle for Christmas,(2021),TV-G,98 min,"Adventure, Comedy, Drama",5.5,"12,085"
Beastars,(2019– ),TV-MA,23 min,"Animation, Crime, Drama",7.699999809265137,"10,086"
The Crew,(II) (2021),TV-14,,Comedy,6.5,"5,653"
Geronimo: An American Legend,(1993),PG-13,115 min,"Drama, History, Western",6.5,"11,903"
Moonshine,(II) (2021– ),,44 min,"Comedy, Drama",5.699999809265137,529
Fi,(2017–2018),,60 min,"Drama, Romance",7.800000190734863,"10,887"
Wanted,(2016–2018),TV-14,60 min,"Action, Crime, Drama",7.599999904632568,"6,029"
The New Legends of Monkey,(2018– ),TV-PG,24 min,"Action, Adventure, Comedy",6.5,"4,456"
Inside Man: Most Wanted,(2019),R,105 min,"Action, Crime, Thriller",5.599999904632568,"4,101"
Military Prosecutor Do Bae Man,(2022– ),,,"Action, Drama",7.800000190734863,665
S.W.A.T.: Under Siege,(2017),R,89 min,"Action, Thriller",4.599999904632568,"3,793"
Unsolved Mysteries,(2020– ),TV-MA,45 min,"Documentary, Crime, Mystery",7.300000190734863,"9,832"
The Cat Returns,(2002),G,75 min,"Animation, Adventure, Comedy",7.199999809265137,"56,870"
Frozen Planet,(2011–2012),TV-PG,333 min,Documentary,9.0,"30,498"
The Electric State,,,,"Action, Adventure, Drama",,
Creeped Out,(2017–2019),TV-Y7,30 min,"Action, Adventure, Crime",6.599999904632568,"1,938"
The Best of Enemies,(2019),PG-13,133 min,"Biography, Drama, History",7.300000190734863,"17,179"
Rurouni Kenshin Part I: Origins,(2012),TV-MA,134 min,"Action, Adventure, Drama",7.400000095367432,"26,482"
The Last Days of American Crime,(2020),TV-MA,148 min,"Action, Crime, Drama",3.700000047683716,"11,605"
Dash & Lily,(2020),TV-14,,"Comedy, Drama, Romance",7.400000095367432,"18,198"
The Little Prince,(2015),PG,108 min,"Animation, Adventure, Drama",7.699999809265137,"62,222"
The Double,(I) (2011),PG-13,98 min,"Action, Crime, Drama",5.900000095367432,"30,521"
The Sound of Magic,(2022),TV-14,70 min,"Drama, Fantasy, Music",7.699999809265137,"3,255"
The Bookshop,(2017),PG,113 min,Drama,6.5,"15,467"
Meteor Garden,(2018– ),TV-14,45 min,"Drama, Romance",7.900000095367432,"4,145"
Murder Mystery 2,,,,"Action, Comedy, Crime",,
We Bare Bears,(2014–2019),TV-PG,30 min,"Animation, Adventure, Comedy",7.900000095367432,"15,784"
The Old Ways,(II) (2020),R,90 min,"Drama, Fantasy, Horror",5.400000095367432,"6,341"
Hilda,(2018– ),TV-Y7,24 min,"Animation, Adventure, Comedy",8.5,"10,730"
Traitors,(2019),TV-MA,60 min,"History, Thriller",6.599999904632568,"3,196"
Falling Inn Love,(2019),TV-PG,98 min,"Comedy, Romance",5.599999904632568,"20,178"
An Astrological Guide for Broken Hearts,(2021– ),TV-14,30 min,"Comedy, Romance",7.099999904632568,"3,260"
14 Peaks: Nothing Is Impossible,(2021),TV-MA,101 min,"Documentary, Adventure, Sport",7.699999809265137,"25,371"
The Woods,(2020),TV-MA,306 min,"Crime, Drama, Mystery",6.599999904632568,"6,473"
Black Space,(2020– ),TV-MA,45 min,"Crime, Drama, Thriller",6.699999809265137,"1,903"
Extraordinary You,(2019),,35 min,"Comedy, Fantasy, Romance",7.800000190734863,"3,301"
Drunken Master,(1978),PG-13,111 min,"Action, Comedy",7.400000095367432,"40,397"
Trinkets,(2019–2020),TV-MA,30 min,"Comedy, Crime, Drama",7.0,"11,257"
Tiger King,(2020–2021),TV-MA,45 min,"Documentary, Biography, Crime",7.5,"79,047"
Little Things,(2016– ),TV-MA,16 min,"Comedy, Romance",8.199999809265137,"6,804"
Chen qing ling,(2019),,50 min,"Action, Adventure, Drama",8.800000190734863,"6,380"
Carry On,(VI),,,"Action, Thriller",,
Duck Butter,(2018),Not Rated,93 min,"Comedy, Drama, Romance",5.300000190734863,"4,043"
Brain on Fire,(2016),PG-13,88 min,"Biography, Drama",6.599999904632568,"21,728"
Dangerous Liaisons,(2022),TV-MA,109 min,"Drama, Romance",3.9000000953674316,"1,423"
Marmaduke,(2022),TV-Y7,88 min,"Animation, Adventure, Comedy",3.5,"3,561"
Girlboss,(2017),TV-MA,26 min,Comedy,7.0,"18,117"
Water Lilies,(2007),,85 min,"Drama, Romance",6.699999809265137,"12,149"
On the Verge,(2021),TV-14,35 min,Comedy,6.5,"3,169"
Honeymoon,(2014),R,87 min,"Drama, Fantasy, Horror",5.699999809265137,"26,016"
The Letter for the King,(2020),TV-PG,,"Action, Adventure, Family",5.900000095367432,"7,593"
From Up on Poppy Hill,(2011),PG,91 min,"Animation, Comedy, Drama",7.400000095367432,"44,201"
My Liberation Diary,(2022– ),TV-14,60 min,"Drama, Romance",8.300000190734863,"2,084"
How NOT to Summon a Demon Lord,(2018– ),TV-MA,24 min,"Animation, Adventure, Comedy",7.0,"3,500"
Kidnapping Stella,(2019),TV-MA,89 min,"Crime, Thriller",4.900000095367432,"6,120"
Dragons: Race to the Edge,(2015–2018),TV-Y7-FV,22 min,"Animation, Action, Adventure",8.199999809265137,"6,520"
Glow Up: Britain's Next Make-Up Star,(2019– ),TV-14,60 min,"Game-Show, Reality-TV",6.900000095367432,"2,355"
The Battle of Britain,(1969),G,132 min,"Action, Drama, History",6.900000095367432,"22,730"
Worst Roommate Ever,(2022),TV-MA,236 min,"Documentary, Crime, Drama",7.099999904632568,"7,812"
Final Score,(2018),R,104 min,"Action, Drama, Thriller",5.800000190734863,"12,973"
The One,(I) (2021),TV-MA,,"Crime, Drama, Sci-Fi",6.599999904632568,"12,738"
The Real Housewives of New York City,(2008– ),TV-14,44 min,Reality-TV,4.599999904632568,"3,671"
Ganglands,(2021– ),TV-MA,44 min,"Action, Crime, Drama",7.0,"2,640"
Tau,(2018),R,97 min,"Sci-Fi, Thriller",5.800000190734863,"31,614"
Hit and Run,(I) (2012),R,100 min,"Action, Adventure, Comedy",6.099999904632568,"36,319"
Taxi Driver,(2021– ),,70 min,"Action, Crime, Drama",8.0,"2,814"
Love on the Spectrum,(2019–2021),TV-14,45 min,"Documentary, Reality-TV, Romance",8.600000381469727,"6,066"
Penguin Bloom,(2020),TV-14,95 min,"Biography, Drama",6.800000190734863,"10,454"
Buba,(2022),TV-MA,94 min,"Comedy, Drama",5.800000190734863,"1,812"
All the Light We Cannot See,,,,"Drama, History, War",,
Malang,(2020),Not Rated,135 min,"Action, Crime, Drama",6.5,"10,775"
The Pirates: The Last Royal Treasure,(2022),,126 min,"Action, Adventure, Comedy",6.099999904632568,"3,665"
Furioza,(2021),TV-MA,139 min,"Action, Crime, Drama",6.199999809265137,"4,458"
Scrooge: A Christmas Carol,(2022),,96 min,"Animation, Adventure, Comedy",,
Marauders,(2016),R,107 min,"Action, Crime, Thriller",5.5,"22,443"
Prison Playbook,(2017–2018),,90 min,"Comedy, Drama",8.5,"3,421"
The Future Diary,(2011–2013),TV-MA,25 min,"Animation, Action, Drama",7.5,"17,453"
The Wandering Earth,(2019),TV-MA,125 min,"Action, Adventure, Sci-Fi",5.900000095367432,"30,613"
The Paradise,(2012–2013),TV-PG,60 min,Drama,7.699999809265137,"11,868"
Get Even,(2020),TV-PG,28 min,"Crime, Drama, Thriller",6.400000095367432,"2,807"
Surviving Summer,(2022– ),TV-PG,30 min,"Drama, Family",6.5,"1,761"
A Korean Odyssey,(2017–2018),,75 min,"Comedy, Fantasy, Horror",8.0,"4,845"
Love Wedding Repeat,(2020),TV-MA,100 min,"Comedy, Romance",5.5,"20,649"
Pieles,(2017),TV-MA,77 min,"Comedy, Drama, Fantasy",6.099999904632568,"6,028"
Only Yesterday,(1991),PG,119 min,"Animation, Drama, Romance",7.599999904632568,"32,519"
An Affair,(2018),,92 min,"Drama, Thriller",5.5,"2,161"
We Summon the Darkness,(2019),R,91 min,"Horror, Music, Thriller",5.199999809265137,"10,714"
The Principles of Pleasure,(2022),TV-MA,152 min,Documentary,5.800000190734863,"1,246"
The Bar,(2017),,102 min,"Adventure, Comedy, Horror",6.300000190734863,"27,087"
Juvenile Justice,(2022– ),TV-MA,60 min,"Crime, Drama",7.900000095367432,"2,978"
Ergo Proxy,(2006),TV-14,25 min,"Animation, Action, Adventure",7.900000095367432,"14,379"
Pokémon Journeys: The Series,(2019– ),TV-Y7,,"Animation, Adventure, Comedy",6.900000095367432,632
The Immigrant,(2013),R,120 min,"Drama, Romance",6.599999904632568,"32,070"
Ascension,(2014),,231 min,"Drama, Sci-Fi",7.099999904632568,"18,516"
The Occupant,(2020),TV-MA,103 min,"Adventure, Drama, Horror",6.400000095367432,"17,750"
A.N.T. Farm,(2011–2014),TV-G,30 min,"Comedy, Drama, Family",5.0,"7,233"
Record of Ragnarok,(2021– ),TV-14,24 min,"Animation, Action, Adventure",6.199999809265137,"5,162"
Blippi,(2014– ),TV-Y,11 min,Family,6.699999809265137,494
AJ and the Queen,(2020),TV-14,52 min,"Adventure, Comedy, Drama",7.5,"8,286"
Car Masters: Rust to Riches,(2018– ),TV-PG,40 min,Reality-TV,8.399999618530273,"10,809"
The Willoughbys,(2020),PG,90 min,"Animation, Adventure, Comedy",6.300000190734863,"19,030"
The Cook of Castamar,(2021),TV-MA,,"Drama, Romance",7.400000095367432,"3,956"
Signal,(2016),,80 min,"Crime, Drama, Fantasy",8.5,"7,068"
Satan's Slaves,(2017),Not Rated,107 min,"Drama, Horror, Mystery",6.5,"9,183"
Wet Hot American Summer: Ten Years Later,(2017),TV-MA,216 min,Comedy,6.900000095367432,"8,763"
History 101,(2020– ),TV-14,22 min,"Documentary, History",6.800000190734863,"4,333"
My Roommate Is a Gumiho,(2021),,65 min,"Comedy, Fantasy, Romance",7.699999809265137,"2,837"
Who Likes My Follower?,(2022– ),TV-MA,45 min,"Reality-TV, Romance",4.400000095367432,44
The Mothership,(2022),,,"Adventure, Drama, Family",,
Let It Snow,(2019),PG-13,92 min,"Comedy, Romance",5.800000190734863,"22,032"
The House of Flowers,(2018–2020),TV-MA,60 min,"Comedy, Drama",7.599999904632568,"7,884"
Al Hayba,(2017– ),,45 min,"Action, Crime, Romance",7.300000190734863,"1,352"
Elisa & Marcela,(2019),TV-MA,118 min,"Biography, Drama, Romance",6.599999904632568,"4,981"
Step Up All In,(2014),PG-13,112 min,"Drama, Music, Romance",5.900000095367432,"34,613"
Heirs to the Land,(2022),TV-MA,50 min,"Drama, History",7.099999904632568,"1,109"
The Ministry of Time,(2015–2020),TV-MA,70 min,"Action, Adventure, Comedy",8.199999809265137,"5,023"
Q-Force,(2021),TV-MA,30 min,"Animation, Action, Adventure",6.400000095367432,"5,557"
Love 101,(2020–2021),TV-14,40 min,"Comedy, Drama, Romance",7.5,"14,630"
Squid Game: The Challenge,,,,"Game-Show, Reality-TV",,
Fyre,(2018),TV-MA,97 min,"Documentary, Crime, Music",7.199999809265137,"47,128"
Damnation,(2017–2018),TV-MA,60 min,"Crime, Drama, Western",7.599999904632568,"8,449"
Rogue City,(2020),TV-MA,116 min,"Action, Crime, Drama",6.099999904632568,"8,789"
Work It,(2020),TV-14,93 min,"Comedy, Music",6.099999904632568,"13,574"
Step Up 3D,(2010),PG-13,107 min,"Drama, Music, Romance",6.099999904632568,"58,322"
Dorohedoro,(2020),TV-MA,25 min,"Animation, Action, Comedy",8.100000381469727,"8,619"
Extracurricular,(2020),TV-MA,50 min,"Crime, Drama",7.599999904632568,"6,771"
Her Private Life,(2019),,75 min,"Comedy, Romance",7.699999809265137,"4,239"
Breach,(IV) (2020),R,92 min,"Action, Horror, Sci-Fi",2.9000000953674316,"18,227"
Better Than Us,(2018–2019),,52 min,"Drama, Sci-Fi",7.300000190734863,"9,027"
The Quintessential Quintuplets,(2019– ),TV-PG,24 min,"Animation, Comedy, Drama",7.699999809265137,"4,864"
Bank Robbers: The Last Great Heist,(2022),TV-14,109 min,"Documentary, Crime",7.099999904632568,900
Pipa,(2022),TV-MA,115 min,"Crime, Drama, Mystery",4.300000190734863,"1,296"
Little Britain,(2003–2006),TV-MA,29 min,Comedy,7.699999809265137,"24,385"
The Week Of,(2018),TV-14,116 min,Comedy,5.199999809265137,"22,189"
Disjointed,(2017–2018),TV-MA,30 min,Comedy,6.699999809265137,"10,361"
Ibiza,(2018),TV-MA,94 min,"Comedy, Romance",5.199999809265137,"17,721"
Sonic Prime,(2022– ),TV-Y7,22 min,"Animation, Action, Adventure",,
A Boy Called Christmas,(2021),PG,106 min,"Adventure, Drama, Family",6.699999809265137,"21,273"
Thai Cave Rescue,(2022),TV-14,360 min,"Adventure, Drama, Thriller",7.300000190734863,129
The Unicorn,(2019–2021),TV-PG,22 min,"Comedy, Drama, Family",7.199999809265137,"4,268"
Who Rules the World,(2022– ),TV-PG,45 min,"Action, Drama, Fantasy",8.300000190734863,803
Night Stalker: The Hunt for a Serial Killer,(2021),TV-MA,189 min,"Documentary, Crime, Mystery",7.5,"25,727"
Icarus,(2017),TV-MA,120 min,"Documentary, Sport",7.900000095367432,"50,065"
Zoe,(I) (2018),R,104 min,"Romance, Sci-Fi",6.0,"9,258"
Boss,(2011–2012),TV-MA,56 min,"Crime, Drama",8.100000381469727,"17,776"
Dogs of Berlin,(2018– ),TV-MA,542 min,"Action, Crime, Drama",7.5,"12,808"
Degrassi: Next Class,(2016–2017),TV-PG,30 min,"Drama, Romance",6.800000190734863,"3,360"
IO,(2019),TV-14,96 min,"Adventure, Drama, Sci-Fi",4.699999809265137,"34,443"
Voltron: Legendary Defender,(2016–2018),TV-Y7-FV,23 min,"Animation, Action, Adventure",8.100000381469727,"8,942"
Chickenhare and the Hamster of Darkness,(2022),TV-Y7,91 min,"Animation, Adventure, Comedy",6.300000190734863,"1,538"
Untold: Crimes and Penalties,(2021),TV-MA,85 min,"Documentary, Crime, Sport",7.400000095367432,"3,806"
Rust Creek,(2018),R,108 min,"Crime, Drama, Thriller",5.900000095367432,"11,778"
Thirty Nine,(2022– ),,60 min,"Drama, Romance",7.699999809265137,"1,798"
The Twelve,(2019–2020),TV-MA,50 min,"Drama, Thriller",7.400000095367432,"5,359"
The Life and Movies of Erşan Kuneri,(2022– ),TV-MA,45 min,Comedy,6.699999809265137,"12,247"
T-34,(2018),TV-14,139 min,"Action, War",6.699999809265137,"12,522"
Wormwood,(2017),,241 min,"Documentary, Biography, Drama",7.0,"4,319"
The Mystery of Marilyn Monroe: The Unheard Tapes,(2022),TV-14,101 min,Documentary,6.199999809265137,"4,444"
The Siege of Jadotville,(2016),TV-MA,108 min,"Action, Drama, History",7.199999809265137,"39,952"
Oddballs,(II) (2022– ),TV-Y7,,"Animation, Comedy, Family",,
World Without End,(2012),TV-MA,374 min,"Drama, History, Romance",6.900000095367432,"8,747"
Utap,,,,"Action, Adventure, Thriller",,
Les rivières pourpres,(2018– ),,60 min,"Crime, Mystery, Thriller",6.800000190734863,"1,724"
Night Owls,(I) (2015),R,90 min,"Comedy, Drama",6.199999809265137,"2,443"
Kengan Ashura,(2019– ),TV-MA,24 min,"Animation, Action, Sport",8.0,"5,027"
Violet Evergarden: The Movie,(2020),,140 min,"Animation, Drama, Fantasy",8.300000190734863,"6,641"
Afterlife of the Party,(2021),TV-PG,109 min,"Comedy, Drama, Fantasy",5.800000190734863,"9,071"
Gymnastics Academy: A Second Chance!,(2022– ),TV-PG,25 min,"Drama, Family, Sport",8.199999809265137,89
Jaguar,(2021– ),TV-14,50 min,"Action, Drama, History",5.699999809265137,"1,848"
Step Sisters,(2018),PG-13,108 min,Comedy,5.400000095367432,"4,584"
Another,(2012),TV-MA,300 min,"Animation, Drama, Horror",7.5,"15,033"
Heartsong,(2022),TV-14,95 min,"Comedy, Drama, Music",5.800000190734863,"1,257"
The Discovery,(I) (2017),TV-MA,102 min,"Drama, Romance, Sci-Fi",6.199999809265137,"34,544"
Bonusfamiljen,(2017– ),,44 min,"Comedy, Drama",7.599999904632568,"4,128"
Out of Death,(2021),R,96 min,"Crime, Thriller",3.200000047683716,"5,006"
The World of the Married,(2020),,80 min,"Drama, Romance",8.0,"2,658"
Baki Hanma,(2021– ),TV-MA,25 min,"Animation, Action, Drama",6.699999809265137,"1,847"
Le chant du loup,(2019),TV-14,115 min,"Action, Thriller",6.900000095367432,"18,005"
Ivy + Bean: Doomed to Dance,(2022),TV-G,53 min,"Comedy, Family",6.0,98
Henry Gamble's Birthday Party,(2015),Unrated,87 min,Drama,6.099999904632568,"3,126"
Weightlifting Fairy Kim Bok-Joo,(2016–2017),,60 min,"Comedy, Romance",8.399999618530273,"9,099"
Remarriage & Desires,(2022– ),TV-14,70 min,Drama,7.400000095367432,"1,061"
Dhamaka,(2021),TV-14,103 min,"Crime, Drama, Thriller",7.099999904632568,"40,747"
The Misfit of Demon King Academy,(2020–2022),TV-14,23 min,"Animation, Adventure, Comedy",7.300000190734863,"3,389"
The ABCs of Death,(2012),Not Rated,129 min,"Comedy, Horror",4.699999809265137,"19,374"
Final Girl,(2015),R,84 min,"Horror, Thriller",4.699999809265137,"15,916"
Spirit Untamed,(2021),PG,88 min,"Animation, Adventure, Comedy",5.5,"3,715"
Greenhouse Academy,(2017–2020),TV-PG,25 min,Drama,6.599999904632568,"6,245"
Monarca,(2019–2021),TV-MA,43 min,Drama,7.800000190734863,"3,323"
Secret Obsession,(2019),TV-14,97 min,Thriller,4.400000095367432,"21,867"
Just Between Lovers,(2017–2018),,70 min,"Drama, Romance",8.199999809265137,"2,116"
American Siege,(2021),R,91 min,"Action, Thriller",3.4000000953674316,"1,697"
Paranormal,(2020),TV-14,45 min,"Drama, Fantasy, Horror",8.0,"72,160"
Vicky and Her Mystery,(2021),TV-PG,84 min,"Adventure, Drama, Family",6.300000190734863,"2,033"
Unsolved: The Murders of Tupac and the Notorious B.I.G.,(2018– ),TV-MA,60 min,"Biography, Crime, Drama",7.800000190734863,"7,994"
The Perfect Mother,(2021),TV-MA,192 min,"Drama, Thriller",5.900000095367432,"1,041"
Decoupled,(2021– ),,30 min,"Comedy, Drama",7.900000095367432,"7,566"
Trigun,(1998),TV-14,24 min,"Animation, Action, Adventure",8.199999809265137,"21,805"
Unfrosted,,,,Comedy,,
The Devil Judge,(2021),TV-14,75 min,"Crime, Drama, Mystery",8.300000190734863,"2,687"
Love Tactics,(2022),TV-MA,97 min,"Comedy, Romance",5.199999809265137,"4,031"
The Whole Truth,(2016),R,93 min,"Crime, Drama, Mystery",6.199999809265137,"29,336"
John Dies at the End,(2012),R,99 min,"Comedy, Fantasy, Horror",6.300000190734863,"38,551"
Drive Hard: The Maloof Way,(2022– ),TV-14,32 min,Reality-TV,6.199999809265137,149
The Legend of Drunken Master,(1994),R,102 min,"Action, Comedy",7.5,"46,202"
A California Christmas: City Lights,(2021),PG-13,106 min,"Comedy, Drama, Romance",5.5,"2,476"
Fatal Affair,(2020),TV-14,89 min,Thriller,4.5,"6,084"
The Debt Collector,(2018),Not Rated,95 min,"Action, Comedy",5.800000190734863,"7,762"
A Vigilante,(2018),R,91 min,"Crime, Drama, Mystery",5.699999809265137,"9,163"
The Daily Life of the Immortal King,(2020– ),TV-14,18 min,"Animation, Action, Adventure",7.199999809265137,"1,436"
The Water Man,(I) (2020),PG,91 min,"Adventure, Drama, Family",5.5,"3,978"
Prayers for the Stolen,(2021),R,110 min,Drama,7.300000190734863,"2,785"
Mezarlik,(2022– ),,105 min,"Crime, Drama, Mystery",7.800000190734863,"1,950"
Great Teacher Onizuka,(1999–2000),TV-MA,24 min,"Animation, Comedy, Drama",8.5,"9,298"
The Billion Dollar Code,(2021),TV-MA,267 min,"Biography, Crime, Drama",8.0,"8,579"
Dasvi,(2022),,125 min,"Comedy, Drama",7.300000190734863,"22,370"
Zindagi inShort,(2020),,116 min,"Comedy, Drama, Romance",7.099999904632568,694
Time Trap,(2017),Not Rated,87 min,"Action, Adventure, Mystery",6.199999809265137,"37,065"
Explained,(2018– ),TV-MA,18 min,Documentary,8.0,"9,221"
Watership Down,(2018),TV-PG,204 min,"Animation, Action, Adventure",7.199999809265137,"6,256"
Rose Island,(2020),TV-14,117 min,"Adventure, Comedy, Drama",7.0,"21,001"
Maya and the Three,(2021),TV-Y7,30 min,"Animation, Action, Adventure",8.100000381469727,"3,940"
Inside the World's Toughest Prisons,(2016–2022),TV-MA,47 min,Documentary,7.099999904632568,"2,965"
Reptile,(2022),,,"Crime, Drama, Thriller",,
Flight 7500,(2014),PG-13,80 min,"Drama, Horror, Sci-Fi",4.800000190734863,"16,082"
On Body and Soul,(2017),Not Rated,116 min,"Drama, Fantasy, Mystery",7.5,"27,775"
The Christmas Chronicles,(2018),PG,104 min,"Adventure, Comedy, Family",7.0,"72,157"
To All the Boys: P.S. I Still Love You,(2020),TV-14,101 min,"Comedy, Drama, Romance",6.0,"38,979"
Ludo,(2020),TV-MA,150 min,"Action, Comedy, Crime",7.599999904632568,"39,347"
Falling Into Your Smile,(2021– ),,,Romance,8.399999618530273,"2,383"
El Recluso,(2018– ),,60 min,"Drama, Thriller",6.900000095367432,"2,772"
No Good Nick,(2019),TV-PG,30 min,"Comedy, Drama, Family",5.900000095367432,"3,039"
Collision,(2022),TV-MA,99 min,"Crime, Drama, Thriller",4.099999904632568,"1,023"
Gone for Good,(2021),TV-MA,247 min,"Crime, Drama, Mystery",6.300000190734863,"4,207"
Selena: The Series,(2020–2021),TV-PG,40 min,"Biography, Drama, Music",6.900000095367432,"4,569"
Bullet Head,(2017),R,93 min,"Crime, Drama, Thriller",5.400000095367432,"10,383"
The Night Before,(II) (2015),R,101 min,"Comedy, Fantasy",6.300000190734863,"74,545"
The Summit of the Gods,(2021),PG,95 min,"Animation, Adventure, Drama",7.5,"6,107"
Single Street,(2019),,90 min,"Comedy, Romance",6.099999904632568,980
El marginal,(2016–2022),TV-MA,60 min,"Crime, Drama, Mystery",8.199999809265137,"4,115"
Feria: The Darkest Light,(2022),TV-MA,50 min,"Crime, Drama, Fantasy",5.599999904632568,"2,356"
Rumspringa,(II) (2022),TV-MA,101 min,Comedy,5.400000095367432,920
The Great Hack,(2019),TV-MA,114 min,"Documentary, Biography, History",7.0,"23,656"
My Babysitter's a Vampire,(2011–2012),TV-PG,22 min,"Action, Comedy, Family",6.900000095367432,"4,527"
Lust Stories,(2018),,120 min,"Drama, Romance",6.400000095367432,"11,004"
Downfall: The Case Against Boeing,(2022),PG-13,89 min,Documentary,7.400000095367432,"10,970"
The Club,(2021–2022),TV-14,55 min,Drama,7.800000190734863,"9,409"
Hard Cell,(2022– ),TV-MA,25 min,Comedy,6.300000190734863,"1,675"
Nailed It!,(2018– ),TV-PG,33 min,"Game-Show, Reality-TV",7.400000095367432,"4,828"
Man Like Mobeen,(2017– ),TV-MA,21 min,Comedy,8.0,"2,849"
Girl,(II) (2018),R,105 min,Drama,7.099999904632568,"14,561"
The Bonfire of Destiny,(2019),TV-MA,48 min,"Drama, History",7.599999904632568,"4,742"
Boy Swallows Universe,,,,Drama,,
October Faction,(2020),TV-MA,39 min,"Adventure, Drama, Fantasy",6.099999904632568,"11,210"
Close,(I) (2019),TV-MA,94 min,"Action, Drama, Thriller",5.699999809265137,"24,999"
Flaked,(2016– ),TV-MA,30 min,"Comedy, Drama, Romance",7.199999809265137,"11,580"
Toradora!,(2008–2009),TV-14,24 min,"Animation, Comedy, Drama",8.0,"15,338"
Boy Meets Girl,(I) (2014),R,95 min,"Comedy, Drama, Romance",7.099999904632568,"4,685"
Yaksha: Ruthless Operations,(2022),TV-14,125 min,"Action, Crime, Thriller",6.199999809265137,"3,453"
The Incredible Shrinking Man,(1957),Not Rated,81 min,"Horror, Sci-Fi",7.599999904632568,"18,215"
The Christmas Chronicles: Part Two,(2020),PG,112 min,"Adventure, Comedy, Family",6.0,"29,764"
Survivor,(I) (2015),PG-13,96 min,"Action, Crime, Thriller",5.599999904632568,"34,029"
Catching Killers,(II) (2021– ),TV-MA,,"Documentary, Crime, Mystery",7.099999904632568,"3,614"
A Prayer Before Dawn,(2017),R,116 min,"Action, Biography, Crime",6.800000190734863,"23,669"
Trust No One: The Hunt for the Crypto King,(2022),TV-MA,90 min,"Documentary, Crime",6.300000190734863,"4,831"
The Courier,(2019),R,99 min,"Action, Crime, Drama",4.800000190734863,"11,368"
Dirty Money,(2018– ),TV-14,60 min,"Documentary, Crime",8.100000381469727,"9,307"
Love on the Spectrum U.S.,(2022– ),TV-14,40 min,"Documentary, Short, Comedy",8.199999809265137,"1,327"
Noragami,(2014–2015),TV-14,24 min,"Animation, Action, Adventure",7.900000095367432,"15,639"
Journal 64,(2018),Not Rated,119 min,"Crime, Mystery, Thriller",7.400000095367432,"16,759"
The Trial,(2019– ),TV-MA,52 min,"Crime, Thriller",7.199999809265137,"3,271"
Chambers,(2019),TV-MA,60 min,"Drama, Fantasy, Horror",6.400000095367432,"8,615"
Ala Vaikunthapurramuloo,(2020),Not Rated,163 min,"Action, Comedy, Drama",7.300000190734863,"18,386"
Sierra Burgess Is a Loser,(2018),PG-13,105 min,"Comedy, Drama, Romance",5.800000190734863,"39,160"
The Smurfs,(1981–1989),TV-Y,30 min,"Animation, Adventure, Comedy",7.199999809265137,"18,686"
Trouble,(I) (2019),,87 min,"Animation, Adventure, Comedy",5.800000190734863,"3,401"
Nightflyers,(2018),TV-14,60 min,"Drama, Horror, Mystery",5.800000190734863,"13,355"
Shimmer Lake,(2017),Not Rated,86 min,"Action, Crime, Drama",6.300000190734863,"14,949"
Madame Claude,(2021),TV-MA,112 min,"Biography, Crime, Drama",5.400000095367432,"3,470"
Pokémon Master Journeys,(2021– ),TV-Y7,50 min,"Animation, Action, Adventure",7.599999904632568,194
Tattoo Redo,(2021– ),TV-MA,,Reality-TV,5.900000095367432,761
Time to Hunt,(2020),TV-MA,134 min,"Action, Crime, Drama",6.300000190734863,"5,795"
Concrete Cowboy,(2020),R,111 min,"Drama, Western",6.300000190734863,"8,843"
Our Souls at Night,(2017),TV-14,103 min,"Drama, Romance",6.900000095367432,"13,656"
Trees of Peace,(2021),TV-MA,97 min,Drama,6.400000095367432,"1,284"
Friendzone,(2021),TV-MA,88 min,"Comedy, Romance",5.900000095367432,"3,523"
MI-5,(2015),R,104 min,"Action, Drama, Thriller",6.199999809265137,"22,820"
Skiptrace,(2016),PG-13,107 min,"Action, Adventure, Comedy",5.599999904632568,"21,027"
Grand Designs,(1999– ),TV-G,50 min,"Documentary, Reality-TV",8.5,"3,181"
Paranoid,(2016),,45 min,"Crime, Drama, Mystery",6.599999904632568,"8,807"
Do You Like Brahms?,(2020),,65 min,"Drama, Music, Romance",7.599999904632568,905
Tall Girl 2,(2022),TV-PG,97 min,"Comedy, Drama, Family",4.699999809265137,"4,644"
The Gentlemen,,TV-MA,,"Action, Comedy, Crime",,
Atlas,(III),,,"Action, Adventure, Sci-Fi",,
Self Made: Inspired by the Life of Madam C.J. Walker,(2020),TV-MA,191 min,"Biography, Drama, History",7.300000190734863,"12,015"
Free Rein,(2017–2019),TV-G,26 min,"Action, Adventure, Comedy",7.099999904632568,"2,145"
Then Came You,(2018),Not Rated,97 min,"Adventure, Comedy, Drama",6.900000095367432,"12,727"
The Great Train Robbery,(2013),Not Rated,90 min,"Biography, Crime, Drama",7.300000190734863,"4,253"
Ouran High School Host Club,(2006),TV-14,24 min,"Animation, Comedy, Romance",8.199999809265137,"10,124"
Untold: Malice at the Palace,(2021),TV-MA,68 min,"Documentary, Crime, Sport",7.5,"8,438"
The Queen of Black Magic,(2019),Not Rated,99 min,"Drama, Horror, Mystery",6.5,"2,411"
The Indian Detective,(2017),,44 min,"Comedy, Crime, Drama",6.5,"3,200"
Iron Chef: Quest for an Iron Legend,(2022– ),TV-G,45 min,"Game-Show, Reality-TV",7.199999809265137,685
Fight for My Way,(2017),,70 min,"Comedy, Romance",8.100000381469727,"6,422"
Samurai Rabbit: The Usagi Chronicles,(2022– ),TV-Y7,25 min,"Animation, Action, Adventure",6.400000095367432,466
Spriggan,(2022– ),TV-MA,45 min,"Animation, Action, Adventure",6.900000095367432,931
The Last Mercenary,(2021),TV-MA,110 min,"Action, Adventure, Comedy",5.300000190734863,"8,638"
Leave the World Behind,,,,Drama,,
High-Rise Invasion,(2021– ),TV-MA,25 min,"Animation, Action, Horror",6.5,"3,062"
Initial D,(2005),TV-PG,107 min,"Action, Comedy, Drama",6.300000190734863,"8,806"
Lift,(XI),,,"Action, Crime, Drama",,
Great Pretender,(2020– ),TV-MA,23 min,"Animation, Action, Adventure",7.900000095367432,"5,163"
The Last Summer,(2019),TV-14,109 min,"Comedy, Romance",5.5,"13,313"
Ethos,(2020),TV-MA,50 min,"Drama, Thriller",8.5,"26,869"
A Week Away,(2021),TV-PG,94 min,"Drama, Family, Musical",5.699999809265137,"4,749"
The Puppet Master: Hunting the Ultimate Conman,(2022),TV-MA,127 min,"Documentary, Crime",7.0,"7,000"
The Movies That Made Us,(2019– ),TV-PG,44 min,"Documentary, Family, History",7.599999904632568,"6,449"
The Gunman,(2015),R,115 min,"Action, Adventure, Crime",5.800000190734863,"41,280"
Badla,(2019),Not Rated,118 min,"Crime, Drama, Mystery",7.800000190734863,"28,099"
White as Snow,(2019),,112 min,"Comedy, Drama",5.300000190734863,"1,202"
A Whisker Away,(2020),TV-PG,104 min,"Animation, Adventure, Drama",6.699999809265137,"10,216"
Centaurworld,(2021),TV-Y7,25 min,"Animation, Short, Adventure",7.599999904632568,"2,151"
Little Evil,(2017),TV-MA,94 min,"Comedy, Fantasy, Horror",5.699999809265137,"21,604"
Sightless,(2020),Unrated,89 min,"Drama, Thriller",5.5,"8,629"
People Like Us,(2012),PG-13,114 min,"Comedy, Drama",7.0,"43,248"
Green Eggs and Ham,(2019– ),TV-Y7,26 min,"Animation, Adventure, Comedy",8.100000381469727,"2,703"
Our Great National Parks,(2022),TV-PG,50 min,Documentary,7.900000095367432,"1,995"
Silverton Siege,(2022),TV-MA,100 min,"Action, Crime, Drama",6.199999809265137,"3,716"
In the Shadow of Iris,(III) (2016),TV-MA,99 min,"Drama, Thriller",6.099999904632568,"4,393"
In the Land of Saints and Sinners,,,,Thriller,,
The Whole Truth,(2021),TV-MA,125 min,"Drama, Horror, Mystery",5.199999809265137,"3,507"
The Open House,(2018),TV-MA,94 min,"Horror, Thriller",3.299999952316284,"34,572"
Meteorological Administration People: Office Romance Cruelty,(2022– ),,60 min,"Drama, Romance",7.099999904632568,"2,008"
Ultraman,(2019– ),TV-14,25 min,"Animation, Action, Adventure",6.800000190734863,"2,116"
Blade of the Immortal,(2017),R,140 min,"Action, Drama, Fantasy",6.699999809265137,"17,864"
Viceroy's House,(2017),Not Rated,106 min,"Biography, Drama, History",6.699999809265137,"8,032"
Record of Youth,(2020),TV-14,70 min,"Drama, Romance",7.199999809265137,"2,506"
Age of Youth,(2016–2017),TV-14,60 min,"Comedy, Drama, Romance",8.300000190734863,"2,274"
Liar,(2020),,50 min,Thriller,6.400000095367432,"1,485"
Yara,(2021),TV-14,96 min,"Crime, Drama, Thriller",6.300000190734863,"5,019"
Spoiled Brats,(2021),TV-14,95 min,Comedy,6.0,"6,018"
Bordertown: The Mural Murders,(2021),,107 min,"Crime, Drama, Mystery",6.199999809265137,"2,358"
Stone of Destiny,(2008),PG,96 min,"Adventure, Comedy, Crime",6.699999809265137,"4,114"
Haunted,(2018– ),TV-MA,24 min,"Horror, Reality-TV",4.599999904632568,"3,267"
Midnight Diner,(2009–2014),,24 min,Drama,8.600000381469727,"2,331"
Death Warrant,(1990),R,89 min,"Action, Crime, Mystery",5.599999904632568,"19,026"
DI4RIES,(2022),,30 min,"Comedy, Drama, Family",7.099999904632568,317
Last Breath,(2019),TV-MA,90 min,Documentary,7.699999809265137,"6,093"
The Redeem Team,(2022),,97 min,"Documentary, History, Sport",,
Ingobernable,(2017– ),TV-MA,40 min,"Crime, Drama, Mystery",7.0,"3,155"
Painkiller,(2022– ),,,"Crime, Drama",,
Blasted,(2022),TV-MA,114 min,"Action, Comedy, Sci-Fi",4.800000190734863,"1,956"
Kotaro Lives Alone,(2022– ),TV-14,27 min,"Animation, Comedy, Drama",8.399999618530273,"2,626"
Power Rangers Dino Charge,(2015–2016),TV-Y7,21 min,"Action, Adventure, Family",6.400000095367432,"1,398"
The Upshaws,(2021– ),TV-14,30 min,"Comedy, Family",6.800000190734863,"2,767"
She's Gotta Have It,(2017–2019),TV-MA,30 min,Comedy,6.800000190734863,"4,751"
Cheer,(2020–2022),TV-MA,60 min,"Documentary, Sport",8.100000381469727,"6,381"
Conversations with a Killer: The John Wayne Gacy Tapes,(2022),TV-MA,183 min,"Documentary, Biography, Crime",7.099999904632568,"7,512"
Bling Empire,(2021– ),TV-MA,38 min,Reality-TV,5.800000190734863,"3,136"
Sick Note,(2017–2018),TV-MA,30 min,"Comedy, Crime",6.800000190734863,"7,690"
Retribution,(2016),TV-MA,231 min,"Drama, Mystery, Thriller",7.0,"8,444"
Tabula Rasa,(2017),TV-MA,60 min,"Drama, Horror, Thriller",8.0,"10,500"
"Espejo, Espejo",(2022),,79 min,Comedy,5.400000095367432,218
BRZRKR,,,,"Action, Adventure, Drama",,
Altrimenti ci arrabbiamo,(2022),,90 min,"Action, Comedy",2.9000000953674316,822
Power Rangers Ninja Steel,(2017–2018),TV-Y7,21 min,"Action, Adventure, Drama",5.800000190734863,932
Is It Cake?,(2022– ),TV-PG,40 min,Reality-TV,5.699999809265137,"2,602"
Hell Is Other People,(2019– ),,60 min,"Crime, Horror, Mystery",7.800000190734863,"4,877"
Backpackers,(2022),TV-MA,96 min,"Comedy, Romance",5.699999809265137,"2,616"
The 8th Night,(2021),TV-MA,115 min,"Horror, Thriller",5.300000190734863,"3,471"
Sonic Boom,(2014–2017),TV-Y7,11 min,"Animation, Short, Action",6.800000190734863,"6,321"
Carmen Sandiego,(2019–2021),TV-Y7-FV,22 min,"Animation, Action, Adventure",7.900000095367432,"5,857"
The Taming of the Shrewd,(II) (2022),TV-MA,112 min,"Comedy, Romance",4.5,906
Seal Team,(2021),TV-Y7,101 min,"Animation, Action, Comedy",5.5,"1,430"
Voice,(2017–2021),TV-14,60 min,"Action, Crime, Mystery",7.599999904632568,"2,076"
The Frankenstein Chronicles,(2015–2017),TV-MA,48 min,"Crime, Drama, Fantasy",7.199999809265137,"11,715"
Ip Man 3,(2015),PG-13,105 min,"Action, Biography, Drama",7.0,"55,640"
Cobalt Blue,(II) (2022),TV-MA,112 min,"Drama, Romance",6.5,"1,763"
Blue Miracle,(2021),TV-PG,95 min,"Adventure, Biography, Drama",6.599999904632568,"6,955"
The Tale of Nokdu,(2019),,30 min,"Action, Comedy, History",7.800000190734863,"1,298"
"Crouching Tiger, Hidden Dragon: Sword of Destiny",(2016),PG-13,96 min,"Action, Adventure, Drama",6.099999904632568,"19,675"
She Was Pretty,(2015),,60 min,"Comedy, Romance",7.599999904632568,"5,035"
Bad Blood,(2017–2018),TV-MA,47 min,"Crime, Drama",7.5,"9,989"
Fast & Furious Spy Racers,(2019–2021),TV-Y7-FV,23 min,"Animation, Action, Adventure",5.800000190734863,"1,491"
Love Alarm,(2019–2021),TV-MA,50 min,"Comedy, Drama, Romance",6.800000190734863,"5,749"
Vanquish,(2021),R,94 min,"Action, Thriller",2.799999952316284,"4,418"
Ghost in the Shell: Stand Alone Complex,(2002–2005),TV-MA,24 min,"Animation, Action, Crime",8.5,"19,764"
Sandy Wexler,(2017),TV-14,130 min,Comedy,5.199999809265137,"17,257"
Extinct,(2021),TV-Y7,84 min,"Animation, Adventure, Comedy",5.400000095367432,"2,703"
Looking Glass,(I) (2018),R,103 min,"Mystery, Thriller",4.599999904632568,"7,037"
The Coldest Game,(2019),TV-MA,102 min,"History, Sport, Thriller",6.199999809265137,"10,990"
Memories of the Alhambra,(2018–2019),TV-MA,60 min,"Drama, Romance, Sci-Fi",7.800000190734863,"5,723"
6 Below: Miracle on the Mountain,(2017),PG-13,98 min,"Biography, Drama, Sport",5.699999809265137,"7,648"
King of Stonks,(2022),TV-MA,280 min,"Comedy, Drama, Thriller",6.599999904632568,"1,075"
I Am the Pretty Thing That Lives in the House,(2016),,89 min,"Drama, Horror, Mystery",4.599999904632568,"14,773"
Kipo and the Age of Wonderbeasts,(2020),TV-Y7,24 min,"Animation, Action, Adventure",8.300000190734863,"5,863"
Hellsing,(2001–2002),TV-MA,23 min,"Animation, Action, Fantasy",7.800000190734863,"16,481"
The Breadwinner,(2017),PG-13,94 min,"Animation, Drama, Family",7.699999809265137,"25,472"
Blood & Water,(2020– ),TV-MA,53 min,"Drama, Mystery",6.599999904632568,"3,180"
Biohackers,(2020– ),TV-MA,44 min,"Drama, Sci-Fi, Thriller",6.800000190734863,"9,835"
Dilwale,(2015),Not Rated,158 min,"Action, Comedy, Drama",5.0,"34,990"
My Next Guest Needs No Introduction with David Letterman,(2018– ),TV-MA,60 min,Talk-Show,7.800000190734863,"5,702"
AlRawabi School for Girls,(2021–2022),TV-14,291 min,Drama,7.400000095367432,"6,061"
Lovestruck in the City,(2020– ),TV-14,30 min,"Drama, Romance",7.599999904632568,"2,564"
How to Become a Tyrant,(2021– ),TV-14,,"Documentary, Biography, History",7.400000095367432,"8,866"
Bulgasal,(2021– ),,60 min,"Drama, Fantasy, Thriller",7.300000190734863,"2,280"
Dragon's Lair: The Movie,,,,"Animation, Action, Adventure",,
Tramps,(2016),,82 min,"Adventure, Romance",6.5,"5,721"
I Lost My Body,(2019),TV-MA,81 min,"Animation, Drama, Fantasy",7.5,"32,912"
Gantz: O,(2016),,95 min,"Animation, Action, Drama",7.099999904632568,"15,141"
My Father's Dragon,(2022),PG,99 min,"Animation, Adventure, Comedy",,
The Dating Game,,,,"Crime, Drama, Mystery",,
The Big Show Show,(2020),TV-G,,Comedy,6.300000190734863,"2,464"
Next Door,(2005),Unrated,75 min,"Horror, Mystery, Thriller",6.400000095367432,"10,015"
SKY Castle,(2018–2019),,75 min,"Drama, Mystery",8.600000381469727,"3,154"
How I Became a Super Hero,(2020),TV-MA,97 min,"Action, Adventure, Comedy",5.800000190734863,"5,337"
Conversations with a Killer: The Ted Bundy Tapes,(2019),TV-MA,236 min,"Documentary, Biography, Crime",7.699999809265137,"29,416"
Are You the One?,(2014– ),TV-14,41 min,"Game-Show, Reality-TV, Romance",6.5,"2,576"
Dive Club,(2021– ),TV-PG,27 min,"Adventure, Drama, Family",6.199999809265137,912
The Stand In,(2020),R,101 min,"Comedy, Drama",4.699999809265137,"3,532"
The Ultimatum: Marry or Move On,(2022– ),TV-MA,60 min,Reality-TV,5.400000095367432,"1,889"
The Chronicles of Narnia: The Silver Chair,,,,"Adventure, Fantasy",,
Scissor Seven,(2018– ),TV-14,13 min,"Animation, Action, Adventure",8.399999618530273,"2,974"
Seaspiracy,(2021),TV-14,89 min,"Documentary, Adventure",8.100000381469727,"30,963"
The Circle,(2020– ),TV-MA,48 min,"Game-Show, Reality-TV",7.300000190734863,"7,026"
Bad and Crazy,(2021–2022),,70 min,"Action, Comedy, Crime",8.0,"1,958"
Exception,(2022– ),TV-MA,,"Animation, Drama, Horror",,
Sunny,(2011),PG-13,124 min,"Comedy, Drama",7.800000190734863,"5,963"
Rebecka Martinsson,(2017– ),Not Rated,45 min,"Crime, Drama, Mystery",7.099999904632568,"2,835"
Halo 4: Forward Unto Dawn,(2012),Not Rated,100 min,"Action, Sci-Fi, Thriller",6.699999809265137,"24,917"
The King's Avatar,(2019),,45 min,"Action, Adventure",8.199999809265137,"1,191"
Chewing Gum,(2015–2017),TV-MA,23 min,Comedy,7.699999809265137,"9,555"
The Unlikely Murderer,(2021),TV-MA,228 min,"Crime, Drama",7.0,"4,264"
The Saint,(2017 TV Movie),Not Rated,91 min,"Action, Adventure, Crime",4.900000095367432,"6,786"
Earwig and the Witch,(2020 TV Movie),PG,82 min,"Animation, Adventure, Family",4.800000190734863,"4,386"
Resident Evil: Infinite Darkness,(2021– ),TV-MA,26 min,"Animation, Action, Horror",5.699999809265137,"10,700"
Monster,(II) (2018),Unrated,98 min,"Crime, Drama",6.5,"5,890"
Last Chance U,(2016–2020),TV-MA,55 min,"Documentary, Sport",8.399999618530273,"6,962"
DC Super Hero Girls,(2019– ),TV-PG,11 min,"Animation, Action, Adventure",7.099999904632568,"1,338"
Alex Strangelove,(2018),TV-MA,99 min,"Comedy, Drama, Romance",6.300000190734863,"17,989"
You Are SO Not Invited to My Bat Mitzvah!,,,,Comedy,,
The Other Side of the Wind,(2018),R,122 min,Drama,6.699999809265137,"7,370"
Day of the Dead: Bloodline,(2017),R,90 min,"Action, Drama, Horror",3.4000000953674316,"12,043"
Jigsaw,(2022– ),,,"Action, Crime, Drama",,
Afro Samurai,(2007),TV-MA,26 min,"Animation, Action, Adventure",7.599999904632568,"16,823"
The Octonauts,(2010– ),TV-Y,11 min,"Animation, Adventure, Comedy",7.599999904632568,"1,121"
Women of the Night,(2019–2020),,47 min,"Crime, Drama",6.300000190734863,907
Trollhunters: Rise of the Titans,(2021),TV-Y7,104 min,"Animation, Action, Adventure",6.599999904632568,"4,970"
Masaba Masaba,(2020– ),TV-MA,50 min,"Comedy, Drama",6.699999809265137,"2,138"
Equinox,(2020),TV-MA,43 min,"Drama, Fantasy, Mystery",6.099999904632568,"7,027"
Radium Girls,(2018),Not Rated,102 min,"Drama, History",6.199999809265137,"1,907"
The Quake,(2018),PG-13,106 min,"Action, Drama, Thriller",6.199999809265137,"12,293"
Rurouni Kenshin: Final Chapter Part I - The Final,(2021),TV-MA,138 min,"Action, Drama",7.199999809265137,"8,828"
Cracow Monsters,(2022– ),TV-MA,60 min,"Adventure, Drama, Fantasy",5.5,"1,807"
The Lovebirds,(2020),R,86 min,"Action, Comedy, Crime",6.099999904632568,"26,168"
Moriarty the Patriot,(2020– ),TV-14,,"Animation, Crime, History",8.0,"2,554"
First They Killed My Father,(2017),TV-MA,136 min,"Biography, Drama, History",7.099999904632568,"18,547"
Puella Magi Madoka Magica,(2011),TV-14,24 min,"Animation, Drama, Fantasy",8.199999809265137,"9,674"
Ngeri-Ngeri Sedap,(2022),,114 min,"Comedy, Drama",8.5,778
"Berlin, I Love You",(2019),R,120 min,"Drama, Romance",4.599999904632568,"3,433"
Zeitgeist,(2007 Video),Not Rated,118 min,"Documentary, History",8.100000381469727,"49,587"
Otherhood,(2019),R,100 min,Comedy,6.099999904632568,"11,393"
Mystery Science Theater 3000,(2017–2022),TV-14,90 min,"Comedy, Drama, Horror",8.100000381469727,"3,721"
100 Days My Prince,(2018),,75 min,"Action, Comedy, History",7.699999809265137,"2,250"
Gentefied,(2020–2021),TV-MA,,Comedy,7.400000095367432,"2,769"
Million Dollar Arm,(2014),PG,124 min,"Biography, Drama, Sport",7.0,"46,153"
The Naked Director,(2019– ),TV-MA,48 min,"Biography, Drama",7.699999809265137,"6,226"
Someone Has to Die,(2020),TV-MA,149 min,"Crime, Drama, Thriller",6.300000190734863,"4,938"
Damsel,(2023),,,"Adventure, Fantasy",,
13th,(2016),TV-MA,100 min,"Documentary, Crime, History",8.199999809265137,"35,589"
Sniper: Ghost Shooter,(2016 Video),R,99 min,"Action, Drama, Thriller",5.400000095367432,"4,147"
Unit 42,(2017– ),,52 min,"Crime, Drama, Thriller",6.900000095367432,"2,473"
The Mercy,(2018),Not Rated,112 min,"Adventure, Biography, Drama",6.0,"8,688"
6 Years,(2015),Not Rated,79 min,"Drama, Romance",5.5,"12,684"
Wolfblood,(2012–2017),TV-PG,30 min,"Family, Fantasy",7.400000095367432,"3,639"
Rurôni Kenshin: Sai shûshô - The Beginning,(2021),TV-MA,137 min,"Action, Adventure, Drama",7.400000095367432,"8,546"
The Last Czars,(2019),TV-MA,45 min,"Documentary, Drama, History",7.300000190734863,"8,408"
Rainbow,(2022),,117 min,Drama,,
British Men Behaving Badly,(1992–2014),,45 min,Comedy,7.699999809265137,"8,225"
My ID Is Gangnam Beauty,(2018),,60 min,"Comedy, Romance",7.400000095367432,"4,219"
Charming,(2018),TV-Y7,85 min,"Animation, Adventure, Comedy",5.599999904632568,"3,566"
Minnal Murali,(2021),TV-14,158 min,"Action, Adventure, Comedy",7.900000095367432,"29,324"
Life's Too Short,(2011–2013),TV-MA,30 min,Comedy,7.5,"15,741"
Black Island,(2021 TV Movie),TV-MA,104 min,"Drama, Mystery, Thriller",5.199999809265137,"2,854"
Transformers: War for Cybertron Trilogy,(2020–2021),TV-Y7,30 min,"Animation, Action, Adventure",7.300000190734863,"3,660"
White Snake 2: Green Snake,(2021),,131 min,"Animation, Action, Adventure",6.800000190734863,"2,536"
Super Crooks,(2021– ),TV-MA,30 min,"Animation, Action, Adventure",7.099999904632568,"2,410"
My Best Friend Anne Frank,(2021),TV-14,103 min,Drama,6.199999809265137,"4,276"
Jeffrey Epstein: Filthy Rich,(2020),TV-MA,227 min,"Documentary, Crime",7.099999904632568,"24,527"
"Love, Guaranteed",(2020),TV-PG,90 min,"Comedy, Romance",5.599999904632568,"17,543"
Minecraft: Story Mode,(2018),TV-PG,,"Animation, Adventure",5.599999904632568,400
Pacific Rim: The Black,(2021–2022),TV-14,24 min,"Animation, Action, Adventure",7.0,"5,320"
Operation Christmas Drop,(2020),TV-G,95 min,"Comedy, Family, Romance",5.800000190734863,"11,578"
The Father Who Moves Mountains,(2021),TV-MA,108 min,"Drama, Thriller",5.5,"3,535"
Blue Mountain State: The Rise of Thadland,(2016),R,90 min,"Comedy, Sport",5.699999809265137,"15,853"
Rookie Historian Goo Hae-Ryung,(2019),,35 min,"Comedy, Drama, History",8.100000381469727,"2,152"
Deadman Wonderland,(2011),TV-MA,24 min,"Animation, Action, Drama",7.099999904632568,"10,728"
Sniper: Assassin's End,(2020 Video),R,95 min,"Action, Thriller",5.300000190734863,"3,207"
Lunatics,(2019),TV-MA,35 min,Comedy,6.5,"3,224"
Pom Poko,(1994),PG,119 min,"Animation, Comedy, Drama",7.300000190734863,"30,155"
Aunty Donna's Big Ol' House of Fun,(2020– ),TV-MA,20 min,Comedy,7.900000095367432,"6,468"
Anxious People,(2021),TV-MA,171 min,"Comedy, Crime, Drama",6.800000190734863,"4,086"
Abyss,(2019),TV-14,60 min,"Crime, Fantasy, Romance",7.099999904632568,"2,446"
Triple Threat,(2019),R,96 min,"Action, Thriller",5.599999904632568,"11,511"
Ghost Wars,(2017–2018),TV-14,60 min,"Drama, Fantasy, Horror",6.199999809265137,"5,019"
Ashes of Love,(2018),,45 min,"Comedy, Fantasy, Romance",8.300000190734863,"2,076"
The Bride of Habaek,(2017),,70 min,"Comedy, Fantasy, Romance",6.900000095367432,"2,924"
Down to Earth with Zac Efron,(2020– ),TV-PG,,"Documentary, History, Reality-TV",8.0,"6,690"
Neumatt,(2021– ),TV-MA,45 min,Drama,6.900000095367432,693
Rust Valley Restorers,(2018– ),TV-14,38 min,Documentary,7.699999809265137,"2,958"
Eat the Rich: The GameStop Saga,(2022),,,Documentary,,
Bleach,(2018),TV-14,108 min,"Action, Adventure, Fantasy",6.300000190734863,"11,766"
Observe and Report,(2009),R,86 min,"Comedy, Crime, Drama",5.699999809265137,"63,494"
Live Up to Your Name,(2017),,60 min,"Drama, Fantasy, Romance",8.0,"1,383"
Shaman King,(2021–2022),TV-PG,23 min,"Animation, Action, Adventure",7.0,"1,839"
Club de Cuervos,(2015– ),TV-MA,40 min,"Comedy, Drama",8.199999809265137,"5,646"
The Girl on the Train,(2021),TV-MA,120 min,"Crime, Drama, Mystery",4.400000095367432,"14,592"
A Man in Full,,,,Drama,,
The Fame Game,(2022– ),TV-MA,45 min,"Drama, Mystery, Thriller",6.699999809265137,"21,640"
The Keepers,(II) (2017),TV-MA,436 min,"Documentary, Crime, Mystery",8.100000381469727,"22,519"
Queen,(2022),TV-MA,200 min,Drama,7.099999904632568,"1,240"
Those Who Read the Hearts of Evil,(2022– ),,,"Crime, Drama, Mystery",8.100000381469727,444
Power Rangers Beast Morphers,(2019–2020),TV-Y7,21 min,"Action, Adventure, Comedy",6.5,616
Damascus Cover,(2017),R,93 min,"Mystery, Thriller",5.300000190734863,"3,023"
Dirty Lines,(2022– ),TV-MA,45 min,"Drama, History",7.400000095367432,"2,051"
The Time in Between,(2013–2014),,853 min,"Adventure, Drama, History",8.300000190734863,"4,258"
Double World,(2020),,110 min,"Action, Adventure, Fantasy",6.099999904632568,"4,245"
Cathedral of the Sea,(2018),TV-MA,55 min,"Drama, History",7.400000095367432,"4,567"
Untitled Kanye West Documentary,(2022),TV-MA,90 min,"Documentary, Music",8.0,"8,984"
Pee-wee's Big Holiday,(2016),TV-PG,90 min,"Comedy, Family",6.099999904632568,"8,125"
Untold: Breaking Point,(2021),TV-MA,68 min,"Documentary, Sport",7.599999904632568,"2,865"
One Spring Night,(2019),,35 min,"Drama, Romance",7.900000095367432,"2,726"
The After Party,(I) (2018),Not Rated,120 min,"Comedy, Music",5.699999809265137,"4,457"
The Wasteland,(2021),TV-MA,92 min,"Drama, Horror, Mystery",4.599999904632568,"4,198"
Berserk: The Golden Age Arc I - The Egg of the King,(2012),TV-MA,76 min,"Animation, Action, Adventure",7.5,"12,797"
A Kidnapping Scandal: The Florence Cassez Affair,(2022),TV-MA,287 min,"Documentary, Crime",7.099999904632568,274
Trese,(2021– ),TV-MA,33 min,"Animation, Action, Adventure",7.0,"3,947"
Animal Crackers,(2017),TV-Y7,105 min,"Animation, Adventure, Comedy",5.800000190734863,"3,501"
Night in Paradise,(2020),TV-MA,131 min,"Action, Crime, Drama",6.699999809265137,"6,998"
Don't Blame Karma!,(2022),TV-MA,85 min,"Comedy, Romance",4.599999904632568,598
After Porn Ends,(2012),Not Rated,94 min,Documentary,5.699999809265137,"7,923"
Ghoul,(2018),TV-MA,45 min,"Drama, Fantasy, Horror",7.0,"14,055"
The Dawn Wall,(2017),Not Rated,100 min,"Documentary, Biography, Sport",8.100000381469727,"19,774"
I'm Not a Robot,(2017–2018),TV-14,35 min,"Comedy, Romance, Sci-Fi",8.0,"5,472"
King Cobra,(2016),Not Rated,91 min,"Crime, Drama",5.599999904632568,"9,115"
What Keeps You Alive,(2018),R,98 min,"Horror, Thriller",5.699999809265137,"8,784"
The Way of the Househusband,(2021– ),TV-14,16 min,"Animation, Action, Comedy",7.300000190734863,"4,437"
Earthquake Bird,(2019),R,107 min,"Crime, Drama, Mystery",5.900000095367432,"14,672"
The Perfumier,(2022),TV-MA,96 min,"Crime, Drama, Thriller",3.799999952316284,297
B*A*P*S,(1997),PG-13,91 min,Comedy,4.599999904632568,"5,488"
Message from the King,(2016),R,102 min,"Action, Crime, Drama",6.400000095367432,"16,665"
How to Plan an Orgy in a Small Town,(2015),TV-MA,101 min,"Comedy, Drama",5.400000095367432,"3,352"
Racing Stripes,(2005),PG,102 min,"Adventure, Comedy, Drama",5.199999809265137,"17,338"
After Porn Ends 2,(2017),TV-MA,90 min,Documentary,5.5,"2,654"
Players,(2022),,,"Comedy, Romance",,
Silver Skates,(2020),TV-MA,130 min,"Adventure, Drama, Family",7.099999904632568,"6,097"
Zach Stone Is Gonna Be Famous,(2013),TV-14,21 min,Comedy,8.300000190734863,"3,825"
Yasuke,(2021– ),TV-MA,30 min,"Animation, Action, Adventure",6.199999809265137,"5,308"
Ocean Waves,(1993 TV Movie),PG-13,76 min,"Animation, Drama, Romance",6.599999904632568,"17,307"
The Trials of Gabriel Fernandez,(2020),TV-MA,331 min,"Documentary, Crime",8.100000381469727,"11,687"
Married to Medicine,(2013– ),TV-14,43 min,Reality-TV,5.5,403
The Returned,(2015),TV-14,42 min,"Drama, Fantasy, Horror",7.0,"11,908"
Gore,,,,Drama,,
Haters Back Off!,(2016–2017),TV-14,30 min,"Comedy, Drama, Family",5.900000095367432,"7,335"
Glitch,(2022– ),,60 min,"Comedy, Mystery, Sci-Fi",,
Tower of God,(2020),TV-14,23 min,"Animation, Action, Adventure",7.699999809265137,"5,679"
Irish Wish,,,,"Comedy, Fantasy, Romance",,
Fullmetal Alchemist: Final Transmutation,(2022),,142 min,"Action, Adventure, Fantasy",5.699999809265137,65
Balls Out,(2014),R,100 min,"Comedy, Sport",4.300000190734863,"1,482"
Uncorked,(I) (2020),TV-MA,104 min,Drama,6.400000095367432,"5,771"
Berserk: The Golden Age Arc III - The Advent,(2013),Not Rated,110 min,"Animation, Action, Adventure",7.800000190734863,"10,365"
Point Blank,(2019),TV-MA,86 min,"Action, Crime, Drama",5.699999809265137,"14,514"
Det som göms i snö,(2018– ),TV-14,43 min,"Crime, Drama, Mystery",7.400000095367432,"2,938"
My Secret Romance,(2017),TV-14,47 min,"Comedy, Romance",7.099999904632568,"3,549"
The A List,(2018–2021),TV-14,25 min,"Crime, Drama, Mystery",5.400000095367432,"2,968"
Making Fun,(2022– ),,,Reality-TV,7.099999904632568,628
Private Life,(2018),R,123 min,"Comedy, Drama",7.199999809265137,"19,832"
Acrimony,(2018),R,120 min,"Horror, Romance, Thriller",5.800000190734863,"8,922"
Mark Felt: The Man Who Brought Down the White House,(2017),PG-13,103 min,"Biography, Drama, History",6.400000095367432,"13,586"
Like Father,(2018),TV-MA,98 min,"Comedy, Drama",6.099999904632568,"21,599"
The Bastard Son & The Devil Himself,(2021– ),,60 min,"Action, Adventure, Drama",,
Other People,(I) (2016),Unrated,97 min,"Comedy, Drama",6.800000190734863,"11,552"
Anne+,(2021),,94 min,Drama,6.099999904632568,"1,565"
Fire with Fire,(II) (2012),R,97 min,"Action, Thriller",5.599999904632568,"26,737"
The Salisbury Poisonings,(2020),TV-14,58 min,"Drama, History, Thriller",7.199999809265137,"6,458"
Slugterra,(2012–2016),TV-Y7,22 min,"Animation, Action, Adventure",6.900000095367432,"1,707"
Article 15,(2019),Not Rated,130 min,"Crime, Drama, Mystery",8.199999809265137,"33,653"
Touch Your Heart,(2019),,60 min,"Comedy, Romance",7.599999904632568,"3,423"
Steins;Gate 0,(2018),TV-14,30 min,"Animation, Drama, Mystery",8.399999618530273,"9,123"
Lawless Lawyer,(2018),,60 min,"Action, Drama, Thriller",7.599999904632568,"1,898"
In Good Hands,(2022),TV-MA,104 min,"Comedy, Drama, Romance",5.599999904632568,"2,910"
Rosario + Vampire,(2008),TV-14,25 min,"Animation, Comedy, Fantasy",6.900000095367432,"3,205"
Mine,(2021– ),,70 min,"Drama, Mystery",7.699999809265137,"1,260"
Celeste & Jesse Forever,(2012),R,92 min,"Comedy, Drama, Romance",6.599999904632568,"31,753"
The Last Bus,(2022– ),TV-Y7,35 min,"Adventure, Comedy, Drama",5.099999904632568,640
Cinderella and the Four Knights,(2016),,60 min,"Comedy, Romance",7.400000095367432,"4,088"
Champions,(2018),TV-14,30 min,Comedy,6.0,"3,940"
Lockwood & Co,(2023– ),,60 min,"Action, Adventure, Drama",,
Summertime,(2020–2022),TV-MA,40 min,"Drama, Romance",6.099999904632568,"2,806"
School Tales the Series,(2022),TV-MA,384 min,"Horror, Mystery",5.199999809265137,391
"Oh, Ramona!",(2019),,109 min,"Comedy, Romance",4.800000190734863,"9,010"
The World's Finest Assassin Gets Reincarnated in Another World as an Aristocrat,(2021– ),TV-14,24 min,"Animation, Action, Fantasy",7.400000095367432,"1,955"
The Liberator,(2020– ),TV-MA,,"Animation, Action, Drama",7.599999904632568,"6,233"
The World's Most Amazing Vacation Rentals,(2021– ),TV-PG,,Reality-TV,6.699999809265137,"1,383"
System Crasher,(2019),,125 min,Drama,7.800000190734863,"13,039"
SPF-18,(2017),PG-13,75 min,"Drama, Romance, Sport",3.200000047683716,"5,270"
The Rational Life,(2021– ),,45 min,"Drama, Romance",8.100000381469727,509
Bad Vegan: Fame. Fraud. Fugitives.,(2022),TV-MA,209 min,"Documentary, Crime",5.900000095367432,"6,759"
A Tale Dark & Grimm,(2021– ),TV-Y7,26 min,"Animation, Action, Adventure",7.300000190734863,"1,421"
Sharknado 4: The 4th Awakens,(2016 TV Movie),TV-14,95 min,"Action, Adventure, Comedy",3.799999952316284,"8,319"
Code Lyoko,(2003–2007),TV-Y7,26 min,"Animation, Action, Adventure",7.300000190734863,"5,245"
Contracted,(2013),Not Rated,84 min,"Drama, Horror, Thriller",5.300000190734863,"15,396"
The Empress Ki,(2013–2014),,,"Action, Drama, History",8.399999618530273,"2,791"
Unicorn Store,(2017),TV-PG,92 min,"Comedy, Drama, Fantasy",5.599999904632568,"19,572"
Snowflake Mountain,(2022– ),TV-MA,40 min,Reality-TV,5.400000095367432,"1,364"
Marfa Girl,(2012),Unrated,105 min,Drama,5.199999809265137,"1,695"
Back in Action,,,,"Action, Comedy",,
The Beyond,(2017),TV-14,103 min,"Drama, Sci-Fi",4.900000095367432,"6,387"
XX,(2017),R,80 min,Horror,4.599999904632568,"11,864"
The Prince,(I) (2014),R,93 min,"Action, Thriller",4.599999904632568,"18,577"
Do Do Sol Sol La La Sol,(2020),,60 min,"Comedy, Drama, Music",7.300000190734863,"1,656"
When They Cry,(2006),TV-MA,24 min,"Animation, Drama, Horror",7.900000095367432,"5,731"
Ghost Stories,(2020),TV-MA,144 min,"Horror, Thriller",4.400000095367432,"5,339"
Unstoppable,(2020– ),,43 min,"Comedy, Drama",7.199999809265137,969
Riverdance: The Animated Adventure,(2021),TV-G,90 min,"Animation, Adventure, Comedy",5.5,"1,915"
The Final Girl,(2010),TV-MA,80 min,Drama,3.5,307
Steve Martin and Martin Short: An Evening You Will Forget for the Rest of Your Life,(2018 TV Special),TV-14,74 min,Comedy,7.099999904632568,"2,741"
Plan A Plan B,(2022),,105 min,"Comedy, Romance",,
Hey Duggee,(2014– ),TV-Y,7 min,"Animation, Comedy, Family",8.899999618530273,"1,141"
V/H/S Viral,(2014),R,81 min,"Horror, Thriller",4.199999809265137,"17,014"
Stalked by My Doctor,(2015 TV Movie),TV-14,88 min,Thriller,5.400000095367432,"1,656"
Fate/stay night [Unlimited Blade Works],(2014–2015),TV-14,24 min,"Animation, Action, Adventure",8.0,"7,896"
1983,(2018),TV-MA,60 min,"Crime, Drama, Thriller",6.699999809265137,"4,208"
Clarence,(2013–2018),TV-PG,23 min,"Animation, Short, Adventure",6.699999809265137,"9,819"
Debt Collectors,(2020),,97 min,"Action, Comedy",5.800000190734863,"4,467"
An Inconvenient Truth,(2006),PG,96 min,"Documentary, News",7.400000095367432,"83,432"
Finding Ola,(2022– ),TV-14,52 min,"Comedy, Drama",7.5,"1,677"
The Defiant Ones,(2017),TV-MA,60 min,"Documentary, Biography, Crime",8.5,"14,696"
The Life Ahead,(2020),PG-13,94 min,Drama,6.800000190734863,"14,298"
Don't Kill Me,(2021),TV-MA,90 min,"Fantasy, Horror, Romance",4.300000190734863,"1,883"
The Perfect Family,(2021),TV-MA,110 min,Comedy,5.300000190734863,"2,256"
Jingle Jangle: A Christmas Journey,(2020),PG,122 min,"Family, Fantasy, Musical",6.400000095367432,"18,518"
Dry Martina,(2018),,95 min,"Comedy, Drama",5.800000190734863,"1,017"
Sentinelle,(2021),TV-MA,80 min,"Action, Crime, Drama",4.699999809265137,"7,926"
DreamWorks Dragons,(2012–2014),TV-Y7,22 min,"Animation, Action, Adventure",7.900000095367432,"11,561"
Scum's Wish,(I) (2017),TV-MA,22 min,"Animation, Drama, Romance",6.800000190734863,"1,943"
Ghost Doctor,(2022– ),,60 min,"Comedy, Fantasy, Romance",7.900000095367432,"1,361"
Joshua,(2007),R,106 min,"Drama, Horror, Thriller",5.800000190734863,"12,896"
Owari no serafu,(2015),TV-14,24 min,"Animation, Action, Adventure",7.5,"5,496"
Down a Dark Hall,(2018),PG-13,96 min,"Drama, Fantasy, Horror",5.0,"14,368"
Lady Driver,(2020),PG,104 min,Sport,5.699999809265137,"1,597"
Memories of a Murderer: The Nilsen Tapes,(2021),TV-MA,84 min,"Documentary, Biography, Crime",6.300000190734863,"3,549"
The Innocents,(2018),TV-MA,60 min,"Drama, Horror, Mystery",6.199999809265137,"5,884"
Roped,(2020),PG,91 min,"Comedy, Drama, Family",5.400000095367432,"1,489"
3Below: Tales of Arcadia,(2018–2019),TV-Y7-FV,24 min,"Animation, Action, Adventure",7.699999809265137,"6,264"
Richie Rich,(2015),TV-G,22 min,Comedy,3.0999999046325684,"1,101"
Nothing to Hide,(2018),TV-MA,90 min,"Comedy, Drama",6.800000190734863,"15,405"
The Deliverance,,,,"Horror, Thriller",,
Your Place or Mine,(2022),,,"Comedy, Romance",,
Pretend It's a City,(2021),TV-14,203 min,"Documentary, Biography, Comedy",8.100000381469727,"7,460"
Special Forces,(2011),R,109 min,"Action, Drama, War",6.300000190734863,"18,878"
Tell Me Who I Am,(2019),TV-MA,86 min,"Documentary, Drama, Mystery",7.599999904632568,"14,794"
Next Gen,(I) (2018),TV-PG,106 min,"Animation, Action, Adventure",6.599999904632568,"17,664"
The Angel,(2018),TV-MA,114 min,"Action, Biography, Drama",6.599999904632568,"14,291"
From the Dark,(2014),Unrated,90 min,"Horror, Thriller",4.900000095367432,"3,328"
Return to Space,(2022),TV-MA,128 min,Documentary,7.300000190734863,"4,527"
The Stranger,(1946),Passed,95 min,"Crime, Drama, Film-Noir",7.300000190734863,"26,705"
Frequency,(2016–2017),TV-MA,42 min,"Drama, Fantasy, Mystery",7.400000095367432,"13,862"
The Hunting,(2019),,,Drama,7.199999809265137,800
The Bletchley Circle: San Francisco,(2018),TV-14,45 min,"Crime, Drama, History",6.800000190734863,"2,583"
Happy as Lazzaro,(2018),PG-13,128 min,"Drama, Fantasy, Mystery",7.5,"18,327"
Baby Fever,(2022– ),TV-MA,30 min,"Comedy, Drama, Romance",6.5,712
Blown Away,(2019– ),TV-PG,23 min,Reality-TV,7.099999904632568,"3,350"
American Factory,(2019),TV-14,110 min,Documentary,7.400000095367432,"21,972"
Your Name Engraved Herein,(2020),Not Rated,118 min,"Drama, Romance",7.199999809265137,"6,194"
A Babysitter's Guide to Monster Hunting,(2020),TV-PG,98 min,"Comedy, Family, Fantasy",5.400000095367432,"4,238"
The Bling Ring,(2022),TV-MA,65 min,"Documentary, Crime, History",5.599999904632568,226
"Web of Make Believe: Death, Lies and the Internet",(2022– ),TV-MA,60 min,"Documentary, Crime",6.400000095367432,"1,705"
Yeh Meri Family,(2018),TV-14,30 min,"Comedy, Drama, Family",9.100000381469727,"23,865"
Assassin's Creed,,TV-14,,"Action, Adventure, Drama",,
Untitled Netflix Romcom,,,,"Comedy, Romance",,
Blue Jay,(I) (2016),Unrated,80 min,"Drama, Romance",7.199999809265137,"17,735"
Meltdown: Three Mile Island,(2022),TV-14,172 min,"Documentary, History",6.800000190734863,"3,836"
Acts of Violence,(2018),R,86 min,"Action, Crime, Thriller",5.300000190734863,"12,447"
A Suitable Boy,(2020),TV-14,60 min,"Drama, Romance",6.0,"5,327"
Mongol: The Rise of Genghis Khan,(2007),R,126 min,"Action, Biography, Drama",7.199999809265137,"46,974"
A 2nd Chance,(2011),PG,90 min,"Adventure, Drama, Family",4.699999809265137,"1,051"
The Out-Laws,(2022),,,"Action, Comedy, Crime",,
Mirai,(2018),PG,98 min,"Animation, Adventure, Drama",7.0,"15,916"
The Ruthless,(2019),TV-MA,111 min,"Crime, Drama",6.199999809265137,"6,331"
Two Is a Family,(2016),,118 min,"Comedy, Drama",7.300000190734863,"26,694"
ARQ,(2016),TV-MA,88 min,"Action, Sci-Fi, Thriller",6.300000190734863,"39,434"
My First First Love,(2019),,50 min,Drama,7.5,"2,333"
Tune in for Love,(2019),,122 min,"Drama, Romance",7.099999904632568,"4,315"
Raat Akeli Hai,(2020),TV-MA,149 min,"Crime, Drama, Mystery",7.199999809265137,"18,239"
Vampires vs. the Bronx,(2020),PG-13,85 min,"Comedy, Horror",5.699999809265137,"10,046"
Sonic X,(2003–2006),TV-Y7,30 min,"Animation, Action, Adventure",6.199999809265137,"4,772"
Jimmy Savile: A British Horror Story,(2022),TV-MA,170 min,"Documentary, Biography, Crime",6.699999809265137,"7,292"
A United Kingdom,(2016),PG-13,111 min,"Biography, Drama, History",6.900000095367432,"16,239"
I.T.,(2016),Not Rated,95 min,"Crime, Drama, Mystery",5.5,"16,145"
The Duchess,(2020),TV-MA,30 min,"Comedy, Drama",6.699999809265137,"5,473"
A California Christmas,(2020),PG-13,106 min,"Comedy, Drama, Romance",5.800000190734863,"9,930"
Jarhead 2: Field of Fire,(2014 Video),R,103 min,"Action, Drama, War",5.400000095367432,"6,110"
Signs,(2018– ),TV-MA,,"Crime, Thriller",6.400000095367432,"1,752"
Dolly Parton's Heartstrings,(2019),TV-14,62 min,"Comedy, Drama, Music",7.5,"2,213"
The Warrior's Way,(2010),R,100 min,"Action, Fantasy, Western",6.199999809265137,"26,488"
Wonder Park,(2019),PG,85 min,"Animation, Adventure, Comedy",5.800000190734863,"12,001"
Video Game High School,(2012–2014),TV-14,42 min,"Action, Romance, Sci-Fi",7.599999904632568,"13,375"
Ghost in the Shell SAC_2045,(2020– ),TV-MA,25 min,"Animation, Action, Crime",6.300000190734863,"2,503"
The Girl from Oslo,(2021– ),,35 min,"Drama, Thriller",6.300000190734863,"3,250"
Mascots,(2016),TV-MA,89 min,Comedy,5.800000190734863,"7,499"
Lady of Steel,(2014–2019),TV-14,,"Crime, Drama, Romance",6.900000095367432,394
Quien a hierro mata,(2019),TV-MA,107 min,"Drama, Thriller",6.599999904632568,"7,759"
Gantz,(2004),TV-MA,22 min,"Animation, Action, Drama",7.199999809265137,"7,933"
Eulachacha Waikiki,(2018–2019),,65 min,"Comedy, Drama",8.199999809265137,"2,323"
BattleBots,(2015– ),,,"Action, Game-Show, Reality-TV",8.0,"1,662"
Rustin,(2023),,,"Biography, Drama, History",,
My Country: The New Age,(2019),,80 min,"Action, Drama, History",8.199999809265137,"1,961"
The Hater,(2020),TV-MA,135 min,"Drama, Thriller",7.099999904632568,"15,306"
Nimona,(2023),,,"Animation, Action, Adventure",,
Tremors II: Aftershocks,(1996 Video),PG-13,100 min,"Action, Comedy, Horror",5.900000095367432,"30,635"
Blackout,(VI) (2022),,91 min,"Action, Crime, Thriller",,
The Machine,(I) (2013),R,91 min,"Action, Drama, Sci-Fi",6.0,"31,332"
Trash Truck,(2020– ),TV-Y,,"Animation, Family",8.5,521
Voyeur,(II) (2017),TV-MA,95 min,"Documentary, Crime",6.099999904632568,"6,266"
Post Mortem: No One Dies in Skarnes,(2021– ),TV-MA,44 min,"Comedy, Drama, Thriller",7.099999904632568,"3,434"
The Noel Diary,(2022),,99 min,"Comedy, Drama, Romance",,
Doom of Love,(2022),TV-14,100 min,"Drama, Romance",4.900000095367432,"1,699"
Requiem,(2018),TV-MA,60 min,"Drama, Fantasy, Mystery",6.400000095367432,"6,717"
Hot Girls Wanted: Turned On,(2017),TV-MA,280 min,Documentary,6.599999904632568,"2,240"
Sam Morril: Same Time Tomorrow,(2022 TV Special),,43 min,Comedy,7.400000095367432,470
Trailer Park Boys: The Animated Series,(2019–2020),TV-MA,25 min,"Animation, Comedy",7.5,"3,061"
Mind Game,(I) (2004),,103 min,"Animation, Adventure, Comedy",7.699999809265137,"9,635"
Zero Chill,(2021),TV-G,35 min,"Comedy, Drama, Family",5.699999809265137,"1,457"
The InBESTigators,(2019– ),,,"Comedy, Crime, Family",8.199999809265137,865
Rosario Tijeras,(2016–2019),,43 min,"Action, Crime, Drama",6.099999904632568,355
Errementari,(2017),TV-MA,98 min,"Adventure, Fantasy, Horror",6.400000095367432,"11,964"
Wizards,(2020),TV-Y7-FV,233 min,"Animation, Action, Adventure",8.100000381469727,"3,797"
Elves,(2021– ),,24 min,"Drama, Fantasy, Horror",5.599999904632568,"4,251"
The Mire,(2018– ),TV-MA,50 min,"Crime, Drama, Thriller",7.0,"4,460"
Swedish Dicks,(2016–2018),TV-MA,30 min,"Comedy, Crime",6.699999809265137,"3,383"
A Very Secret Service,(2015–2018),,26 min,Comedy,7.699999809265137,"3,655"
JJ+E,(2021),TV-14,90 min,"Drama, Romance",5.300000190734863,"1,815"
Ugly,(2013),Not Rated,128 min,"Crime, Drama, Mystery",8.0,"22,068"
Four to Dinner,(2022),TV-MA,105 min,"Comedy, Romance",6.300000190734863,"3,248"
Put Your Head on My Shoulder,(2019),TV-14,45 min,"Comedy, Romance",8.100000381469727,"2,289"
Major Grom: Plague Doctor,(2021),TV-14,136 min,"Action, Crime",6.300000190734863,"12,216"
Palomino,,,,"Action, Adventure, Thriller",,
Gnome Alone,(2017),PG,85 min,"Animation, Adventure, Comedy",5.599999904632568,"3,596"
Sharknado 2: The Second One,(2014 TV Movie),TV-14,95 min,"Action, Adventure, Comedy",4.0,"19,381"
The Inheritance,(I) (2022),,,"Horror, Thriller",,
Edens Zero,(2021– ),TV-14,,"Animation, Action, Adventure",7.199999809265137,"1,437"
I'm No Longer Here,(2019),TV-MA,112 min,Drama,7.300000190734863,"8,099"
Stree,(2018),Not Rated,128 min,"Comedy, Horror",7.5,"33,919"
La Révolution,(2020),TV-14,,"Action, Adventure, Drama",6.599999904632568,"5,696"
Middle School: The Worst Years of My Life,(2016),PG,92 min,"Animation, Comedy, Family",6.0,"9,209"
Zapped,(2014 TV Movie),TV-G,102 min,"Comedy, Family, Fantasy",5.0,"5,519"
Bill Burr: Live at Red Rocks,(2022 TV Special),TV-MA,82 min,"Documentary, Comedy",7.699999809265137,"4,847"
Chosen,(2022),TV-MA,41 min,"Drama, Mystery, Sci-Fi",4.5,"1,324"
Father of the Year,(2018),TV-14,94 min,Comedy,5.199999809265137,"11,676"
Tag,(2015),,85 min,"Action, Drama, Fantasy",6.099999904632568,"7,063"
Toc Toc,(2017),TV-MA,90 min,Comedy,6.800000190734863,"19,253"
Wakfu,(2008–2017),TV-Y7-FV,24 min,"Animation, Action, Adventure",8.100000381469727,"1,549"
Mr. Roosevelt,(2017),R,90 min,Comedy,6.199999809265137,"3,437"
Rape Zombie: Lust of the Dead,(2012),Not Rated,73 min,Horror,3.700000047683716,983
Elvis Presley: The Searcher,(2018),TV-PG,205 min,"Documentary, Biography, Music",7.699999809265137,"2,427"
T-Rex Ranch,(2014– ),,,Family,5.599999904632568,42
Frontera Verde,(2019),,41 min,"Crime, Drama, Thriller",7.199999809265137,"2,590"
The Invisible Guardian,(2017),,129 min,"Crime, Thriller",6.400000095367432,"16,086"
Hope Gap,(2019),PG-13,100 min,"Drama, Romance",6.699999809265137,"5,127"
Sweet Virginia,(2017),R,93 min,"Action, Drama, Thriller",6.199999809265137,"10,866"
Tear Along the Dotted Line,(2021– ),TV-14,20 min,"Animation, Comedy, Drama",8.600000381469727,"8,453"
Dance of the 41,(2020),TV-MA,99 min,"Biography, Drama, History",6.800000190734863,"4,538"
Edge of Fear,(2018),Not Rated,91 min,"Action, Crime, Thriller",4.5,"3,257"
"My Teacher, My Obsession",(2018 TV Movie),TV-14,90 min,"Drama, Thriller",4.400000095367432,"2,407"
Mixtape,(II) (2021),TV-PG,93 min,"Comedy, Drama, Family",6.599999904632568,"3,525"
Holy Family,(2022– ),,,Drama,,
Sextuplets,(2019),TV-14,97 min,Comedy,4.400000095367432,"8,687"
The Good Detective,(2020),,60 min,"Action, Drama, Mystery",7.5,824
Sell Your Haunted House,(2021– ),,65 min,"Comedy, Fantasy, Horror",7.599999904632568,899
An Affair to Die For,(2019),TV-MA,82 min,"Horror, Thriller",4.800000190734863,"2,129"
Fever Dream,(2021),R,93 min,"Drama, Horror, Mystery",5.400000095367432,"2,006"
Florida Man,(2022– ),,,Drama,,
My Daughter's Killer,(2022),TV-MA,83 min,"Documentary, Crime",6.800000190734863,"1,359"
El Dragón: Return of a Warrior,(2019–2020),TV-MA,45 min,"Action, Adventure, Drama",6.800000190734863,"1,894"
David Attenborough: A Life on Our Planet,(2020),PG,83 min,"Documentary, Biography",8.899999618530273,"32,001"
22 Bullets,(2010),Not Rated,117 min,"Action, Crime, Drama",6.599999904632568,"34,971"
Red Dot,(2021),TV-MA,86 min,"Drama, Horror, Thriller",5.5,"13,476"
The Chef Show,(2019– ),TV-14,30 min,Documentary,8.199999809265137,"5,174"
Hamlet,(VIII),,,Comedy,,
Wheelman,(2017),TV-MA,82 min,"Action, Crime, Thriller",6.400000095367432,"20,704"
Midnight Diner: Tokyo Stories,(2016–2019),TV-14,24 min,Drama,8.399999618530273,"4,238"
Ask the StoryBots,(2016–2019),TV-Y,24 min,"Animation, Adventure, Comedy",8.399999618530273,904
The Hookup Plan,(2018–2022),TV-MA,27 min,"Comedy, Romance",7.099999904632568,"5,465"
Winchester '73,(1950),Passed,92 min,"Action, Drama, Western",7.599999904632568,"20,016"
Mother's Love,(2022),TV-MA,110 min,Comedy,5.800000190734863,"2,919"
Hoops,(2020),TV-MA,25 min,"Animation, Comedy, Sport",6.0,"6,367"
The Boss Baby: Back in Business,(2018–2021),TV-Y7,25 min,"Animation, Adventure, Comedy",6.400000095367432,"3,810"
Angels of Death,(2018),TV-14,24 min,"Animation, Adventure, Horror",6.400000095367432,"2,152"
Youth of May,(2021– ),,65 min,"Drama, History, Romance",8.399999618530273,"1,313"
Family Business,(2019–2021),TV-MA,,Comedy,7.400000095367432,"4,180"
Knights of the Zodiac,(1986–1989),TV-PG,24 min,"Animation, Action, Adventure",8.399999618530273,"10,092"
Centaur,(2022),TV-MA,89 min,"Action, Adventure, Crime",5.300000190734863,"1,164"
The Perfect Host,(2010),R,93 min,"Comedy, Crime, Thriller",6.699999809265137,"27,105"
Father Christmas Is Back,(2021),PG-13,105 min,Comedy,4.5,"5,701"
Out of My League,(2020),TV-MA,91 min,"Comedy, Drama, Romance",6.099999904632568,"2,856"
Think Like a Dog,(2020),PG,91 min,"Comedy, Drama, Family",5.099999904632568,"1,838"
W/Bob and David,(2015),TV-MA,30 min,Comedy,7.300000190734863,"4,363"
Mieruko-chan,(2021– ),TV-14,24 min,"Animation, Comedy, Fantasy",7.199999809265137,"1,647"
The Irregular at Magic High School,(2014– ),TV-14,22 min,"Animation, Action, Drama",7.099999904632568,"3,455"
The Princess Switch 3,(2021),TV-PG,106 min,"Comedy, Drama, Family",5.5,"5,921"
Benji,(I) (2018),TV-PG,87 min,"Crime, Drama, Family",6.300000190734863,"4,861"
Nobody Sleeps in the Woods Tonight 2,(2021),TV-MA,96 min,"Comedy, Horror, Thriller",3.9000000953674316,"3,814"
A Fortunate Man,(2018),TV-14,162 min,"Drama, Romance",7.199999809265137,"6,337"
Ricky Gervais: SuperNature,(2022 TV Special),TV-MA,64 min,Comedy,7.599999904632568,"18,412"
Colin in Black & White,(2021),TV-14,30 min,"Biography, Drama, Sport",5.699999809265137,"7,374"
Órbita 9,(2017),TV-14,95 min,"Drama, Romance, Sci-Fi",5.900000095367432,"7,830"
Violetta,(2012–2015),TV-G,45 min,"Drama, Family, Music",5.099999904632568,"2,489"
Sounds Like Love,(2021),TV-MA,110 min,"Comedy, Music, Romance",5.400000095367432,"2,252"
Homesick,(2015),,106 min,Drama,5.5,"1,470"
Dragon Quest: The Adventure of Dai,(2020– ),,24 min,"Animation, Action, Adventure",8.0,884
Jungle Beat: The Movie,(2020),G,88 min,"Animation, Adventure, Comedy",5.400000095367432,"1,058"
The Trap,(III) (2019),,90 min,Comedy,4.300000190734863,"1,701"
Beef,,,30 min,"Comedy, Drama",,
Haereul poomeun dal,(2012),TV-Y,,"Drama, Fantasy, Romance",8.0,"2,712"
The Crowned Clown,(2019),,80 min,"Drama, History, Romance",8.0,"1,013"
Heaven Official's Blessing,(2020– ),TV-14,,Animation,8.199999809265137,"1,580"
The Trip,(2010–2020),TV-14,172 min,Comedy,8.0,"7,652"
The Devil Inside,(2012),R,83 min,Horror,4.199999809265137,"36,124"
Gate,(2015–2016),TV-14,24 min,"Animation, Action, Adventure",7.5,"3,509"
Kaos,,,60 min,"Comedy, Drama, Fantasy",,
Magic: The Gathering,(2022– ),TV-MA,,"Animation, Action, Adventure",,
Paddleton,(2019),TV-MA,89 min,"Comedy, Drama",7.099999904632568,"13,991"
Bullsh*t the Game Show,(2022– ),TV-14,30 min,"Game-Show, Reality-TV",6.099999904632568,812
Ad Vitam,(2018),,60 min,"Crime, Drama, Mystery",6.300000190734863,"1,737"
Most Dangerous Game,,,,Comedy,,
Headshot,(II) (2016),Not Rated,118 min,"Action, Drama, Thriller",6.300000190734863,"14,960"
Bolívar: Una lucha admirable,(2019),TV-MA,52 min,"Action, Biography, Drama",7.300000190734863,774
Holiday in the Wild,(2019),TV-PG,85 min,"Comedy, Drama, Romance",6.099999904632568,"15,348"
Clean with Passion for Now,(2017–2019),,70 min,"Comedy, Romance",7.0,"1,568"
Rurouni Kenshin: Trust and Betrayal,(1999),TV-MA,118 min,"Animation, Action, Adventure",8.600000381469727,"14,840"
F*ck Love Too,(2022),TV-MA,92 min,"Comedy, Romance",3.799999952316284,"1,142"
Old Enough!,(1990– ),,,Documentary,8.100000381469727,766
Somewhere Between,(2017),TV-14,41 min,"Drama, Mystery, Sci-Fi",6.199999809265137,"6,040"
White Hot: The Rise & Fall of Abercrombie & Fitch,(2022),TV-14,88 min,Documentary,5.699999809265137,"4,453"
Stove League,(2019–2020),,60 min,"Drama, Sport",8.300000190734863,918
Luis Miguel: The Series,(2018–2021),TV-MA,60 min,"Biography, Drama, History",8.0,"4,729"
The Tatami Galaxy,(2010),TV-14,253 min,"Animation, Comedy, Drama",8.399999618530273,"4,167"
Sort Of,(2021– ),TV-MA,30 min,"Comedy, Drama",6.800000190734863,"1,278"
Unrecorded Night,,,,"Drama, Mystery",,
Saving Zoë,(2019),R,95 min,"Crime, Drama, Mystery",5.300000190734863,"2,090"
Hache,(2019–2021),TV-MA,50 min,"Crime, Drama, Thriller",6.5,"1,675"
The Hurricane Heist,(2018),PG-13,103 min,"Action, Adventure, Crime",5.099999904632568,"20,847"
Two,(2021),TV-MA,70 min,"Drama, Mystery, Thriller",4.300000190734863,"4,482"
LBJ,(2016),R,98 min,"Biography, Drama, History",6.5,"6,872"
Yummy,(2019),Not Rated,88 min,"Comedy, Horror",5.900000095367432,"5,264"
Vivy: Fluorite Eye's Song,(2021– ),TV-MA,25 min,"Animation, Action, Adventure",8.100000381469727,"3,128"
The Scorpion King 3: Battle for Redemption,(2012 Video),PG-13,105 min,"Action, Fantasy",3.700000047683716,"8,657"
The Deep,(2015– ),TV-Y7,22 min,"Animation, Action, Adventure",7.800000190734863,698
Dragon's Dogma,(2020– ),TV-MA,,"Animation, Action, Adventure",6.300000190734863,"3,585"
A Christmas Prince,(2017),TV-PG,92 min,"Comedy, Family, Romance",5.800000190734863,"19,687"
Forgiven,(2016),TV-14,79 min,"Drama, Family, Thriller",3.799999952316284,224
How I Fell in Love with a Gangster,(2022),TV-MA,185 min,"Crime, Drama",6.0,"2,350"
The Yin-Yang Master: Dream of Eternity,(2020),PG-13,132 min,"Action, Drama, Fantasy",6.400000095367432,"4,847"
The Lost Pirate Kingdom,(2021– ),TV-MA,43 min,"Documentary, Adventure, Drama",6.599999904632568,"2,880"
The Hard Way,(2019),Not Rated,92 min,"Action, Thriller",4.800000190734863,"3,328"
Unbreakable Kimmy Schmidt: Kimmy vs the Reverend,(2020 TV Movie),TV-14,80 min,"Adventure, Comedy, Mystery",6.900000095367432,"5,514"
Pandora,(2016),Not Rated,136 min,"Action, Drama, Thriller",6.599999904632568,"7,572"
Camp Lazlo!,(2005–2022),TV-Y7,30 min,"Animation, Short, Adventure",6.400000095367432,"9,971"
Halftime,(2022),TV-MA,95 min,"Documentary, Biography, Music",6.5,"4,643"
Word of Honor,(2021– ),TV-14,45 min,"Action, Drama, Fantasy",8.600000381469727,"3,047"
Uglies,,,,"Action, Adventure, Drama",,
Power Rangers Megaforce,(2013–2014),TV-Y7,24 min,"Action, Adventure, Family",5.599999904632568,"1,681"
Catfight,(I) (2016),Not Rated,95 min,"Action, Comedy, Drama",5.900000095367432,"6,477"
My Wonderful Life,(2021),,99 min,"Comedy, Drama, Romance",5.900000095367432,701
When Angels Sleep,(2018),TV-MA,91 min,"Adventure, Drama, Horror",5.5,"3,731"
Copenhagen,(2014),Not Rated,98 min,"Adventure, Drama, Romance",7.0,"13,318"
Tomorrow Is Forever,(1946),Not Rated,104 min,"Drama, Romance, War",7.300000190734863,"2,637"
Fake or Fortune,(2010– ),,63 min,Documentary,8.600000381469727,590
Beauty,(2022),R,95 min,"Drama, Romance",4.0,587
42 Days of Darkness,(2022– ),TV-MA,45 min,"Crime, Drama, Mystery",6.5,"1,200"
Ju-on: Origins,(2020),TV-MA,30 min,"Drama, Horror, Mystery",6.099999904632568,"4,632"
The Scary House,(2020),,100 min,"Horror, Mystery, Thriller",5.400000095367432,"3,943"
Playing with Fire,(2019),TV-MA,43 min,Drama,5.900000095367432,"1,018"
Pets United,(2019),TV-Y7,89 min,"Animation, Adventure, Comedy",3.700000047683716,"2,803"
The Body,(II) (2019),,101 min,"Mystery, Thriller",5.400000095367432,"3,498"
2gether,(2020),,50 min,"Comedy, Drama, Romance",7.699999809265137,"3,556"
The Skin of the Wolf,(2017),TV-14,110 min,Drama,5.800000190734863,"3,155"
"The Mind, Explained",(2019– ),TV-14,20 min,Documentary,8.0,"5,404"
Tales of the City,(1993),Unrated,360 min,"Drama, Mystery, Romance",8.300000190734863,"4,085"
Ravenous,(2017),TV-MA,104 min,"Action, Adventure, Drama",5.800000190734863,"9,349"
Cells at Work!,(2018– ),TV-14,24 min,"Animation, Action, Comedy",7.5,"2,345"
True Memoirs of an International Assassin,(2016),TV-14,98 min,"Action, Comedy, Crime",5.900000095367432,"23,068"
After Porn Ends 3,(2018),TV-MA,86 min,Documentary,5.400000095367432,"1,656"
Justice Served,(2022– ),Unrated,40 min,"Crime, Drama, Thriller",4.699999809265137,460
Happy New Year,(I) (2014),Not Rated,180 min,"Action, Comedy, Crime",4.900000095367432,"37,421"
Palm Trees in the Snow,(2015),,163 min,"Drama, Romance",7.300000190734863,"11,891"
Meenakshi Sundareshwar,(2021),TV-14,140 min,"Comedy, Romance",7.0,"17,592"
Irreplaceable You,(2018),TV-MA,96 min,"Comedy, Drama, Romance",6.400000095367432,"9,740"
I Still See You,(2018),PG-13,98 min,"Fantasy, Horror, Sci-Fi",5.800000190734863,"10,264"
Search: WWW,(2019),,70 min,"Drama, Romance",7.800000190734863,"1,463"
Shock Treatment,(1973),,91 min,"Crime, Drama, Horror",6.099999904632568,"1,535"
Clinical,(2017),,104 min,"Horror, Thriller",5.099999904632568,"8,222"
#BlackAF,(2020),TV-MA,36 min,Comedy,6.699999809265137,"4,887"
"Crack: Cocaine, Corruption & Conspiracy",(2021),TV-MA,89 min,"Documentary, Crime, History",6.699999809265137,"3,423"
Prank Encounters,(2019– ),TV-MA,24 min,"Comedy, Horror, Reality-TV",5.199999809265137,"2,813"
Castlevania: Nocturne,,TV-MA,,"Animation, Action, Adventure",,
Houdini,(2014),TV-14,174 min,"Biography, Drama",7.300000190734863,"11,768"
Turn Up Charlie,(2019),TV-MA,30 min,"Comedy, Music",7.0,"7,511"
Two Distant Strangers,(2020),Not Rated,32 min,"Short, Drama, Sci-Fi",6.900000095367432,"15,331"
Yasamayanlar,(2018),TV-MA,60 min,"Drama, Fantasy",4.800000190734863,"3,325"
The Lizzie Borden Chronicles,(2015),,337 min,"Biography, Crime, Drama",6.900000095367432,"4,195"
Twilight of the Gods,,,,"Animation, Action, Adventure",,
Truth or Die,(II) (2012),Not Rated,96 min,"Horror, Mystery",5.599999904632568,"9,562"
Coco Before Chanel,(2009),PG-13,105 min,"Biography, Drama",6.599999904632568,"40,694"
The Gruffalo,(2009 TV Movie),Not Rated,27 min,"Animation, Family, Fantasy",7.5,"6,977"
The Princess Switch,(2018),TV-PG,101 min,"Comedy, Drama, Family",6.0,"28,116"
The Curious Creations of Christine McConnell,(2018),TV-PG,26 min,"Comedy, Horror, Talk-Show",7.699999809265137,"2,432"
The Time It Takes,(2021– ),TV-MA,10 min,"Short, Drama, Romance",7.099999904632568,"1,394"
Bard of Blood,(2019– ),TV-MA,45 min,"Action, Adventure, Drama",6.800000190734863,"13,114"
Shirley,(2023),,,"Biography, Drama, History",,
Some Assembly Required,(2014–2016),TV-G,,"Comedy, Family",4.400000095367432,980
Nayattu,(2021),,124 min,"Crime, Thriller",8.100000381469727,"7,255"
Gladbeck: The Hostage Crisis,(2022),TV-MA,91 min,"Documentary, Crime",7.5,"2,171"
Rocco,(2016),TV-MA,105 min,Documentary,5.699999809265137,"4,101"
The Princess Switch: Switched Again,(2020),TV-G,96 min,"Comedy, Drama, Family",5.400000095367432,"11,579"
Out in the Dark,(2012),Not Rated,96 min,"Crime, Drama, Romance",7.5,"8,553"
The Laws of the Border,(2021),TV-MA,127 min,"Action, Adventure, Crime",6.900000095367432,"4,161"
The 1st Shop of Coffee Prince,(2007),,55 min,"Comedy, Drama, Romance",8.199999809265137,"5,541"
Xtreme,(2021),TV-MA,111 min,"Action, Crime, Drama",5.800000190734863,"4,436"
Hell and Back,(2015),R,86 min,"Animation, Adventure, Comedy",5.300000190734863,"5,061"
D.B. Cooper: Where Are You?!,(2022),TV-14,169 min,"Documentary, Crime",5.400000095367432,"2,440"
The Boulet Brothers' Dragula,(2016– ),TV-MA,48 min,"Game-Show, Horror, Reality-TV",7.900000095367432,"1,217"
The Brothers Sun,(2023– ),,,"Action, Comedy, Drama",,
Ferry,(2021),TV-MA,106 min,"Action, Crime, Drama",7.0,"11,080"
Encounter,(2018–2019),,60 min,"Drama, Romance",7.599999904632568,"1,655"
Go Karts,(2020),,102 min,"Family, Sport",5.900000095367432,"3,010"
Ajeeb Daastaans,(2021),TV-MA,142 min,"Drama, Romance",6.699999809265137,"5,839"
O sabor das margaridas,(2018–2020),,70 min,"Drama, Thriller",7.199999809265137,"3,541"
A Wonderful Sight,(2021),,70 min,"Action, Comedy, Thriller",7.0,678
Bodies,,,60 min,"Crime, Drama, Thriller",,
Haganai: I Don't Have Many Friends,(2011– ),TV-MA,25 min,"Animation, Comedy, Drama",7.0,"2,382"
Rebel Ridge,,,,"Action, Thriller",,
Law School,(2021– ),,65 min,"Crime, Drama, Mystery",8.0,"2,282"
Scaredy Cats,(2021– ),TV-G,,"Comedy, Family, Fantasy",6.400000095367432,368
Johnny Test,(2005–2014),TV-Y7,30 min,"Animation, Action, Adventure",5.099999904632568,"8,436"
Death to 2021,(2021 TV Special),TV-MA,60 min,Comedy,6.300000190734863,"14,757"
The Photographer of Mauthausen,(2018),TV-MA,110 min,"Biography, Drama, History",6.699999809265137,"10,950"
Anatomy of a Love Seen,(2014),Not Rated,80 min,"Drama, Romance",4.699999809265137,"2,620"
The Assistant,(2022),,124 min,"Action, Thriller",5.5,258
The Tree of Blood,(2018),TV-MA,130 min,Drama,6.300000190734863,"3,054"
The Andy Warhol Diaries,(2022),TV-MA,395 min,Documentary,7.699999809265137,"2,055"
A Muse,(2012),,129 min,"Drama, Romance",6.599999904632568,"2,186"
Home for Christmas,(2019–2020),TV-MA,29 min,"Comedy, Drama, Romance",7.699999809265137,"13,956"
Bad Sport,(2021– ),TV-MA,55 min,"Documentary, Crime, Mystery",7.300000190734863,"2,332"
Ridley Jones,(2021– ),TV-Y,27 min,"Animation, Adventure, Comedy",4.800000190734863,266
Back to 15,(2022– ),TV-14,40 min,"Comedy, Drama",6.699999809265137,741
"Sex, Love & Goop",(2021– ),TV-MA,,"Comedy, Romance, Talk-Show",4.800000190734863,794
Mindhorn,(2016),TV-MA,89 min,"Comedy, Thriller",6.300000190734863,"12,866"
Trigger Warning,(2022),,,"Action, Thriller",,
Soil,(2021– ),TV-MA,45 min,"Comedy, Drama",7.199999809265137,795
Ku'damm 56,(2016),,100 min,Drama,7.599999904632568,"2,199"
Vampire in the Garden,(2022– ),TV-14,25 min,"Animation, Action, Adventure",6.699999809265137,"1,117"
Why Are You Like This,(2018– ),,,Comedy,6.5,"1,602"
A Shaun the Sheep Movie: Farmageddon,(2019),G,86 min,"Animation, Adventure, Comedy",6.800000190734863,"13,797"
Darwin's Game,(2020– ),TV-14,23 min,"Animation, Action, Drama",7.199999809265137,"2,589"
Secret Magic Control Agency,(2021),TV-Y7,103 min,"Animation, Adventure, Comedy",6.199999809265137,"4,166"
All Day and a Night,(2020),R,121 min,Drama,5.900000095367432,"3,830"
Grenseland,(2017– ),TV-MA,60 min,"Crime, Drama, Thriller",6.699999809265137,"4,202"
Dave Chappelle: The Closer,(2021 TV Special),TV-MA,72 min,Comedy,8.0,"26,593"
BNA,(2020),TV-14,23 min,"Animation, Action, Fantasy",7.199999809265137,"2,700"
Barbie: Life in the Dreamhouse,(2012–2015),TV-G,3 min,"Animation, Short, Comedy",7.400000095367432,"1,950"
Dali and the Cocky Prince,(2021– ),,70 min,"Comedy, Drama, Romance",8.100000381469727,910
When My Love Blooms,(2020),,60 min,"Drama, Romance",7.599999904632568,393
18 Presents,(2020),TV-MA,115 min,Drama,6.900000095367432,"3,860"
Animal,(2021– ),TV-PG,45 min,Documentary,7.900000095367432,"1,263"
Love Island Australia,(2018–2022),TV-MA,50 min,Reality-TV,5.400000095367432,652
David Brent: Life on the Road,(2016),Not Rated,96 min,"Comedy, Music",6.300000190734863,"20,604"
Tomb Raider,(2023– ),TV-14,,"Animation, Action, Adventure",,
A Twelve-Year Night,(2018),TV-MA,122 min,"Adventure, Biography, Crime",7.5,"10,022"
Monkey Man,(2023),,,"Action, Thriller",,
All My Friends Are Dead,(2020),TV-MA,96 min,"Comedy, Crime, Drama",5.800000190734863,"6,412"
The Creature Cases,(2022– ),TV-Y,28 min,"Animation, Action, Adventure",8.399999618530273,101
Yakuza and the Family,(2020),,136 min,"Crime, Drama",7.0,"2,383"
All Together Now,(2020),PG,92 min,Drama,6.5,"4,490"
Blue Period,(2021– ),TV-14,24 min,"Animation, Drama",7.699999809265137,"2,205"
Beyond a Reasonable Doubt,(2009),PG-13,106 min,"Crime, Drama, Mystery",5.800000190734863,"13,020"
Prey,(2016),Not Rated,108 min,"Comedy, Horror, Thriller",5.300000190734863,"2,519"
The Girls at the Back,(2022),TV-MA,260 min,"Comedy, Drama",7.099999904632568,26
The Loud House Movie,(2021),TV-Y7,83 min,"Animation, Adventure, Comedy",6.099999904632568,"2,122"
Mad for Each Other,(2021– ),,30 min,"Comedy, Drama, Romance",7.900000095367432,"1,872"
Top Secret UFO Projects: Declassified,(2021– ),,,Documentary,5.5,"1,502"
Nyad,,,,"Biography, Drama, Sport",,
Medical Police,(2020),TV-MA,242 min,Comedy,6.0,"4,277"
Crime Scene: The Vanishing at the Cecil Hotel,(2021),TV-MA,220 min,"Documentary, Crime, Mystery",5.900000095367432,"17,958"
Spycraft,(2020–2022),TV-MA,271 min,Documentary,6.699999809265137,"2,105"
The Increasingly Poor Decisions of Todd Margaret,(2009–2016),TV-MA,25 min,Comedy,7.5,"6,610"
The Watcher,(II) (2016),TV-14,89 min,"Horror, Thriller",5.400000095367432,"3,005"
Our Man Flint,(1966),Unrated,108 min,"Action, Adventure, Comedy",6.400000095367432,"6,567"
Swearnet: The Movie,(2014),NC-17,112 min,Comedy,6.0,"2,833"
X-Men,(2011),TV-14,23 min,"Animation, Action, Sci-Fi",6.800000190734863,"2,264"
The Incredible Jessica James,(2017),TV-MA,85 min,Comedy,6.5,"7,844"
Babylon,(2014),,50 min,"Comedy, Crime, Drama",7.0,"2,262"
The Dreamseller,(2016),,98 min,Drama,6.0,"1,537"
Special Correspondents,(2016),TV-MA,101 min,Comedy,5.900000095367432,"24,467"
Crazy About Her,(2021),TV-MA,102 min,"Comedy, Romance",6.599999904632568,"5,850"
Coven,(2020),TV-MA,92 min,"Drama, History",6.400000095367432,"4,883"
Won't Back Down,(2012),PG,121 min,Drama,6.400000095367432,"6,660"
Beats,(I) (2019),TV-MA,109 min,Drama,6.300000190734863,"5,310"
The Expanding Universe of Ashley Garcia,(2020),TV-PG,,Comedy,6.699999809265137,"1,247"
Kiss the Ground,(2020),,84 min,Documentary,8.199999809265137,"6,883"
Navillera,(2021– ),,60 min,Drama,8.800000190734863,"2,295"
The Land of Steady Habits,(2018),TV-MA,98 min,"Comedy, Drama",6.199999809265137,"7,859"
The Magic School Bus Rides Again,(2017–2021),TV-Y,26 min,"Animation, Adventure, Family",6.199999809265137,839
Thieves of the Wood,(2018–2020),TV-MA,45 min,"Adventure, Drama, History",6.800000190734863,"2,678"
Crip Camp,(2020),R,106 min,"Documentary, History",7.699999809265137,"7,558"
The Barrier,(2020– ),TV-MA,50 min,"Drama, Sci-Fi",6.800000190734863,"3,553"
Lady Dynamite,(2016–2017),TV-MA,30 min,Comedy,7.300000190734863,"3,734"
Daughter from Another Mother,(2021– ),TV-MA,,"Comedy, Drama",7.300000190734863,"1,852"
A Trip to Infinity,(2022),,79 min,Documentary,,
High School of the Dead: Drifters of the Dead,(2011 Video),TV-MA,16 min,"Animation, Short, Comedy",5.5,481
Isi & Ossi,(2020),TV-MA,113 min,"Comedy, Romance",6.400000095367432,"8,553"
Mystic Pop-up Bar,(2020),,70 min,"Comedy, Fantasy, Mystery",8.0,"2,181"
The Swarm,(2020),,101 min,"Drama, Fantasy, Horror",5.300000190734863,"7,043"
I Am Jonas,(2018 TV Movie),,82 min,"Drama, Mystery, Romance",7.0,"6,056"
Made You Look: A True Story About Fake Art,(2020),,94 min,"Documentary, Crime",7.0,"4,329"
Bobby Z,(2007),R,97 min,"Action, Crime, Thriller",5.800000190734863,"14,817"
Erased,(2017),TV-14,30 min,"Drama, Fantasy, Mystery",7.800000190734863,"3,761"
Knights of the Zodiac: Saint Seiya,(2019–2022),TV-14,24 min,"Animation, Action, Adventure",4.599999904632568,"1,896"
Aggretsuko,(2018– ),TV-14,15 min,"Animation, Comedy, Drama",8.0,"6,294"
Vault,(I) (2019),R,99 min,"Action, Crime, Drama",5.400000095367432,"2,534"
Oktoberfest: Beer & Blood,(2020),TV-MA,288 min,"Drama, History, Thriller",6.800000190734863,"2,226"
Pariah,(I) (2011),R,86 min,Drama,7.199999809265137,"7,052"
Little Einsteins,(2005–2010),TV-Y,,"Animation, Adventure, Comedy",6.300000190734863,"1,940"
Dark Tourist,(2018),TV-MA,40 min,Documentary,7.5,"7,418"
The Fiery Priest,(2019– ),,35 min,"Action, Comedy, Crime",8.199999809265137,927
Saga of Tanya the Evil,(2017– ),TV-MA,24 min,"Animation, Action, Adventure",7.599999904632568,"3,375"
El Cartel de los Sapos,(2008– ),TV-MA,,"Action, Crime, Drama",8.0,783
Serial (Bad) Weddings 2,(2019),,99 min,"Comedy, Drama",6.099999904632568,"8,088"
Solo,(II) (2018),TV-MA,91 min,"Adventure, Biography, Drama",5.0,"2,845"
Kitz,(2021– ),TV-MA,45 min,"Drama, Mystery, Thriller",5.699999809265137,"2,472"
Save Me,(2017–2019),TV-14,60 min,"Mystery, Thriller",7.900000095367432,"1,476"
Treason,,,,"Action, Drama, Thriller",,
Mo Amer: Mohammed in Texas,(2021 TV Special),TV-MA,64 min,Comedy,6.599999904632568,838
Jo Koy: In His Elements,(2020 TV Special),TV-MA,55 min,Comedy,5.300000190734863,546
This Film Is Not Yet Rated,(2006),Unrated,98 min,Documentary,7.400000095367432,"28,229"
The Holiday Calendar,(2018),TV-PG,95 min,"Comedy, Drama, Fantasy",5.699999809265137,"10,178"
Homunculus,(I) (2021),TV-MA,115 min,"Drama, Fantasy, Mystery",5.5,"2,867"
A Cinderella Story: Christmas Wish,(2019 Video),PG,85 min,"Comedy, Family, Fantasy",5.199999809265137,"6,511"
An Interview with God,(2018),Unrated,97 min,"Drama, Mystery",5.800000190734863,"4,045"
The Main Event,(2020),TV-G,101 min,"Action, Comedy, Family",4.800000190734863,"2,365"
Designated Survivor: 60 Days,(2019),,70 min,"Drama, Thriller",8.100000381469727,"1,326"
"Welcome to Demon-School, Iruma-kun",(2019– ),TV-14,23 min,"Animation, Comedy, Drama",7.699999809265137,"1,593"
The Last Laugh,(I) (2019),TV-MA,98 min,Comedy,5.599999904632568,"6,124"
Cautious Hero: The Hero Is Overpowered but Overly Cautious,(2019),TV-14,23 min,"Animation, Action, Adventure",7.400000095367432,"2,616"
Angel's Last Mission: Love,(2019),TV-Y7,35 min,"Comedy, Drama, Fantasy",7.699999809265137,"2,167"
Sneakerheads,(2020),TV-MA,,Comedy,6.099999904632568,"1,401"
Mobile Suit Gundam: Hathaway,(2021),TV-14,95 min,"Animation, Action, Drama",6.599999904632568,"1,470"
Sky High,(2020),TV-MA,121 min,"Action, Adventure, Crime",5.5,"3,819"
Naesungjukin Boseu,(2017),,70 min,"Comedy, Drama, Romance",7.199999809265137,"1,697"
Vexed,(2010–2012),TV-PG,60 min,"Comedy, Crime, Mystery",7.199999809265137,"3,629"
Once Upon a Time in London,(2019),,111 min,"Crime, History",5.400000095367432,"8,537"
Words Bubble Up Like Soda Pop,(2020),TV-PG,87 min,"Animation, Drama, Music",6.800000190734863,"3,909"
First Match,(2018),TV-MA,102 min,"Drama, Sport",6.400000095367432,"2,308"
Born to Be Blue,(2015),R,97 min,"Biography, Comedy, Drama",6.800000190734863,"8,725"
"Tiger, Blood in the Mouth",(2016),,97 min,"Drama, Sport",5.5,856
7 Guardians of the Tomb,(2018),TV-MA,90 min,"Action, Adventure, Horror",4.400000095367432,"4,239"
Kabaneri of the Iron Fortress,(2016– ),TV-MA,23 min,"Animation, Action, Adventure",7.199999809265137,"5,554"
B: The Beginning,(2018– ),TV-MA,25 min,"Animation, Action, Crime",7.099999904632568,"4,983"
The Knight Before Christmas,(2019),TV-PG,92 min,"Adventure, Comedy, Drama",5.5,"17,998"
Jack Whitehall: Travels with My Father,(2017–2021),TV-MA,30 min,"Documentary, Comedy",7.599999904632568,"5,577"
Girls with Balls,(2018),,77 min,"Comedy, Horror",3.9000000953674316,"3,335"
Berserk: The Golden Age Arc II - The Battle for Doldrey,(2012),TV-MA,95 min,"Animation, Action, Adventure",7.699999809265137,"10,720"
The Lawyer,(2018– ),,45 min,"Crime, Drama, Mystery",7.0,"1,694"
Familiar Wife,(2018),,60 min,"Fantasy, Romance",7.699999809265137,"1,071"
Eastsiders,(2012– ),Not Rated,115 min,Drama,6.800000190734863,"2,843"
Manhunt,(2017),Not Rated,106 min,"Action, Crime, Thriller",5.199999809265137,"3,285"
My Life with the Walter Boys,,,50 min,"Drama, Romance",,
La Mante,(2017),,52 min,"Crime, Drama, Thriller",7.400000095367432,"13,802"
The Best Hit,(2017),,30 min,"Comedy, Fantasy",7.599999904632568,762
Merry Happy Whatever,(2019),TV-PG,26 min,Comedy,6.300000190734863,"4,710"
The Last Kids on Earth,(2019– ),TV-Y7-FV,,"Animation, Adventure, Comedy",7.300000190734863,"1,418"
Heartthrob,(2017),Unrated,86 min,"Drama, Romance, Thriller",5.400000095367432,"2,616"
Kekkai Sensen,(2015–2017),TV-14,24 min,"Animation, Action, Adventure",7.199999809265137,"2,184"
Greatest Events of WWII in Colour,(2019),,50 min,"Documentary, History, War",8.699999809265137,"8,906"
The Bag Man,(I) (2014),R,108 min,"Action, Crime, Drama",5.199999809265137,"17,082"
The Sky Is Pink,(2019),,143 min,"Drama, Romance",7.599999904632568,"8,796"
Fatma,(2021– ),TV-MA,40 min,"Crime, Drama, Thriller",7.400000095367432,"8,573"
iBoy,(2017),TV-MA,90 min,"Action, Crime, Sci-Fi",5.900000095367432,"23,151"
Gaga: Five Foot Two,(2017),TV-MA,100 min,"Documentary, Music",7.0,"13,068"
Serious Men,(2020),,114 min,"Comedy, Drama",6.800000190734863,"7,625"
Killerman,(2019),R,112 min,"Action, Crime, Thriller",5.400000095367432,"10,666"
Griselda,,,,"Biography, Crime, Drama",,
Image of Victory,(2021),,128 min,"Drama, History, War",7.199999809265137,327
The Drug King,(2018),Not Rated,139 min,"Action, Crime, Drama",6.199999809265137,"3,235"
A Second Chance: Rivals!,(2019),PG,89 min,"Drama, Family, Sport",4.699999809265137,413
Evil Genius: The True Story of America's Most Diabolical Bank Heist,(2018),TV-MA,192 min,"Documentary, Crime",7.5,"28,419"
The Future Of,(2022– ),TV-14,20 min,Documentary,5.199999809265137,360
A Sun,(2019),,156 min,"Crime, Drama",7.599999904632568,"8,300"
Monsters Inside: The 24 Faces of Billy Milligan,(2021),TV-MA,243 min,"Documentary, Crime",6.199999809265137,"3,763"
Betaal,(2020– ),TV-MA,46 min,"Action, Horror, Thriller",5.400000095367432,"9,106"
Untold: Deal with the Devil,(2021),TV-MA,77 min,"Documentary, Crime, Sport",7.300000190734863,"2,407"
New Kids Turbo,(2010),,84 min,"Action, Comedy",6.300000190734863,"16,407"
High Water,(2022– ),,,Drama,,
School 2017,(2017),TV-14,,"Comedy, Drama, Mystery",7.400000095367432,"1,398"
A Love So Beautiful,(2020–2021),,,"Comedy, Romance",7.300000190734863,"1,067"
The Pharmacist,(2020),TV-MA,217 min,"Documentary, Crime",7.699999809265137,"7,440"
Karakai Jouzu no Takagi-san,(2018– ),TV-PG,23 min,"Animation, Comedy, Romance",7.699999809265137,"2,227"
Luna Park,(2021– ),TV-MA,,"Drama, Romance",6.5,759
OtherLife,(2017),TV-MA,96 min,"Crime, Drama, Mystery",6.199999809265137,"15,911"
Open Season 2,(2008 Video),PG,76 min,"Animation, Adventure, Comedy",5.5,"24,277"
The Wiggles,(1993–2012),TV-Y,30 min,"Adventure, Comedy, Family",5.800000190734863,926
Dancing on Glass,(2022),TV-MA,137 min,"Drama, Thriller",5.599999904632568,768
Yashahime: Princess Half-Demon,(2020– ),TV-14,,"Animation, Action, Adventure",7.199999809265137,"1,030"
La Doña,(2016–2020),TV-14,45 min,"Drama, Romance",6.900000095367432,636
The Edge of Democracy,(2019),TV-14,121 min,"Documentary, History",7.300000190734863,"14,907"
18 Again,(2020),,70 min,"Comedy, Drama, Fantasy",8.199999809265137,"1,889"
R.L. Stine's Monsterville: Cabinet of Souls,(2015 TV Movie),PG,86 min,"Comedy, Fantasy, Horror",5.599999904632568,"2,279"
Guilty Crown,(2011–2012),TV-14,23 min,"Animation, Action, Romance",7.0,"5,080"
Jim & Andy: The Great Beyond,(2017),TV-MA,94 min,Documentary,7.599999904632568,"26,160"
The Most Hated Woman in America,(2017),TV-MA,91 min,"Biography, Drama, History",6.099999904632568,"6,715"
Ajin,(2016– ),TV-MA,24 min,"Animation, Action, Adventure",7.599999904632568,"6,345"
Your Son,(2018),TV-MA,103 min,"Adventure, Drama, Thriller",6.099999904632568,"4,928"
Live Is Life,(2021),TV-MA,109 min,"Comedy, Drama",6.300000190734863,890
Stranger Things: Spotlight,(2018),TV-14,,Talk-Show,8.899999618530273,"2,023"
4 Moons,(2014),Unrated,110 min,"Drama, Romance",7.400000095367432,"4,477"
Luna Nera,(2020),TV-MA,43 min,"Drama, Fantasy, Thriller",5.900000095367432,"3,055"
The Legacy of a Whitetail Deer Hunter,(2018),TV-14,83 min,"Comedy, Drama",5.5,"3,950"
Mrs. Serial Killer,(2020),TV-MA,106 min,"Crime, Drama, Thriller",4.199999809265137,"19,563"
Dragon Age: Absolution,(2022– ),TV-MA,,"Animation, Action, Adventure",,
Anima,(I) (2019),,15 min,"Short, Music",7.599999904632568,"11,677"
One on Top of the Other,(1969),R,108 min,"Mystery, Thriller",6.599999904632568,"2,356"
6 Balloons,(2018),TV-MA,74 min,Drama,5.900000095367432,"4,205"
Guilty,(II) (2020),TV-MA,119 min,"Drama, Thriller",5.400000095367432,"4,455"
Bala,(2019),Not Rated,133 min,Comedy,7.300000190734863,"14,730"
El Camino Christmas,(2017),TV-MA,89 min,"Comedy, Crime, Western",5.699999809265137,"8,918"
Typewriter,(2019),TV-MA,48 min,"Horror, Mystery, Thriller",6.5,"3,957"
Eerie,(2018),,101 min,"Horror, Mystery, Thriller",4.599999904632568,"2,400"
Have a Good Trip,(2020),TV-MA,85 min,"Documentary, Comedy",6.800000190734863,"7,840"
Talking Tom and Friends,(2014– ),TV-G,11 min,"Animation, Short, Adventure",5.800000190734863,475
L'ultimo paradiso,(2021),TV-MA,107 min,"Drama, Romance",5.699999809265137,"1,387"
I Am Georgina,(2022),TV-14,41 min,Reality-TV,3.9000000953674316,"2,976"
Under the Amalfi Sun,(2022),TV-14,95 min,"Comedy, Drama, Romance",5.300000190734863,842
Coffee & Kareem,(2020),TV-MA,88 min,"Action, Comedy, Crime",5.099999904632568,"13,753"
Sunderland 'Til I Die,(2018–2020),TV-MA,39 min,"Documentary, Sport",8.100000381469727,"8,352"
"Sex, Explained",(2020),,111 min,Documentary,6.900000095367432,"3,265"
Floor Is Lava,(2020– ),TV-Y7,38 min,"Game-Show, Reality-TV",5.300000190734863,"2,504"
Osmosis,(2019),TV-MA,55 min,"Romance, Sci-Fi",5.800000190734863,"3,070"
Take Me,(2017),TV-MA,83 min,"Comedy, Crime, Mystery",6.099999904632568,"6,053"
Mobile Suit Gundam: Iron-Blooded Orphans,(2015– ),TV-14,24 min,"Animation, Action, Drama",7.900000095367432,"1,732"
The Queen and the Conqueror,(2020– ),,50 min,"Drama, History",6.400000095367432,186
Rolling Thunder Revue,(2019),TV-MA,142 min,"Documentary, Biography, History",7.599999904632568,"6,843"
50M2,(2021),TV-MA,45 min,"Comedy, Drama, Thriller",6.900000095367432,"5,746"
Rilakkuma's Theme Park Adventure,(2022– ),TV-PG,15 min,"Animation, Adventure, Comedy",6.699999809265137,109
The Night Agent,(2022– ),,,"Action, Drama, Thriller",,
Black Earth Rising,(2018),TV-MA,60 min,Thriller,7.400000095367432,"4,982"
The Outcasts,(2017),PG-13,95 min,Comedy,5.400000095367432,"4,640"
When the Camellia Blooms,(2019),,30 min,"Comedy, Drama, Romance",7.900000095367432,"2,560"
Pray Away,(2021),PG-13,101 min,Documentary,6.5,"3,005"
Alvinnn!!! And the Chipmunks,(2015– ),TV-Y7,11 min,"Animation, Comedy, Family",4.5,"1,417"
Conversations with a Killer: The Jeffrey Dahmer Tapes,(2022),,,"Documentary, Biography, Crime",,
Ares,(2020),TV-MA,32 min,"Drama, Horror, Mystery",5.699999809265137,"4,448"
Atlantics,(2019),TV-14,106 min,"Drama, Mystery, Romance",6.699999809265137,"9,492"
Selling Tampa,(2021– ),TV-MA,45 min,Reality-TV,4.599999904632568,874
Ghost in the Shell 2: Innocence,(2004),PG-13,100 min,"Animation, Drama, Mystery",7.400000095367432,"38,504"
Cyber Hell: Exposing an Internet Horror,(2022),TV-MA,105 min,"Documentary, Crime",6.5,"1,628"
The Soul,(2021),,130 min,"Drama, Mystery, Sci-Fi",6.599999904632568,"2,889"
High Society,(2018),,120 min,Drama,5.5,"1,052"
Rosemary's Baby,(2014),TV-14,170 min,"Drama, Horror, Mystery",5.5,"5,526"
The Yard,(2018–2019),,120 min,"Crime, Drama",7.099999904632568,"1,692"
Murder Among the Mormons,(2021),TV-14,160 min,"Documentary, Crime, History",7.0,"6,493"
Project Mc²,(2015–2017),TV-Y7,26 min,Family,5.900000095367432,"1,060"
We Baby Bears,(2022– ),TV-Y7,11 min,"Animation, Adventure, Comedy",5.900000095367432,277
Small Crimes,(2017),TV-MA,95 min,"Crime, Drama, Thriller",5.800000190734863,"8,250"
Ailiseu,(2009–2013),,60 min,"Action, Mystery, Romance",7.699999809265137,"2,061"
Operation Hyacinth,(2021),TV-MA,112 min,"Crime, Drama",6.699999809265137,"3,304"
TharnType,(2019–2021),,52 min,Romance,8.100000381469727,"2,164"
Za duzy na bajki,(2022),,106 min,"Comedy, Family",6.199999809265137,"1,074"
Transformers: Robots in Disguise,(2014–2020),TV-Y7,22 min,"Animation, Action, Adventure",5.900000095367432,"1,091"
Skylanders Academy,(2016–2018),TV-Y7,25 min,"Animation, Action, Adventure",6.599999904632568,781
Real Rob,(2015– ),TV-MA,30 min,Comedy,6.300000190734863,"2,905"
Into the Wind,(2022),TV-MA,107 min,"Comedy, Drama, Romance",5.199999809265137,947
Tallulah,(2016),,111 min,"Comedy, Drama, Romance",6.699999809265137,"20,352"
Death Note,(2015),,46 min,"Crime, Drama, Fantasy",7.099999904632568,"1,626"
May the Devil Take You,(2018),TV-MA,110 min,"Horror, Mystery, Thriller",5.900000095367432,"4,369"
Tunnel,(2017),,60 min,"Crime, Drama, Fantasy",8.300000190734863,"2,940"
Gun City,(2018),TV-MA,126 min,"Crime, History, Thriller",6.300000190734863,"3,970"
Marriage Contract,(2016),,75 min,Drama,7.5,771
Precious Cargo,(2016),R,90 min,"Action, Comedy, Thriller",4.599999904632568,"9,467"
Svaha: The Sixth Finger,(2019),Not Rated,122 min,"Crime, Horror, Mystery",6.199999809265137,"4,053"
Perdida,(2018),TV-MA,103 min,"Crime, Drama, Mystery",5.599999904632568,"4,915"
Saturday Morning All Star Hits!,(2021– ),TV-14,23 min,"Animation, Comedy",7.5,"1,005"
Fated to Love You,(2014),TV-14,60 min,"Comedy, Romance",7.900000095367432,"2,519"
Busted!,(2018–2021),TV-14,90 min,"Comedy, Reality-TV",7.599999904632568,951
My Secret Terrius,(2018),TV-14,35 min,"Comedy, Drama, Romance",7.599999904632568,"1,284"
Hard Breakers,(2010),R,99 min,Comedy,2.799999952316284,"1,343"
Chicago Party Aunt,(2021– ),TV-MA,30 min,"Animation, Comedy",5.400000095367432,"1,587"
Winter on Fire: Ukraine's Fight for Freedom,(2015),Not Rated,102 min,Documentary,8.300000190734863,"19,042"
Heist,(2021– ),TV-MA,41 min,"Documentary, Crime, Mystery",6.800000190734863,"1,812"
Diana,(I) (2021),PG-13,117 min,"Biography, Drama, Musical",4.300000190734863,"1,320"
The Piano Lesson,,,,"Comedy, Drama, Music",,
The Monkey King,(2023),,,"Animation, Action, Adventure",,
Seized,(I) (2020),R,85 min,"Action, Thriller",5.300000190734863,"2,347"
"Belascoarán, PI",(2022– ),,,"Crime, Drama, Thriller",,
Defendant,(2017),,70 min,"Crime, Drama, Mystery",8.199999809265137,"1,553"
Son: The Guest,(2018– ),,65 min,"Drama, Horror, Mystery",8.100000381469727,"1,685"
Mersal,(2017),Not Rated,172 min,"Action, Thriller",7.5,"34,529"
Lady J,(2018),TV-14,109 min,"Drama, Romance",6.800000190734863,"3,500"
Masum,(2017),TV-14,60 min,"Crime, Drama, Mystery",8.300000190734863,"18,448"
Dancing Queens,(2021),TV-MA,110 min,"Comedy, Drama",5.599999904632568,"1,820"
Mismatched,(2020– ),TV-MA,30 min,"Comedy, Drama, Romance",5.5,"3,976"
The Great Canadian Baking Show,(2017– ),,44 min,Reality-TV,7.400000095367432,428
Queer Eye: Brazil,(2022– ),TV-14,45 min,Reality-TV,6.800000190734863,134
Schumacher,(2021),12,112 min,"Documentary, Biography, Sport",7.400000095367432,"22,922"
Etharkkum Thunindhavan,(2022),,151 min,"Action, Crime, Drama",6.5,"12,290"
Rebirth,(I) (2016),TV-MA,100 min,Thriller,4.900000095367432,"5,435"
100 Humans: Life's Questions. Answered.,(2020– ),TV-14,,Reality-TV,5.800000190734863,"4,135"
Finding Bliss,(2009),R,96 min,"Comedy, Romance",5.199999809265137,"2,555"
All Hail King Julien,(2014–2017),TV-Y7,23 min,"Animation, Short, Action",7.0,"2,067"
The Stranded,(2019),TV-MA,40 min,"Adventure, Drama, Mystery",6.199999809265137,"1,307"
Small Town Crime,(2017),R,91 min,"Crime, Mystery, Thriller",6.599999904632568,"11,538"
Akashic Records of Bastard Magic Instructor,(2017– ),TV-14,24 min,"Animation, Action, Comedy",7.0,"2,221"
Kill Me Three Times,(2014),R,90 min,"Action, Comedy, Crime",5.800000190734863,"23,560"
Christmas Inheritance,(2017),,104 min,"Comedy, Drama, Romance",5.699999809265137,"11,805"
13 Geboden,(2017–2018),,46 min,"Crime, Mystery, Thriller",7.0,"2,633"
Bright Night,(2014),Unrated,86 min,"Drama, Mystery",5.099999904632568,"1,261"
The Four of Us,(2021),TV-MA,88 min,"Comedy, Drama, Romance",5.300000190734863,"1,106"
Unsuspicious,(2022– ),TV-MA,30 min,"Comedy, Mystery, Thriller",5.400000095367432,102
Crash Pad,(I) (2017),R,91 min,Comedy,5.699999809265137,"5,279"
La influencia,(2019),TV-MA,99 min,Horror,4.599999904632568,"3,811"
If Anything Happens I Love You,(2020),PG,13 min,"Animation, Short, Drama",7.800000190734863,"16,567"
The Playbook,(2020),TV-MA,,"Documentary, Sport",7.400000095367432,"1,441"
Kakegurui Twin,(2022– ),TV-14,24 min,"Animation, Drama, Mystery",6.599999904632568,421
Leila,(2019– ),,48 min,"Drama, Sci-Fi",4.900000095367432,"8,998"
Single's Inferno,(2021– ),TV-PG,,Reality-TV,7.099999904632568,"1,706"
The World Is Yours,(2018),TV-MA,102 min,"Comedy, Crime",6.300000190734863,"4,426"
The Getaway King,(2021),,100 min,"Action, Comedy, Crime",6.5,"2,023"
Neymar: The Perfect Chaos,(2022),,164 min,"Documentary, Biography, Sport",6.599999904632568,"3,341"
One Day,,,,"Comedy, Drama, Romance",,
#Realityhigh,(2017),TV-14,99 min,"Comedy, Drama, Romance",5.099999904632568,"6,432"
Pokémon: Mewtwo Strikes Back - Evolution,(2019),TV-Y7,98 min,"Animation, Action, Family",5.699999809265137,"5,560"
Death to 2020,(2020 TV Special),TV-MA,70 min,Comedy,6.800000190734863,"38,711"
The Numbers Station,(2013),R,89 min,"Action, Thriller",5.599999904632568,"20,186"
Invader ZIM: Enter the Florpus,(2019 TV Movie),TV-Y7-FV,71 min,"Animation, Action, Adventure",7.400000095367432,"5,882"
High Flying Bird,(2019),TV-MA,90 min,"Drama, Sport",6.199999809265137,"8,696"
The Seven Husbands of Evelyn Hugo,,,,Drama,,
Really Love,(2020),,95 min,"Drama, Romance",6.099999904632568,889
Investigation Partners,(2018–2019),,35 min,"Crime, Drama, Mystery",8.199999809265137,816
Godspeed,(2022),TV-MA,119 min,Drama,6.5,"1,950"
Lethal Seduction,(2015 TV Movie),TV-14,80 min,Thriller,5.099999904632568,993
Herod's Law,(1999),R,123 min,"Comedy, Crime, Mystery",7.800000190734863,"6,171"
Kings of America,,,,Drama,,
Sudden Fear,(1952),Approved,110 min,"Film-Noir, Thriller",7.5,"6,427"
Street Food: USA,(2022),TV-MA,30 min,Documentary,6.800000190734863,398
Results,(I) (2015),R,105 min,"Comedy, Romance",5.400000095367432,"7,242"
The Epic Tales of Captain Underpants,(2018–2020),TV-Y7,24 min,"Animation, Short, Action",6.599999904632568,954
The Rise of Phoenixes,(2018),TV-14,60 min,"Drama, History, Romance",8.399999618530273,"1,535"
One of Us,(IV) (2017),,95 min,Documentary,7.0,"6,642"
The Hollow,(2018–2020),TV-Y7-FV,24 min,"Animation, Drama, Family",7.199999809265137,"4,382"
Age of Samurai: Battle for Japan,(2021– ),TV-MA,44 min,"Documentary, Action, Adventure",7.400000095367432,"4,209"
Blame!,(2017),TV-14,106 min,"Animation, Action, Drama",6.599999904632568,"8,138"
Dream Home Makeover,(2020– ),TV-G,,Reality-TV,5.599999904632568,"1,267"
Banana Split,(2018),R,88 min,Comedy,6.199999809265137,"3,427"
Miss Americana,(2020),TV-MA,85 min,"Documentary, Biography, Music",7.400000095367432,"19,766"
The Magician's Elephant,(2023),,,"Animation, Adventure, Comedy",,
The Forest of Love,(2019),TV-MA,151 min,"Crime, Drama, Horror",6.300000190734863,"2,571"
The Diplomat,(2022– ),,,,,
Damage,,,,"Drama, Mystery, Romance",,
Charité,(2017– ),TV-MA,45 min,"Drama, History",7.800000190734863,"3,379"
Bodkin,,,,"Comedy, Drama, Thriller",,
Unknown Origins,(2020),TV-MA,96 min,"Action, Crime, Drama",6.099999904632568,"6,932"
The Trial,(2010),PG-13,101 min,"Crime, Drama, Mystery",5.5,"1,557"
School Life,(2019),TV-MA,111 min,"Comedy, Drama",6.5,"2,741"
The Invisible Thread,(2022),,109 min,"Comedy, Drama, Family",6.699999809265137,"1,839"
The Polka King,(2017),TV-14,95 min,"Biography, Comedy, Drama",5.900000095367432,"10,710"
Twin Murders: The Silence of the White City,(2019),TV-MA,110 min,"Adventure, Crime, Drama",5.300000190734863,"5,416"
Dynasty Warriors,(2021),,119 min,"Action, Adventure, Fantasy",4.699999809265137,"2,189"
The Day Will Come,(2016),,119 min,Drama,7.800000190734863,"4,749"
Marseille,(2016–2018),TV-MA,41 min,Drama,6.800000190734863,"5,220"
Maldivas,(2022– ),TV-MA,30 min,"Comedy, Drama, Mystery",5.699999809265137,"1,035"
Wolf,(2018),,80 min,"Action, Thriller, War",8.0,"7,602"
Super Buddies,(2013 Video),G,81 min,Family,4.199999809265137,"1,554"
Photocopier,(2021),TV-MA,130 min,"Crime, Drama, Mystery",6.800000190734863,"3,145"
Old People,(2022),,90 min,Horror,6.400000095367432,56
Loose Change 9/11: An American Coup,(2009 Video),Unrated,99 min,"Documentary, History, War",7.099999904632568,"3,642"
The Sons of Sam: A Descent into Darkness,(2021),TV-MA,239 min,"Documentary, Crime, History",7.0,"8,781"
"Hi Bye, Mama!",(2020),,70 min,"Comedy, Drama, Fantasy",7.900000095367432,"1,692"
Lego Friends,(2013– ),TV-G,4 min,Animation,5.0,158
The Long Road to War,(2018),,117 min,Documentary,7.800000190734863,833
Standing Up,(2022– ),TV-MA,45 min,"Comedy, Drama",7.5,"1,095"
Free!,(2013– ),TV-PG,24 min,"Animation, Comedy, Drama",7.400000095367432,"3,154"
The Club,(2019– ),TV-MA,30 min,"Comedy, Drama",6.300000190734863,898
Alien Worlds,(2020),TV-PG,42 min,"Documentary, Animation, Sci-Fi",6.5,"3,679"
"That Winter, the Wind Blows",(2013),,65 min,Drama,7.599999904632568,"1,889"
Bill Burr Presents: Friends Who Kill,(2022 TV Movie),TV-MA,73 min,"Documentary, Comedy",4.599999904632568,"2,252"
Stuck Together,(2021),TV-MA,125 min,Comedy,6.300000190734863,"7,084"
Magic for Humans,(2018– ),TV-PG,23 min,"Comedy, Reality-TV",7.199999809265137,"3,415"
Jarhead 3: The Siege,(2016 Video),R,95 min,"Action, Drama, War",5.099999904632568,"3,726"
Glitch Techs,(2020),TV-Y7-FV,25 min,"Animation, Action, Adventure",7.699999809265137,"1,479"
Lulli,(2021),TV-14,90 min,"Comedy, Romance",4.800000190734863,"1,511"
Yankee,(2019– ),TV-MA,40 min,Drama,5.800000190734863,722
Fear City: New York vs the Mafia,(2020),TV-MA,156 min,"Documentary, Crime",7.099999904632568,"7,494"
Tempted,(2018),,32 min,"Drama, Mystery, Romance",7.099999904632568,"1,845"
The Legacy of the Bones,(2019),TV-MA,121 min,"Crime, Thriller",6.300000190734863,"9,085"
Pirate Gold of Adak Island,(2022– ),TV-14,30 min,"Adventure, Reality-TV",4.599999904632568,941
Ben & Jody,(2022),TV-MA,114 min,"Action, Adventure, Drama",5.400000095367432,285
The Platform,(2020– ),,45 min,Drama,6.5,349
Cheese in the Trap,(2016),,60 min,"Comedy, Romance",7.300000190734863,"4,089"
Abstract: The Art of Design,(2017– ),TV-14,45 min,Documentary,8.300000190734863,"5,492"
Riphagen,(2016),,131 min,"Biography, Drama, War",7.099999904632568,"7,878"
Harlock: Space Pirate,(2013),Not Rated,115 min,"Animation, Adventure, Sci-Fi",6.400000095367432,"12,410"
Fast and Loose,(II),,,"Action, Crime, Thriller",,
Glamorous,,,,Drama,,
Girlfriend's Day,(2017),TV-MA,65 min,"Comedy, Drama",5.199999809265137,"4,638"
Rattlesnake,(2019),TV-MA,85 min,"Drama, Horror, Mystery",4.599999904632568,"8,760"
Soundtrack,(2019),TV-MA,56 min,"Drama, Musical",6.699999809265137,"2,140"
Altered Carbon: Resleeved,(2020),TV-MA,74 min,"Animation, Action, Crime",6.5,"6,216"
The Beautiful Game,(2022),PG-13,,"Drama, Sport",,
White Fang,(2018),,85 min,"Animation, Adventure, Drama",6.900000095367432,"3,734"
Guilt,(2016),TV-14,60 min,"Crime, Drama, Mystery",5.900000095367432,"2,637"
Jo Koy: Live from Seattle,(2017 TV Special),TV-MA,62 min,Comedy,7.300000190734863,"1,438"
Uysallar,(2022),TV-MA,45 min,"Comedy, Drama",7.099999904632568,"5,299"
The Unauthorized Bash Brothers Experience,(2019),TV-MA,30 min,"Short, Comedy, Music",6.900000095367432,"5,266"
My Unorthodox Life,(2021– ),TV-MA,,Reality-TV,5.699999809265137,"1,236"
Neon Genesis Evangelion: Death & Rebirth,(1997),Not Rated,101 min,"Animation, Action, Drama",7.300000190734863,"14,298"
Open Your Eyes,(2021– ),TV-MA,54 min,"Drama, Mystery, Sci-Fi",6.5,"1,520"
Bumperkleef,(2019),,86 min,"Action, Horror, Thriller",5.800000190734863,"3,414"
Spice and Wolf,(2008–2009),TV-14,24 min,"Animation, Adventure, Fantasy",7.900000095367432,"4,467"
East of Eden,,,,Drama,,
Hitler's Circle of Evil,(2018),,52 min,"Documentary, Biography, History",8.0,"4,407"
Adu,(2020),TV-MA,119 min,Drama,6.800000190734863,"4,964"
Hot Bot,(2016),Not Rated,86 min,"Comedy, Sci-Fi",3.299999952316284,"3,679"
Bad Romeo,(2022),,,"Drama, Romance",6.900000095367432,184
The Exorcist Boner,(2020–2021),TV-MA,12 min,"Comedy, Animation",5.699999809265137,306
The Unlisted,(2019– ),,22 min,"Family, Sci-Fi, Thriller",6.5,"1,005"
Shrew's Nest,(2014),Not Rated,91 min,"Drama, Horror, Thriller",6.699999809265137,"7,080"
Steel Rain,(2017),TV-MA,139 min,"Action, Drama, Thriller",7.099999904632568,"5,759"
The Resistance Banker,(2018),TV-MA,123 min,"Biography, Drama, War",6.900000095367432,"9,583"
Super PupZ,(2022– ),TV-Y7,25 min,"Adventure, Comedy, Family",7.099999904632568,112
Paper Lives,(2021),TV-MA,96 min,Drama,6.599999904632568,"12,227"
NiNoKuni,(2019),TV-14,106 min,"Animation, Action, Adventure",6.099999904632568,"3,472"
Planet of the Dead,,,,"Action, Horror",,
Police University,(2021– ),,65 min,"Comedy, Drama, Romance",7.300000190734863,658
V.R. Troopers,(1994–1996),TV-Y7,30 min,"Action, Adventure, Family",5.599999904632568,"1,041"
The Journalist,(2022– ),TV-14,50 min,"Drama, Thriller",7.0,664
Human: The World Within,(2021– ),TV-PG,,Documentary,6.800000190734863,772
The Healing Powers of Dude,(2020),TV-G,25 min,"Short, Action, Adventure",6.400000095367432,926
Higurashi: When They Cry - GOU,(2020–2021),TV-MA,,"Animation, Drama, Horror",6.900000095367432,588
Descendant,(2022),PG,109 min,"Documentary, History",7.0,37
Nappily Ever After,(2018),TV-MA,98 min,"Comedy, Drama, Romance",6.400000095367432,"9,274"
Spotless,(2015),TV-MA,60 min,"Crime, Drama",7.699999809265137,"3,686"
The Council,,,,"Biography, Crime, Drama",,
He is Psychometric,(2019),,65 min,"Fantasy, Mystery, Romance",7.699999809265137,"1,692"
The Mechanism,(2018–2019),TV-MA,41 min,"Crime, Drama, Thriller",8.0,"36,200"
Chocolate,(I) (2019–2020),,70 min,"Drama, Romance",7.599999904632568,"1,245"
Animal World,(2018),Not Rated,132 min,"Action, Fantasy, Sci-Fi",6.400000095367432,"4,551"
The Innocent Man,(2018),TV-MA,284 min,"Documentary, Crime",7.300000190734863,"6,032"
Last Flight to Abuja,(2012),TV-14,81 min,"Action, Drama, Thriller",4.400000095367432,359
Nobel,(2016),,45 min,"Drama, Thriller, War",8.0,"6,489"
Tudum,(2021 TV Special),,,Talk-Show,7.599999904632568,15
Endless Night,(2022– ),,30 min,"Drama, Fantasy, Mystery",5.400000095367432,151
The Maus,(2017),,90 min,"Drama, Fantasy, Horror",4.599999904632568,"6,141"
Chef's Table: BBQ,(2020),TV-14,40 min,Documentary,7.800000190734863,"1,051"
The Maid,(2020),,102 min,"Drama, Horror, Mystery",5.599999904632568,945
The Inside Outtakes,(2022 Video),TV-MA,63 min,"Comedy, Drama, Musical",8.100000381469727,961
Twice Upon a Time,(2019),,192 min,"Drama, Romance, Sci-Fi",6.199999809265137,"1,060"
Light the Night,(2021– ),TV-MA,50 min,"Crime, Drama, Mystery",7.400000095367432,"1,123"
Savage Beauty,(2022– ),TV-MA,45 min,Drama,5.5,392
2020,(II) (2021– ),,45 min,"Crime, Drama, Thriller",7.800000190734863,434
Doctor John,(2019),,35 min,"Drama, Mystery, Romance",8.100000381469727,"1,471"
Chino,(1973),PG,97 min,"Action, Adventure, Drama",6.0,"2,339"
Aelliseu,(2020),,70 min,"Drama, Fantasy, Mystery",7.099999904632568,"1,136"
Yungnyong-i Nareusya,(2015–2016),,,"Action, Drama, History",8.899999618530273,994
Superlopez,(2018),,108 min,"Action, Comedy, Sci-Fi",5.400000095367432,"3,734"
The Archies,(2023),,,"Comedy, Drama, Musical",,
QB1: Beyond the Lights,(2017– ),TV-14,35 min,"Documentary, Sport",7.699999809265137,920
Isekai wa smartphone to tomo ni.,(2017),TV-14,24 min,"Animation, Adventure, Comedy",6.599999904632568,"2,116"
Once Upon a Time... But Not Anymore,(2022– ),TV-MA,30 min,"Comedy, Fantasy, Musical",5.5,522
Hostage House,(2021),TV-14,85 min,Thriller,3.9000000953674316,883
He's Expecting,(2022– ),TV-PG,23 min,"Comedy, Drama, Fantasy",2.299999952316284,"3,122"
Remember Sunday,(2013 TV Movie),TV-PG,96 min,"Drama, Romance",6.900000095367432,"11,760"
Flavors of Youth,(2018),TV-PG,74 min,"Animation, Drama, Romance",6.599999904632568,"7,517"
Crime Stories: India Detectives,(2021– ),TV-MA,47 min,"Documentary, Crime, Mystery",7.099999904632568,"1,052"
Surviving Death,(2021– ),TV-MA,50 min,"Documentary, Reality-TV",6.199999809265137,"2,077"
Pokémon the Movie: Secrets of the Jungle,(2020),TV-Y7,99 min,"Animation, Action, Adventure",6.400000095367432,"2,018"
Too Hot to Handle: Brazil,(2021– ),TV-MA,50 min,"Game-Show, Reality-TV, Romance",5.5,476
Sexy Beasts,(2021– ),TV-14,,"Reality-TV, Romance",4.599999904632568,"1,161"
Inhuman Resources,(I) (2020– ),,52 min,"Drama, Thriller",7.199999809265137,"4,015"
One Strange Rock,(2018),TV-PG,47 min,Documentary,8.699999809265137,"7,886"
Furie,(2019),TV-14,98 min,"Action, Drama, Thriller",6.300000190734863,"4,854"
My Unfamiliar Family,(2020– ),,70 min,Drama,7.699999809265137,158
Iron Man: Armored Adventures,(2008–2012),TV-Y7,22 min,"Animation, Action, Adventure",6.400000095367432,"3,678"
12 Rounds 3: Lockdown,(2015),R,90 min,"Action, Crime, Thriller",5.099999904632568,"4,292"
Indiscretion,(2016),Not Rated,99 min,Thriller,4.800000190734863,"1,074"
Against the Sun,(2014),PG,100 min,"Biography, Drama, War",6.5,"6,019"
Sailor Moon Eternal,(2021),TV-14,160 min,"Animation, Action, Adventure",6.900000095367432,"1,293"
The Talisman,,,,"Adventure, Drama, Fantasy",,
Illang: The Wolf Brigade,(2018),TV-MA,139 min,"Action, Sci-Fi",5.900000095367432,"5,229"
Paquita Salas,(2016– ),,,Comedy,8.0,"3,240"
The Chalet,(2017–2018),TV-MA,52 min,"Drama, Mystery, Thriller",7.0,"7,345"
Freaks: You're One of Us,(2020),TV-MA,92 min,"Action, Drama, Fantasy",5.400000095367432,"6,146"
Crossfire Hurricane,(2012),Not Rated,111 min,"Documentary, Biography, Music",7.400000095367432,"2,630"
Well-Intended Love,(2019–2020),TV-14,45 min,"Drama, Romance",7.199999809265137,"1,513"
The Binding,(2020),TV-MA,93 min,"Drama, Horror, Thriller",4.800000190734863,"4,257"
I Am Not an Easy Man,(2018),,98 min,Comedy,6.300000190734863,"14,604"
Doctor,(2021),,148 min,"Action, Comedy, Crime",7.5,"15,996"
Where Stars Land,(2018– ),,35 min,"Drama, Romance",7.099999904632568,944
The Yinyang Master,(2021),,113 min,"Action, Adventure, Drama",6.400000095367432,"2,742"
Walk. Ride. Rodeo.,(2019),TV-PG,100 min,"Biography, Drama, Sport",6.400000095367432,"2,476"
Ever After High,(2013–2017),TV-Y,25 min,"Animation, Adventure, Comedy",7.699999809265137,"1,218"
Behind Blue Skies,(2010),,110 min,Drama,6.599999904632568,"3,718"
Te3n,(2016),,136 min,"Drama, Mystery, Thriller",7.199999809265137,"13,124"
Ray,(2021– ),TV-14,65 min,"Crime, Drama, Thriller",7.099999904632568,"8,895"
Spellbinder,(1995–1997),,24 min,"Adventure, Family, Fantasy",8.199999809265137,"2,168"
Life After Death with Tyler Henry,(2022– ),TV-MA,45 min,Reality-TV,5.900000095367432,998
The Break,(2016– ),TV-MA,52 min,"Crime, Drama, Thriller",7.599999904632568,"6,554"
Amanda Knox,(2016),TV-MA,92 min,"Documentary, Crime",6.900000095367432,"24,777"
Spirit Riding Free,(2017–2019),TV-Y7,23 min,"Animation, Action, Adventure",6.400000095367432,"1,031"
Swiped,(I) (2018),TV-14,93 min,"Comedy, Romance",3.0999999046325684,"14,400"
Chief of Staff,(2019),,60 min,Drama,7.900000095367432,576
Cowspiracy: The Sustainability Secret,(2014),Not Rated,90 min,Documentary,8.100000381469727,"25,357"
Stolen Away,(2020),TV-14,50 min,"Crime, Drama, Mystery",7.099999904632568,"2,397"
My Perfect Landing,(2020),TV-G,,Family,6.400000095367432,181
Frozen Fever,(2015),G,8 min,"Animation, Short, Adventure",6.800000190734863,"16,300"
Kiss Me First,(2018),TV-MA,46 min,"Drama, Mystery, Sci-Fi",6.199999809265137,"3,972"
Toy Story That Time Forgot,(2014 TV Short),TV-G,22 min,"Animation, Short, Adventure",7.099999904632568,"11,872"
Danger Mouse,(2015–2022),TV-Y7,22 min,"Animation, Action, Adventure",7.099999904632568,604
False Identity,(2018– ),TV-14,,"Crime, Drama, Thriller",7.0,364
When Heroes Fly,(2018),,45 min,"Action, Drama",7.099999904632568,"3,241"
The Adventures of Puss in Boots,(2015–2018),TV-Y7,23 min,"Animation, Short, Action",6.5,"1,759"
Rising High,(2020),TV-MA,94 min,"Comedy, Drama",5.900000095367432,"5,105"
Sweet & Sour,(2021),TV-14,101 min,"Comedy, Romance",6.699999809265137,"2,624"
Intuition,(2020),TV-MA,116 min,"Crime, Drama, Mystery",5.5,"2,788"
Middleditch & Schwartz,(2020– ),TV-MA,51 min,Comedy,8.600000381469727,"5,411"
My Holo Love,(2020),TV-14,55 min,"Drama, Romance, Sci-Fi",7.599999904632568,"2,601"
Wild Babies,(2022– ),TV-PG,30 min,Documentary,7.699999809265137,546
A ciegas,(2022),,,"Horror, Sci-Fi",,
My Father's Violin,(2022),TV-14,112 min,Drama,6.400000095367432,"3,365"
Barry,(II) (2016),,104 min,"Biography, Drama",5.900000095367432,"7,265"
Are You Human Too?,(2018),,35 min,"Comedy, Drama, Romance",7.900000095367432,"2,346"
Killer Inside: The Mind of Aaron Hernandez,(2020),TV-MA,202 min,"Documentary, Crime, Sport",7.400000095367432,"17,311"
"I, Monster",(1971),PG,75 min,Horror,5.800000190734863,"1,598"
Masha and the Bear,(2007– ),TV-Y,7 min,"Animation, Short, Adventure",7.5,"3,219"
Mortel,(2019–2021),TV-MA,40 min,"Crime, Drama, Fantasy",6.400000095367432,"1,492"
See You Yesterday,(2019),TV-MA,84 min,"Action, Adventure, Crime",5.199999809265137,"10,895"
The G Word with Adam Conover,(2022),TV-MA,174 min,"Documentary, Comedy",6.800000190734863,799
Irul,(2021),,91 min,"Mystery, Thriller",5.800000190734863,"3,204"
Little Witch Academia,(2017),TV-Y7,25 min,"Animation, Comedy, Family",7.800000190734863,"3,297"
Gleipnir,(2020),TV-14,24 min,"Animation, Action, Fantasy",6.800000190734863,"1,433"
The Big Combo,(1955),Not Rated,87 min,"Crime, Drama, Film-Noir",7.300000190734863,"7,696"
The Goop Lab,(2020– ),TV-MA,30 min,"Documentary, Reality-TV",2.5,"3,351"
Sisters,(2017),TV-MA,60 min,Drama,7.400000095367432,"1,788"
The Fuck It Bucket,,,,Drama,,
Sophie: A Murder in West Cork,(2021),TV-14,164 min,"Documentary, Crime, History",6.800000190734863,"5,424"
Pup Academy,(2019– ),TV-Y7-FV,,Family,6.599999904632568,535
The Devil Next Door,(2019),TV-MA,229 min,"Documentary, Crime, History",7.599999904632568,"13,589"
Win It All,(2017),TV-MA,88 min,Comedy,6.199999809265137,"9,400"
The Disciple,(2020),TV-MA,129 min,"Drama, Music",7.099999904632568,"2,636"
Radio Rebel,(2012 TV Movie),TV-G,85 min,"Comedy, Drama, Family",5.800000190734863,"9,915"
The Ripper,(2020),TV-MA,195 min,"Documentary, Crime",7.099999904632568,"9,637"
Marlon,(2017–2018),TV-PG,22 min,Comedy,6.900000095367432,"4,229"
Omniscient,(2020),,,"Drama, Sci-Fi, Thriller",6.5,"2,165"
A Certain Magical Index,(2008–2019),TV-14,23 min,"Animation, Action, Comedy",6.800000190734863,"1,982"
Perfect Strangers,(I) (2022),TV-14,99 min,"Comedy, Drama",5.800000190734863,"4,809"
The Hidden Lives of Pets,(2022– ),,30 min,Documentary,7.199999809265137,610
Opening Night,(II) (2016),Not Rated,90 min,"Comedy, Musical",6.0,"2,694"
Kotaro Lives Alone,(2021),TV-14,30 min,"Comedy, Drama, Family",8.399999618530273,371
St. Agatha,(2018),TV-MA,103 min,"Horror, Thriller",4.900000095367432,"5,824"
Somos.,(2021),TV-MA,55 min,"Crime, Drama, History",7.099999904632568,"1,166"
Geçen Yaz,(2021),TV-14,101 min,"Drama, Romance",6.300000190734863,"2,973"
What Did Jack Do?,(2017),TV-14,17 min,"Short, Comedy, Crime",6.400000095367432,"12,837"
The Minimalists: Less Is Now,(2021),TV-14,53 min,Documentary,5.900000095367432,"4,230"
Asphalt Burning,(2020),TV-14,100 min,"Action, Comedy",5.099999904632568,"2,375"
The Neighbor,(II) (2016),Not Rated,87 min,"Crime, Horror, Thriller",5.800000190734863,"7,785"
Happy Anniversary,(I) (2018),TV-MA,78 min,Comedy,5.699999809265137,"4,323"
Shanghai Fortress,(2019),,107 min,"Action, Sci-Fi",4.400000095367432,"2,429"
Two Lovers and a Bear,(2016),R,96 min,"Adventure, Drama, Romance",6.0,"1,947"
The Breaker Upperers,(2018),,90 min,Comedy,5.900000095367432,"6,210"
War Party,,,,"Action, Adventure, Drama",,
Sword Art Online the Movie: Ordinal Scale,(2017),TV-14,119 min,"Animation, Action, Adventure",7.300000190734863,"8,113"
Kahaani,(2012),Not Rated,122 min,"Mystery, Thriller",8.100000381469727,"62,937"
100 días para enamorarnos,(2020–2021),TV-14,45 min,Comedy,6.699999809265137,764
Disclosure,(2020),TV-MA,108 min,Documentary,8.199999809265137,"5,514"
You Are My Spring,(2021– ),,70 min,"Drama, Romance, Thriller",7.400000095367432,638
Call My Agent Bollywood,(2021– ),TV-MA,40 min,"Comedy, Drama",6.900000095367432,"6,234"
The Raid,,,,"Action, Crime, Thriller",,
The Melancholy of Haruhi Suzumiya,(2006–2009),TV-14,24 min,"Animation, Comedy, Fantasy",7.800000190734863,"8,489"
Baahubali: Before the Beginning,,TV-14,,"Action, Adventure, Drama",,
Big Timber,(2020– ),,,Reality-TV,6.800000190734863,827
Hard Times,(2009),R,94 min,"Comedy, Crime",5.800000190734863,"2,579"
Dahmer vs. Gacy,(2010),Not Rated,90 min,"Comedy, Horror",2.700000047683716,544
They Call Me Jeeg,(2015),,112 min,"Action, Comedy, Drama",7.0,"15,207"
The Least Expected Day,(2020–2022),,,"Documentary, Sport",7.400000095367432,788
Viva La Madness,,,,"Action, Crime, Drama",,
Lonely Planet,,,,"Drama, Romance",,
Bloom Into You,(2018– ),TV-PG,24 min,"Animation, Drama, Romance",7.800000190734863,"1,419"
Irmandade,(2019– ),TV-MA,50 min,"Crime, Drama, Thriller",7.5,"1,488"
Japan Sinks: 2020,(2020),TV-MA,25 min,"Animation, Adventure, Drama",6.400000095367432,"3,058"
Gigantosaurus,(2019– ),TV-Y,22 min,Animation,6.5,178
All for Love,(2020– ),TV-MA,45 min,"Drama, Romance",7.0,201
Walt Before Mickey,(2015),PG,107 min,"Biography, Drama",5.900000095367432,"6,117"
Hot Date,(2017–2019),,20 min,Comedy,7.099999904632568,644
Criminal: Germany,(2019),,59 min,"Crime, Drama, Mystery",7.599999904632568,"5,290"
Ever Been to the Moon?,(2015),,90 min,Comedy,6.099999904632568,"1,963"
Rilakkuma and Kaoru,(2019),TV-PG,12 min,"Animation, Comedy, Drama",8.199999809265137,"1,680"
The 39 Steps,,,,"Drama, Thriller",,
The Endless Trench,(2019),TV-MA,147 min,"Drama, History, Thriller",7.199999809265137,"6,519"
I Am Happiness on Earth,(2014),Unrated,122 min,Drama,4.5,"1,055"
Homemade love story,(2020–2021),,,"Comedy, Drama, Romance",6.900000095367432,15
Untitled Spy Kids Project,,,,"Action, Adventure, Comedy",,
Homemade,(2020– ),TV-MA,138 min,Drama,6.099999904632568,819
Always a Witch,(2019–2020),TV-14,40 min,"Drama, Fantasy",6.199999809265137,"2,503"
School of Chocolate,(2021– ),TV-PG,,"Game-Show, Reality-TV",7.599999904632568,"1,853"
Tim Dillon: A Real Hero,(2022 TV Special),,48 min,Comedy,6.400000095367432,515
Oh My Baby,(2020),,60 min,"Drama, Romance",7.099999904632568,251
Malibu Rescue,(2019),TV-Y7,68 min,"Action, Comedy, Family",5.0,"1,308"
Rhys Nicholson: Live at the Athenaeum,(2020 TV Special),,65 min,Comedy,7.5,356
Soaked in Bleach,(2015),Not Rated,90 min,"Documentary, Crime",7.300000190734863,"13,808"
Still 17,(2018),,35 min,"Comedy, Romance",7.900000095367432,"1,939"
Cardcaptor Sakura,(1998–2000),TV-Y7-FV,30 min,"Animation, Action, Adventure",8.0,"5,077"
The Long Ballad,(2021– ),,,"Action, Adventure, History",8.300000190734863,849
"Bofuri: I Don't Want to Get Hurt, So I'll Max Out My Defense",(2020– ),TV-14,23 min,"Animation, Action, Adventure",7.5,"1,685"
Brews Brothers,(2020),TV-MA,,"Comedy, Drama",5.099999904632568,"1,982"
Club América vs. Club América,(2022– ),,50 min,"Documentary, Sport",8.300000190734863,77
Mercy Black,(2019),TV-14,88 min,"Horror, Mystery, Thriller",4.900000095367432,"3,770"
Pottersville,(2017),PG-13,84 min,Comedy,5.400000095367432,"4,767"
Heat Wave,(1954),Not Rated,68 min,"Crime, Drama",6.0,597
Crime Scene: The Times Square Killer,(2021),TV-MA,147 min,"Documentary, Crime, History",6.5,"4,305"
Teenage Cocktail,(2016),,88 min,"Drama, Thriller",5.800000190734863,"5,418"
The Boss Baby: Back in the Crib,(2022– ),TV-Y7,25 min,"Animation, Adventure, Comedy",6.099999904632568,190
Becoming Witch,(2022– ),,,"Comedy, Drama",6.900000095367432,38
Parallels,(I) (2015),Not Rated,83 min,"Action, Sci-Fi",6.0,"14,649"
Girls from Ipanema,(2019–2020),TV-MA,45 min,"Drama, Romance",7.800000190734863,"3,530"
Skater Girl,(2021),PG,107 min,"Drama, Family, Sport",6.599999904632568,"4,368"
Romance on the Menu,(2020),TV-G,96 min,"Family, Romance",6.099999904632568,878
The Mudge Boy,(2003),R,94 min,"Crime, Drama, Romance",7.099999904632568,"4,538"
Paskal,(2018),TV-14,115 min,"Action, Adventure, Drama",6.5,"3,074"
Misty,(2018– ),TV-MA,60 min,"Drama, Mystery, Romance",8.0,664
Sintonia,(2019– ),TV-MA,40 min,"Crime, Drama, Music",6.599999904632568,"1,223"
Cooked with Cannabis,(2020– ),TV-MA,,Reality-TV,6.5,365
Vampires,(2020),TV-MA,,"Drama, Fantasy, Horror",5.699999809265137,"1,314"
The Black Room,(2017),Not Rated,94 min,"Comedy, Horror",3.4000000953674316,"2,885"
Father Is Strange,(2017),,66 min,"Comedy, Drama, Family",8.199999809265137,558
The King and I,(1999),G,87 min,"Animation, Family, Fantasy",4.300000190734863,"4,138"
Fariña,(2018),TV-MA,95 min,"Crime, Drama, Thriller",7.900000095367432,"3,959"
Devils Line,(2018– ),TV-MA,24 min,"Animation, Action, Crime",6.800000190734863,"1,247"
Offering to the Storm,(2020),TV-MA,139 min,"Crime, Thriller",6.199999809265137,"6,594"
Norm Macdonald: Nothing Special,(2022 TV Special),,86 min,Comedy,7.599999904632568,"1,742"
Setup,(I) (2011),R,85 min,"Action, Crime, Drama",4.400000095367432,"21,291"
The Great Heist,(2020),TV-MA,,"Crime, Drama, Thriller",7.300000190734863,"2,613"
Monogamy,(2018– ),TV-MA,30 min,Drama,6.400000095367432,460
Hilda and the Mountain King,(2021 TV Movie),TV-Y7,85 min,"Animation, Adventure, Comedy",7.699999809265137,"2,557"
Olaf's Frozen Adventure,(2017),G,22 min,"Animation, Short, Adventure",5.599999904632568,"12,912"
The Chase,(2017),,110 min,"Crime, Drama, Mystery",6.599999904632568,"3,104"
The Suspicious Death of a Minor,(1975),Not Rated,100 min,"Action, Comedy, Crime",6.5,"1,376"
Strawberry Shortcake: Berry in the Big City,(2021– ),TV-Y,,"Animation, Family",6.800000190734863,82
Curon,(2020),TV-MA,,"Drama, Fantasy, Horror",5.900000095367432,"4,179"
"Bring It On, Ghost",(2016),TV-14,60 min,"Comedy, Fantasy, Horror",7.599999904632568,"2,628"
Find Me in Your Memory,(2020– ),,35 min,"Fantasy, Mystery, Romance",7.400000095367432,848
The Colossus of Rhodes,(1961),Approved,127 min,"Adventure, Drama, History",5.800000190734863,"3,626"
Syucheu,(2018),,60 min,"Crime, Drama, Thriller",7.400000095367432,692
"It's Okay, That's Love",(2014),TV-14,60 min,"Comedy, Drama, Romance",8.300000190734863,"4,009"
Travelin' Band: Creedence Clearwater Revival at the Royal Albert Hall,(2022),,86 min,"Documentary, Music",7.900000095367432,151
Duck Duck Goose,(I) (2018),PG,91 min,"Animation, Adventure, Comedy",5.699999809265137,"3,754"
37 Seconds,(2019),,115 min,Drama,7.400000095367432,"2,795"
The Who Was? Show,(2018),,25 min,"Short, Adventure, Comedy",6.599999904632568,620
Who Would You Take to a Deserted Island?,(2019),TV-MA,93 min,Drama,5.300000190734863,"2,528"
Anonymously Yours,(2021),,100 min,"Drama, Romance",5.699999809265137,"1,823"
Close Enemies,(2018),TV-MA,111 min,"Drama, Thriller",6.400000095367432,"2,698"
Wild District,(2018–2019),TV-MA,45 min,"Action, Crime, Drama",8.100000381469727,"1,949"
Doctor Prisoner,(2019– ),,35 min,"Drama, Mystery, Thriller",7.599999904632568,773
Good Manager,(2017),TV-14,60 min,"Comedy, Drama",7.900000095367432,"1,074"
Amandla,(2022),TV-MA,106 min,"Crime, Drama",5.599999904632568,401
A Place Further Than the Universe,(2018),,23 min,"Animation, Adventure, Comedy",8.199999809265137,"2,283"
Zombie Detective,(2020),,30 min,"Comedy, Fantasy, Mystery",7.400000095367432,821
Elite Short Stories: Carla Samuel,(2021),TV-MA,43 min,"Short, Drama, Romance",6.800000190734863,"2,725"
Bloodride,(2020),TV-MA,,"Drama, Horror, Mystery",6.400000095367432,"3,760"
The Raincoat Killer: Chasing a Predator in Korea,(2021),TV-MA,145 min,"Documentary, Crime, History",6.400000095367432,"2,364"
Nothing to Lose,(2017–2018),,35 min,"Drama, Romance",6.599999904632568,131
Handsome: A Netflix Mystery Movie,(2017),TV-MA,80 min,"Comedy, Mystery",5.199999809265137,"4,702"
Dave Chappelle: Sticks & Stones,(2019 TV Special),TV-MA,65 min,Comedy,8.399999618530273,"26,427"
Heart Parade,(2022),TV-PG,108 min,"Comedy, Romance",5.0,570
The Incident,(2014),,100 min,"Horror, Sci-Fi, Thriller",6.300000190734863,"3,843"
Thelma the Unicorn,(2025),,,"Animation, Adventure, Comedy",,
Amateur,(2018),TV-MA,96 min,"Drama, Sport",5.900000095367432,"4,547"
The Guest House,(2012),Not Rated,82 min,Romance,3.5,"1,527"
Criminal: France,(2019),,39 min,"Crime, Drama, Mystery",7.199999809265137,"4,140"
The Silence of the Marsh,(2019),TV-MA,92 min,Thriller,5.0,"3,889"
The Cabin with Bert Kreischer,(2020),TV-MA,,"Comedy, Reality-TV",6.900000095367432,"1,745"
The Veil,(I) (2016),R,93 min,Horror,4.699999809265137,"7,820"
My Suicide,(2009),Not Rated,107 min,"Comedy, Drama",7.0,"2,032"
Jo Koy: Comin' in Hot,(2019 TV Special),,60 min,Comedy,7.300000190734863,"1,139"
The Awakening of Motti Wolkenbruch,(2018),,94 min,"Comedy, Drama",6.599999904632568,"4,417"
Imitation,(2021),TV-Y,70 min,"Comedy, Music, Romance",7.400000095367432,706
Bon Cop Bad Cop,(2006),R,117 min,"Action, Comedy, Crime",6.699999809265137,"12,733"
Roxanne Roxanne,(2017),TV-MA,100 min,"Biography, Drama, Music",6.199999809265137,"3,294"
The Asterisk War,(2015–2016),TV-14,23 min,"Animation, Action, Comedy",6.800000190734863,"2,106"
The World's Most Extraordinary Homes,(2017–2018),,59 min,Documentary,7.5,"3,501"
High Score,(2020),TV-14,252 min,"Documentary, History",7.400000095367432,"8,048"
Christmas with a View,(2018 TV Movie),TV-PG,91 min,"Drama, Romance",5.099999904632568,"4,607"
American Son,(2019),TV-MA,90 min,Drama,5.800000190734863,"7,112"
The Beast,(2020),TV-MA,97 min,"Action, Crime, Drama",5.199999809265137,"4,377"
Pagglait,(2021),TV-14,114 min,"Comedy, Drama",6.900000095367432,"9,446"
Chatroom,(2010),R,97 min,"Drama, Horror, Thriller",5.400000095367432,"9,248"
Amina,(2021),TV-14,105 min,"Action, Adventure, Biography",3.9000000953674316,333
Reality Z,(2020),TV-MA,30 min,"Comedy, Horror",5.599999904632568,"2,547"
Next in Fashion,(2020),TV-14,50 min,Reality-TV,7.300000190734863,"3,728"
The Millionaire Detective: Balance - Unlimited,(2020),TV-14,23 min,"Animation, Crime, Drama",7.300000190734863,"1,809"
Untold Volume 2,(2021– ),,,Documentary,,
"Go, Dog, Go",(2021– ),TV-Y,24 min,"Animation, Family",7.0,204
Ricos de Amor,(2020),TV-14,104 min,"Comedy, Music, Romance",6.0,"2,751"
Dirty Teacher,(2013 TV Movie),TV-14,85 min,"Drama, Mystery, Thriller",4.699999809265137,"2,019"
Chip and Potato,(2018– ),TV-Y,23 min,"Animation, Adventure, Comedy",6.400000095367432,167
Deadly Switch,(2019),,87 min,"Mystery, Thriller",4.5,"1,396"
Rugal,(2020– ),,60 min,"Action, Crime, Sci-Fi",6.199999809265137,983
The Characters,(2016),TV-MA,30 min,Comedy,5.300000190734863,885
Accidentally in Love,(2018– ),TV-14,30 min,"Drama, Music, Musical",7.400000095367432,"1,177"
Why Did You Kill Me?,(2021),TV-MA,83 min,"Documentary, Crime",5.599999904632568,"4,289"
The Booth at the End,(2011–2012),,30 min,"Drama, Mystery, Thriller",8.199999809265137,"4,753"
Tiny House Nation,(2014– ),TV-PG,43 min,Reality-TV,7.099999904632568,"1,176"
Stand by Me Doraemon,(2014),TV-PG,95 min,"Animation, Comedy, Drama",7.300000190734863,"8,136"
Queen Charlotte: A Bridgerton Story,,,,"Biography, Drama, History",,
Theo Von: Regular People,(2021 TV Special),TV-MA,61 min,Comedy,5.099999904632568,895
Super Giant Robot Brothers,(2022– ),TV-Y7,26 min,"Animation, Action, Adventure",6.5,150
Baking Impossible,(2021– ),TV-PG,,"Game-Show, Reality-TV",7.0,"1,187"
Diablero,(2018–2020),TV-MA,40 min,"Adventure, Drama, Fantasy",6.699999809265137,"2,615"
Medal of Honor,(2018– ),TV-MA,60 min,"Documentary, War",8.199999809265137,"1,742"
Karma's World,(2021– ),TV-PG,11 min,"Animation, Short, Comedy",6.300000190734863,175
Mob Psycho 100,(2018),,24 min,"Sci-Fi, Thriller",5.199999809265137,531
Smosh: The Movie,(2015),PG-13,84 min,"Adventure, Comedy, Fantasy",3.200000047683716,"6,569"
Big Bear,(2017),TV-MA,88 min,Comedy,5.099999904632568,"1,382"
Racket Boys,(2021– ),TV-14,80 min,"Comedy, Drama, Sport",4.099999904632568,"27,616"
Fate/stay night [Heaven's Feel] I. presage flower,(2017),TV-MA,120 min,"Animation, Action, Adventure",7.400000095367432,"2,931"
Kakegurui,(2018–2019),,24 min,"Drama, Thriller",6.699999809265137,"1,059"
Mad Dog,(2017),,60 min,"Crime, Drama, Thriller",7.699999809265137,724
Burn Out,(I) (2017),TV-MA,107 min,"Action, Crime, Thriller",6.199999809265137,"3,860"
Navarasa,(2021– ),TV-MA,30 min,Drama,5.800000190734863,"3,580"
Monsoon,(2019),Not Rated,85 min,"Drama, History, Romance",6.0,"2,102"
The Silenced,(2015),,99 min,"Horror, Mystery, Thriller",5.699999809265137,"3,491"
Meskina,(2021),,98 min,Comedy,5.599999904632568,967
Kid Cosmic,(2021–2022),TV-Y7,25 min,"Animation, Short, Action",7.900000095367432,"1,462"
Last Chance U: Basketball,(2021– ),TV-MA,60 min,"Documentary, Sport",8.300000190734863,"2,606"
Digimon Adventure,(2020– ),TV-G,,"Animation, Action, Adventure",6.900000095367432,595
The Statistical Probability of Love at First Sight,(II),,,"Drama, Romance",,
Battle Kitty,(2022– ),TV-Y7,30 min,"Animation, Action, Adventure",6.400000095367432,167
True Spirit,,,,"Adventure, Biography, Drama",,
Forgive Us Our Trespasses,(I) (2022),TV-14,13 min,"Short, Drama",6.400000095367432,"1,561"
Into the Inferno,(2016),,104 min,Documentary,7.199999809265137,"8,834"
Berlin Calling,(2008),,109 min,"Comedy, Drama, Music",7.199999809265137,"14,646"
The Girls I've Been,,,,"Drama, Thriller",,
Stranded in Paradise,(2014 TV Movie),TV-G,86 min,"Comedy, Romance",5.400000095367432,"1,722"
On My Skin: The Last Seven Days of Stefano Cucchi,(2018),TV-MA,100 min,"Biography, Drama",7.300000190734863,"9,389"
My Husband Won't Fit,(2019– ),TV-MA,40 min,"Drama, Romance",6.699999809265137,835
Misaeng,(2014),,60 min,Drama,8.5,"2,050"
Romeo Akbar Walter,(2019),Not Rated,141 min,"Action, Drama, Thriller",6.599999904632568,"5,862"
What We Wanted,(2020),TV-MA,93 min,Drama,5.900000095367432,"1,837"
Trailer Park Boys: Out of the Park,(2016–2017),TV-MA,30 min,"Adventure, Comedy, Crime",7.0,"2,379"
More Tales of the City,(1998),TV-MA,330 min,"Drama, Romance",7.900000095367432,"1,862"
Love Per Square Foot,(2018),TV-14,133 min,"Comedy, Romance",7.199999809265137,"8,432"
Born to Raise Hell,(2010),R,98 min,"Action, Crime, Thriller",4.300000190734863,"4,388"
Irreverent,(2022– ),,,"Crime, Drama",,
Confessions of a Brazilian Call Girl,(2011),TV-MA,131 min,"Biography, Drama",6.099999904632568,"7,416"
If I Hadn't Met You,(2018),TV-MA,60 min,"Drama, Fantasy, Romance",7.5,"2,491"
"Vengeance Is Mine, All Others Pay Cash",(2021),TV-MA,114 min,"Action, Comedy, Drama",7.0,629
Cocaine Cowboys: The Kings of Miami,(2021),TV-MA,273 min,"Documentary, Crime, History",7.099999904632568,"2,793"
Ava's Possessions,(2015),R,89 min,"Comedy, Horror, Mystery",5.599999904632568,"3,202"
Good Morning Call,(2016–2017),TV-14,48 min,"Comedy, Romance",7.5,"3,199"
All Hail,(2022),TV-MA,118 min,"Comedy, Drama",5.599999904632568,"3,296"
Never Give Up,(2022– ),,,"Comedy, Drama",7.900000095367432,47
The Cursed,(2020– ),,60 min,"Drama, Fantasy, Mystery",7.099999904632568,501
Nobody's Looking,(2019),,,"Comedy, Drama, Fantasy",7.699999809265137,"2,085"
Operation Buffalo,(2020),,52 min,"Adventure, Comedy, Drama",6.599999904632568,740
Back Street Girls,(2018),TV-MA,24 min,"Animation, Comedy",6.699999809265137,872
Midnight at the Magnolia,(2020),TV-G,87 min,"Comedy, Romance",5.800000190734863,"5,430"
White Stork,(2022– ),,60 min,"Drama, Thriller",,
A Christmas Prince: The Royal Baby,(2019),TV-PG,84 min,"Family, Romance",5.400000095367432,"6,844"
Adult Beginners,(2014),R,92 min,"Action, Comedy, Drama",5.599999904632568,"8,540"
I Am A Killer: Released,(2020),TV-MA,104 min,"Documentary, Crime",5.199999809265137,932
ReBoot: The Guardian Code,(2018),TV-Y7-FV,30 min,"Action, Comedy, Drama",3.799999952316284,"1,213"
Go Back Couple,(2017),,70 min,"Drama, Fantasy, Romance",8.199999809265137,"1,132"
Untitled Red Notice Sequel,,,,"Action, Comedy, Thriller",,
Howl,(2010),R,84 min,"Biography, Drama, Romance",6.599999904632568,"13,067"
Waffles + Mochi,(2021– ),TV-Y,,Family,7.400000095367432,496
Lured,(1947),Approved,102 min,"Crime, Film-Noir, Mystery",7.0,"3,811"
Tonari no kaibutsu-kun,(2012),,24 min,"Animation, Comedy, Romance",7.199999809265137,"4,157"
Aurora,(XXIV),,,Drama,,
Dick Johnson Is Dead,(2020),PG-13,89 min,"Documentary, Biography, Drama",7.400000095367432,"6,636"
The Thing About Jellyfish,,,,Drama,,
Voir,(2021– ),TV-MA,20 min,Documentary,6.800000190734863,"1,377"
World of Winx,(2016–2017),TV-Y7,30 min,"Animation, Action, Comedy",6.699999809265137,737
WWII in Color: Road to Victory,(2021– ),,50 min,"Documentary, History, War",8.199999809265137,"1,832"
Class of '83,(2020),TV-14,98 min,"Action, Crime, Drama",5.800000190734863,"5,674"
Five Came Back,(2017),TV-14,60 min,"Documentary, Biography, History",8.300000190734863,"4,756"
Thus Spoke Kishibe Rohan,(2019–2021),TV-MA,97 min,"Animation, Action, Adventure",7.5,"1,314"
Modest Heroes,(2018),PG,53 min,"Animation, Adventure, Family",6.599999904632568,"2,745"
Octonauts: Above & Beyond,(2021– ),TV-Y,,"Animation, Family",7.400000095367432,100
The Upper World,,,,"Adventure, Fantasy, Sci-Fi",,
Trolls: The Beat Goes On!,(2018–2019),TV-G,25 min,"Animation, Short, Adventure",5.800000190734863,817
The War Next-door,(2021– ),TV-MA,,Comedy,5.699999809265137,466
Enrico Piaggio: Vespa,(2019 TV Movie),,102 min,"Biography, Drama, Romance",6.900000095367432,"3,172"
Bad Seeds,(2018),TV-MA,100 min,Comedy,7.300000190734863,"5,593"
Operation Avalanche,(2016),R,94 min,"Comedy, Drama, Mystery",6.0,"7,357"
Grendel,,,,"Action, Adventure, Crime",,
Losers,(2019– ),,30 min,"Documentary, Sport",7.599999904632568,"1,805"
Hip-Hop Evolution,(2016– ),TV-MA,90 min,"Documentary, Music",8.399999618530273,"6,027"
AK vs AK,(2020),TV-MA,108 min,"Action, Comedy, Crime",6.900000095367432,"14,362"
Carole & Tuesday,(2019),TV-MA,22 min,"Animation, Drama, Music",7.800000190734863,"2,088"
XOXO,(2016),TV-MA,92 min,"Drama, Music",5.300000190734863,"7,049"
Puffin Rock,(2015–2016),TV-Y,7 min,"Animation, Family",8.600000381469727,932
Muscle Shoals,(2013),PG,111 min,"Documentary, Biography, History",7.800000190734863,"3,971"
Feed the Beast,(2016),TV-14,60 min,"Crime, Drama",6.699999809265137,"3,410"
Untold: Caitlyn Jenner,(2021),TV-PG,69 min,"Documentary, Sport",6.400000095367432,"2,676"
The Perfect Dictatorship,(2014),TV-MA,143 min,"Comedy, Drama",7.199999809265137,"5,542"
Chupa,(2022),,,"Action, Adventure, Drama",,
Go Go Squid!,(2019– ),,45 min,"Drama, Romance, Sport",7.800000190734863,"1,167"
Looop Lapeta,(2022),TV-MA,131 min,"Action, Comedy, Crime",5.199999809265137,"4,650"
Go! Live Your Way,(2019),TV-Y7,40 min,"Comedy, Family, Musical",6.800000190734863,663
Christmas on the Square,(2020),TV-PG,98 min,"Comedy, Family, Musical",5.199999809265137,"2,705"
Robin Robin,(2021),G,32 min,"Animation, Short, Adventure",7.0,"5,794"
Avicii: True Stories,(2017),Not Rated,97 min,"Documentary, Biography, Music",7.599999904632568,"6,734"
Bank of Dave,,,,"Comedy, Drama",,
Another Miss Oh,(2016),,70 min,"Comedy, Fantasy, Romance",7.800000190734863,"1,932"
Preservation,(2014),Not Rated,88 min,"Horror, Thriller",4.800000190734863,"5,834"
Divines,(2016),,105 min,"Crime, Drama",7.400000095367432,"9,912"
Bulbbul,(2020),TV-MA,94 min,"Drama, Horror, Mystery",6.5,"12,049"
Killer Under the Bed,(2018),,90 min,"Horror, Thriller",4.300000190734863,"1,114"
Reply 1994,(2013),,75 min,"Comedy, Drama, Romance",7.800000190734863,"1,394"
Budapest,(2018),TV-MA,102 min,Comedy,5.400000095367432,"3,037"
The River Runner,(2021),,86 min,Documentary,6.900000095367432,"1,755"
Rebel Cheer Squad - A Get Even Series,(2022– ),,30 min,Drama,4.5,167
Jay and Silent Bob's Super Groovy Cartoon Movie,(2013),TV-14,64 min,"Animation, Comedy",4.900000095367432,"2,114"
Elesin Oba: The King's Horseman,(2022),,96 min,"Adventure, Drama, History",9.399999618530273,72
Rotten,(2018–2019),,55 min,Documentary,7.199999809265137,"3,797"
Mark of the Devil,(2020),TV-14,82 min,Horror,3.200000047683716,"2,325"
Exploding Kittens,,,,"Animation, Comedy",,
Hymn of Death,(2018),,35 min,"Drama, History, Music",7.599999904632568,"1,288"
For Jojo,(2022),,96 min,Drama,3.9000000953674316,253
Nobody Knows I'm Here,(2020),TV-MA,91 min,"Drama, Music",6.5,"4,271"
Choked,(2020),TV-14,114 min,Drama,5.699999809265137,"5,503"
Yuragi-sou no Yuuna-san,(2018– ),,24 min,"Animation, Comedy, Fantasy",6.699999809265137,505
2 Good 2 Be True,(2022– ),,31 min,"Comedy, Drama, Romance",8.5,67
Christmas Made to Order,(2018 TV Movie),TV-G,80 min,Romance,5.699999809265137,"4,142"
Betty en NY,(2019– ),,60 min,Comedy,7.300000190734863,678
MaveriX,(2022),TV-G,25 min,"Drama, Family, Sport",5.900000095367432,156
You Cannot Hide,(2019),TV-MA,44 min,"Action, Crime",6.400000095367432,"1,136"
The Minions of Midas,(2020),TV-MA,316 min,"Crime, Drama, Thriller",6.599999904632568,"4,226"
Dragons: Rescue Riders,(2019–2020),TV-Y,24 min,"Animation, Short, Action",6.0,330
Untitled We Can Be Heroes Sequel,(2024),,,"Action, Adventure, Family",,
The Confession Killer,(2019),TV-14,240 min,"Documentary, Crime",7.400000095367432,"9,222"
"Léon Morin, Priest",(1961),Not Rated,117 min,"Drama, Romance, War",7.5,"5,140"
Dear Mother,(2020),TV-MA,98 min,Comedy,5.800000190734863,"1,529"
Despite Everything,(2019),TV-MA,78 min,Comedy,5.400000095367432,"5,074"
Yeom-lyeok,(2018),Not Rated,101 min,"Action, Comedy, Fantasy",5.900000095367432,"5,703"
Shimoneta: A Boring World Where the Concept of Dirty Jokes Doesn't Exist,(2015– ),TV-MA,22 min,"Animation, Comedy",7.0,"2,428"
Superstition,(2017–2018),,45 min,"Drama, Fantasy, Horror",5.0,"1,912"
Smoke & Mirrors,(2016),,123 min,"Biography, Thriller",6.800000190734863,"8,160"
Cougar Hunting,(2011),R,102 min,"Comedy, Romance",3.5999999046325684,"1,182"
Blood Sisters,(2022),TV-MA,224 min,"Crime, Drama, Thriller",5.300000190734863,947
What's in A Name,(2022 TV Special),,39 min,Comedy,7.099999904632568,945
A Very Murray Christmas,(2015 TV Special),TV-MA,56 min,"Comedy, Music, Musical",5.5,"15,499"
The Selection,,,,"Drama, Fantasy, Romance",,
Marco Polo: One Hundred Eyes,(2015 TV Movie),,28 min,"Action, Drama, History",7.699999809265137,"11,027"
Les Bonnes Femmes,(1960),Not Rated,100 min,"Drama, Mystery, Romance",7.199999809265137,"2,910"
Once Again,(2020),,35 min,"Comedy, Drama, Romance",8.399999618530273,338
Sun Dogs,(2017),TV-MA,94 min,"Comedy, Drama",6.199999809265137,"2,354"
He Walked by Night,(1948),Approved,79 min,"Crime, Film-Noir, Thriller",7.099999904632568,"6,083"
Thomas & Friends: All Engines Go,(2021– ),TV-Y,30 min,"Animation, Short, Adventure",2.0999999046325684,604
David A. Arnold: It Ain't for the Weak,(2022 TV Special),TV-MA,78 min,"Documentary, Comedy",6.5,181
Love,(2021– ),TV-PG,70 min,"Drama, Romance",6.699999809265137,483
The Motive,(2017),TV-MA,112 min,"Comedy, Crime, Drama",6.5,"6,007"
A Cop Movie,(2021),R,107 min,"Documentary, Action, Crime",7.0,"1,816"
My Dad the Bounty Hunter,(2023– ),TV-Y7,22 min,"Animation, Action, Adventure",,
Thermae Romae Novae,(2022– ),TV-MA,30 min,"Animation, Comedy, Fantasy",7.0,842
Madaari,(2016),Not Rated,133 min,"Drama, Thriller",7.599999904632568,"14,377"
Oggy and the Cockroaches,(1997– ),TV-Y,8 min,"Animation, Adventure, Comedy",7.400000095367432,"4,363"
Cash Truck,(2004),,95 min,"Action, Crime, Drama",6.5,"4,005"
Shéhérazade,(2018),TV-MA,109 min,"Drama, Romance, Thriller",7.099999904632568,"2,289"
Sthlm Requiem,(2018– ),,45 min,"Crime, Drama, Mystery",6.5,"1,568"
SOMM,(2012),Not Rated,94 min,Documentary,7.0,"4,772"
The Scholar Who Walks the Night,(2015),,,"Action, Fantasy, History",7.199999809265137,948
Victim Number 8,(2018),,53 min,"Action, Drama, Thriller",7.0,"2,066"
Get Organized with the Home Edit,(2020– ),TV-PG,30 min,Reality-TV,5.400000095367432,"1,561"
Gridlocked,(2015),R,110 min,Action,5.800000190734863,"4,650"
Crazyhead,(2016),,60 min,"Comedy, Horror, Sci-Fi",7.199999809265137,"5,075"
Animal Farm,,,,"Animation, Drama, Fantasy",,
MeatEater,(2012– ),TV-14,21 min,Documentary,7.5,"1,516"
Black Knight,(2017– ),,,"Fantasy, Romance",6.599999904632568,435
Strange Empire,(2014–2015),,60 min,"Drama, Western",6.199999809265137,"1,785"
Lu Over the Wall,(2017),PG,112 min,"Animation, Adventure, Comedy",6.800000190734863,"2,323"
7th & Union,(2021),,93 min,"Drama, Sport",5.800000190734863,90
High Risk,(1995),R,101 min,"Action, Comedy, Crime",6.0,"4,326"
The Jurassic Games,(2018),Not Rated,86 min,"Action, Horror, Sci-Fi",3.799999952316284,"2,776"
Reply 1997,(2012–2013),,50 min,"Comedy, Drama, Romance",8.0,"2,138"
Athlete A,(2020),PG-13,103 min,"Documentary, Crime, Sport",7.599999904632568,"11,138"
Candy Jar,(2018),TV-14,92 min,Comedy,5.800000190734863,"5,180"
Khufiya,,,,"Action, Biography, Crime",,
Fearless,(2020),TV-Y7,89 min,"Animation, Comedy, Family",4.900000095367432,"1,776"
Seis Manos,(2019– ),TV-MA,27 min,"Animation, Action, Adventure",7.099999904632568,"1,644"
Neo Yokio,(2017–2018),TV-MA,23 min,"Animation, Action, Adventure",5.900000095367432,"3,416"
"Bob Ross: Happy Accidents, Betrayal & Greed",(2021),TV-14,92 min,Documentary,6.900000095367432,"5,981"
Sad Hill Unearthed,(2017),,86 min,Documentary,7.400000095367432,"1,662"
Nicky Jam: El Ganador,(2018– ),Not Rated,45 min,"Biography, Music",7.699999809265137,"1,170"
Tsuredure Children,(2017– ),TV-14,13 min,"Animation, Short, Comedy",7.300000190734863,"1,763"
Heart Shot,(2022),TV-14,19 min,"Short, Action, Romance",4.800000190734863,689
Dope,(II) (2017– ),TV-MA,45 min,"Documentary, Crime",7.300000190734863,"1,687"
Lead Me Home,(2021),PG-13,39 min,"Short, Documentary",6.300000190734863,"3,640"
Tomorrow with You,(2017),TV-14,60 min,"Drama, Fantasy, Romance",7.400000095367432,"1,117"
Love Jacked,(2018),PG-13,100 min,"Comedy, Romance",5.800000190734863,"2,259"
Soni,(2018),TV-MA,97 min,"Crime, Drama",7.099999904632568,"2,828"
Bombay Begums,(2021– ),TV-MA,50 min,Drama,5.199999809265137,"4,915"
The Kitchen,(2023),,,"Adventure, Drama, Sci-Fi",,
The Casketeers,(2018– ),TV-14,,Documentary,7.400000095367432,472
Christmas with You,(2022),,89 min,"Comedy, Family, Romance",,
Skylines,(I) (2019),,56 min,"Crime, Drama, Music",7.5,"2,700"
Operation Varsity Blues,(2021),R,100 min,"Documentary, Crime, Drama",6.900000095367432,"8,311"
Virunga,(2014),Not Rated,100 min,"Documentary, War",8.199999809265137,"11,569"
Ultimate Beastmaster,(2017–2018),TV-Y7,55 min,"Game-Show, Reality-TV",7.199999809265137,"2,459"
Collision,(2013),R,101 min,"Action, Romance, Thriller",5.900000095367432,"3,233"
Sirius the Jaeger,(2018),TV-MA,25 min,"Animation, Action, History",6.800000190734863,"1,984"
Hinamatsuri,(2018),TV-14,24 min,"Animation, Comedy, Fantasy",7.900000095367432,"2,027"
Barbie: Dolphin Magic,(2017 Video),TV-G,61 min,"Animation, Adventure, Family",5.599999904632568,807
Blackpink: Light Up the Sky,(2020),TV-14,79 min,"Documentary, Music",7.300000190734863,"6,617"
Bill Nye Saves the World,(2017–2018),TV-14,30 min,"Comedy, Talk-Show",3.799999952316284,"7,365"
Tokyo Trial,(2016),,45 min,"Drama, History",7.300000190734863,"1,658"
23:59,(2011),R,78 min,Horror,4.5,988
Damsels in Distress,(2011),PG-13,99 min,"Comedy, Drama, Romance",5.800000190734863,"9,633"
Pac-Man and the Ghostly Adventures,(2013–2016),TV-Y7,30 min,"Animation, Action, Adventure",4.5,710
Yu Yu Hakusho,(2023– ),TV-14,,"Action, Adventure, Comedy",,
Real,(2017),Not Rated,137 min,"Action, Thriller",4.699999809265137,"1,469"
Lovestruck: The Musical,(2013 TV Movie),Not Rated,83 min,"Comedy, Fantasy, Musical",6.199999809265137,"2,451"
The Fury of a Patient Man,(2016),TV-MA,92 min,"Crime, Drama, Thriller",6.699999809265137,"12,125"
The Neighbor,(2019–2021),,30 min,"Action, Comedy",6.5,"2,203"
40 Years Young,(2022),TV-MA,81 min,Comedy,4.400000095367432,510
No Regrets in Life,(2022– ),,60 min,"Drama, Romance",7.099999904632568,20
Interior. Leather Bar.,(2013),Not Rated,60 min,Drama,5.0,"2,579"
Yu-Gi-Oh!: The Movie - Pyramid of Light,(2004),PG,90 min,"Animation, Action, Adventure",4.900000095367432,"8,621"
Super Me,(2019),,102 min,"Drama, Fantasy, Mystery",5.800000190734863,"1,653"
Hangman,(II) (2015),TV-MA,85 min,"Horror, Thriller",4.599999904632568,"2,424"
Babies,(2020– ),,,Documentary,6.900000095367432,788
Squared Love,(2021),TV-14,102 min,"Comedy, Romance",5.099999904632568,"3,227"
Private Lives,(2020),,70 min,"Crime, Drama, Romance",6.599999904632568,634
Johnny Test,(2021– ),TV-Y7,11 min,"Animation, Action, Adventure",6.300000190734863,379
Code 8: Part II,,,,"Action, Crime, Drama",,
Find Yourself,(2020– ),,45 min,"Drama, Romance",7.699999809265137,227
Gundala,(2019),TV-14,123 min,"Action, Adventure, Drama",6.099999904632568,"5,049"
Maximum Conviction,(2012),R,98 min,"Action, Thriller",4.699999809265137,"6,953"
Ashby,(2015),R,100 min,"Comedy, Crime, Drama",6.400000095367432,"15,729"
Las muñecas de la mafia,(2009– ),TV-MA,,Drama,6.599999904632568,306
Taylor Tomlinson: Look at You,(2022 TV Special),TV-MA,60 min,"Documentary, Comedy",7.300000190734863,"2,250"
Forever Rich,(2021),TV-MA,89 min,"Comedy, Crime, Drama",5.5,"1,052"
100 Meters,(2016),,108 min,"Biography, Comedy, Drama",7.5,"6,362"
Freelancers,(2012),R,96 min,"Action, Crime, Drama",4.599999904632568,"10,318"
The Barkley Marathons: The Race That Eats Its Young,(2014),Not Rated,89 min,"Documentary, Adventure, History",7.699999809265137,"5,281"
Les de l'hoquei,(2019–2020),TV-MA,50 min,"Drama, Sport",6.900000095367432,457
Fate/Grand Order - Absolute Demonic Front: Babylonia,(2019–2020),,,"Animation, Action, Drama",7.199999809265137,758
Nocturama,(2016),,130 min,"Drama, Thriller",6.400000095367432,"5,020"
Paava Kadhaigal,(2020– ),,36 min,Drama,8.100000381469727,"6,790"
Hotel Transylvania: The Series,(2017–2020),TV-Y7,21 min,"Animation, Comedy, Family",5.400000095367432,743
Angry Birds: Summer Madness,(2022– ),TV-Y7,11 min,"Animation, Short, Action",5.699999809265137,673
Untitled Noah Centineo/Netflix Spy Project,(I) (2022– ),,,"Action, Adventure, Drama",,
Airplane Mode,(2020),TV-PG,96 min,"Comedy, Drama, Romance",5.099999904632568,"2,649"
The Admiral,(2015),TV-PG,151 min,"Action, Biography, Drama",7.0,"9,848"
The School Nurse Files,(2020– ),TV-MA,51 min,"Comedy, Drama, Fantasy",6.400000095367432,"1,241"
Child of Kamiari Month,(2021),TV-PG,99 min,"Animation, Adventure, Drama",5.900000095367432,867
Force 2,(2016),Not Rated,127 min,"Action, Adventure, Thriller",6.199999809265137,"5,637"
Come Sunday,(2018),TV-14,106 min,"Biography, Drama",6.0,"2,328"
Zombieland Saga,(2018– ),TV-MA,24 min,"Animation, Comedy, Fantasy",7.099999904632568,"1,204"
Christmas Wedding Planner,(2017 TV Movie),PG,86 min,Romance,4.300000190734863,"6,019"
Jinn,(2019),TV-14,30 min,"Drama, Fantasy, Horror",3.4000000953674316,"10,184"
Django & Django,(2021),,80 min,Documentary,6.900000095367432,"1,115"
The Kingdom,(2021– ),TV-MA,52 min,"Crime, Drama",6.5,"1,414"
Arlo the Alligator Boy,(2021 TV Movie),TV-Y7,90 min,"Animation, Adventure, Comedy",6.400000095367432,"1,134"
My Neighbors the Yamadas,(1999),PG,104 min,"Animation, Comedy, Family",7.099999904632568,"14,293"
Long Shot,(2017 TV Movie),TV-14,40 min,"Documentary, Crime, Sport",7.400000095367432,"7,990"
In Family I Trust,(2019),TV-MA,97 min,"Comedy, Romance",6.199999809265137,"3,267"
The Falls,(2021),,129 min,Drama,7.0,"1,692"
The Crimes That Bind,(2020),TV-14,99 min,"Crime, Drama, Thriller",6.699999809265137,"4,066"
"Hello, Me!",(2021– ),,65 min,"Comedy, Drama, Fantasy",7.300000190734863,617
Farewell Amor,(2020),Unrated,95 min,"Drama, Music, Romance",6.900000095367432,"1,293"
Life in Colour,(2021),TV-PG,143 min,Documentary,8.199999809265137,"3,347"
Paranormal Survivor,(2015– ),,41 min,"Documentary, Horror",6.199999809265137,623
Perfect Friday,(1970),R,94 min,"Comedy, Crime",6.400000095367432,889
Smart People,(2008),R,95 min,"Comedy, Drama, Romance",6.099999904632568,"23,145"
Procession,(2021),R,118 min,Documentary,7.199999809265137,"1,201"
Midnight Asia: Eat Dance Dream,(2022– ),,35 min,Documentary,6.599999904632568,556
Still Out of My League,(2021),,114 min,"Comedy, Drama, Romance",5.5,853
Tiger & Bunny,(2011– ),TV-14,25 min,"Animation, Action, Adventure",7.300000190734863,"1,054"
Untitled Noah Centineo/Netflix Spy Project,(II) (2022– ),,,"Drama, Thriller",,
Sang Krasue,(2019),,122 min,"Drama, Horror, Romance",6.400000095367432,"1,827"
Get In,(2019),TV-MA,97 min,"Drama, Horror, Thriller",5.599999904632568,"2,822"
Elephant White,(2011),R,91 min,"Action, Crime, Thriller",5.0,"10,831"
Godzilla Singular Point,(2021– ),TV-14,24 min,"Animation, Action, Mystery",6.5,"1,721"
Drive,(I) (2019),Not Rated,147 min,"Action, Crime, Thriller",3.0999999046325684,"7,763"
Love Aaj Kal,(2020),,142 min,"Drama, Romance",4.699999809265137,"10,304"
The Terror Live,(2013),Not Rated,97 min,"Action, Crime, Thriller",7.099999904632568,"7,207"
The Family,(2019),TV-14,249 min,Documentary,6.400000095367432,"3,678"
Reclaim,(2022),,124 min,Drama,5.900000095367432,131
And Tomorrow the Entire World,(2020),TV-MA,111 min,"Crime, Drama, Romance",6.0,"3,298"
Criminal: Spain,(2019),,40 min,"Crime, Drama, Mystery",6.900000095367432,"4,230"
Britney vs Spears,(2021),TV-MA,93 min,"Documentary, Biography, Music",6.400000095367432,"7,157"
I'm Standing on a Million Lives,(2020– ),,23 min,"Animation, Action, Adventure",6.5,862
Paradise Beach,(2019),TV-MA,93 min,"Action, Crime, Drama",4.599999904632568,"2,291"
Ali Wong: Don Wong,(2022 TV Special),TV-MA,59 min,Comedy,6.599999904632568,"2,517"
Forks Over Knives,(2011),PG,90 min,Documentary,7.699999809265137,"12,354"
Hardy Bucks,(2010– ),,30 min,Comedy,8.300000190734863,869
Double Dad,(2021),TV-G,103 min,"Comedy, Drama, Family",5.599999904632568,"1,312"
Rocky Handsome,(2016),Not Rated,119 min,"Action, Crime, Drama",6.800000190734863,"8,468"
Let's Dance,(I) (2019),TV-MA,109 min,"Comedy, Drama, Family",5.900000095367432,"1,456"
Love Me Instead,(2021),TV-MA,124 min,Drama,7.0,"2,676"
Long Nights Short Mornings,(2016),Not Rated,100 min,"Drama, Romance",5.400000095367432,973
The Parisian Agency: Exclusive Properties,(2021– ),TV-14,,Reality-TV,7.5,704
Advantageous,(2015),Not Rated,90 min,"Drama, Family, Sci-Fi",6.099999904632568,"5,561"
Clair Obscur,(2016),,105 min,Drama,6.400000095367432,"2,523"
Oni: Thunder God's Tale,(2022– ),TV-Y7,,"Animation, Action, Adventure",,
Wings of Fire,,,40 min,"Animation, Action, Adventure",,
Thalaivi,(2021),,153 min,"Biography, Drama",5.900000095367432,"30,811"
Live,(2018),,60 min,"Comedy, Crime, Drama",8.300000190734863,"1,323"
High in the Clouds,(2023),,,"Animation, Adventure, Comedy",,
The King 2 Hearts,(2012),,65 min,"Action, Drama, Romance",7.599999904632568,"1,359"
Chicago Overcoat,(2009),R,94 min,"Action, Adventure, Crime",5.900000095367432,"1,159"
The Victims' Game,(2020– ),TV-MA,,"Crime, Drama, Thriller",7.300000190734863,"1,441"
Beyond,(2010),Not Rated,99 min,Drama,7.0,"4,059"
Eden,(I) (2021– ),TV-Y7,25 min,"Animation, Action, Adventure",6.599999904632568,"1,205"
"Money, Explained",(2021),TV-14,23 min,Documentary,6.900000095367432,"2,313"
Green Mothers Club,(2022– ),,60 min,Drama,6.900000095367432,177
Confessions of an Invisible Girl,(2021),TV-PG,91 min,"Comedy, Drama",5.199999809265137,"1,111"
Happiness for Beginners,,,,"Comedy, Drama, Romance",,
Wheels of Fortune,(2020),R,106 min,Comedy,5.400000095367432,831
Undefeated,(2011),PG-13,113 min,"Documentary, Sport",7.699999809265137,"7,098"
7Seeds,(2019–2020),TV-MA,25 min,"Animation, Action, Adventure",6.300000190734863,"1,459"
The Fix,(2018– ),TV-MA,30 min,"Comedy, Talk-Show",7.0,"1,986"
Under the Riccione Sun,(2020),TV-MA,101 min,"Comedy, Drama, Romance",5.599999904632568,"2,664"
Hollywood Darlings,(2017–2018),TV-PG,21 min,Comedy,6.599999904632568,537
The Devil and Father Amorth,(2017),Not Rated,68 min,Horror,4.599999904632568,"2,358"
Mercy,(IV) (2016),TV-MA,90 min,"Drama, Mystery, Thriller",4.099999904632568,"3,519"
Pee Mak,(2013),,115 min,"Comedy, Horror, Romance",7.199999809265137,"5,828"
Imperfect,(2019),TV-PG,113 min,"Comedy, Drama, Family",7.800000190734863,"1,141"
Gunjan Saxena: The Kargil Girl,(2020),TV-14,112 min,"Action, Biography, Drama",5.599999904632568,"34,797"
So Not Worth It,(2021– ),TV-14,35 min,"Comedy, Drama",7.0,"1,135"
Any Day Now,(I) (2012),R,98 min,Drama,7.400000095367432,"6,354"
Caught by a Wave,(2021),TV-14,99 min,"Drama, Romance, Sport",5.800000190734863,"1,329"
Shiny_Flakes: The Teenage Drug Lord,(2021),TV-MA,96 min,"Documentary, Biography, Crime",7.300000190734863,"4,909"
Team Kaylie,(2019–2020),TV-PG,,Comedy,4.199999809265137,359
Adam Sandler: 100% Fresh,(2018 TV Special),TV-MA,73 min,"Comedy, Music",7.5,"5,309"
Knights of Sidonia,(2014–2015),TV-MA,,"Animation, Action, Adventure",7.699999809265137,"4,394"
Jinn,(2014),PG-13,97 min,"Fantasy, Horror, Thriller",4.099999904632568,"4,745"
Violet Evergarden: Eternity and the Auto Memory Doll,(2019),,90 min,"Animation, Drama, Family",7.400000095367432,"4,907"
Heartbeats,(2017),PG,107 min,"Comedy, Drama, Music",5.300000190734863,839
Grudge,(2021),TV-MA,105 min,"Crime, Drama, Mystery",5.5,"4,348"
Fullmetal Alchemist: The Sacred Star of Milos,(2011),TV-PG,110 min,"Animation, Action, Adventure",6.900000095367432,"5,044"
Only One Person,(2021– ),,,"Drama, Romance",7.300000190734863,222
Pramface,(2012–2014),,,Comedy,7.5,"2,541"
Colonia Dignidad: A Sinister Sect,(2021),,,"Documentary, Crime",7.099999904632568,736
Une chance de trop,(2015– ),,52 min,"Drama, Thriller",7.099999904632568,"1,375"
Metal Shop Masters,(2021– ),TV-MA,,"Game-Show, Reality-TV",5.599999904632568,590
Je Suis Karl,(2021),TV-MA,126 min,"Drama, Romance, Thriller",5.5,"1,177"
Hate Story,(2012),Not Rated,140 min,"Drama, Thriller",5.300000190734863,"3,782"
Grizzy and the Lemmings,(2016– ),TV-Y7,7 min,"Animation, Comedy, Family",7.099999904632568,627
The Bloodstained Butterfly,(1971),Not Rated,99 min,"Mystery, Thriller",6.300000190734863,"1,755"
Ultraviolet,(2017– ),TV-MA,60 min,Crime,6.900000095367432,"1,636"
Toolsidas Junior,(2022),TV-14,132 min,"Drama, Family, Sport",7.400000095367432,"2,162"
A Secret Love,(2020),TV-MA,81 min,"Documentary, Drama",7.800000190734863,"4,469"
Keep Your Hands Off Eizouken!,(I) (2020– ),TV-PG,24 min,"Animation, Comedy, Drama",8.199999809265137,"1,596"
Pelé,(2021),TV-14,108 min,"Documentary, Biography, Sport",7.0,"4,356"
By the Grace of the Gods,(2020– ),TV-14,23 min,"Animation, Adventure, Fantasy",7.099999904632568,861
A Christmas Prince: The Royal Wedding,(2018),TV-PG,92 min,"Drama, Romance",5.300000190734863,"10,805"
"Sleep, My Love",(1948),Passed,97 min,"Drama, Film-Noir, Mystery",6.800000190734863,"1,827"
May the Devil Take You Too,(2020),Not Rated,110 min,"Fantasy, Horror, Mystery",6.0,"1,055"
Transatlantic,(2023– ),,,"Drama, History",,
Bing-ui,(2019– ),,,"Comedy, Crime, Drama",6.699999809265137,815
Roohi,(2021),,134 min,"Comedy, Horror",4.300000190734863,"10,189"
Jin Xiu Wei Yang,(2016),TV-14,45 min,"Drama, History, Romance",7.800000190734863,843
Rabbids Invasion,(2013–2019),TV-Y7,21 min,"Animation, Comedy, Family",5.300000190734863,"1,975"
Middle of Nowhere,(2012),R,97 min,Drama,6.5,"1,859"
Delete,(2013),TV-14,180 min,"Action, Drama, Sci-Fi",5.400000095367432,"1,321"
Life,(2018– ),,60 min,"Drama, Thriller",7.5,753
The Forty-Year-Old Version,(2020),R,123 min,"Comedy, Drama",7.199999809265137,"5,073"
The Simple-Minded Murderer,(1982),,108 min,Drama,7.599999904632568,"3,358"
The Toys That Made Us,(2017– ),TV-14,46 min,"Documentary, Comedy, History",8.0,"5,709"
Imperial Dreams,(2014),TV-MA,87 min,Drama,6.699999809265137,"4,549"
Silver Spoon,(2014– ),TV-14,52 min,"Crime, Drama",7.599999904632568,"1,635"
Generation 56K,(2021),TV-14,30 min,"Comedy, Drama, Romance",7.400000095367432,"2,496"
Kono Oto Tomare!,(2019– ),TV-14,23 min,"Animation, Drama, Music",7.900000095367432,918
The Standups,(2017– ),,30 min,Comedy,6.599999904632568,"1,300"
Mohawk,(2017),,91 min,"Action, Drama, History",4.699999809265137,"1,581"
I'll Be Home for Christmas,(2016 TV Movie),TV-G,84 min,"Drama, Family, Romance",6.099999904632568,"2,519"
One-Way to Tomorrow,(2020),TV-MA,90 min,"Comedy, Drama, Romance",5.599999904632568,"5,035"
History of Swear Words,(2021),TV-MA,124 min,"Documentary, Comedy",6.400000095367432,"4,966"
Seven Day Queen,(2017),,,"Drama, Romance",7.699999809265137,546
Lastman,(2016),,,"Animation, Action, Adventure",8.600000381469727,985
John Mulaney & the Sack Lunch Bunch,(2019 TV Movie),TV-PG,70 min,"Comedy, Family, Musical",7.400000095367432,"3,561"
Come and Hug Me,(2018),,35 min,"Crime, Drama, Mystery",7.800000190734863,"1,145"
"My Brother, My Sister",(2021),TV-14,110 min,Drama,6.0,979
Misha and the Wolves,(2021),PG-13,90 min,"Documentary, Drama",6.699999809265137,"2,613"
How Heavy Are the Dumbbells You Lift?,(2019– ),TV-14,,"Animation, Comedy, Sport",7.0,834
Ricky Gervais: Humanity,(2018 TV Special),TV-MA,79 min,Comedy,7.900000095367432,"20,850"
The Turning Point,(2021),TV-MA,97 min,"Crime, Drama",6.199999809265137,722
Astra Lost in Space,(2019),TV-14,23 min,"Animation, Action, Adventure",8.0,"1,417"
InuYasha: The Final Act,(2009–2010),TV-14,24 min,"Animation, Action, Adventure",8.5,"3,102"
Eating Out: The Open Weekend,(2011),Not Rated,82 min,Comedy,5.400000095367432,"2,389"
Malibu Rescue: The Next Wave,(2020),,68 min,"Action, Comedy, Family",4.800000190734863,862
Boomika,(2021),,123 min,Horror,5.5,"2,576"
Secuestro,(2016),,105 min,"Crime, Drama, Mystery",6.400000095367432,"9,223"
Newton's Cradle,(2021– ),,44 min,"Drama, Thriller",8.0,"1,708"
Fate: The Winx Saga - The Afterparty,(2021 TV Special),,,"Comedy, Fantasy, Reality-TV",6.199999809265137,83
The Challenger,(I) (2015),PG-13,95 min,"Drama, Sport",5.5,"1,394"
Love Like the Falling Petals,(2022),TV-14,128 min,"Drama, Romance",6.400000095367432,475
Yowamushi Pedal,(2013– ),,23 min,"Animation, Comedy, Drama",7.699999809265137,846
Sundown,(II) (2016),R,103 min,"Action, Adventure, Comedy",5.300000190734863,"2,387"
Donkeyhead,(2022),,106 min,Drama,6.099999904632568,277
The Warning,(2018),TV-MA,92 min,"Adventure, Crime, Drama",5.900000095367432,"6,425"
Was It Love,(2020),TV-MA,70 min,"Comedy, Drama, Romance",7.099999904632568,920
The Last Empress,(2018–2019),,,Drama,7.099999904632568,579
Man to Man,(2017),,80 min,"Action, Drama, Thriller",7.400000095367432,"1,338"
My Golden Life,(2017–2018),,65 min,"Comedy, Drama, Romance",7.199999809265137,350
Take Your Pills,(2018),TV-14,87 min,Documentary,6.300000190734863,"5,207"
Life Itself,(2014),R,121 min,"Documentary, Biography",7.800000190734863,"15,763"
The Final Table,(2018),TV-PG,60 min,Reality-TV,7.599999904632568,"4,255"
Ethan Frome,(1993),PG,99 min,"Drama, Romance",6.199999809265137,"2,166"
Kevin Hart: What Now?,(2016),R,96 min,"Documentary, Comedy",5.900000095367432,"9,557"
Bright: Samurai Soul,(2021),TV-14,80 min,"Animation, Action, Adventure",5.5,864
The Hype House,(2022– ),TV-MA,36 min,Reality-TV,2.0999999046325684,"2,955"
The Battered Bastards of Baseball,(2014),,80 min,"Documentary, Sport",8.0,"4,130"
Awake,(III) (2019),Not Rated,92 min,"Action, Thriller",5.0,"3,567"
The Confession Tapes,(2017– ),TV-MA,46 min,"Documentary, Crime",7.5,"5,428"
The Brawler,(I) (2018),,95 min,"Biography, Crime, Drama",4.800000190734863,575
Adventures in Zambezia,(2012),G,83 min,"Animation, Adventure, Comedy",5.699999809265137,"7,297"
Istanbul Kirmizisi,(2017),,110 min,Drama,5.400000095367432,"5,071"
Mobile Suit Gundam Unicorn,(2010–2014),TV-PG,,"Animation, Action, Drama",7.699999809265137,"1,394"
God Eater,(2015– ),TV-14,24 min,"Animation, Action, Sci-Fi",6.900000095367432,"2,034"
Jules Verne's Mysterious Island,(2010),,91 min,"Adventure, Fantasy, Horror",3.4000000953674316,"1,131"
Challenger: The Final Flight,(2020),TV-14,179 min,"Documentary, History",7.800000190734863,"7,056"
Diagnosis,(2019– ),,,Documentary,7.699999809265137,"1,137"
Rainbow High,(2020– ),TV-Y,,"Animation, Short, Adventure",5.599999904632568,150
Nezha Reborn,(2021),,118 min,"Animation, Action, Fantasy",6.800000190734863,"3,271"
"Monica, O My Darling",(2022),,129 min,"Comedy, Crime, Drama",,
Melloga Chejil,(2019),,65 min,"Comedy, Romance",8.100000381469727,664
The Rebel Hong Gil Dong,(2017),TV-14,,"Action, Drama, History",8.199999809265137,362
Out of Reach,(2004 Video),R,86 min,"Action, Crime, Drama",4.0,"4,952"
Is That Black Enough for You?!?,(2022),R,135 min,Documentary,,
Drug Squad: Costa del Sol,(2019),,,"Action, Drama, Romance",6.800000190734863,587
Lucid Dream,(2017),,101 min,"Sci-Fi, Thriller",6.099999904632568,"3,735"
Hospital,(2020),,89 min,Horror,3.0999999046325684,416
It's Bruno!,(2019),TV-MA,15 min,Comedy,7.400000095367432,"2,958"
Pyaar Ka Punchnama 2,(2015),Not Rated,137 min,"Comedy, Drama, Romance",7.300000190734863,"15,310"
20th Century Girl,(2022),,119 min,"Drama, Romance",,
Limonata,(2015),,110 min,"Comedy, Drama",7.400000095367432,"13,794"
Alien Warfare,(2019),Not Rated,88 min,"Action, Mystery, Sci-Fi",2.5999999046325684,"3,556"
The Orbital Children,(2022– ),TV-14,38 min,"Animation, Adventure, Drama",6.400000095367432,623
Mr. Hiiragi's Homeroom,(2019– ),,54 min,"Drama, Mystery, Thriller",7.400000095367432,"1,062"
Wilbur Wants to Kill Himself,(2002),R,109 min,"Comedy, Drama, Romance",6.800000190734863,"7,890"
Breaking Boundaries: The Science of Our Planet,(2021),TV-PG,73 min,Documentary,7.800000190734863,"2,786"
Sneekweek,(2016),,108 min,"Comedy, Thriller",4.599999904632568,"1,393"
Sardar Ka Grandson,(2021),TV-14,139 min,"Comedy, Drama, Romance",4.199999809265137,"4,598"
Marilyn's Eyes,(2021),,114 min,"Comedy, Drama",6.599999904632568,"1,503"
Use for My Talent,(2021– ),,45 min,"Comedy, Drama, Romance",7.400000095367432,323
Ginny Weds Sunny,(2020),TV-MA,125 min,"Comedy, Drama, Romance",5.699999809265137,"4,838"
Society of the Snow,,,,"Adventure, Biography, Drama",,
One Day We'll Talk About Today,(2020),TV-14,121 min,"Drama, Family",7.400000095367432,"1,187"
Sarah Cooper: Everything's Fine,(2020 TV Special),TV-MA,49 min,Comedy,5.5,"1,740"
Byeonhyeokui Sarang,(2017),,,"Comedy, Romance",6.900000095367432,708
Christmas Wonderland,(2018 TV Movie),TV-G,120 min,"Comedy, Drama, Romance",5.900000095367432,"3,115"
Dead in Tombstone,(2013 Video),R,100 min,"Action, Fantasy, Horror",4.800000190734863,"5,623"
No Way Out,(1973),R,90 min,"Action, Crime, Drama",6.699999809265137,"1,935"
The Crew,(2015),TV-MA,81 min,"Action, Crime, Drama",6.300000190734863,"5,174"
Feels Like Ishq,(2021– ),TV-MA,32 min,"Comedy, Drama, Romance",6.400000095367432,"1,569"
Melancholia,(2021– ),,,"Drama, Romance",7.300000190734863,421
The Golem,(2018),,95 min,"Drama, Horror",5.5,"6,408"
The Ghost Bride,(2020– ),,,"Drama, Fantasy",6.300000190734863,761
Swap Shop,(2021– ),TV-14,,Reality-TV,6.599999904632568,376
Stand Out: An LGBTQ+ Celebration,(2022),TV-MA,96 min,"Documentary, Comedy",6.0,694
Freeridge,,TV-14,30 min,Comedy,,
Underdogs,(2013),PG,85 min,"Animation, Adventure, Family",6.400000095367432,"9,713"
I Am Vengeance: Retaliation,(2020),R,90 min,Action,3.5,"2,915"
Learn to Swim,(2021),,93 min,"Romance, Drama, Music",6.199999809265137,99
Numberblocks,(2017– ),TV-Y,5 min,Animation,8.600000381469727,227
Super Wings!,(2015– ),TV-Y,15 min,"Animation, Adventure, Family",5.900000095367432,333
Hurts Like Hell,(2022),TV-MA,200 min,"Biography, Drama, Sport",7.400000095367432,247
El cuerpo en llamas,(2022),,,Crime,,
"Strip Down, Rise Up",(2021),R,112 min,Documentary,5.300000190734863,678
Ghost in the Shell: SAC_2045 - Sustainable War,(2021),,119 min,"Animation, Action, Sci-Fi",5.900000095367432,315
Bongwater,(1998),R,97 min,"Comedy, Drama, Romance",5.300000190734863,"4,434"
Untitled the Gray Man Sequel,,,,"Action, Thriller",,
Dinotrux,(2015–2017),TV-Y7-FV,23 min,"Animation, Short, Action",6.699999809265137,468
Ali's Wedding,(2017),TV-MA,110 min,"Comedy, Drama, Romance",6.900000095367432,"5,063"
The Light in Your Eyes,(2019),,60 min,"Comedy, Drama, Fantasy",7.900000095367432,762
Beauty and the Dogs,(2017),TV-MA,100 min,"Crime, Drama, Thriller",7.0,"2,262"
My Happy Family,(2017),,120 min,Drama,7.400000095367432,"3,938"
Beyond Stranger Things,(2017),TV-PG,21 min,"Documentary, Talk-Show",7.400000095367432,"2,067"
Good Sam,(I) (2019),TV-PG,89 min,"Comedy, Drama, Romance",5.699999809265137,"3,023"
The Innocence Files,(2020),TV-MA,573 min,"Documentary, Crime",7.900000095367432,"2,811"
Escort in Love,(2011),,95 min,Comedy,6.099999904632568,"3,116"
King Jack,(2015),Not Rated,81 min,"Adventure, Drama",6.900000095367432,"3,274"
Earth and Blood,(2020),TV-MA,80 min,"Action, Crime, Drama",5.199999809265137,"2,637"
Chicago Typewriter,(2017),,70 min,"Drama, Fantasy, Romance",8.300000190734863,"1,796"
Almost Love,(2019),Not Rated,94 min,"Comedy, Drama, Romance",5.699999809265137,"1,158"
"Frankenstein's Monster's Monster, Frankenstein",(2019 TV Short),TV-14,32 min,"Short, Comedy",5.800000190734863,"2,222"
Mørke,(2005),,124 min,"Drama, Mystery, Thriller",6.699999809265137,"3,756"
Something is Killing the Children,,,,Horror,,
I Hear You,(I) (2019– ),,,"Comedy, Romance",7.199999809265137,638
Bundy and the Green River Killer,(2019),Not Rated,85 min,"Crime, Drama, Thriller",3.4000000953674316,"1,112"
True and the Rainbow Kingdom,(2017– ),TV-Y,22 min,"Animation, Short, Adventure",7.0,462
Destry,(1954),Approved,95 min,Western,6.599999904632568,"1,465"
Haunted: Latin America,(2021– ),TV-14,,"Horror, Reality-TV",5.300000190734863,588
Best. Christmas. Ever.,,,,"Comedy, Romance",,
Stalked by My Doctor: The Return,(2016 TV Movie),TV-14,97 min,Thriller,5.699999809265137,865
Hometown,(2021– ),,,"Horror, Mystery, Thriller",6.199999809265137,206
My Only Love Song,(2017),TV-14,30 min,"Comedy, Fantasy, Romance",7.0,689
Historical Roasts,(2019– ),TV-MA,30 min,Comedy,5.400000095367432,"1,731"
Shirkers,(2018),TV-14,97 min,Documentary,7.400000095367432,"5,215"
Winter in Wartime,(2008),R,103 min,"Drama, History, War",7.0,"12,952"
Robbing Mussolini,(2022),,90 min,"Action, Comedy, Crime",,
Ankahi Kahaniya,(2021),TV-14,110 min,"Drama, Romance",5.5,896
Barbie Dreamhouse Adventures,(2018–2020),TV-Y,22 min,"Animation, Comedy, Family",6.699999809265137,555
Citrus,(2018),TV-14,24 min,"Animation, Drama, Romance",6.5,"2,212"
Hyena,(2020– ),,60 min,"Drama, Romance",7.699999809265137,819
Southcliffe,(2013),,188 min,"Drama, Thriller",6.900000095367432,"2,804"
Dog Gone,(2022),,,"Biography, Drama",,
Tensura Nikki: Tensei shitara Slime Datta Ken,(2021– ),,24 min,"Animation, Action, Adventure",6.900000095367432,373
Go! Go! Cory Carson,(2020– ),TV-Y,11 min,"Animation, Short, Adventure",7.800000190734863,250
Fortune Seller: A TV Scam,(2022),TV-14,45 min,"Documentary, Biography, Crime",6.400000095367432,69
Munafik 2,(2018),,104 min,Horror,5.5,"1,722"
Only You,(2014),,105 min,"Action, Drama, Romance",7.300000190734863,"5,301"
Jo Pil-ho: The Dawning Rage,(2019),Not Rated,127 min,"Action, Crime, Drama",6.300000190734863,"2,246"
That Girl in Yellow Boots,(2010),Not Rated,103 min,"Crime, Drama, Mystery",6.599999904632568,"3,831"
Jagame Thandhiram,(2021),TV-MA,158 min,"Action, Crime, Drama",5.800000190734863,"11,860"
Chloe and Theo,(2015),PG-13,81 min,"Comedy, Drama",5.699999809265137,"1,717"
Incastrati,(2022– ),,30 min,"Comedy, Crime",6.800000190734863,"1,027"
The Red Thread,(2016),,100 min,"Drama, Romance",5.400000095367432,"2,473"
Baby Reindeer,,,30 min,"Biography, Drama",,
Flint Town,(2018),TV-MA,45 min,"Documentary, Crime",7.800000190734863,"3,745"
"Live Twice, Love Once",(2019),TV-MA,101 min,"Comedy, Drama",7.199999809265137,"6,667"
Lego City Adventures,(2019– ),TV-Y7,22 min,"Animation, Short, Action",6.699999809265137,199
Blue Eye Samurai,,,,"Animation, Action, Adventure",,
Lego Jurassic World: Legend of Isla Nublar,(2019– ),,,"Animation, Adventure, Comedy",6.699999809265137,304
Wish You,(2021),,102 min,"Drama, Music, Romance",6.400000095367432,970
Found.,(2020),,112 min,"Drama, Family",6.0,181
Plan de fuga,(2016),Not Rated,105 min,"Action, Adventure, Crime",5.599999904632568,"1,909"
A Wish For Christmas,(2016 TV Movie),TV-G,84 min,"Drama, Family, Fantasy",5.900000095367432,"4,787"
Roh,(2019),,83 min,"Drama, Horror, Mystery",6.0,847
Sharkdog,(2021– ),TV-Y,7 min,"Animation, Short, Adventure",5.900000095367432,174
The Shrinking of Treehorn,,,,"Animation, Adventure, Comedy",,
Zero,(2021),TV-MA,27 min,"Action, Comedy, Drama",5.699999809265137,"1,326"
Mother,(2020),,126 min,"Drama, Thriller",6.800000190734863,"2,900"
Love Steaks,(2013),,89 min,"Comedy, Drama, Romance",6.099999904632568,"2,115"
Hannah Gadsby: Nanette,(2018 TV Special),TV-MA,69 min,"Documentary, Comedy",8.100000381469727,"12,529"
The Motive,(2020–2021),,141 min,"Documentary, Crime, Mystery",5.199999809265137,"1,551"
46 Yok Olan,(2016),,60 min,"Action, Crime, Drama",8.199999809265137,"4,365"
The Last of Robin Hood,(2013),R,94 min,"Biography, Drama, Romance",5.699999809265137,"2,278"
The Lies Within,(2019– ),,60 min,"Drama, Mystery, Thriller",7.0,397
Nero a metà,(2018– ),,60 min,"Crime, Drama",7.0,983
Rodrigo Marques: O Inimigo do Nivel,(2022 TV Special),,75 min,Comedy,5.5,46
Toro,(I) (2016),PG-13,105 min,"Action, Adventure, Crime",5.900000095367432,"3,288"
The Blue Whisper,(2022– ),,,"Fantasy, Romance",7.300000190734863,118
Handsome Siblings,(2020),,,"Action, Adventure, Comedy",7.900000095367432,646
Crime of Passion,(1956),Approved,86 min,"Crime, Drama, Film-Noir",6.400000095367432,"2,442"
Tigertail,(2020),PG,91 min,Drama,6.599999904632568,"3,635"
Wira,(2019),,109 min,"Action, Crime, Drama",6.300000190734863,502
Casting JonBenet,(2017),TV-14,80 min,"Documentary, Crime, Drama",6.099999904632568,"5,471"
Coin Heist,(2017),TV-14,97 min,"Crime, Drama, Romance",4.800000190734863,"2,758"
Yeopgijeogin Geunyeo,(2017),,,"Comedy, Romance",6.800000190734863,645
Secret Royal Inspector Joy,(2021– ),,,"Comedy, Drama, History",7.199999809265137,496
The Mansion,(2017),PG-13,100 min,"Comedy, Horror",4.599999904632568,"2,712"
We Are the Wave,(2019– ),,50 min,Drama,6.199999809265137,"2,738"
Inspector Gadget,(2015–2018),TV-Y7,22 min,"Animation, Action, Adventure",4.5,638
The Legend of Cocaine Island,(2018),TV-MA,83 min,Documentary,6.300000190734863,"3,365"
137 Shots,(2021),,104 min,"Documentary, Crime",6.300000190734863,923
Expelled,(2014),PG-13,85 min,Comedy,4.699999809265137,"6,765"
The Sound of Your Heart,(2016– ),,,Comedy,8.199999809265137,"1,165"
Man in Love,(2021),,115 min,"Drama, Romance",6.900000095367432,"1,835"
Monthly Girls' Nozaki-kun,(2014),TV-PG,23 min,"Animation, Comedy, Romance",7.599999904632568,"3,549"
Annaatthe,(2021),,163 min,"Action, Comedy, Drama",4.0,"9,826"
The Doll 3,(2022),TV-MA,115 min,"Horror, Thriller",4.699999809265137,146
Sakho & Mangane,(2019– ),TV-MA,52 min,"Action, Mystery",6.400000095367432,139
In Her Hands,(I) (2022),PG-13,92 min,Documentary,5.199999809265137,13
Dawn of the Croods,(2015–2017),TV-Y7,23 min,"Animation, Short, Adventure",5.800000190734863,735
"Michael Bolton's Big, Sexy Valentine's Day Special",(2017 TV Special),TV-MA,54 min,"Comedy, Music, Musical",6.800000190734863,"2,149"
Strange Weather,(2016),R,92 min,Drama,6.0,"1,597"
Rocko's Modern Life: Static Cling,(2019 TV Movie),TV-Y7,45 min,"Animation, Action, Adventure",6.900000095367432,"3,917"
Shakthi: The Power,(2002),,170 min,"Action, Drama, Thriller",6.0,"4,963"
The Adventures of Super Mario Bros. 3,(1990),TV-Y7,11 min,"Animation, Adventure, Comedy",7.099999904632568,"1,686"
The Keeper,(I) (2009),R,94 min,"Action, Crime, Thriller",5.0,"4,650"
The Titan Games,(2019– ),TV-G,60 min,"Game-Show, Reality-TV",7.099999904632568,"3,531"
Manny & Lo,(1996),R,88 min,"Comedy, Drama",6.599999904632568,"2,096"
Street Food: Asia,(2019),TV-G,30 min,Documentary,7.900000095367432,"2,882"
The Guide to the Perfect Family,(2021),TV-MA,102 min,"Comedy, Drama",6.400000095367432,"1,726"
Lenox Hill,(2020),TV-MA,,Documentary,8.699999809265137,"2,345"
The Prey,(2011),R,105 min,"Action, Crime, Drama",6.599999904632568,"5,578"
Inside Bill's Brain: Decoding Bill Gates,(2019),TV-14,52 min,Documentary,7.800000190734863,"11,017"
Barbie: It Takes Two,(2022– ),TV-G,,"Animation, Short, Adventure",6.199999809265137,38
Fastest Car,(2018–2019),TV-MA,45 min,"Documentary, Reality-TV",7.099999904632568,"1,351"
Savage Dog,(2017),TV-14,94 min,"Action, Drama",4.900000095367432,"3,324"
Guns & Gulaabs,,,,"Comedy, Crime, Romance",,
Merry Kissmas,(2015 TV Movie),Unrated,89 min,"Comedy, Drama, Romance",5.300000190734863,"3,216"
El Hijo,(2019),TV-MA,92 min,"Drama, Mystery, Thriller",5.400000095367432,"3,652"
Juuni Taisen,(2017),,24 min,"Animation, Action, Fantasy",6.599999904632568,827
DNA,(2020),TV-MA,90 min,Drama,6.0,"1,080"
Hate Story 3,(2015),Not Rated,126 min,"Drama, Thriller",4.5,"3,267"
Brother,(2019),TV-MA,96 min,Drama,6.699999809265137,"1,127"
The Disappearance of Madeleine McCann,(2019),TV-14,60 min,"Documentary, Crime, Mystery",6.599999904632568,"10,833"
Moment at Eighteen,(2019),,65 min,"Drama, Romance",7.599999904632568,459
The 101-Year-Old Man Who Skipped Out on the Bill and Disappeared,(2016),,108 min,"Adventure, Comedy, Crime",6.300000190734863,"6,076"
This Is a Robbery: The World's Greatest Art Heist,(2021),TV-MA,210 min,"Documentary, Crime, History",6.5,"4,429"
My Name Is Vendetta,(2022),,,"Crime, Drama, Thriller",,
Fate/stay night [Heaven's Feel] II. lost butterfly,(2019),,117 min,"Animation, Action, Adventure",7.900000095367432,"2,428"
Nanking,(2007),R,88 min,"Biography, History, War",7.699999809265137,"3,504"
Green Beret's Guide to Surviving the Apocalypse,(2022– ),,,Comedy,,
"Bikram: Yogi, Guru, Predator",(2019),TV-MA,86 min,"Documentary, Crime",6.699999809265137,"7,651"
Mythomaniac,(2019–2021),,,Drama,6.800000190734863,"1,333"
Bodyguard,(I) (2011),Not Rated,130 min,"Action, Comedy, Drama",4.699999809265137,"26,121"
Designing Miami,(2022– ),TV-MA,40 min,Reality-TV,6.300000190734863,33
World's Most Wanted,(2020– ),TV-14,45 min,"Documentary, Crime",7.099999904632568,"2,591"
Asobi Asobase: Workshop of Fun,(2018– ),,24 min,"Animation, Comedy",7.900000095367432,"1,277"
We Couldn't Become Adults,(2021),TV-MA,124 min,"Drama, Romance",6.5,758
The Chronicles of Narnia: The Magician's Nephew,,,,"Action, Adventure, Fantasy",,
Koi no tsuki,(2018– ),,,"Drama, Romance",7.300000190734863,571
Huge in France,(2019),TV-MA,30 min,Comedy,6.800000190734863,"2,877"
Time Share,(2018),TV-MA,96 min,"Drama, Mystery, Thriller",5.900000095367432,"2,829"
The Secret Life of My Secretary,(2019),,35 min,"Comedy, Romance",7.300000190734863,"1,066"
Spivak,(2018),TV-MA,91 min,Comedy,5.599999904632568,762
One the Woman,(2021– ),,69 min,"Comedy, Drama, Romance",7.099999904632568,393
Model,(2020),,,Reality-TV,5.900000095367432,26
Ashley Garcia: Genius in Love,(2020 TV Special),TV-PG,,Comedy,6.699999809265137,409
Unstable,,,,Comedy,,
Johan Falk: GSI - Gruppen för särskilda insatser,(2009),,118 min,"Action, Crime, Thriller",6.900000095367432,"3,907"
The Waiter,(I) (2018),TV-MA,104 min,"Comedy, Crime, Mystery",6.0,"1,187"
In Their Skin,(2012),Not Rated,97 min,"Horror, Thriller",5.300000190734863,"5,487"
The Real Miyagi,(2015),TV-14,80 min,"Documentary, Action, Biography",7.099999904632568,"1,001"
Murder Mountain,(2018),,43 min,"Documentary, Crime",6.800000190734863,"3,206"
Last Madame,(2019–2020),,40 min,Drama,7.0,98
Chaman Bahaar,(2020),,111 min,"Comedy, Drama",7.0,"7,084"
"Hyde, Jekyll, Me",(2015),,,"Comedy, Drama, Romance",7.0,"1,210"
Go Jetters,(2015– ),,,Animation,7.699999809265137,157
Stay on Board: The Leo Baker Story,(2022),TV-MA,72 min,"Documentary, Sport",6.400000095367432,291
Asakusa Kid,(2021),TV-MA,122 min,"Biography, Drama",7.099999904632568,"1,311"
Persona,(2019),,20 min,Drama,6.599999904632568,"1,240"
The Entitled,(2022),,90 min,"Comedy, Drama, Romance",4.199999809265137,467
Too Hot to Handle: Latino,(2021– ),TV-MA,36 min,"Game-Show, Reality-TV, Romance",5.300000190734863,298
Lookout,(2017),,,Action,7.599999904632568,337
Just Say Yes,(2021),TV-MA,97 min,"Comedy, Romance",4.5,"1,990"
Act of Vengeance,(2010),Not Rated,119 min,"Action, Drama",5.699999809265137,"15,163"
Zbrodnia,(2014– ),,60 min,"Action, Crime",6.199999809265137,705
The Hunting Ground,(2015),PG-13,103 min,Documentary,7.400000095367432,"6,329"
Dark Forces,(2020),,81 min,"Action, Horror, Mystery",2.700000047683716,623
Absurd Planet,(2020– ),TV-PG,,Documentary,3.9000000953674316,"1,500"
At the Devil's Door,(VI) (2014),Not Rated,91 min,Horror,4.699999809265137,"7,184"
Can You Hear Me,(2018–2021),TV-MA,30 min,"Comedy, Drama",7.699999809265137,726
Brotherly Love,(III) (2015),R,89 min,Drama,6.5,"1,926"
Audrie & Daisy,(2016),TV-14,95 min,"Documentary, Crime",7.199999809265137,"6,669"
Lady of the Damned Forest,(2017),,90 min,"Adventure, Fantasy, Horror",5.099999904632568,119
Prince of Peoria,(2018–2019),TV-Y7,25 min,"Comedy, Family",5.900000095367432,492
Navy Seals vs. Zombies,(2015),Not Rated,97 min,"Action, Horror",3.299999952316284,"2,218"
A Tourist's Guide to Love,,,,"Adventure, Romance",,
Unrequited Love,(2019),,35 min,Drama,7.0,245
I'm Reed Fish,(2006),PG,93 min,"Comedy, Drama, Romance",5.699999809265137,"4,384"
Shaitan,(2011),Not Rated,121 min,"Action, Crime, Drama",7.199999809265137,"8,532"
Dealer,(I) (2014),,75 min,"Action, Crime, Thriller",6.300000190734863,556
Johan Falk: Kodnamn - Lisa,(2012),,106 min,"Action, Crime, Thriller",7.5,"3,204"
The Surgeon's Cut,(2020– ),TV-14,,Documentary,8.5,"1,051"
The Square,(2013),Not Rated,95 min,"Documentary, Drama, History",8.0,"9,074"
Heavy Rescue: 401,(2016– ),,46 min,Documentary,6.900000095367432,340
The Legend of White Snake,(2019),,45 min,"Drama, Fantasy",7.300000190734863,244
Secrets of the Saqqara Tomb,(2020),TV-PG,113 min,"Documentary, History",7.199999809265137,"6,434"
Booba,(2014– ),TV-Y7,96 min,"Animation, Comedy, Family",7.0,428
Adventure Beast,(2021),TV-MA,20 min,"Animation, Adventure, Comedy",5.199999809265137,589
Instant Hotel,(2017– ),,45 min,Reality-TV,7.300000190734863,"1,578"
Man on Pause,(2022– ),,,"Comedy, Drama",,
Cinema Bandi,(2021),,98 min,"Comedy, Drama",7.900000095367432,"2,524"
Terrace House,(2015–2016),TV-14,30 min,"Drama, Reality-TV",8.100000381469727,"1,692"
Berlin,(2023– ),TV-MA,,"Action, Crime, Drama",,
Lost Tapes,(2008– ),TV-14,30 min,"Horror, Mystery, Sci-Fi",6.099999904632568,907
LoliRock,(2014–2017),TV-Y,26 min,"Animation, Action, Adventure",7.199999809265137,472
Até Que a Vida Nos Separe,(2021),,49 min,Drama,7.5,696
Run with the Wind,(2018–2019),,23 min,"Animation, Comedy, Sport",8.399999618530273,"1,312"
1898: Our Last Men in the Philippines,(2016),R,105 min,"Drama, History, War",6.5,"3,403"
The Perfect Find,,,,"Comedy, Drama, Romance",,
Secrets of Summer,(2022– ),TV-Y,35 min,"Drama, Family",6.099999904632568,142
Grandmaster,(2012),Not Rated,100 min,"Action, Thriller",6.900000095367432,"2,241"
"Fat, Sick & Nearly Dead",(2010),Not Rated,97 min,Documentary,7.5,"8,765"
UnHung Hero,(2013),Unrated,84 min,Documentary,5.599999904632568,"2,671"
Hyperdrive,(2019– ),TV-PG,29 min,Reality-TV,8.0,"2,659"
Sahmaran,(2022– ),,,,,
Ugly Delicious,(2018– ),TV-MA,50 min,Documentary,7.800000190734863,"3,567"
Savage Rhythm,(2022– ),,40 min,"Drama, Music",5.199999809265137,184
Dig Deeper - Das Verschwinden von Birgit Meier,(2021),,236 min,"Documentary, Biography, Crime",7.300000190734863,"2,046"
Escorts,(2015 TV Movie),Not Rated,47 min,Documentary,5.099999904632568,445
Hold-Up,(1985),,114 min,"Comedy, Crime",6.5,"2,807"
Trial by Media,(2020– ),TV-MA,61 min,"Documentary, Crime",7.099999904632568,"3,228"
Archibald's Next Big Thing,(2019–2020),TV-Y7,24 min,"Animation, Short, Adventure",7.5,293
Terzi,(2022– ),,,Drama,,
Menendez: The Day of the Lord,(2020),,93 min,"Drama, Horror, Thriller",4.900000095367432,"1,034"
An Afternoon with SCTV,(TV Special),,,Talk-Show,,
Angry Indian Goddesses,(2015),,115 min,"Comedy, Drama",6.900000095367432,"2,871"
Re: Mind,(2017–2018),TV-MA,30 min,"Mystery, Thriller",4.900000095367432,"1,635"
Night on Earth,(2020),TV-PG,290 min,Documentary,8.100000381469727,"4,435"
Ajji,(2017),,104 min,"Crime, Drama",7.0,"1,521"
The Great British Baking Show: Holidays,(2018– ),TV-14,,Reality-TV,8.100000381469727,148
Song Exploder,(2020– ),TV-MA,,"Documentary, Music",7.400000095367432,794
Selfie 69,(2016),,116 min,"Action, Comedy, Romance",6.099999904632568,"1,766"
Murder by the Coast,(2021),TV-MA,88 min,"Documentary, Crime, History",6.5,"2,204"
My Wife Is a Gangster 3,(2006),,115 min,"Action, Comedy, Drama",6.300000190734863,"1,665"
Hulk: Where Monsters Dwell,(2016 Video),PG,75 min,"Animation, Action, Fantasy",5.300000190734863,"1,216"
Bo Burnham: Make Happy,(2016 TV Special),TV-MA,60 min,"Comedy, Music",8.300000190734863,"15,207"
Kevin Hart: Irresponsible,(2019 TV Special),TV-MA,60 min,Comedy,6.5,"4,611"
Moving Art,(2014–2019),,25 min,Documentary,8.600000381469727,468
Ghost Lab,(2021),TV-MA,117 min,"Drama, Horror, Thriller",5.199999809265137,"1,459"
Patriot Act with Hasan Minhaj,(2018–2020),TV-MA,25 min,"Comedy, News, Talk-Show",8.300000190734863,"7,378"
Root Cause,(2019),TV-14,73 min,"Documentary, Adventure, Biography",4.800000190734863,"1,337"
The Killer,(2017),,99 min,"Action, Western",6.0,"2,683"
Sempre più bello,(2021),TV-14,105 min,"Comedy, Drama, Romance",5.400000095367432,517
Tiger Orange,(2014),Unrated,75 min,Drama,6.5,"1,417"
Love Is Blind: Japan,(2022– ),TV-PG,50 min,"Reality-TV, Romance",7.099999904632568,578
Oggy and the Cockroaches: Next Generation,(2022– ),TV-Y7,7 min,"Animation, Short, Adventure",6.099999904632568,42
RuPaul's Drag Race: Untucked!,(2009– ),TV-14,21 min,Reality-TV,7.699999809265137,"3,485"
Rock My Heart,(2017),TV-PG,105 min,Drama,6.5,"1,032"
Simply Black,(2020),,90 min,Comedy,6.400000095367432,"1,840"
Daniel Spellbound,(2022– ),TV-Y7,22 min,"Animation, Action, Adventure",,
Spirit Rangers,(2022– ),TV-Y7,22 min,"Animation, Action, Adventure",,
The Paedophile Hunter,(2014 TV Movie),,70 min,Documentary,6.699999809265137,480
Test,(I) (2013),TV-MA,89 min,"Drama, History, Romance",6.400000095367432,"1,641"
House of the Rising Sun,(2011),R,90 min,Thriller,4.300000190734863,"3,567"
Tony Robbins: I Am Not Your Guru,(2016),Not Rated,115 min,Documentary,6.599999904632568,"4,431"
Captain Laserhawk: A Blood Dragon Remix,,TV-MA,,"Animation, Action, Adventure",,
India's Daughter,(I) (2015),,63 min,"Documentary, Biography, Crime",8.199999809265137,"2,127"
O Escolhido,(2019– ),,40 min,"Mystery, Thriller",5.699999809265137,708
Today We Fix the World,(2022),TV-14,113 min,"Comedy, Drama",6.199999809265137,"1,020"
Regret!,(2013),,95 min,"Drama, Family, Music",7.0,"2,638"
Sky Ladder: The Art of Cai Guo-Qiang,(2016),,76 min,Documentary,7.300000190734863,"1,476"
Miss India,(2020),TV-PG,136 min,Drama,3.5999999046325684,"2,130"
What's Up with Cinta?,(2002),TV-14,112 min,"Drama, Romance",7.699999809265137,"2,869"
Kore wa Zombie desu ka?,(2011–2012),TV-MA,25 min,"Animation, Action, Comedy",6.900000095367432,"1,764"
November 13: Attack on Paris,(2018),,55 min,Documentary,8.300000190734863,"3,239"
Bo Burnham: what.,(2013 TV Special),TV-MA,60 min,"Comedy, Music",8.300000190734863,"12,046"
Where on Earth Is Carmen Sandiego?,(1994–1999),TV-Y7,21 min,"Animation, Action, Adventure",7.199999809265137,"1,993"
City of Tiny Lights,(2016),Not Rated,110 min,"Crime, Drama, Mystery",5.5,"2,407"
Ultras,(2020),,108 min,Drama,6.199999809265137,"4,953"
El Final del Paraíso,(2019),TV-MA,44 min,"Action, Drama",5.099999904632568,227
Twelve Forever,(2019),TV-Y7,,"Animation, Action, Adventure",6.699999809265137,705
Black Dog,(2019–2020),,75 min,Drama,7.699999809265137,196
Morocco: Love in Times of War,(2017),,70 min,"Drama, Romance, War",7.5,"3,116"
Secret People,(1952),Approved,96 min,"Crime, Drama",6.199999809265137,673
Mutants,(2009),R,95 min,"Drama, Horror, Sci-Fi",5.5,"4,139"
What's with This Family,(2014–2015),,65 min,"Comedy, Drama, Romance",7.900000095367432,343
Money Heist: The Phenomenon,(2020 TV Movie),TV-14,57 min,Documentary,7.5,"3,515"
Children of the Whales,(2017),TV-MA,24 min,"Animation, Drama, Fantasy",7.0,"1,597"
Survival of the Thickest,,,,Comedy,,
Welcome to Wedding Hell,(2022– ),TV-14,35 min,"Drama, Romance",6.099999904632568,152
Take the 10,(2017),Not Rated,80 min,Comedy,4.699999809265137,"3,191"
Cloudy with a Chance of Meatballs,(2017–2018),TV-Y7,30 min,"Animation, Adventure, Comedy",3.299999952316284,774
Battle: Freestyle,(2022),TV-MA,88 min,"Drama, Music, Romance",4.400000095367432,420
The Witness,(I) (2015),,89 min,"Documentary, Biography, Crime",7.0,"4,376"
Queen Sono,(2020–2021),TV-MA,43 min,"Action, Crime, Drama",6.0,"1,262"
Been So Long,(2018),,100 min,"Drama, Musical, Romance",5.5,"1,117"
Vizinhos,(2022),,,Comedy,,
Chef's Table: France,(2016),TV-14,46 min,Documentary,8.199999809265137,"1,751"
Chakda 'Xpress,,,,"Biography, Drama, Sport",,
Tribhanga,(2021),TV-MA,95 min,"Drama, Family",6.199999809265137,"2,975"
Break,(IV) (2018),,96 min,Drama,5.800000190734863,"1,204"
26 Years,(2012),,135 min,"Crime, Drama, Thriller",6.300000190734863,"1,256"
BioShock,,,,"Action, Adventure, Horror",,
The Puffy Chair,(2005),R,85 min,"Comedy, Drama, Romance",6.5,"5,135"
More than Blue: The Series,(2021– ),TV-14,50 min,"Drama, Romance",7.800000190734863,325
Ore no imouto ga konna ni kawaii wake ga nai,(2010–2013),TV-14,25 min,"Animation, Comedy, Drama",6.400000095367432,"1,535"
The Axe Murders of Villisca,(2016),Not Rated,78 min,Horror,4.099999904632568,"1,926"
The Submarine Kid,(2015),Unrated,109 min,"Drama, Romance",5.599999904632568,879
"What Happened, Miss Simone?",(2015),Not Rated,101 min,"Documentary, Biography, Music",7.599999904632568,"13,970"
Empresses in the Palace,(2011–2012),,90 min,"Drama, History, Romance",8.399999618530273,"1,695"
Snoop Dogg's F*Cn Around Comedy Special,(2022),TV-MA,67 min,"Documentary, Comedy",5.199999809265137,473
The Players,(2020),TV-MA,88 min,Comedy,4.699999809265137,"1,675"
Deca-Dence,(2020),TV-14,23 min,"Animation, Action, Adventure",7.0,"1,237"
Word Party,(2016– ),TV-Y,11 min,"Animation, Family",5.5,355
Scare Tactics,(2003–2013),TV-14,,"Comedy, Horror, Reality-TV",6.699999809265137,"2,531"
Sugar Rush,(2018–2020),TV-PG,55 min,"Game-Show, Reality-TV",7.0,"1,560"
New Kids Nitro,(2011),,74 min,"Action, Comedy",5.900000095367432,"9,635"
Bartkowiak,(2021),TV-MA,91 min,"Action, Crime, Sport",5.099999904632568,"1,237"
Sand Storm,(2016),,87 min,Drama,6.800000190734863,"3,610"
The Glamorous Imperial Concubine,(2011– ),,,"Drama, History, Romance",6.800000190734863,164
Kuromukuro,(2016– ),TV-14,24 min,"Animation, Action, Sci-Fi",7.199999809265137,"1,303"
The Worthy,(2016),,99 min,"Action, Sci-Fi, Thriller",5.099999904632568,"2,046"
Super Why!,(2007–2016),TV-Y,30 min,"Animation, Family",6.0,911
Bread Barbershop,(2020– ),TV-Y,,Animation,7.0,145
Living in Bondage: Breaking Free,(2019),,150 min,"Drama, Fantasy",5.099999904632568,135
Dear Ex,(2018),TV-MA,100 min,"Comedy, Drama, Romance",7.300000190734863,"6,421"
Further Tales of the City,(2001–2002),TV-MA,180 min,"Drama, Mystery, Romance",7.599999904632568,"1,568"
Happy Old Year,(2019),,113 min,"Drama, Romance",7.199999809265137,"2,312"
Broken,(2019– ),TV-14,,Documentary,6.900000095367432,"1,164"
Us and Them,(2018),Not Rated,120 min,"Drama, Romance",7.300000190734863,"4,311"
The Oscars,(2018 TV Special),TV-14,187 min,Music,5.699999809265137,"1,575"
Temporada de Verão,(2022– ),TV-14,45 min,"Drama, Romance",5.699999809265137,303
Polycarp,(2007),Not Rated,85 min,"Crime, Horror, Romance",3.0,"1,067"
Mo Amer: The Vagabond,(2018 TV Special),TV-MA,56 min,"Documentary, Comedy",7.300000190734863,929
Cleo & Cuquin,(2018– ),TV-Y,7 min,"Animation, Family",8.0,100
Big Fish & Begonia,(2016),PG-13,100 min,"Animation, Adventure, Drama",7.0,"6,305"
The Amityville Haunting,(2011 Video),Not Rated,86 min,Horror,2.5999999046325684,"2,384"
Newly Rich,(2019),TV-PG,96 min,"Comedy, Drama, Family",6.599999904632568,689
Tarung Sarung,(2020),TV-14,115 min,"Action, Adventure, Drama",6.0,203
Smile PreCure!,(2012–2013),TV-PG,24 min,"Animation, Action, Adventure",6.199999809265137,406
Sins of Our Mother,(2022),TV-14,141 min,"Documentary, Crime, Mystery",7.0,"1,918"
Reflection of You,(2021– ),,64 min,"Drama, Thriller",6.699999809265137,274
Me Him Her,(2015),Not Rated,98 min,"Comedy, Romance",5.199999809265137,"1,530"
Untitled Marlene Dietrich Netflix Project,,,,"Biography, Drama",,
Into the Deep,(2020),,90 min,"Documentary, Biography, Crime",7.099999904632568,42
Rattlesnakes,(2019),,85 min,Thriller,5.5,473
The Makeover,(2013 TV Movie),TV-PG,93 min,Comedy,5.699999809265137,"3,199"
You've Got This,(2020),TV-MA,111 min,"Comedy, Romance",5.800000190734863,"1,319"
Penthouse,(I) (2022),TV-MA,,"Crime, Mystery, Thriller",,
Team Foxcatcher,(2016),TV-14,90 min,"Documentary, Biography, Crime",7.300000190734863,"6,688"
S'parta,(2018– ),,53 min,"Drama, Thriller",6.599999904632568,456
Hisss,(2010),Not Rated,98 min,"Comedy, Drama, Horror",2.9000000953674316,"1,804"
Money Trap,(2019),,121 min,"Comedy, Drama",6.0,"14,723"
Hurricane Bianca,(2016),TV-MA,84 min,"Comedy, Drama",5.800000190734863,"6,462"
Dogs,(2018– ),TV-PG,50 min,"Documentary, History, Reality-TV",7.900000095367432,"1,295"
The Seven Deadly Sins: Cursed by Light,(2021),,79 min,"Animation, Action, Fantasy",6.400000095367432,"1,011"
Suptar 2550,(2022– ),,,"Comedy, Drama, Romance",,
Beat Bugs,(2016–2018),TV-Y,24 min,"Animation, Short, Adventure",7.599999904632568,526
Fanático,(2022– ),TV-MA,10 min,"Comedy, Drama, Music",5.099999904632568,147
The 3rd Eye,(2017),TV-MA,107 min,"Drama, Fantasy, Horror",5.099999904632568,"1,458"
Revenger,(2018),Not Rated,101 min,"Action, Crime, Thriller",5.699999809265137,"4,382"
UFO,(2022),TV-MA,109 min,Drama,4.699999809265137,827
Destruction Los Angeles,(2017),Not Rated,93 min,"Action, Adventure, Thriller",4.0,"3,676"
That's My Time with David Letterman,(2022– ),TV-MA,,"Comedy, Talk-Show",6.699999809265137,194
Les Italiens,,,,"Crime, Thriller",,
Requiem for the American Dream,(2015),Not Rated,73 min,"Documentary, Biography, News",8.100000381469727,"9,838"
Headspace Guide to Meditation,(2021),TV-G,173 min,"Documentary, Animation",8.399999618530273,"1,602"
This Earth of Mankind,(2019),TV-MA,181 min,"Drama, History",6.900000095367432,767
Zero to Hero,(2021),TV-14,102 min,"Biography, Drama, Sport",6.699999809265137,922
Namaste Wahala,(2021),TV-14,106 min,"Drama, Romance",5.099999904632568,"1,567"
212 Warrior,(2018),TV-14,123 min,"Action, Adventure, Comedy",6.900000095367432,"1,527"
Check Point,(2017),TV-MA,97 min,"Action, Thriller, War",3.200000047683716,"1,086"
We Are the Champions,(2020– ),TV-MA,30 min,"Documentary, Game-Show",7.099999904632568,"1,447"
Cardboard Gangsters,(2017),,92 min,"Crime, Drama",6.400000095367432,"3,112"
Juanita,(I) (2019),TV-MA,90 min,Drama,6.0,"2,401"
My Absolute Boyfriend,(2019),,35 min,"Comedy, Fantasy, Romance",7.099999904632568,323
The 11th Hour,(I) (2014),Not Rated,97 min,"Drama, Thriller",4.900000095367432,"1,801"
All the Queen's Men,(2001),PG-13,99 min,"Action, Comedy, Drama",4.699999809265137,"2,669"
Lady-Like,(2017),R,82 min,"Comedy, Romance",5.199999809265137,"7,014"
Circus of Books,(2019),Not Rated,92 min,"Documentary, Biography, History",7.099999904632568,"4,669"
2 Weeks,(2013),,65 min,"Crime, Drama",7.900000095367432,747
Cem Yilmaz: Diamond Elite Platinum Plus,(2021 TV Special),,94 min,Comedy,6.599999904632568,"8,216"
Battle Ground,(2013),R,95 min,"Action, Drama, War",4.900000095367432,"2,061"
Countdown: Inspiration4 Mission to Space,(2021),TV-14,244 min,Documentary,7.800000190734863,"1,915"
The Last Runway,(2018),TV-MA,107 min,"Action, Crime, Drama",5.900000095367432,739
All Is Well,(2018),TV-MA,90 min,Drama,6.5,"1,453"
Spy Kids: Mission Critical,(2018– ),TV-Y7-FV,,"Animation, Action, Adventure",4.699999809265137,395
A Storm for Christmas,(2022– ),,35 min,Drama,,
Drug Lords,(2018– ),TV-MA,42 min,Documentary,6.800000190734863,"1,360"
"You Can Do It, My Dear!",(2022),,129 min,Documentary,8.300000190734863,265
VIP,(2019),,35 min,"Drama, Mystery, Romance",7.599999904632568,358
"Fresh, Fried and Crispy",(2021– ),TV-PG,,Reality-TV,6.199999809265137,656
Whitney,(2018),R,120 min,"Documentary, Biography, Drama",7.300000190734863,"7,413"
"XO, Kitty",,TV-14,30 min,"Comedy, Drama, Romance",,
Seventeen,(2019),TV-MA,99 min,Drama,7.199999809265137,"4,111"
Borderline,(2016–2017),TV-14,30 min,Comedy,7.099999904632568,"1,547"
Nightworld: Door of Hell,(2017),TV-MA,92 min,"Horror, Thriller",4.400000095367432,"2,301"
The Big Flower Fight,(2020– ),TV-PG,,Reality-TV,7.400000095367432,"1,241"
Dolly Kitty and Those Twinkling Stars,(2019),TV-MA,126 min,"Comedy, Drama",5.5,"7,626"
We the People,(2021– ),TV-PG,3 min,"Animation, Short, Comedy",3.700000047683716,760
Lionheart,(2018),TV-PG,95 min,Comedy,5.699999809265137,"1,488"
Sunday's Illness,(2018),PG-13,113 min,Drama,6.900000095367432,"3,619"
Zeitgeist: Moving Forward,(2011),Not Rated,161 min,Documentary,8.100000381469727,"18,472"
Splatter,(2009),TV-14,29 min,"Comedy, Horror",3.200000047683716,634
Har Kisse Ke Hisse: Kaamyaab,(2018),,109 min,Drama,7.800000190734863,"4,253"
The Netflix Afterparty,(2020– ),TV-MA,,Talk-Show,3.799999952316284,514
Black Beach,(2020),TV-MA,110 min,Drama,5.599999904632568,"1,615"
My Love Mix-Up!,(2021),,30 min,"Comedy, Romance",8.100000381469727,951
Cunning Single Lady,(2014– ),,55 min,"Comedy, Romance",7.5,935
Becoming,(II) (2020),PG,89 min,"Documentary, Biography",6.900000095367432,"6,391"
Sarah and Duck,(2013– ),TV-G,7 min,"Animation, Short, Family",8.300000190734863,756
Secrets of Great British Castles,(2015– ),TV-PG,45 min,"Documentary, History",7.699999809265137,"1,092"
Maktub,(2017),TV-MA,100 min,"Comedy, Drama",7.300000190734863,"2,764"
Iron Chef: Brasil,(2022– ),,50 min,"Game-Show, Reality-TV",7.900000095367432,67
Lords of Scam,(2021),,105 min,"Documentary, Crime",6.400000095367432,680
Bettie Page Reveals All,(2012),R,101 min,"Documentary, Biography",7.099999904632568,"1,550"
Maria,(II) (2019),TV-MA,90 min,"Action, Crime, Drama",5.0,"2,196"
Secreto bien guardado,(2019),,,Drama,4.900000095367432,199
Juman,(2019),,40 min,"Drama, Romance",5.0,135
Bill Burr: Paper Tiger,(2019 TV Special),TV-MA,67 min,Comedy,8.100000381469727,"11,373"
About Time,(2018),,70 min,Fantasy,6.900000095367432,614
Moonrise,,,,"Animation, Action, Adventure",,
Wildflower,(II) (2014),PG-13,92 min,"Drama, Thriller",5.199999809265137,968
James Acaster: Repertoire,(2018),TV-MA,205 min,Comedy,8.399999618530273,"3,826"
Blood Brother,(2018),R,90 min,"Action, Crime, Drama",4.400000095367432,"1,052"
Nazi Concentration Camps,(1945),Not Rated,59 min,"Documentary, History",8.300000190734863,"1,481"
Disciples of the 36th Chamber,(1985),,90 min,"Action, Comedy",6.400000095367432,"1,976"
Christmas Crossfire,(2020),TV-MA,105 min,"Comedy, Crime, Thriller",4.800000190734863,"1,404"
Sing On!,(2020– ),TV-PG,,"Game-Show, Music",6.400000095367432,415
Jerry Seinfeld: 23 Hours to Kill,(2020 TV Special),TV-PG,60 min,Comedy,6.699999809265137,"5,180"
Jim Gaffigan: Comedy Monster,(2021 TV Special),TV-14,70 min,Comedy,6.900000095367432,"1,736"
Tales by Light,(2015– ),,23 min,Documentary,8.300000190734863,"1,943"
How to Ruin Christmas,(2020– ),TV-MA,50 min,"Comedy, Drama",6.199999809265137,506
The House of Small Cubes,(2008),,12 min,"Animation, Short, Drama",8.199999809265137,"11,086"
Asktan Kaçilmaz,(2014),,100 min,"Drama, Romance",6.099999904632568,51
Chasing Coral,(2017),,93 min,Documentary,8.0,"5,250"
Welcome to Dongmakgol,(2005),Not Rated,133 min,"Comedy, Drama, War",7.599999904632568,"7,195"
Sabrina,(2018),,113 min,"Horror, Thriller",4.099999904632568,"1,785"
Stand by Me Doraemon 2,(2020),Not Rated,96 min,"Animation, Comedy, Drama",7.5,"3,929"
Super Monsters,(2017– ),TV-Y,23 min,"Animation, Adventure, Comedy",6.199999809265137,419
The Gabby Douglas Story,(2014 TV Movie),Not Rated,86 min,"Biography, Drama, Sport",6.900000095367432,"1,771"
Still 2gether,(2020– ),,,"Drama, Romance",7.900000095367432,"1,779"
Somewhere Only We Know,(2019),,,"Drama, Romance",7.300000190734863,176
Liss Pereira: Adulto Promedio,(2022 TV Special),,63 min,Comedy,6.699999809265137,22
Taj Mahal 1989,(2020– ),,33 min,"Comedy, Drama, Romance",7.400000095367432,"1,567"
My Christmas Inn,(2018 TV Movie),TV-G,100 min,"Comedy, Drama, Romance",5.599999904632568,"2,247"
Riding Faith,(2020),TV-G,81 min,Family,4.400000095367432,238
F.R.E.D.I.,(2018),,90 min,"Adventure, Family, Sci-Fi",5.0,"1,042"
Filosofi Kopi,(2015),,117 min,Drama,7.099999904632568,742
Love and Redemption,(2020– ),,,"Action, Drama, Fantasy",8.399999618530273,651
Into the Beat,(2020),,102 min,"Drama, Music, Romance",5.300000190734863,"1,382"
The Great Robbery of Brazil's Central Bank,(2022– ),TV-MA,60 min,"Documentary, Crime",6.400000095367432,572
Open Heart,(2015),,22 min,"Drama, Mystery, Romance",6.800000190734863,691
Oddballs,(I) (2022– ),,,"Animation, Adventure, Comedy",,
Interior Design Masters,(2019– ),,44 min,Game-Show,6.5,"1,452"
Dragon Age: Dawn of the Seeker,(2012),Not Rated,90 min,"Animation, Action, Adventure",5.699999809265137,"2,957"
11M: Terror in Madrid,(2022),TV-14,92 min,Documentary,6.900000095367432,"1,923"
Dachra,(2018),,114 min,Horror,6.300000190734863,"1,514"
Mandela,(2021),,140 min,"Comedy, Drama",8.399999618530273,"7,055"
You Are My Home,(2020),,92 min,"Animation, Family, Fantasy",6.599999904632568,548
Brainchild,(2018– ),,30 min,"Documentary, Family",8.100000381469727,438
Kissing Game,(I) (2020– ),TV-MA,,"Drama, Mystery, Thriller",6.199999809265137,797
Cells at Work! Code Black,(2021– ),TV-14,24 min,"Animation, Action, Comedy",7.5,502
Found,(I) (2021),PG,97 min,"Documentary, Drama",7.5,"1,234"
Loev,(2015),,92 min,"Drama, Romance",5.900000095367432,"2,752"
Latte & the Magic Waterstone,(2019),TV-PG,81 min,"Animation, Adventure, Comedy",5.599999904632568,993
Stuck Apart,(2021),TV-MA,96 min,"Comedy, Drama",6.0,"10,611"
Dating Around,(2019– ),,30 min,"Reality-TV, Romance",6.300000190734863,"1,225"
Mighty Little Bheem,(2019– ),TV-Y,6 min,"Animation, Short, Adventure",6.400000095367432,260
The Disastrous Life of Saiki K.: Reawakened,(2019– ),TV-14,,"Animation, Comedy, Fantasy",7.900000095367432,"1,754"
Mr. Good: Cop or Crook?,(2022),TV-14,200 min,"Documentary, Crime",6.900000095367432,496
Blippi Wonders,(2021– ),TV-Y,,"Animation, Family",4.5,30
Strong Island,(2017),TV-MA,107 min,"Documentary, Crime",6.400000095367432,"3,936"
Carnaval,(2021),TV-MA,94 min,Comedy,4.0,930
Shot in the Dark,(2017),TV-MA,37 min,"Documentary, Reality-TV",8.0,"1,828"
Cuba and the Cameraman,(2017),,113 min,Documentary,8.199999809265137,"4,943"
The Witcher Bestiary,(2021–2022),,,Documentary,6.800000190734863,133
Only for Love,(2022– ),TV-MA,60 min,"Drama, Musical",7.5,23
Wok of Love,(2018),,35 min,"Comedy, Romance",7.400000095367432,959
Godzilla: The Planet Eater,(2018),TV-14,91 min,"Animation, Action, Adventure",5.0,"4,259"
Tree with Deep Roots,(2011),Not Rated,,"Drama, History",8.199999809265137,513
Kemono Jihen,(2021),,24 min,"Animation, Action, Fantasy",7.300000190734863,"1,450"
Habibie & Ainun,(2012),TV-14,120 min,"Biography, Drama, Romance",7.599999904632568,"2,144"
Dirty Daddy: The Bob Saget Tribute,(2022 TV Special),TV-MA,83 min,Comedy,6.599999904632568,503
Team Zenko Go,(2022– ),TV-Y,24 min,"Animation, Family",7.400000095367432,47
"Te quiero, imbécil",(2020),TV-MA,87 min,Comedy,5.800000190734863,"3,511"
Bottom of the World,(2017),Not Rated,85 min,"Drama, Mystery, Thriller",5.099999904632568,"5,262"
The Secret Diary of an Exchange Student,(2021),TV-14,96 min,"Comedy, Romance",5.300000190734863,922
Temperature of Love,(2017),,,"Comedy, Romance",7.0,557
Torbaaz,(2020),TV-MA,133 min,"Action, Drama, Sport",6.800000190734863,"17,926"
The Haunted House: The Secret of the 'Ghost Ball',(2016– ),TV-Y7,26 min,"Animation, Adventure, Comedy",8.300000190734863,89
Siffredi Late Night - Hard Academy,(2016– ),,25 min,Documentary,5.199999809265137,124
Sahara,(2017),TV-Y7,86 min,"Animation, Adventure, Comedy",5.5,"2,841"
Tricked: The Documentary,(2013),Not Rated,73 min,"Documentary, Crime",6.0,"1,514"
Maoyu ~ Archenemy & Hero,(2013– ),TV-14,23 min,"Animation, Fantasy, Romance",6.900000095367432,656
Bad Boy Billionaires: India,(2020– ),TV-14,59 min,"Documentary, Biography, Crime",7.900000095367432,"3,113"
Reunited Worlds,(2017),TV-14,,"Fantasy, Romance",7.199999809265137,253
4L,(2019),TV-MA,105 min,"Comedy, Drama",5.900000095367432,"3,305"
Zig & Sharko,(2010– ),TV-Y,7 min,"Animation, Comedy, Family",6.800000190734863,695
Fed Up,(2014),PG,92 min,Documentary,7.699999809265137,"12,028"
Human Playground,(2022),,,Documentary,,
Roaring Twenties,(2021– ),TV-MA,,Reality-TV,6.099999904632568,489
Flinch,(2019),,25 min,Game-Show,4.300000190734863,732
That Christmas,,,,"Animation, Comedy, Family",,
The 69th Primetime Emmy Awards,(2017 TV Special),TV-14,133 min,News,5.099999904632568,318
The Cuba Libre Story,(2016),TV-14,52 min,"Documentary, History",7.599999904632568,"1,717"
The Smart Money Woman,(2020– ),,,Drama,6.300000190734863,118
Dear Nathan,(2017),,99 min,"Drama, Romance",6.800000190734863,547
Horsin' Around,(2014 Video),,1 min,"Short, Comedy, Music",7.300000190734863,"1,035"
Sound & Fury,(2019),,41 min,"Animation, Short",6.400000095367432,"1,844"
The Emperor: Owner of the Mask,(2017),,,"Drama, History, Romance",7.400000095367432,633
Hits,(2014),,96 min,"Comedy, Drama",5.800000190734863,"1,935"
Beneath the Leaves,(2019),TV-MA,90 min,Thriller,4.5,"1,538"
Inside the Freemasons,(2017),,44 min,"Documentary, Reality-TV",5.400000095367432,468
Gosick,(2011),TV-MA,24 min,"Animation, Comedy, Drama",7.300000190734863,"1,291"
Burning Sands,(2017),TV-MA,96 min,Drama,6.0,"2,886"
Guga-ui Seo,(2013),TV-Y,,"Action, Comedy, Fantasy",8.0,"1,783"
Deep,(2021),TV-MA,101 min,"Drama, Mystery, Sci-Fi",4.800000190734863,"1,483"
Gun,(I) (2010),R,82 min,"Action, Crime, Thriller",3.799999952316284,"3,791"
The Hardest Thing,(2020),,94 min,Drama,4.900000095367432,412
Gamers!,(2017– ),TV-14,24 min,"Animation, Comedy, Romance",6.699999809265137,"1,455"
The Speed Cubers,(2020),TV-PG,39 min,"Documentary, Short, Sport",7.400000095367432,"3,575"
Silencer,(2018),Not Rated,88 min,"Drama, Thriller",3.799999952316284,"1,142"
Backlash,(1956),Passed,84 min,"Action, Adventure, Mystery",6.599999904632568,"1,665"
Trotsky,(2017),,50 min,"Biography, Drama, History",7.099999904632568,"2,054"
The Dreamlife of Georgie Stone,(2022),PG,27 min,"Documentary, Short, Biography",4.699999809265137,70
Hijacked,(2012),R,86 min,"Action, Crime, Thriller",3.799999952316284,"3,695"
Alphablocks,(2010–2021),TV-Y,5 min,Animation,8.0,75
Cek Toko Sebelah: The Series,(2018–2019),TV-14,22 min,Comedy,7.699999809265137,145
Pete Davidson Presents: The Best Friends,(2022),TV-MA,58 min,"Documentary, Comedy",4.800000190734863,695
Supacell,,,60 min,"Action, Adventure, Drama",,
Layla M.,(2016),,98 min,Drama,6.599999904632568,"1,749"
Death by Magic,(2018),TV-14,35 min,Reality-TV,6.099999904632568,656
Ahiru no Sora,(2019– ),TV-PG,,"Animation, Sport",7.400000095367432,610
American Dreamer,(2018),R,92 min,"Crime, Drama, Thriller",6.199999809265137,976
The Oscars,(2020 TV Special),TV-14,170 min,Music,6.5,"1,194"
Made in China,(II) (2019),,128 min,"Comedy, Drama",6.300000190734863,"4,478"
Garbage,(I) (2018),,105 min,"Drama, Thriller",3.700000047683716,"1,029"
The Disappearance of Haruhi Suzumiya,(2010),Not Rated,162 min,"Animation, Drama, Family",8.0,"7,320"
Mea Maxima Culpa: Silence in the House of God,(2012),TV-14,106 min,Documentary,8.0,"3,910"
Dragons: Rescue Riders: Secrets of the Songwing,(2020 TV Movie),TV-Y,46 min,"Animation, Action, Adventure",5.099999904632568,187
Johan Falk: Slutet,(2015 Video),,103 min,"Action, Crime, Thriller",7.699999809265137,"1,985"
Generation Iron,(2013),PG-13,106 min,"Documentary, Drama, Sport",7.0,"7,886"
And Breathe Normally,(2018),TV-14,95 min,Drama,6.900000095367432,"3,122"
Homecoming: A Film by Beyoncé,(2019),TV-MA,137 min,"Documentary, Music",7.5,"7,168"
Demoted,(2011),R,94 min,Comedy,5.300000190734863,"2,021"
AI Love You,(2022),,95 min,"Drama, Romance, Sci-Fi",4.400000095367432,607
Biggie: I Got a Story to Tell,(2021),R,97 min,"Documentary, Biography, Music",6.800000190734863,"5,115"
Home Game,(2020– ),TV-14,36 min,"Documentary, Sport",7.0,872
Sankofa,(1993),,125 min,Drama,7.0,710
17 Girls,(2011),Not Rated,86 min,Drama,6.0,"3,307"
Elize Matsunaga: Once Upon a Crime,(2021),TV-MA,197 min,"Documentary, Biography, Crime",5.900000095367432,"2,216"
Be Here Now,(2015),,100 min,"Documentary, Biography, Drama",8.5,"3,417"
Angry Birds Stella,(2014–2016),TV-Y7,6 min,Animation,7.199999809265137,109
You vs. Wild,(2019),TV-PG,20 min,"Adventure, Reality-TV",6.599999904632568,"2,641"
Inside the Mossad,(2017),,60 min,Documentary,7.5,"1,092"
Kill Ratio,(2016),,86 min,Action,4.0,958
Molang,(2015– ),TV-Y,,"Animation, Short, Comedy",8.399999618530273,392
Terrorism Close Calls,(2018– ),,50 min,Documentary,5.199999809265137,727
Fugitiva,(2018),TV-MA,60 min,Drama,5.599999904632568,677
Cat People,(2021– ),TV-14,,"Documentary, Short",6.400000095367432,304
Meitantei Conan: Zero no Tea Time,(2022– ),TV-PG,13 min,"Animation, Comedy, Crime",6.5,156
Away,(I) (2016),Not Rated,105 min,"Crime, Drama",6.599999904632568,"3,092"
Jimmy Carr: His Dark Material,(2021 TV Special),TV-MA,59 min,Comedy,7.099999904632568,"5,023"
Treasures from the Wreck of the Unbelievable,(2017),,90 min,Documentary,6.0,"1,482"
Radio Romance,(2018),,70 min,"Drama, Romance",6.699999809265137,936
Futuro Beach,(2014),Unrated,106 min,"Drama, Romance",6.300000190734863,"3,133"
Turbo FAST,(2013–2016),TV-Y7,23 min,"Animation, Action, Adventure",6.300000190734863,622
Zumbo's Just Desserts,(2016–2020),TV-14,52 min,Reality-TV,6.900000095367432,"2,199"
Choose Love,,,,"Comedy, Romance",,
Running Wild,(2017),PG,99 min,"Drama, Western",5.800000190734863,"1,406"
Home: Adventures with Tip & Oh,(2016–2018),TV-Y7,23 min,"Animation, Short, Adventure",6.0,617
Wellmania,,,30 min,"Comedy, Drama",,
Twirlywoos,(2015–2017),,15 min,"Animation, Family",7.300000190734863,146
Never Stop Dreaming: The Life and Legacy of Shimon Peres,(2018),TV-14,129 min,Documentary,6.699999809265137,252
The House Next Door,(2017),Not Rated,137 min,Horror,6.699999809265137,"2,463"
Chopsticks,(2019),,100 min,"Comedy, Drama",6.5,"4,800"
Lovefucked,(2018),,106 min,"Drama, Romance",5.900000095367432,424
"Three Wives, One Husband",(2014–2017),,60 min,Documentary,6.5,490
"1,000,000 yen no Onnatachi",(2017),,30 min,"Crime, Mystery, Romance",7.599999904632568,"1,867"
Watashi ga Motete Dousunda,(2016– ),TV-PG,23 min,"Animation, Comedy, Drama",6.599999904632568,"1,276"
Chhota Bheem Kung Fu Dhamaka,(2019),,97 min,"Animation, Action, Adventure",5.300000190734863,171
Everything Calls for Salvation,(2022– ),,,"Comedy, Drama",,
One Night Stand,(I) (2016),,97 min,"Drama, Romance",3.0999999046325684,"1,315"
Dragon Quest: Your Story,(2019),,103 min,"Animation, Action, Adventure",6.5,"2,871"
Liu xing hua yuan,(2001–2002),,60 min,"Comedy, Drama, Romance",7.699999809265137,890
Hold Your Breath,(2012),R,87 min,"Horror, Thriller",3.299999952316284,"2,004"
Funny Boy,(2020),,109 min,Drama,6.5,923
The Decameron,,,,"Drama, History",,
To All the Guys Who Loved Me,(2020),,32 min,"Comedy, Fantasy, Romance",6.300000190734863,231
Cooked,(2016),,60 min,Documentary,8.100000381469727,"3,002"
Selection Day,(2018– ),,23 min,Sport,7.300000190734863,"2,264"
Coyotes,(2021– ),,45 min,Drama,5.199999809265137,322
Her Infidelity,(2015 TV Movie),TV-14,83 min,"Drama, Thriller",3.5,565
My Little Pony: Make Your Mark,(2022 TV Special),TV-Y,44 min,"Animation, Short, Adventure",6.5,135
This Is Pop,(2021– ),TV-MA,44 min,Music,6.900000095367432,"1,180"
Our Lovers,(2016),,88 min,"Comedy, Drama, Romance",6.699999809265137,"4,274"
The Plagues of Breslau,(2018),TV-MA,110 min,"Action, Crime, Mystery",5.900000095367432,"5,084"
Terrace House: Tokyo 2019-2020,(2019–2020),,40 min,"Drama, Reality-TV",7.400000095367432,730
Togo,(2022),,92 min,"Crime, Drama, Thriller",,
Cannon Busters,(2019– ),TV-MA,,"Animation, Fantasy",6.599999904632568,"1,234"
Ball and Chain,,,,"Action, Adventure, Comedy",,
Bad Day for the Cut,(2017),Not Rated,99 min,"Action, Crime, Drama",6.5,"8,260"
Social Distance,(2020),TV-MA,,"Comedy, Drama",5.800000190734863,671
Rurouni Kenshin: Reflection,(2001–2002),Not Rated,83 min,"Animation, Adventure, Drama",8.0,"4,202"
Absolute Dominion,,,,"Action, Sci-Fi",,
Emily's Wonder Lab,(2020– ),TV-G,,"Family, Talk-Show",8.699999809265137,196
21 Sarfarosh Saragarhi 1897,(2018– ),,18 min,"History, War",8.199999809265137,403
Oompa-Loompas,,,,,,
Morris from America,(2016),R,91 min,"Comedy, Drama, Romance",6.300000190734863,"5,379"
Comedy Premium League,(2021– ),,,Comedy,4.699999809265137,"1,562"
Pinky Malinky,(2018–2019),TV-Y7,12 min,"Animation, Comedy, Family",5.5,"1,061"
The Seven Deadly Sins: Prisoners of the Sky,(2018),,99 min,"Animation, Action, Fantasy",7.099999904632568,"4,863"
Horizon Zero Dawn,,,,"Action, Adventure, Mystery",,
Splinter Cell,,,,"Animation, Action, Adventure",,
SSSS.Gridman,(2018),TV-14,23 min,"Animation, Action, Adventure",7.0,697
Pui Pui Molcar,(2021– ),,,"Animation, Comedy, Family",8.100000381469727,395
Orgasm Inc.,(2009),Not Rated,73 min,Documentary,5.900000095367432,557
Loaded,(2017),,41 min,"Comedy, Drama",6.5,"1,404"
Luck,(I) (2009),Not Rated,141 min,"Action, Adventure, Drama",4.800000190734863,"2,778"
Notes for My Son,(2020),TV-MA,84 min,Drama,6.400000095367432,943
Black Snow,(2017),,90 min,"Crime, Drama, Mystery",6.199999809265137,"5,796"
Dead Kids,(2019),TV-MA,98 min,Thriller,5.400000095367432,585
Chandni Bar,(2001),Not Rated,150 min,"Crime, Drama",7.599999904632568,"2,650"
Struggle: The Life and Lost Art of Szukalski,(2018),TV-MA,115 min,"Documentary, Biography",7.900000095367432,"4,272"
The Business of Drugs,(2020),TV-MA,,"Documentary, Crime",7.199999809265137,"1,691"
Nuh Boguldu,(2022),,,,,
Tiger King: The Doc Antle Story,(2021),TV-MA,127 min,"Documentary, Biography, Crime",6.199999809265137,"1,671"
Llama Llama,(2018–2019),TV-Y,24 min,"Animation, Adventure, Family",6.099999904632568,274
Captive,(2016),,60 min,Documentary,6.800000190734863,751
The Treasure of the Silver Lake,(1962),,82 min,"Adventure, Western",6.800000190734863,"3,263"
Winnetou: The Red Gentleman,(1964),,94 min,"Western, Adventure",6.5,"3,253"
Big Tree City,(2022– ),TV-Y,24 min,"Animation, Action, Adventure",8.199999809265137,49
44 Cats,(2018– ),TV-Y7,13 min,"Animation, Adventure, Comedy",6.0,290
Titletown High,(2021– ),TV-14,,"Reality-TV, Sport",5.599999904632568,340
Como Caído Del Cielo,(2019),TV-14,112 min,"Comedy, Drama, Musical",6.5,"1,471"
Lost Bullet 2: Back for More,(2022),,98 min,"Action, Crime, Thriller",,
Los héroes del mal,(2015),,98 min,"Crime, Drama, Thriller",6.099999904632568,"1,088"
A Plastic Ocean,(2016),,102 min,Documentary,7.900000095367432,"3,092"
Salt Fat Acid Heat,(2018),,,Documentary,7.699999809265137,"2,505"
Medicinen,(2014),,114 min,"Comedy, Drama",5.5,"1,073"
Dave Chappelle: Equanimity,(2017 TV Special),TV-MA,60 min,Comedy,8.100000381469727,"12,553"
Iron Chef: Mexico,(2022– ),TV-MA,50 min,"Game-Show, Reality-TV",8.699999809265137,8
The Women and the Murderer,(2021),TV-14,92 min,"Documentary, Crime",6.400000095367432,"1,324"
Kipper,(1997–2000),TV-Y,47 min,"Animation, Short, Comedy",7.0,967
Monster Hunter: Legends of the Guild,(2021 TV Movie),TV-14,58 min,"Animation, Action, Adventure",5.099999904632568,"1,312"
Beyblade Burst,(2016– ),TV-Y7,24 min,"Animation, Action, Adventure",6.599999904632568,602
Dealin' with Idiots,(2013),Not Rated,88 min,Comedy,5.400000095367432,"1,433"
Dave Chappelle,(2017),,66 min,"Documentary, Comedy",8.699999809265137,"2,851"
A Little Help with Carol Burnett,(2018),TV-G,23 min,Talk-Show,6.300000190734863,240
Fate/Extra Last Encore,(2018),,24 min,"Animation, Action, Fantasy",5.400000095367432,821
Under Arrest,(1993– ),,,Crime,7.400000095367432,308
Taylor Tomlinson: Quarter-Life Crisis,(2020 TV Special),TV-14,61 min,Comedy,7.400000095367432,"3,960"
Bon Cop Bad Cop 2,(2017),Not Rated,126 min,"Action, Comedy, Crime",6.599999904632568,"4,194"
Coming Soon,(2014),,134 min,"Comedy, Drama, Romance",7.300000190734863,"34,287"
Yucatán,(I) (2018),TV-MA,129 min,"Adventure, Comedy, Romance",5.5,"2,175"
Shadow,(2019),TV-MA,45 min,"Action, Crime, Drama",6.5,979
Goedam,(2020– ),TV-MA,10 min,"Short, Horror, Mystery",5.699999809265137,995
Autumn Girl,(2021),,105 min,"Biography, Drama, Musical",5.5,612
Andes Mágicos,(2019– ),,,Documentary,7.800000190734863,553
Samurai Gourmet,(2017),,20 min,"Adventure, Comedy",8.100000381469727,"2,123"
Rage of Bahamut: Genesis,(2014),TV-14,24 min,"Animation, Action, Fantasy",7.300000190734863,"1,515"
Rainbow Ruby,(2016–2020),TV-Y,11 min,"Animation, Adventure, Comedy",6.5,81
Body of My Enemy,(1976),,116 min,"Crime, Drama, Mystery",6.599999904632568,"2,152"
Sex: Unzipped,(2021),,59 min,"Documentary, Comedy",2.799999952316284,416
Cong qian you zuo ling jian shan,(2019),,,"Action, Adventure, Comedy",7.300000190734863,300
Fierce,(2020),TV-MA,118 min,"Comedy, Music",5.5,"1,266"
"Ariana Grande: Excuse Me, I Love You",(2020),TV-MA,97 min,"Documentary, Music",6.300000190734863,"2,642"
The Land Before Time XIV: Journey of the Brave,(2016 Video),G,82 min,"Animation, Adventure, Comedy",5.599999904632568,766
The Strays,(2022),,,Drama,,
Money Flower,(2017–2018),,,Drama,7.5,300
Christiane Amanpour Sex & Love Around the World,(2018),,,Documentary,7.300000190734863,882
Tactical Force,(2011),R,91 min,Action,4.699999809265137,"5,916"
The American Barbecue Showdown,(2020– ),TV-G,,Reality-TV,7.099999904632568,"1,239"
The Gospel of John,(2014),Unrated,160 min,Drama,7.699999809265137,928
The Man Without Gravity,(2019),TV-14,107 min,"Comedy, Drama, Fantasy",5.800000190734863,"2,572"
The Principal,(2015–2016),,50 min,Drama,7.400000095367432,"1,387"
Leftenan Adnan,(2000),,127 min,"Biography, Drama, History",6.800000190734863,145
Dale Gas,(2022– ),,60 min,"Action, Crime, Thriller",7.5,64
"Good Bye, My Princess",(2019),,45 min,"Action, Drama, Fantasy",7.800000190734863,188
Tragic Jungle,(2020),TV-MA,96 min,"Adventure, Drama, Mystery",5.599999904632568,971
Ben Platt Live from Radio City Music Hall,(2020 TV Special),TV-PG,85 min,Music,8.300000190734863,507
Murder to Mercy: The Cyntoia Brown Story,(2020),TV-MA,96 min,Documentary,6.300000190734863,"2,818"
Ang probinsyano,(2015–2022),TV-14,99 min,"Action, Adventure, Crime",3.5999999046325684,296
The Snitch Cartel: Origins,(2021– ),TV-MA,60 min,"Crime, Drama",5.599999904632568,195
Shinchan,(1992– ),TV-PG,25 min,"Animation, Comedy, Family",8.399999618530273,969
The Mr. Peabody & Sherman Show,(2015–2017),TV-Y7,23 min,"Animation, Adventure, Comedy",5.5,457
They'll Love Me When I'm Dead,(2018),TV-MA,98 min,Documentary,7.400000095367432,"5,097"
Astro Boy,(2003–2004),TV-Y7,30 min,"Animation, Action, Adventure",6.900000095367432,485
Bright 2,,TV-MA,,"Action, Adventure, Crime",,
The Door,(2019),,110 min,"Comedy, Drama",6.900000095367432,"2,185"
Komt een vrouw bij de dokter,(2009),,113 min,"Drama, Romance",6.800000190734863,"5,351"
Shining Inheritance,(2009),,70 min,"Comedy, Drama, Romance",7.599999904632568,880
Serigala Terakhir,(2009),,110 min,"Action, Crime, Drama",6.599999904632568,365
New World,(2021– ),,,Reality-TV,7.699999809265137,310
Papa Hemingway in Cuba,(2015),R,110 min,"Biography, Drama",6.300000190734863,"1,548"
Hi Score Girl,(2018–2019),TV-PG,25 min,"Animation, Comedy, Romance",8.0,"2,045"
One of Our Dinosaurs Is Missing,(1975),G,94 min,"Adventure, Comedy, Family",5.900000095367432,"1,817"
Seven in Heaven,(2018),PG-13,94 min,"Drama, Horror, Mystery",5.300000190734863,"2,748"
Malibu Rescue,(2019),TV-G,,"Action, Comedy, Family",5.5,"1,020"
Light in the Dark,(2020),TV-14,105 min,Thriller,5.599999904632568,38
Whitney Cummings: Jokes,(2022 TV Special),,59 min,Comedy,5.599999904632568,501
Zeitgeist: Addendum,(2008 Video),Not Rated,123 min,"Documentary, History, War",8.199999809265137,"18,368"
Shaun the Sheep: The Flight Before Christmas,(2021 TV Movie),TV-Y,30 min,"Animation, Comedy, Family",7.300000190734863,"1,515"
Derren Brown: Pushed to the Edge,(2016 TV Special),TV-MA,68 min,Reality-TV,7.5,"3,781"
The Age of Spin: Dave Chappelle Live at the Hollywood Palladium,(2017 TV Special),TV-MA,67 min,Comedy,8.100000381469727,"12,653"
Brené Brown: The Call to Courage,(2019),,76 min,"Documentary, Drama",7.699999809265137,"1,596"
El silencio,(2022),,,Thriller,,
Cities of Last Things,(2018),TV-MA,106 min,"Crime, Drama, Sci-Fi",6.199999809265137,"1,700"
Kid-E-Cats,(2016– ),,5 min,"Animation, Adventure, Comedy",7.0,107
Mini Force: The Beginning,(2014–2016),TV-Y7,20 min,"Animation, Action, Adventure",4.699999809265137,62
Zach Galifianakis: Live at the Purple Onion,(2006 TV Special),Unrated,90 min,"Documentary, Comedy",7.199999809265137,"4,009"
H,(1998–2002),,26 min,Comedy,7.400000095367432,"1,746"
Godzilla: City on the Edge of Battle,(2018),TV-14,101 min,"Animation, Action, Adventure",5.800000190734863,"4,961"
Rhythm + Flow,(2019– ),TV-MA,52 min,"Music, Reality-TV",7.599999904632568,"1,622"
Girls Incarcerated: Young and Locked Up,(2018– ),TV-MA,45 min,"Documentary, Reality-TV, Talk-Show",7.199999809265137,"1,116"
Castle & Castle,(2018– ),,,Drama,6.699999809265137,150
Temple,(2017),TV-MA,78 min,"Adventure, Drama, Horror",3.5999999046325684,"5,085"
Edha,(2018),,40 min,Drama,4.900000095367432,648
Game On! A Comedy Crossover Event,(2020),TV-G,30 min,"Comedy, Family",5.5,224
Amazing Hotels: Life Beyond the Lobby,(2017– ),,60 min,Documentary,7.699999809265137,402
Warm and Cozy,(2015),,,"Comedy, Romance",6.800000190734863,422
Sunny Bunnies,(2015– ),TV-Y,,"Animation, Family",6.800000190734863,104
Kabaneri of the Iron Fortress: The Battle of Unato,(2019),,68 min,"Animation, Action, Adventure",6.699999809265137,"1,283"
Six Windows in the Desert,(2020),,21 min,"Short, Adventure, Comedy",4.300000190734863,"3,139"
Tell Me When,(2020),TV-MA,95 min,Comedy,5.699999809265137,"1,033"
Laddaland,(2011),Not Rated,125 min,"Drama, Horror, Mystery",6.199999809265137,"2,338"
Sword Art Online Alternative: Gun Gale Online,(2018– ),TV-14,24 min,"Animation, Action, Adventure",6.800000190734863,"2,395"
The Fisherman's Diary,(2020),TV-MA,143 min,Drama,6.400000095367432,644
Tughlaq Durbar,(2021),,145 min,"Comedy, Drama, Thriller",5.400000095367432,"1,635"
The Joel McHale Show with Joel McHale,(2018),TV-MA,30 min,Comedy,7.099999904632568,"2,409"
Here to Heart,(2018– ),,,"Drama, Romance",7.5,245
Magia Record: Puella Magi Madoka Magica Side Story,(2020– ),TV-14,24 min,"Animation, Action, Drama",6.099999904632568,373
Kong: King of the Apes,(2016–2018),TV-Y7,,"Animation, Action, Adventure",5.699999809265137,337
Diabolically Yours,(1967),G,93 min,"Crime, Drama, Thriller",6.0,"1,467"
The Swindle,(1977),,99 min,"Action, Comedy, Crime",6.199999809265137,408
Duisburg - Linea di sangue,(2019 TV Movie),,100 min,"Crime, Drama",5.5,449
Witch's Court,(2017),,,"Crime, Drama, Mystery",7.400000095367432,434
Jewel,(2022),,82 min,Drama,3.5,144
Just Short of Perfect,(2021),TV-14,94 min,"Comedy, Romance",5.300000190734863,"1,047"
De verbouwing,(2012),,101 min,"Drama, Thriller",6.0,"1,359"
Dragnet,(1954),Approved,88 min,"Crime, Drama, Film-Noir",6.599999904632568,"1,041"
Danur,(2017),TV-14,74 min,Horror,5.300000190734863,891
Earthquake: Legendary,(2022 TV Special),,36 min,Comedy,7.0,630
What Did you Eat Yesterday?,(2019– ),,30 min,"Comedy, Drama, Family",8.199999809265137,435
Pasta,(2010– ),,,"Comedy, Drama, Romance",7.599999904632568,935
Manson Family Vacation,(2015),Not Rated,84 min,"Comedy, Drama, Thriller",5.800000190734863,"3,027"
Nazi Death Squads,(2009),,45 min,"Documentary, History, War",7.599999904632568,644
Yanxi Palace: Princess Adventures,(2019– ),,,Drama,5.900000095367432,299
The Seven Deaths of Evelyn Hardcastle,,TV-MA,,"Drama, Mystery, Thriller",,
Abzurdah,(2015),,90 min,"Biography, Drama, Romance",5.400000095367432,"2,063"
Angry Birds Toons,(2013–2018),TV-Y,3 min,"Animation, Action, Adventure",6.099999904632568,848
(Un)Well,(2020– ),TV-MA,,Documentary,6.400000095367432,"1,089"
Pedal to Metal,(2022),TV-MA,,"Action, Drama",6.800000190734863,66
The House of Flowers: The Movie,(2021),TV-MA,86 min,"Comedy, Drama",5.5,875
Surviving Paradise: A Family Tale,(2022),TV-G,78 min,Documentary,7.5,653
Ludo,(2015),,90 min,"Fantasy, Horror, Thriller",2.799999952316284,870
A Chorus Line,,,,"Drama, Musical",,
The Similars,(2015),,89 min,"Horror, Mystery, Sci-Fi",5.800000190734863,"4,142"
Chinatown,(TV Movie),,,"Drama, Thriller",,
DJ Cinderella,(2019),,95 min,"Family, Music, Romance",4.599999904632568,"1,091"
Norm Macdonald Has a Show,(2018),,30 min,"Comedy, Talk-Show",8.5,"3,643"
Missing You,(2012–2013),,65 min,"Drama, Romance",7.599999904632568,844
King of Boys: The Return of the King,(2021),TV-MA,439 min,"Crime, Drama",6.199999809265137,263
Krishna Balram,,,,Fantasy,,
Patton Oswalt: We All Scream,(2022),TV-MA,58 min,"Documentary, Comedy",5.400000095367432,239
Little Big Women,(2020),,123 min,Drama,7.199999809265137,"2,392"
High on the Hog: How African American Cuisine Transformed America,(2021–2022),TV-14,210 min,"Documentary, History",7.699999809265137,711
"Barbie: Big City, Big Dreams",(2021 TV Movie),TV-Y,60 min,"Animation, Family, Musical",5.699999809265137,331
Death Clique,(2014 TV Movie),TV-PG,83 min,"Crime, Drama, Mystery",5.400000095367432,"1,352"
Full Count,(2019),TV-PG,110 min,"Drama, Fantasy, Sport",5.599999904632568,664
Travis Scott: Look Mom I Can Fly,(2019),TV-MA,84 min,"Documentary, Music",6.300000190734863,"4,728"
Alice in Wonderland,,,,"Adventure, Family, Fantasy",,
Awake: The Million Dollar Game,(2019),TV-PG,41 min,Game-Show,5.900000095367432,803
Haechi,(2019),,35 min,"Action, Drama, History",7.599999904632568,301
Habibie & Ainun 3,(2019),TV-14,121 min,"Biography, Drama, Romance",7.199999809265137,320
Staged Killer,(2019),TV-14,88 min,Thriller,3.5999999046325684,319
Ms. Hammurabi,(2018),,80 min,"Comedy, Drama, Romance",7.5,590
The Warriors,,TV-14,,"Action, Adventure, Crime",,
45 rpm,(2019),,50 min,"Drama, Music",7.199999809265137,521
Millennials,(2018– ),,60 min,"Comedy, Drama, Romance",4.300000190734863,164
Amy Schumer: The Leather Special,(2017 TV Special),TV-MA,57 min,Comedy,3.0999999046325684,"9,988"
Ask Taktikleri 2,,,,"Comedy, Romance",,
All the Freckles in the World,(2019),TV-14,91 min,"Comedy, Romance, Sport",5.199999809265137,"1,313"
Noura's Dream,(2019),,92 min,Drama,6.5,401
Naked Among Wolves,(2015 TV Movie),Not Rated,105 min,"Drama, History, War",7.199999809265137,"4,007"
Rea(l)ove,(2018– ),TV-MA,40 min,Reality-TV,6.599999904632568,224
The Driver,(2014),,180 min,"Crime, Drama",6.900000095367432,"1,911"
Sword Gai: The Animation,(2018),TV-MA,22 min,"Animation, Action, Fantasy",5.800000190734863,950
Men at Work: Miami,(2020),,115 min,Comedy,5.0,767
"Mom, Don't Do That!",(2022– ),TV-MA,50 min,"Comedy, Drama, Romance",6.099999904632568,193
Jenni Rivera: Mariposa de Barrio,(2017– ),TV-MA,45 min,"Drama, Musical",7.199999809265137,247
1920,(2008),Unrated,138 min,"Horror, Mystery, Romance",6.400000095367432,"3,555"
One Second,(2021),TV-14,88 min,"Comedy, Romance",4.699999809265137,433
House of Bodies,(2016),Not Rated,79 min,"Crime, Drama, Thriller",3.799999952316284,"6,847"
Connected: The Hidden Science of Everything,(2020– ),TV-14,45 min,"Documentary, Comedy",7.5,"1,746"
Trial 4,(2020),TV-MA,437 min,"Documentary, Crime",7.400000095367432,"2,124"
Consent,,,,Drama,,
The Secrets of Emily Blair,(2016),,95 min,"Horror, Thriller",4.099999904632568,"1,378"
Alma Matters - Inside the IIT Dream,(2021),,150 min,Documentary,8.300000190734863,"2,370"
No somos animales,(2013),,90 min,"Comedy, Drama",4.900000095367432,611
Dead Places,(2021– ),,45 min,"Adventure, Horror, Thriller",6.300000190734863,"1,462"
The Bleeding Edge,(2018),TV-14,99 min,Documentary,7.599999904632568,"2,765"
"Sing ""Yesterday"" for Me",(2020),,23 min,"Animation, Drama, Romance",6.900000095367432,778
Agent King,(2022– ),TV-MA,,"Animation, Action, Comedy",,
The Formula,(III),,,"Crime, Drama, Sport",,
The Rachel Divide,(2018),TV-MA,100 min,Documentary,6.300000190734863,"2,600"
Görümce,(2016),,109 min,"Comedy, Family, Romance",5.0,"3,229"
Choose,(II) (2011),R,83 min,"Crime, Drama, Horror",4.699999809265137,"4,409"
Aliens on the Moon: The Truth Exposed,(2014 TV Movie),Not Rated,86 min,Sci-Fi,3.4000000953674316,"1,025"
Street Food: Latin America,(2020),TV-PG,30 min,Documentary,7.800000190734863,"1,386"
The Lighthouse of the Whales,(2016),TV-MA,110 min,"Biography, Drama, Romance",6.699999809265137,"3,942"
Inside the Criminal Mind,(2017– ),,52 min,"Documentary, Crime",5.400000095367432,"1,045"
Family Leave,,,,Comedy,,
The Waiting Room,(III) (2012),Not Rated,81 min,Documentary,7.099999904632568,858
Hot Skull,(2022),,,"Adventure, Drama, Mystery",,
Misfit,(2017),,86 min,"Comedy, Family",4.300000190734863,419
Xiaolin Chronicles,(2013–2015),TV-Y7-FV,22 min,"Animation, Short, Action",6.699999809265137,"1,064"
The Present,(II) (2020),,24 min,"Short, Drama",7.599999904632568,"3,225"
Sotus the Series,(2016–2018),,,"Drama, Romance",7.900000095367432,"1,672"
La mujer que hablaba con los muertos,(2014),,102 min,"Comedy, Horror",3.4000000953674316,39
Exit West,,,,"Drama, Sci-Fi",,
Nothing in Return,(2015),,93 min,Drama,6.5,"2,509"
Switched,(2018),TV-MA,35 min,"Drama, Sci-Fi",7.099999904632568,"1,460"
Cagaster of an Insect Cage,(2020),,29 min,"Animation, Action, Drama",6.099999904632568,665
Beyblade Burst Surge,(2021),,,"Animation, Action, Adventure",8.399999618530273,38
Engineering Girls,(2018– ),,20 min,"Comedy, Drama",6.800000190734863,"1,537"
Touchy Feely,(2013),R,89 min,"Comedy, Drama",5.300000190734863,"3,744"
Torrente 4,(2011),Unrated,93 min,"Action, Comedy, Crime",5.400000095367432,"5,125"
Prime Time,(2021),TV-MA,93 min,"Drama, Thriller",5.199999809265137,"1,822"
Capturing the Killer Nurse,(2022),,,"Documentary, Crime",,
Baggio: The Divine Ponytail,(2021),TV-MA,91 min,"Biography, Drama, Sport",6.099999904632568,"4,529"
Boss & Me,(2014),,45 min,Romance,7.300000190734863,475
Oh Baby,(2019),,161 min,"Comedy, Drama, Fantasy",7.400000095367432,"2,454"
Elite Short Stories: Patrick,(2021),,,Drama,6.099999904632568,758
Quantum Quest: A Cassini Space Odyssey,(2010),,50 min,"Animation, Adventure, Sci-Fi",5.0,403
Darc,(2018),TV-MA,97 min,"Action, Crime, Thriller",5.800000190734863,"4,541"
Little Boxes,(2016),Not Rated,84 min,"Comedy, Drama",5.900000095367432,"2,046"
Trixie Mattel: Moving Parts,(2019),,91 min,Documentary,7.300000190734863,"2,028"
Opposites Attract,(2015),,90 min,"Comedy, Romance",5.800000190734863,994
The Oscars,(2016 TV Special),TV-14,175 min,Music,6.400000095367432,"2,159"
Who Killed Little Gregory?,(2019),,60 min,"Documentary, Crime, Mystery",7.400000095367432,"3,001"
My Amanda,(2021),TV-14,89 min,"Drama, Romance",5.699999809265137,320
Untitled Dan Levy Film,,,,"Comedy, Romance",,
My Perfect Romance,(2018 TV Movie),PG,91 min,Romance,4.599999904632568,"3,096"
Detention,(2020– ),TV-MA,50 min,"Drama, Horror, Mystery",6.300000190734863,534
The Lying Life of Adults,(2022– ),,,Drama,,
Nicole Byer: BBW (Big Beautiful Weirdo),(2021 TV Special),TV-MA,65 min,Comedy,5.699999809265137,561
First Class,(2022– ),,45 min,Reality-TV,2.5,130
Hasan Minhaj: Homecoming King,(2017 TV Special),TV-MA,73 min,Comedy,8.199999809265137,"7,306"
The House Arrest of Us,(2020–2021),TV-PG,,"Comedy, Romance",5.5,124
Everything Will Be Fine,(2021– ),TV-MA,35 min,"Comedy, Drama",6.300000190734863,344
The Killer Is Loose,(1956),Passed,73 min,"Crime, Drama, Film-Noir",6.599999904632568,"2,137"
Katt Williams: World War III,(2022 TV Special),,59 min,Comedy,4.599999904632568,476
Jonah: A VeggieTales Movie,(2002),G,82 min,"Animation, Adventure, Comedy",6.400000095367432,"4,260"
Armed Girl's Machiavellism,(2017),TV-14,,"Animation, Action, Comedy",6.599999904632568,402
Angry Mom,(2015),,70 min,"Comedy, Drama",7.599999904632568,535
Spirit Riding Free: Riding Academy,(2020– ),TV-Y7,,"Animation, Action, Adventure",7.199999809265137,110
Julie's Greenroom,(2017),,27 min,"Comedy, Family, Musical",8.199999809265137,331
Forest of Piano,(2018– ),TV-PG,25 min,"Animation, Adventure, Drama",7.199999809265137,937
The Idhun Chronicles,(2020–2021),TV-14,25 min,"Animation, Action, Adventure",5.400000095367432,585
The Journey Is the Destination,(2016),R,123 min,Drama,6.300000190734863,646
Skew,(2011),Not Rated,83 min,"Horror, Thriller",4.400000095367432,"2,017"
Phobia 2,(2009),,125 min,"Comedy, Fantasy, Horror",6.599999904632568,"2,627"
CM101MMXI Fundamentals,(2013),,139 min,"Documentary, Comedy",9.100000381469727,"46,282"
Conspiracy of Silence,(2018– ),,45 min,"Crime, Drama, Thriller",6.5,566
The Naked Civil Servant,(1975 TV Movie),TV-14,77 min,"Biography, Comedy, Drama",7.900000095367432,"1,741"
The Greatest Love,(2011),,,"Comedy, Drama, Romance",7.800000190734863,"1,084"
Bert Kreischer: The Machine,(2016 TV Special),TV-MA,70 min,Comedy,7.599999904632568,"1,606"
The Comedy Lineup,(2018– ),TV-MA,15 min,Comedy,6.0,487
Shepherds and Butchers,(2016),R,102 min,"Crime, Drama, Mystery",6.800000190734863,"3,388"
Cunk on Earth,(2022– ),,,"Documentary, Comedy",7.900000095367432,64
H2O: Mermaid Adventures,(2015),TV-Y7,25 min,"Animation, Adventure, Comedy",5.5,205
Invasion 1897,(2014),,113 min,"Biography, Drama",3.4000000953674316,105
Caste,,,,"Drama, History",,
The Last Word,(2020),TV-MA,40 min,"Comedy, Drama",7.0,979
Suzzana: Buried Alive,(2018),TV-MA,125 min,"Drama, Horror, Thriller",5.5,948
Monty Python: The Meaning of Live,(2014 TV Movie),Not Rated,90 min,Documentary,7.599999904632568,618
A Cut Above,(2022),,90 min,Comedy,4.800000190734863,155
Audible,(2021),PG-13,39 min,"Documentary, Short, Sport",6.699999809265137,"2,395"
"Tayo, the Little Bus",(2010–2019),,11 min,"Animation, Comedy, Family",5.300000190734863,157
Lady Killer,,,,"Action, Crime, Thriller",,
The Martha Mitchell Effect,(2022),PG,40 min,"Documentary, Short, History",6.800000190734863,413
Byron Baes,(2022– ),TV-MA,40 min,Reality-TV,2.700000047683716,507
Mama's Boy,(2018),,102 min,Comedy,6.099999904632568,"1,105"
Citation,(2020),TV-MA,151 min,"Drama, Thriller",6.099999904632568,981
Revolutionary Sisters,(2021),,70 min,"Comedy, Drama, Mystery",6.199999809265137,30
X: Past Is Present,(2015),,105 min,"Drama, Mystery, Romance",5.199999809265137,715
LUV,(2012),R,94 min,"Crime, Drama",5.900000095367432,"2,192"
Followers,(2020),TV-MA,40 min,"Drama, Romance",6.400000095367432,576
All About the Washingtons,(2018),TV-PG,25 min,"Comedy, Music",4.599999904632568,731
Cupcake & Dino: General Services,(2018– ),TV-Y7,23 min,"Animation, Action, Comedy",7.599999904632568,749
The Larva Island Movie,(2020),,89 min,"Animation, Adventure, Comedy",5.099999904632568,668
Fairy gone,(2019),M,23 min,"Animation, Action, Fantasy",5.800000190734863,364
You've Fallen for Me,(2011),,65 min,"Drama, Music, Romance",7.199999809265137,"1,899"
Win the Wilderness: Alaska,(2020),,60 min,"Documentary, Adventure, Game-Show",6.900000095367432,767
Deepa & Anoop,(2022– ),TV-Y,25 min,"Animation, Adventure, Comedy",8.600000381469727,42
Rajma Chawal,(2018),,117 min,"Comedy, Drama, Family",5.699999809265137,"1,884"
Deuces,(2016),TV-MA,87 min,"Action, Crime, Drama",5.800000190734863,"1,020"
7 Years,(2016),,77 min,Drama,6.699999809265137,"4,997"
How Sarah Got Her Wings,(2015),Unrated,88 min,"Drama, Fantasy",5.5,"1,791"
John Leguizamo's Latin History for Morons,(2018),,91 min,Comedy,7.400000095367432,856
Naruto SD: Rock Lee & His Ninja Pals,(2012–2013),TV-14,24 min,"Animation, Action, Comedy",7.199999809265137,914
Mostly Sunny,(2016),TV-MA,83 min,Documentary,5.400000095367432,759
More Than Friends,(2020),,70 min,"Drama, Romance",6.699999809265137,444
El cartel 2 - La guerra total,(2010– ),TV-MA,,"Action, Crime, Horror",6.800000190734863,238
The Task,(2011),R,94 min,Horror,4.199999809265137,"3,527"
3 Geezers!,(2013),Not Rated,81 min,Comedy,3.299999952316284,769
Puff: Wonders of the Reef,(2021),TV-G,62 min,"Documentary, Family",7.199999809265137,837
Bhangra Paa Le,(2020),,131 min,"Comedy, Drama, Music",6.199999809265137,372
El Conde,,,,Comedy,,
Triad Princess,(2019),,,"Adventure, Drama",6.699999809265137,737
Welcome to the Family,(2018–2019),TV-MA,,Comedy,6.699999809265137,468
Thriller,(2018),TV-MA,87 min,"Crime, Drama, Horror",3.5999999046325684,"1,223"
Milestone,(2020),TV-14,98 min,Drama,6.599999904632568,654
Zoolander: Super Model,(2016 TV Movie),Not Rated,84 min,"Animation, Comedy, Sci-Fi",4.900000095367432,168
Queer Eye: Germany,(2022– ),TV-14,45 min,Reality-TV,7.199999809265137,"1,143"
K,(2012– ),TV-14,24 min,"Animation, Action, Drama",7.0,"2,388"
Shaun the Sheep: Adventures from Mossy Bottom,(2020– ),,14 min,"Animation, Comedy, Family",8.0,592
Ungli,(2014),Not Rated,114 min,"Crime, Drama, Thriller",5.800000190734863,"3,951"
Have You Ever Seen Fireflies?,(2021),TV-14,113 min,"Comedy, Drama",6.099999904632568,"5,072"
How to Fix a Drug Scandal,(2020),TV-MA,211 min,"Documentary, Crime",7.0,"3,371"
Say Goodnight to the Bad Guys,(2008 TV Movie),,47 min,Comedy,7.900000095367432,"3,668"
Our Godfather,(2019),,92 min,"Documentary, Crime, History",6.800000190734863,"1,587"
Monty Python: Almost the Truth - The Lawyer's Cut,(2009),,54 min,"Documentary, Biography",8.100000381469727,"1,783"
Òlòtūré,(2019),TV-MA,106 min,"Crime, Drama",5.5,810
Remember You,(2021– ),,60 min,"Crime, Mystery, Romance",7.5,87
Bill Burr: I'm Sorry You Feel That Way,(2014 TV Special),TV-MA,80 min,Comedy,8.199999809265137,"8,296"
I Do,(I) (2012),Not Rated,91 min,"Drama, Romance",6.400000095367432,"1,178"
River's Edge,(2018),,118 min,"Crime, Drama",6.199999809265137,975
"Young, Famous & African",(2022– ),TV-MA,45 min,Reality-TV,4.699999809265137,435
Country Queen,(2022– ),TV-MA,60 min,Drama,5.199999809265137,220
A Land Imagined,(2018),,95 min,"Drama, Mystery",6.199999809265137,"1,325"
Keith Richards: Under the Influence,(2015),TV-PG,81 min,"Documentary, Music",7.099999904632568,"3,418"
Dealer,(2021– ),TV-MA,,"Short, Action, Crime",6.099999904632568,685
Hasta el cielo,(2022),,,Thriller,,
The Devil Punisher,(2020– ),,68 min,"Fantasy, Mystery, Romance",5.800000190734863,169
Spark: A Burning Man Story,(2013),Not Rated,90 min,"Documentary, Action, Biography",6.199999809265137,576
The Great Father,(2017),PG,151 min,"Action, Crime, Drama",6.900000095367432,"7,717"
Di-eo Ma-i Peu-ren-jeu,(2016),,70 min,"Comedy, Drama",8.199999809265137,393
The Chanting Revisited,(2018),TV-14,105 min,"Comedy, Horror",4.599999904632568,693
Krishna and His Leela,(2020),,125 min,"Comedy, Romance",5.599999904632568,"1,603"
League of Legends Origins,(2019),Not Rated,77 min,Documentary,6.5,"1,020"
Kill Me If You Dare,(2019),,104 min,"Comedy, Romance",4.400000095367432,"1,804"
Taxi Girl,(1977),,93 min,Comedy,5.0,290
Carmel: Who Killed Maria Marta?,(2020),TV-14,229 min,"Documentary, Crime, Mystery",7.0,"2,515"
Lady Tamara,(2022),TV-14,225 min,"Biography, Reality-TV",4.199999809265137,85
Boi,(2019),TV-MA,110 min,"Mystery, Thriller",5.0,692
Champion,,,,"Drama, Musical",,
Levius,(2019),,25 min,"Animation, Action, Sci-Fi",7.0,554
A Little Thing Called First Love,(2019),,,"Comedy, Drama, Romance",7.900000095367432,410
The Big Day,(2021– ),TV-MA,40 min,"Reality-TV, Romance",4.699999809265137,347
BreadCrumbs,(2011),R,88 min,"Horror, Thriller",3.200000047683716,874
Like in the Movies,(2020– ),,,"Comedy, Romance",8.5,840
Alien TV,(2020–2021),TV-Y7,,"Animation, Comedy, Family",6.099999904632568,310
The Way Home,(II) (2010),PG,89 min,"Drama, Family",6.0,746
Rape Zombie: Lust of the Dead 2,(2013),Not Rated,67 min,Horror,3.4000000953674316,437
Godzilla: Planet of the Monsters,(2017),TV-14,89 min,"Animation, Action, Adventure",6.0,"8,649"
Taylor Swift: Reputation Stadium Tour,(2018 TV Special),TV-PG,125 min,"Documentary, Music",8.399999618530273,"5,544"
You Animal!,(2020),TV-MA,73 min,"Animation, Comedy, Romance",6.400000095367432,278
The 43,(2019– ),,,Documentary,7.099999904632568,151
Cult of the Cobra,(1955),Approved,82 min,"Fantasy, Horror",5.699999809265137,"1,372"
Hot Gimmick: Girl Meets Boy,(2019),,119 min,Drama,4.400000095367432,473
El Pepe: A Supreme Life,(2018),,74 min,"Documentary, Biography",7.099999904632568,"1,922"
Pickpockets,(2018),TV-MA,108 min,"Crime, Drama",5.400000095367432,"1,211"
Pool Party,(2007),Not Rated,92 min,Comedy,5.199999809265137,"1,113"
Daughters of Destiny,(2017– ),,60 min,Documentary,8.600000381469727,935
The Ape,(2009),,81 min,"Drama, Thriller",5.900000095367432,"1,795"
Crazy Awesome Teachers,(2020),TV-14,101 min,"Comedy, Drama",6.099999904632568,460
The Sensuous Assassin,(1970),R,78 min,"Mystery, Thriller",5.599999904632568,456
Rising Phoenix,(2020),PG-13,105 min,"Documentary, Sport",8.100000381469727,"1,704"
Jiva!,(2021– ),TV-MA,50 min,Drama,5.599999904632568,272
Grass is Greener,(2019),TV-MA,97 min,Documentary,7.099999904632568,"1,377"
The Search,(2020),,,Crime,5.599999904632568,639
Invisible,(II) (2017),,87 min,Drama,6.0,787
Saving Capitalism,(2017),TV-PG,73 min,Documentary,6.800000190734863,"3,252"
Trivia Quest,(2022– ),TV-G,9 min,"Animation, Short, Adventure",5.699999809265137,213
Best Leftovers Ever!,(2020– ),TV-G,,"Game-Show, Reality-TV",5.599999904632568,538
Drifting Dragons,(2020– ),,23 min,"Animation, Adventure, Fantasy",6.0,608
Along Came Jones,(1945),Approved,90 min,"Comedy, Romance, Western",6.400000095367432,"2,163"
Amend: The Fight for America,(2021),TV-MA,,"Documentary, History",7.800000190734863,"1,395"
Hold Your Breath: The Ice Dive,(2022),TV-PG,40 min,"Documentary, Short, Sport",6.5,597
The Inheritor,(1973),PG,112 min,"Action, Drama, Thriller",6.300000190734863,"1,203"
Winnetou: The Last Shot,(1965),Approved,93 min,"Action, Adventure, Western",6.599999904632568,"2,612"
A Clean Sweep,(2022),,,Sport,,
Dad Wanted,(2020),TV-14,102 min,"Comedy, Drama, Family",5.699999809265137,"1,095"
Cat Burglar,(2022),TV-14,12 min,"Animation, Short, Comedy",6.599999904632568,477
The Deadly Affair,(2022),,,"Mystery, Romance, Thriller",8.199999809265137,17
Barracuda Queens,(2023– ),,,"Crime, Drama, Thriller",,
A New York Christmas Wedding,(2020 TV Movie),TV-MA,88 min,"Drama, Romance",5.300000190734863,"1,135"
All Hail King Julien: Exiled,(2017),TV-Y7,23 min,"Animation, Short, Adventure",7.400000095367432,586
Transformers: Cyberverse,(2018–2021),TV-Y7-FV,11 min,"Animation, Short, Action",6.599999904632568,377
The Intent,(2016),,104 min,"Crime, Drama",4.300000190734863,922
Hashoter Hatov,(2015–2019),,30 min,Comedy,7.5,392
Stash House,(2012),R,99 min,Thriller,4.699999809265137,"2,776"
Happiness Ever After,(2021),TV-MA,99 min,"Drama, Romance",4.400000095367432,168
Lego Bionicle: The Journey to One,(2016),,22 min,"Animation, Action, Adventure",5.400000095367432,188
Mo,(2007),Not Rated,105 min,"Comedy, Drama, Family",6.599999904632568,218
The Carer,(I) (2016),,89 min,"Comedy, Drama",6.5,"1,390"
Kardec,(2019),,110 min,Biography,6.099999904632568,"1,570"
Kevin Hart: Let Me Explain,(2013),R,75 min,"Documentary, Comedy",6.599999904632568,"9,080"
Frank and Cindy,(2015),R,102 min,Comedy,6.099999904632568,873
Dave Chappelle: 8:46,(2020 TV Special),TV-MA,27 min,"Short, Comedy",8.100000381469727,"3,358"
Leyla Everlasting,(2020),TV-MA,112 min,Comedy,3.700000047683716,"7,551"
Pinkfong and Baby Shark's Space Adventure,(2019),TV-Y,66 min,"Animation, Adventure, Family",5.0,89
Japan Sinks: People of Hope,(2021– ),,,Drama,6.599999904632568,538
Trailer Park Boys: Don't Legalize It,(2014),TV-14,95 min,"Comedy, Crime, Drama",7.300000190734863,"4,763"
How to Be a Man,(2013),Not Rated,85 min,Comedy,6.699999809265137,"3,304"
Brahman Naman,(2016),,95 min,Comedy,5.5,"1,915"
Holiday Rush,(2019),TV-PG,92 min,"Comedy, Drama, Family",4.900000095367432,"2,740"
"Oh, Hello on Broadway",(2017 TV Movie),TV-MA,104 min,Comedy,7.699999809265137,"3,161"
Supermensch,(2013),R,85 min,"Documentary, Biography, Music",7.400000095367432,"3,307"
The Last Heist,(2016),TV-MA,84 min,"Action, Horror, Thriller",3.5999999046325684,"2,632"
Larva Pendant,(2022),TV-Y7,33 min,"Animation, Short, Family",5.400000095367432,69
Confessions of a Drug Addicted High School Teacher,(2022– ),,,Comedy,,
The Death and Life of Marsha P. Johnson,(2017),TV-MA,105 min,"Documentary, Biography",7.199999809265137,"2,992"
Revisions,(2019– ),TV-MA,36 min,"Animation, Action, Sci-Fi",5.900000095367432,623
Dovlatov,(2018),PG-13,126 min,"Biography, Drama",6.400000095367432,"2,027"
Untitled Charlie Brooker/Netflix Project,,,,Comedy,,
The Chosen,(2015),R,88 min,"Horror, Thriller",3.5,"2,149"
Secrets of War,(2014),,95 min,"Drama, Family, History",7.099999904632568,"1,950"
Transformers: BotBots,(2022– ),TV-Y7,25 min,"Animation, Action, Adventure",6.900000095367432,84
Hollywood & Wine,(2011 Video),R,95 min,Comedy,3.5,429
Battle,(I) (2018),TV-MA,95 min,"Drama, Romance",5.900000095367432,"4,300"
Super-Normal,,,,"Action, Adventure, Comedy",,
Todas las veces que nos enamoramos,(2022– ),,,"Comedy, Drama",,
Dave Chappelle: The Bird Revelation,(2017 TV Special),TV-MA,49 min,Comedy,7.800000190734863,"10,143"
Lost & Found Music Studios,(2015–2016),,30 min,"Family, Music",6.400000095367432,648
Iron Man and Captain America: Heroes United,(2014 Video),PG,71 min,"Animation, Action, Adventure",5.5,"1,788"
Restaurants on the Edge,(2019– ),TV-14,,Reality-TV,6.800000190734863,"1,003"
Heeramandi,,,,"Drama, History, Romance",,
Amor con fianza,(2021– ),,,Reality-TV,5.699999809265137,270
Sea of Love,(2022– ),TV-Y,10 min,"Animation, Adventure, Comedy",8.800000190734863,40
Transformers: Rescue Bots Academy,(2019–2021),TV-Y7,11 min,"Animation, Action, Adventure",6.199999809265137,108
Dark Summer,(2015),Not Rated,81 min,"Horror, Thriller",4.199999809265137,"3,354"
Aliens: Zone of Silence,(2017),TV-MA,79 min,"Horror, Mystery, Sci-Fi",3.4000000953674316,577
Louis C.K. 2017,(2017 TV Special),TV-MA,74 min,Comedy,7.599999904632568,"10,306"
Paranoid,(I) (2000),Not Rated,93 min,"Crime, Horror, Thriller",3.9000000953674316,"2,334"
De gelukkige huisvrouw,(2010),,100 min,"Comedy, Drama, Romance",6.699999809265137,"2,887"
Maska,(I) (2020),,111 min,"Comedy, Drama, Romance",5.900000095367432,"1,466"
Monty Python's Fliegender Zirkus,(1972),TV-MA,87 min,Comedy,8.100000381469727,"2,165"
Doll House,(2022),,107 min,Drama,,
Hero Mask,(2018–2019),TV-14,25 min,"Animation, Action, Crime",6.199999809265137,692
Le Coup de Foudre,(2019– ),,45 min,"Comedy, Romance",8.100000381469727,287
Dügün Dernek 2: Sünnet,(2015),,112 min,Comedy,6.300000190734863,"10,507"
Nerdland,(2016),Not Rated,85 min,"Animation, Comedy",5.300000190734863,"1,086"
Daniel Sloss: Live Shows,(2018),TV-MA,118 min,Comedy,8.5,"3,569"
"Dirty John, The Dirty Truth",(2019 TV Movie),,88 min,"Documentary, Crime",6.099999904632568,"1,892"
All That Matters Is Past,(2012),,105 min,Drama,5.900000095367432,767
Tiny Creatures,(2020),TV-PG,,"Documentary, Short, Drama",5.0,"1,263"
Christina P.: Mom Genes,(2022 TV Special),TV-MA,62 min,"Documentary, Comedy",5.900000095367432,675
Miss Representation,(2011),Not Rated,85 min,Documentary,7.5,"3,769"
Ali Wong: Baby Cobra,(2016 TV Special),TV-MA,60 min,Comedy,7.5,"7,129"
DMT: The Spirit Molecule,(2010),Not Rated,75 min,Documentary,7.099999904632568,"4,730"
Son,(2012–2013),,90 min,"Adventure, Drama, Mystery",7.400000095367432,859
Daddy Issues,(I) (2018),,81 min,"Drama, Romance",4.199999809265137,762
Beyond the Universe,(2022),,126 min,"Comedy, Drama, Romance",,
Insiders,(2021– ),TV-MA,,Reality-TV,4.199999809265137,767
The Surrogate,(2013 TV Movie),TV-14,90 min,"Drama, Mystery, Thriller",4.5,617
Rudy Habibie,(2016),TV-14,124 min,"Biography, Drama, Romance",7.5,852
Ready to Mingle,(2019),TV-MA,95 min,Comedy,5.900000095367432,"2,399"
Coming Out Colton,(2021– ),TV-MA,,Reality-TV,6.699999809265137,"1,178"
The Boss Baby: Get That Baby!,(2020),TV-Y7,24 min,"Animation, Short, Adventure",4.900000095367432,368
Just Another Christmas,(2020),,100 min,"Comedy, Drama",6.699999809265137,"4,558"
WorldEnd: What Do You Do at the End of the World? Are You Busy? Will You Save Us?,(2017– ),TV-14,24 min,"Animation, Drama, Fantasy",7.099999904632568,789
Smoking,(2018– ),,,Crime,7.400000095367432,470
Aleksandr's Price,(2013),Not Rated,108 min,Drama,4.800000190734863,836
Rodeo & Juliet,(2015),Unrated,88 min,"Drama, Family, Romance",4.699999809265137,"1,063"
The Forest of Love: Deep Cut,(2020),,40 min,"Crime, Drama, Horror",6.800000190734863,470
Bangkok Breaking,(2021– ),TV-MA,60 min,"Action, Crime, Drama",5.800000190734863,307
Terrace House: Aloha State,(2016–2017),,40 min,"Drama, Reality-TV",7.5,"1,024"
The Revenge of Robert the Doll,(2018),Not Rated,80 min,Horror,2.5999999046325684,775
June and Kopi,(2021),TV-G,90 min,"Comedy, Family",6.300000190734863,567
Deep in the Heart of Texas: Dave Chappelle Live at Austin City Limits,(2017 TV Special),TV-MA,66 min,Comedy,7.900000095367432,"11,654"
Rumble in Hong Kong,(1973),Not Rated,80 min,"Action, Crime",3.5,"1,512"
I Heart Arlo,(2021– ),TV-Y7,11 min,"Animation, Short, Adventure",6.5,229
The Pill,(2011),Not Rated,83 min,"Comedy, Drama, Romance",5.400000095367432,"3,961"
Reset,(2022),,45 min,"Drama, Sci-Fi, Thriller",8.100000381469727,619
Glamour Girls,(2022),TV-MA,125 min,Drama,3.700000047683716,157
Iceberg Slim: Portrait of a Pimp,(2012),R,89 min,"Documentary, Biography",6.800000190734863,726
This Beast,,,,"Drama, Horror",,
Danur 2: Maddah,(2018),,92 min,Horror,5.300000190734863,522
Mucho Mucho Amor: The Legend of Walter Mercado,(2020),TV-14,96 min,Documentary,7.199999809265137,"3,334"
StoryBots Super Songs,(2016– ),,,"Animation, Family, Musical",8.699999809265137,175
Sinister Squad,(2016),Not Rated,90 min,"Action, Comedy, Fantasy",2.200000047683716,"1,117"
Incir Reçeli,(2011),,94 min,"Drama, Romance",6.5,"13,222"
Eromanga Sensei,(2017– ),Not Rated,24 min,"Animation, Comedy, Drama",5.5,"1,406"
"Abby Hatcher, Fuzzly Catcher",(2018–2022),TV-Y,23 min,"Animation, Adventure, Comedy",5.400000095367432,187
Upstate,(V),,,Comedy,,
We Steal Secrets,(2013),R,130 min,Documentary,6.900000095367432,"7,967"
Kane Chronicles,,,,"Adventure, Fantasy",,
Eagles Over London,(1969),PG,100 min,"Action, Drama, War",5.599999904632568,660
Rana Naidu,,TV-MA,,"Action, Crime, Drama",,
Two Cops,(2017–2018),,,"Comedy, Fantasy, Romance",7.199999809265137,431
Here Comes the Flood,,,,"Drama, Romance",,
Rita Moreno: Just a Girl Who Decided to Go for It,(2021),PG-13,90 min,"Documentary, Biography",7.699999809265137,781
Dreamland,(II) (2016),Not Rated,84 min,"Comedy, Drama, Music",5.699999809265137,580
Unnatural Selection,(2019– ),TV-MA,66 min,Documentary,7.900000095367432,"2,013"
John Henry and the Statesmen,,,,"Adventure, Drama, Family",,
Catching Feelings,(2017),TV-MA,124 min,"Comedy, Drama, Romance",5.599999904632568,562
Hypersomnia,(2016),,90 min,"Fantasy, Horror, Mystery",5.0,"1,289"
Kaali Khuhi,(2020),TV-14,90 min,"Drama, Horror, Mystery",3.5,"1,258"
Life's a Glitch with Julien Bam,(2021– ),TV-MA,35 min,"Comedy, Sci-Fi",4.300000190734863,373
Larceny,(2017),,87 min,"Action, Thriller",3.4000000953674316,"1,064"
7 Days Out,(2018– ),TV-PG,48 min,Documentary,6.800000190734863,561
The Politician's Husband,(2013),,180 min,Drama,7.099999904632568,"1,741"
The Pact II,(2014),Not Rated,96 min,"Horror, Mystery, Thriller",4.400000095367432,"3,562"
Definition Please,(2020),,91 min,"Comedy, Drama",5.599999904632568,176
Under the Sun,(1998),,130 min,"Drama, Romance",6.800000190734863,"2,736"
Doctor X,(2012– ),Not Rated,54 min,"Comedy, Drama, Mystery",7.5,683
Mighty Express,(2020– ),TV-Y,,"Animation, Adventure, Comedy",4.900000095367432,120
The Silence of the Sky,(2016),,102 min,"Drama, Thriller",6.5,"2,096"
Holiday Secrets,(2019),,,Drama,6.5,"1,166"
Mission Blue,(2014),,95 min,"Documentary, Drama",7.900000095367432,"2,007"
La Gran Seducción,(2022),,,Comedy,,
Autumn,(I) (2009),R,110 min,"Horror, Sci-Fi, Thriller",3.0999999046325684,"1,621"
My Only One,(2018–2019),,,"Comedy, Drama, Romance",7.099999904632568,113
Ronny Chieng: Speakeasy,(2022 TV Special),,60 min,"Documentary, Comedy",6.300000190734863,"1,249"
Piggy Tales,(2014–2018),TV-Y,1 min,"Animation, Adventure, Comedy",6.800000190734863,147
The Big Family Cooking Showdown,(2017–2018),,59 min,Reality-TV,7.0,691
Chico Bon Bon: Monkey with a Tool Belt,(2020),,,"Animation, Family",6.099999904632568,129
Juhong geulshi,(2004),Not Rated,115 min,"Drama, Mystery, Thriller",6.400000095367432,"1,119"
The Accountant of Auschwitz,(2018),,80 min,Documentary,7.300000190734863,"2,875"
Why Me?,(2015),,125 min,"Drama, Thriller",7.400000095367432,"2,525"
"Saimdang, Bitui Ilgi",(2017),,60 min,"Drama, Fantasy, History",7.699999809265137,453
The Trader,(2018),TV-PG,23 min,"Documentary, Short",6.699999809265137,"2,930"
Kyûketsuki Sugu Shinu,(2021– ),TV-14,24 min,"Animation, Comedy, Fantasy",6.800000190734863,222
Milada,(2017),,124 min,"Biography, Drama, History",6.300000190734863,"1,358"
The Witch Boy,,,,"Animation, Adventure, Family",,
Seoul Searching,(2015),TV-MA,105 min,"Comedy, Drama, Music",7.0,"1,759"
Bad Boy,(2020),,135 min,"Action, Crime, Drama",3.799999952316284,"1,082"
Hellions,(2015),Not Rated,80 min,"Drama, Horror, Thriller",4.199999809265137,"3,329"
Escape the Undertaker,(2021),,31 min,"Short, Comedy, Game-Show",4.199999809265137,949
Missing: The Other Side,(2020– ),,70 min,"Drama, Fantasy, Mystery",7.699999809265137,311
"From Today, It's My Turn",(2018),,46 min,"Action, Comedy, Drama",7.599999904632568,859
This Is Not a Comedy,(2021),,105 min,"Comedy, Drama",5.0,351
My Beautiful Broken Brain,(2014),TV-14,86 min,"Documentary, Biography",7.0,"2,309"
Particle Fever,(2013),Not Rated,99 min,Documentary,7.400000095367432,"7,440"
Anjaan: Special Crimes Unit,(2018– ),,,"Horror, Mystery, Thriller",7.599999904632568,329
Saheb Bibi Golaam,(2016),,121 min,"Action, Crime, Drama",6.400000095367432,675
Neverlake,(2013),,86 min,"Drama, Horror, Mystery",5.300000190734863,"2,356"
Kartini: Princess of Java,(2017),TV-G,122 min,"Biography, Drama, Family",7.599999904632568,549
So Much Love to Give,(2020),TV-14,108 min,Comedy,5.300000190734863,"1,420"
Fightworld,(2018– ),,40 min,Documentary,7.5,839
All Because of You,(2020),TV-14,101 min,"Action, Comedy, Romance",4.0,222
The Tribe,(2018),TV-MA,90 min,"Comedy, Family",5.800000190734863,"2,805"
Percentage,(2014),Not Rated,86 min,"Action, Crime, Drama",4.099999904632568,"6,483"
Upcoming,(2021),,115 min,Drama,6.800000190734863,535
Notre-Dame,(2022– ),,,Drama,,
Ponysitters Club,(2017–2018),TV-Y,22 min,Family,5.800000190734863,117
Power Rangers,,TV-14,,"Action, Adventure, Drama",,
The Crash Reel,(2013),,108 min,"Documentary, Biography, Sport",8.199999809265137,"4,890"
Sara's Notebook,(2018),TV-MA,115 min,"Adventure, Drama, Mystery",5.900000095367432,"2,741"
"To Each, Her Own",(2018),TV-MA,95 min,"Comedy, Drama",5.400000095367432,"1,805"
2:22,(2008),R,104 min,"Crime, Drama, Thriller",5.099999904632568,"1,431"
Gipsy Queen,(2019),,117 min,"Drama, Sport",6.599999904632568,713
Yosemite,(2015),R,80 min,Drama,4.699999809265137,889
Commandos,(1968),PG,98 min,"Action, Drama, War",5.300000190734863,928
Hector,(2015),,87 min,Drama,6.900000095367432,"1,727"
Kalushi: The Story of Solomon Mahlangu,(2016),,107 min,"Biography, Drama, Thriller",6.599999904632568,330
Amongst Vultures,(1964),Approved,98 min,"Adventure, Western",5.900000095367432,"1,625"
The Claus Family,(2020),TV-PG,96 min,"Comedy, Family, Fantasy",5.5,"2,046"
Akhirat: A Love Story,(2021),TV-14,112 min,"Drama, Fantasy, Romance",6.300000190734863,108
We Lost Our Human,(2023 TV Special),TV-Y7,103 min,"Animation, Short, Adventure",,
Joan Didion: The Center Will Not Hold,(2017),,94 min,"Documentary, Biography",7.5,"2,689"
Barbie & Chelsea the Lost Birthday,(2021 Video),TV-Y,60 min,"Animation, Adventure, Family",5.199999809265137,223
La luna sangre,(2017–2018),,30 min,"Action, Drama, Horror",5.900000095367432,170
The Creative Brain,(2019),,52 min,Documentary,6.300000190734863,959
III: The Ritual,(I) (2015),,80 min,"Drama, Horror, Thriller",4.699999809265137,"1,801"
Attack of the Hollywood Cliches!,(2021 TV Special),TV-MA,58 min,"Documentary, Comedy",6.099999904632568,"3,827"
Pororo the Little Penguin,(2003– ),TV-Y,,"Animation, Family",6.300000190734863,95
Tidying Up with Marie Kondo,(2019),TV-PG,40 min,Reality-TV,6.599999904632568,"3,638"
The Sleeping City,(1950),Approved,86 min,"Crime, Drama, Film-Noir",6.699999809265137,638
Flower Crew: Joseon Marriage Agency,(2019),,70 min,"Comedy, History, Romance",6.800000190734863,233
Teletubbies,(2022– ),TV-Y,12 min,"Animation, Family, Fantasy",,
F*ck de liefde,(2019),,96 min,"Comedy, Romance",4.800000190734863,847
Quincy,(2018),TV-MA,124 min,"Documentary, Biography",7.599999904632568,"4,595"
Toon,(2016– ),,25 min,Comedy,7.599999904632568,907
Story Time Book: Read-Along,(2022– ),,,Animation,9.399999618530273,16
Nokdu Flower,(2019),,,Drama,7.599999904632568,143
End Game,(2018),TV-PG,40 min,"Documentary, Short",7.099999904632568,"1,868"
Dark Net,(2016–2017),TV-MA,30 min,Documentary,7.0,"1,500"
Iceman,(2014),R,104 min,"Action, Comedy, History",4.699999809265137,"3,626"
Yes or No,(2010),,102 min,"Comedy, Romance",6.699999809265137,"1,981"
Carmen Sandiego,,,,"Action, Adventure, Family",,
Ánimas,(2018),TV-MA,83 min,"Horror, Thriller",4.800000190734863,"1,390"
The Unknown Hitman: The Story of El Cholo Adrían,(2017– ),,60 min,Crime,6.599999904632568,149
The Photographer: Murder in Pinamar,(2022),,106 min,"Documentary, Crime",6.699999809265137,557
Joe Rogan: Strange Times,(2018 TV Special),,63 min,Comedy,7.300000190734863,"4,418"
WISH YOU: Your Melody from My Heart,(2020),,10 min,"Short, Drama, Music",6.599999904632568,738
The Secret of Happiness,(2018),,90 min,"Comedy, Drama",7.599999904632568,948
Knock Down the House,(2019),PG,87 min,Documentary,7.199999809265137,"12,582"
Bridegroom,(2013),R,80 min,Documentary,8.0,"4,535"
ReMastered: Devil at the Crossroads,(2019 TV Movie),,48 min,"Documentary, Biography",7.0,"2,816"
Kkondae Intern,(2020– ),,32 min,"Comedy, Drama",7.199999809265137,185
Buddy Thunderstruck,(2017),TV-PG,24 min,"Animation, Action, Comedy",7.699999809265137,510
Milly & Mamet,(2018),TV-14,101 min,"Comedy, Drama",7.400000095367432,815
Schulz Saves America,(2020),TV-MA,68 min,Comedy,7.300000190734863,"1,130"
Cockpit,(2012),,96 min,Comedy,5.800000190734863,"2,413"
Flavorful Origins,(2019– ),,12 min,Documentary,7.699999809265137,630
Hotaru no hikari,(2007–2011),,,"Comedy, Drama, Romance",7.5,888
The Writer,(2019),,,"Crime, Drama, Mystery",6.599999904632568,312
VeggieTales in the House,(2014–2016),TV-Y,,"Animation, Short, Adventure",4.0,319
Reversing Roe,(2018),TV-14,99 min,Documentary,7.5,"1,649"
Iliza Shlesinger: War Paint,(2013 TV Special),Not Rated,75 min,Comedy,6.599999904632568,"2,041"
StarBeam,(2020– ),TV-Y,,"Animation, Action, Adventure",7.199999809265137,92
Blackout,(2013 TV Movie),,90 min,Drama,6.400000095367432,246
David A. Arnold Fat Ballerina,(2020 TV Special),,60 min,Comedy,7.0,107
The Sunshine Makers,(2015),,101 min,"Documentary, History",7.0,"1,422"
Uma Maheswara Ugra Roopasya,(2020),,136 min,Drama,7.699999809265137,"1,683"
Crazy Delicious,(2020),TV-PG,,"Documentary, Game-Show",6.699999809265137,"1,019"
Black Ink Crew New York,(2012– ),TV-14,42 min,Reality-TV,4.800000190734863,478
Rabo de Peixe,(2023– ),,,Thriller,,
Paranormal Investigation,(2018),,92 min,"Horror, Thriller",3.700000047683716,"1,709"
The Black Godfather,(2019),TV-MA,118 min,"Documentary, Biography",7.5,"1,383"
Blood Brothers: Malcolm X & Muhammad Ali,(2021),PG-13,95 min,"Documentary, Biography, History",6.900000095367432,986
Kakushigoto,(2020),TV-14,23 min,"Animation, Comedy, Drama",7.400000095367432,820
Tom Segura: Disgraceful,(2018 TV Special),TV-MA,71 min,"Documentary, Comedy",7.5,"3,916"
The Dorm,(2014 TV Movie),,79 min,"Horror, Mystery",4.099999904632568,901
Canine Intervention,(2021– ),TV-14,,"Documentary, Reality-TV",6.599999904632568,907
Pluk van de Petteflet,(2004),,91 min,"Family, Fantasy, Musical",6.099999904632568,777
Conquest,,,,"Drama, Sci-Fi",,
Evelyn,(III) (2018),,100 min,Documentary,7.199999809265137,781
Charlie's Colorforms City,(2019– ),TV-G,23 min,"Animation, Adventure, Comedy",6.599999904632568,155
Bert Kreischer: Hey Big Boy,(2020 TV Special),,62 min,Comedy,7.0,"2,008"
Laabam,(2021),,144 min,"Action, Drama",3.4000000953674316,810
De Reünie,(2015),,99 min,"Drama, Mystery",5.5,644
Aruna & Her Palate,(2018),TV-MA,106 min,"Drama, Romance",7.099999904632568,785
Generation Iron 2,(2017),PG-13,106 min,Documentary,6.099999904632568,"2,497"
The Lookout,(2012),Not Rated,89 min,"Action, Crime, Thriller",5.699999809265137,"2,807"
The Redhead from Wyoming,(1953),Approved,81 min,Western,6.099999904632568,566
Glacé,(2016– ),,52 min,"Crime, Drama, Mystery",6.300000190734863,"3,611"
So What Is Love,(2019),,103 min,Comedy,6.800000190734863,"1,268"
Bert Kreischer: Secret Time,(2018 TV Special),TV-MA,57 min,Comedy,7.300000190734863,"2,377"
The Seven Deadly Sins: Grudge of Edinburgh,(2022),TV-14,,"Animation, Action, Adventure",,
Crime Diaries: The Candidate,(2019– ),TV-MA,45 min,"Crime, Drama, Thriller",7.5,824
De film van Dylan Haegens,(2018),,81 min,"Adventure, Comedy, Family",4.099999904632568,561
A Love to Last,(2017),,,"Drama, Family, Music",8.800000190734863,38
I Am Not Your Perfect Mexican Daughter,,,,Drama,,
The Cell,(2017),,126 min,"Action, Drama, Thriller",6.300000190734863,"1,994"
October 1,(2014),PG-13,148 min,"Crime, Drama, Mystery",6.400000095367432,459
Ni de hai zi bu shi ni de hai zi,(2018– ),,,"Drama, Family, Sci-Fi",7.199999809265137,396
Swallow,(2021 TV Movie),TV-14,128 min,"Drama, History, Thriller",3.700000047683716,197
Kulipari: An Army of Frogs,(2016),TV-Y7,20 min,"Animation, Action, Fantasy",6.800000190734863,262
The 3rd Eye 2,(2019),,116 min,"Drama, Fantasy, Horror",5.400000095367432,619
Feminists: What Were They Thinking?,(2018),,86 min,Documentary,7.0,"2,254"
Love Is Blind: Brazil,(2021– ),TV-MA,60 min,"Reality-TV, Romance",6.199999809265137,459
Into the Ring,(2020),,30 min,"Comedy, Drama, Romance",7.199999809265137,266
Christmas Flow,(2021– ),TV-MA,50 min,"Comedy, Music, Romance",5.900000095367432,745
Penguin Town,(2021– ),TV-PG,,"Documentary, Short, Comedy",7.800000190734863,874
Chelsea,(2016–2017),TV-MA,30 min,"Comedy, Talk-Show",6.099999904632568,"2,081"
Heroin(e),(2017),,39 min,"Documentary, Short",6.800000190734863,"2,834"
Le Guignolo,(1980),,108 min,"Comedy, Action",5.900000095367432,"2,245"
We're Lalaloopsy,(2017),,,Animation,6.300000190734863,33
Man Without a Star,(1955),Approved,89 min,Western,6.800000190734863,"3,498"
Girls Hostel,(2018– ),,23 min,"Comedy, Drama",7.900000095367432,"3,952"
The Future Diary,(2021– ),TV-PG,35 min,"Reality-TV, Romance",7.0,137
Brazilian Western,(2013),Not Rated,108 min,"Crime, Drama, Romance",6.599999904632568,"3,054"
A.I.C.O. Incarnation,(2018),TV-14,25 min,"Animation, Action, Sci-Fi",6.300000190734863,"1,221"
Xico's Journey,(2020),TV-Y7,85 min,"Animation, Family, Fantasy",5.099999904632568,557
Who Killed Malcolm X?,(2019–2020),,43 min,"Documentary, Biography, Crime",7.5,"2,181"
The Three Deaths of Marisela Escobedo,(2020),TV-MA,109 min,"Documentary, Crime",8.100000381469727,"1,731"
Several Conversations About a Very Tall Girl,(2018),,70 min,Drama,5.800000190734863,345
Garoojigi,(2008),,120 min,"Comedy, Fantasy",5.300000190734863,770
Filosofi Kopi,(2018–2022),,30 min,"Adventure, Drama",7.199999809265137,9
Bill Burr: You People Are All the Same.,(2012 TV Special),TV-MA,69 min,Comedy,8.199999809265137,"7,600"
Nate Bargatze: The Greatest Average American,(2021 TV Special),TV-G,60 min,Comedy,7.300000190734863,"1,412"
Super Drags,(2018),TV-MA,30 min,"Animation, Comedy, Fantasy",5.400000095367432,"1,799"
Unbridled,(2018),,96 min,Thriller,5.0,520
Paris Is Us,(2019),,83 min,Drama,4.599999904632568,"1,439"
Heavenly Bites: Mexico,(2022– ),,30 min,Documentary,6.300000190734863,192
TIME: The Kalief Browder Story,(2017– ),,,"Documentary, Biography",8.5,"2,717"
Music Teacher,(2019),,101 min,"Drama, Romance",6.199999809265137,701
Million Dollar Beach House,(2020– ),TV-MA,,Reality-TV,4.199999809265137,835
Mono,(I) (2016),Not Rated,88 min,Comedy,6.199999809265137,"1,666"
Gie,(2005),Not Rated,147 min,"Biography, Drama",7.599999904632568,997
Barbie Princess Adventure,(2020),TV-Y,72 min,"Animation, Family, Musical",5.400000095367432,494
Ali & the Queens,(2021),TV-14,100 min,"Comedy, Drama",7.0,"1,270"
Revenge of the Pontianak,(2019),,92 min,"Horror, Romance",5.300000190734863,280
Last Will,(2011),Not Rated,101 min,"Drama, Thriller",4.5,449
La grande classe,(2019),TV-MA,83 min,Comedy,5.300000190734863,"1,279"
Tom Segura: Ball Hog,(2020 TV Special),TV-MA,70 min,Comedy,7.300000190734863,"3,052"
Russell Madness,(2015),PG,92 min,"Family, Sport",4.199999809265137,675
Dolly Parton: Here I Am,(2019 TV Movie),TV-14,90 min,"Documentary, Biography, Music",7.300000190734863,"1,526"
Money,(2016),R,86 min,"Crime, Mystery, Thriller",5.5,"3,137"
Alive Inside: A Story of Music and Memory,(2014),Not Rated,78 min,"Documentary, Music, News",8.199999809265137,"3,146"
Na Maloom Afraad,(2014),,137 min,"Comedy, Crime, Thriller",7.400000095367432,"4,063"
Kitty Love: An Homage to Cats,(2020),TV-PG,60 min,Documentary,5.099999904632568,506
Joel Kim Booster: Psychosexual,(2022),TV-MA,67 min,Comedy,5.699999809265137,390
Anikalupo,(2022),,142 min,"Drama, Fantasy",,
Robert Reborn,(2019),Not Rated,85 min,Horror,2.700000047683716,573
Tamborine,(2018 TV Special),TV-MA,98 min,Comedy,6.599999904632568,"7,036"
Worn Stories,(2021),TV-MA,30 min,Documentary,6.699999809265137,319
The Invisible,(2002),,101 min,"Drama, Fantasy, Thriller",6.400000095367432,"3,180"
Civil: Ben Crump,(2022),PG-13,101 min,"Documentary, Biography",5.800000190734863,193
Heart of Invictus,(2022– ),,,"Documentary, Sport",,
Bankrolled,(2021),TV-MA,97 min,Comedy,4.0,320
Becoming Champions,(2018– ),,,"Documentary, Sport",6.599999904632568,412
Let's Be Evil,(2016),Not Rated,82 min,"Horror, Reality-TV, Sci-Fi",4.300000190734863,"7,998"
21 Thunder,(2017),TV-MA,44 min,Drama,6.0,"1,028"
The Philly Kid,(2012),R,90 min,"Action, Drama, Sport",5.599999904632568,"2,226"
Parked,(III) (2010),,94 min,Drama,6.699999809265137,"2,644"
Too Funny to Fail: The Life & Death of The Dana Carvey Show,(2017),,92 min,Documentary,7.699999809265137,"1,646"
Chhota Bheem,(2008– ),,15 min,"Animation, Action, Adventure",4.300000190734863,927
Pray for Rain,(2017),PG-13,92 min,"Drama, Mystery, Thriller",5.300000190734863,"1,035"
Street,(I) (2015),PG-13,85 min,Action,4.599999904632568,"1,156"
Chief Daddy,(2018),,99 min,Comedy,4.699999809265137,286
Masameer County,(2021– ),TV-MA,,"Animation, Comedy, Drama",8.100000381469727,"1,796"
The Exorcism of Anna Ecklund,(2016),Not Rated,79 min,Horror,2.5,"1,124"
The Laws of Thermodynamics,(2018),TV-MA,100 min,Comedy,6.0,"2,791"
Dancing with the Birds,(2019 Video),,52 min,Documentary,8.199999809265137,"2,395"
Lucky Romance,(2016),,60 min,"Comedy, Romance",7.0,658
Trevor Noah: Son of Patricia,(2018 TV Special),TV-MA,63 min,Comedy,7.300000190734863,"4,152"
Bake Squad,(2021– ),TV-PG,35 min,"Game-Show, Reality-TV",6.800000190734863,723
Pajanimals,(2008– ),TV-G,2 min,"Family, Musical",6.699999809265137,103
Uma Musume: Pretty Derby,(2018– ),,,"Animation, Comedy, Drama",6.800000190734863,209
Nick Kroll: Little Big Boy,(2022 TV Special),,60 min,Comedy,,
CAT. 8,(2013– ),TV-14,180 min,"Action, Adventure, Drama",4.400000095367432,"1,280"
Axone,(2019),,104 min,"Comedy, Drama",6.900000095367432,"2,237"
Meerkat Manor,(2005–2008),TV-14,26 min,Documentary,8.300000190734863,"1,256"
Lady Business,,,,Comedy,,
A Man Called Magnum,(1977),,95 min,"Action, Crime",5.900000095367432,365
Getting Curious with Jonathan Van Ness,(2022– ),TV-MA,,"Comedy, Reality-TV",6.900000095367432,770
Heavily in Love!,(2018),,86 min,Comedy,5.900000095367432,876
Si Doel the Movie 3,(2020),,93 min,"Drama, Romance",6.5,134
Apache: The Life of Carlos Tevez,(2019),TV-MA,,"Biography, Crime, Drama",7.199999809265137,"1,650"
"Thi Mai, rumbo a Vietnam",(2017),TV-14,99 min,"Comedy, Family",6.0,"2,616"
A Perfect Fit,(2021),TV-PG,112 min,"Comedy, Drama, Romance",5.300000190734863,610
Cadet 1947,(2021),TV-14,111 min,"Drama, History, War",6.5,178
The White Helmets,(2016),TV-14,41 min,"Documentary, Short, War",7.5,"7,777"
Darr @ the Mall,(2014),Not Rated,124 min,"Horror, Thriller",4.800000190734863,991
The Magic Order,(2018– ),,,"Action, Adventure, Drama",,
Love Over Distance,(2017),,98 min,"Comedy, Romance",6.400000095367432,"1,169"
Hadi Insallah,(2014),,96 min,"Comedy, Romance",5.400000095367432,"4,189"
Trump: An American Dream,(2017),,,"Documentary, Biography",7.199999809265137,"4,090"
Almost Happy,(2020– ),TV-MA,,Comedy,6.900000095367432,965
Skull Island,,TV-14,,"Animation, Action, Adventure",,
Queer Eye: We're in Japan!,(2019),TV-14,50 min,Reality-TV,8.199999809265137,"2,636"
Shirobako,(2014– ),TV-PG,,"Animation, Comedy, Drama",8.0,989
Way of the Vampire,(2005),R,82 min,"Action, Horror, Thriller",2.0,"1,649"
Sweet Munchies,(2020),,65 min,"Comedy, Drama, Romance",7.099999904632568,98
Winx Club: The Mystery of the Abyss,(2014),TV-Y7,83 min,"Animation, Action, Adventure",5.699999809265137,774
Ask the Doctor,(2017– ),,28 min,Documentary,6.5,297
The Hungry and the Hairy,(2021– ),,,Reality-TV,7.599999904632568,257
Street Flow,(2019),TV-MA,96 min,Crime,6.400000095367432,"1,551"
First Ladies,,,,Comedy,,
DreadOut,(2019),,97 min,"Adventure, Fantasy, Horror",5.0,683
Lego Friends: Girls on A Mission,(2018– ),TV-Y,11 min,Animation,6.0,120
Izakaya Bottakuri,(2018),,23 min,Drama,7.800000190734863,151
Untitled Taika Waititi/Netflix Roald Dahl Project,,,,Animation,,
Kevin Hart's Guide to Black History,(2019 TV Movie),TV-PG,62 min,Comedy,5.5,"1,362"
War Flowers,(2012),PG-13,99 min,"Drama, History, War",4.199999809265137,462
Historia de un crimen: Colmenares,(2019),,,Crime,7.300000190734863,875
Asphalt Goddess,(2020),,126 min,Drama,5.099999904632568,185
The Treasure,(2017),,157 min,"Action, Adventure, Drama",7.0,"1,922"
Jane Fonda & Lily Tomlin: Ladies Night Live,(2022),TV-MA,60 min,"Documentary, Comedy",5.599999904632568,343
Magi: Sinbad no Bouken,(2016),TV-14,24 min,"Animation, Action, Adventure",7.5,"2,254"
The Russian Revolution,(2017),TV-14,47 min,"Documentary, History",6.5,702
#AnneFrank - Parallel Stories,(2019),,92 min,"Drama, History",6.5,"1,569"
Monty Python Live (Mostly),(2014),Not Rated,162 min,"Documentary, Comedy, Musical",7.599999904632568,"2,634"
Glorious Days,(2019),TV-14,119 min,"Comedy, Drama, Musical",7.400000095367432,612
Tucked,(2018),Not Rated,80 min,Drama,6.699999809265137,795
The Promise,(2017),,114 min,"Drama, Horror, Thriller",5.900000095367432,"1,178"
Girl Rising,(2013),PG-13,101 min,"Documentary, Drama",7.199999809265137,"1,234"
"Crazy Horse, Paris with Dita Von Teese",(2009 Video),Not Rated,56 min,Musical,6.300000190734863,161
Flash Boys,,,,Drama,,
The River Thief,(2016),Not Rated,87 min,"Action, Adventure, Crime",5.199999809265137,497
Rats,(II) (2016),Not Rated,88 min,"Documentary, Horror",6.5,"1,522"
Motown Magic,(2018– ),TV-Y,15 min,"Animation, Comedy, Family",7.900000095367432,295
Dogwashers,(2020),TV-MA,107 min,"Comedy, Crime, Drama",5.800000190734863,612
Amo,(2017–2018),TV-MA,,Crime,6.400000095367432,412
Tears on Fire,(2021),,50 min,Drama,8.0,336
John Mulaney: Kid Gorgeous at Radio City,(2018 TV Special),TV-MA,65 min,Comedy,7.900000095367432,"8,027"
We Are Family,(2016),,99 min,Comedy,6.099999904632568,"1,147"
Anthony Jeselnik: Fire in the Maternity Ward,(2019 TV Special),TV-MA,64 min,Comedy,7.199999809265137,"3,688"
Period. End of Sentence.,(2018),,26 min,"Documentary, Short",7.400000095367432,"6,080"
Yummy Mummies,(2017– ),,40 min,Reality-TV,4.0,688
Küçük Esnaf,(2016),,104 min,"Action, Adventure, Comedy",5.599999904632568,"4,187"
Buying Beverly Hills,,,,Reality-TV,,
A Perfect Crime,(2020),,40 min,"Documentary, Crime",7.300000190734863,"1,483"
Johan Falk: Blodsdiamanter,(2015 Video),,99 min,"Action, Crime, Thriller",7.0,"1,860"
Three Days of Christmas,(2019),,,Drama,6.800000190734863,"1,266"
Squadra antigangsters,(1979),,90 min,"Action, Comedy, Crime",5.5,301
Polly Pocket,(2018– ),TV-Y7,22 min,"Animation, Adventure, Comedy",5.900000095367432,130
Mega Man,,,,"Action, Adventure, Sci-Fi",,
Motel Makeover,(2021– ),,,Reality-TV,4.900000095367432,754
Aurora,(IV) (2018),TV-14,110 min,"Horror, Thriller",4.300000190734863,617
Weapons of Death,(1977),,90 min,"Action, Crime, Drama",6.400000095367432,458
The Law According to Lidia Poet,(2022– ),,,"Biography, Crime, Drama",,
Bang!,,,,"Action, Thriller",,
Erax,(2022),TV-14,13 min,"Short, Family, Mystery",4.300000190734863,316
Santana,(2020),TV-MA,106 min,"Action, Crime, Drama",3.799999952316284,997
L.O.L. Surprise: The Movie,(2021 TV Movie),,47 min,"Animation, Action, Family",3.700000047683716,137
Mad World,(2016),,101 min,Drama,7.199999809265137,"1,927"
Aziz Ansari: Nightclub Comedian,(2022 TV Special),TV-MA,30 min,Comedy,7.0,"2,304"
Memories of Love,(2018),,,Romance,5.199999809265137,22
'76,(2016),Not Rated,118 min,"Drama, Romance",5.599999904632568,234
The Road to El Camino: Behind the Scenes of El Camino: A Breaking Bad Movie,(2019 TV Short),,13 min,"Documentary, Short",7.099999904632568,"1,469"
Beautiful World,(2019– ),,60 min,"Drama, Mystery",8.199999809265137,144
Paradise Lost,(2018),,110 min,"Drama, Music",7.0,697
Residue,(2015),,130 min,"Drama, Horror, Mystery",6.0,"2,621"
Deidra & Laney Rob a Train,(2017),TV-14,92 min,"Comedy, Crime, Drama",6.0,"1,934"
Octonauts: The Ring of Fire,(2021),,72 min,Animation,6.400000095367432,143
The Takeover,(I) (2022),,,Action,,
Ugly Duckling Series: Perfect Match,(2015),,50 min,"Drama, Romance",7.400000095367432,54
Pompidou,(2015),,,Comedy,4.099999904632568,816
Bethany Hamilton: Unstoppable,(2018),PG,100 min,"Documentary, Sport",7.400000095367432,760
Target,(II) (2018),,93 min,"Comedy, Thriller",4.0,521
ID2: Shadwell Army,(2016),,92 min,Action,4.5,854
Hear No Evil,(2014),,90 min,Drama,6.5,143
A Certain Scientific Accelerator,(2019– ),TV-14,24 min,"Animation, Action, Comedy",6.900000095367432,451
The Dirty Dutch,(2016),,77 min,Comedy,6.099999904632568,"9,003"
Elite Short Stories: Omar Ander Alexis,(2021),TV-MA,35 min,"Short, Drama",7.199999809265137,"1,979"
A Christmas Tree Miracle,(2013),TV-G,102 min,Family,6.5,854
Kevin Hart: Don't F**k This Up,(2019),TV-MA,30 min,Documentary,6.400000095367432,"2,045"
Helios,(2015),,118 min,"Action, Crime, Drama",5.5,"1,250"
Alien Xmas,(2020 TV Special),TV-Y,40 min,"Animation, Short, Adventure",6.199999809265137,"1,300"
Lego Marvel Super Heroes: Maximum Overload,(2013),,22 min,"Animation, Short, Action",6.300000190734863,"1,406"
Beast of Morocco,(1968),Not Rated,90 min,Horror,4.599999904632568,239
Pants on Fire,(2014 TV Movie),Unrated,85 min,"Comedy, Family",5.099999904632568,"1,109"
Bill Burr: Walk Your Way Out,(2017 TV Special),TV-MA,77 min,Comedy,7.199999809265137,"7,500"
Kevin Hart: Zero F**ks Given,(2020 TV Special),TV-MA,69 min,Comedy,6.0,"3,481"
The Good Bandit,(2019– ),,,"Comedy, Crime, Drama",7.800000190734863,102
Sabotage City,(2021– ),,,"Drama, Mystery, Thriller",6.599999904632568,67
American Violence,(2017),Not Rated,107 min,"Crime, Drama, Thriller",4.400000095367432,"1,819"
"Sonora, the Devil's Highway",(I) (2018),TV-14,94 min,"Drama, Thriller, Western",6.300000190734863,638
Immigration Nation,(2020– ),TV-MA,,Documentary,7.5,"1,124"
The Alcàsser Murders,(2019),TV-MA,303 min,"Documentary, Crime",7.0,"2,295"
Joy,(V) (2018),TV-MA,99 min,Drama,6.599999904632568,"1,328"
Ari Eldjárn: Pardon My Icelandic,(2020 TV Special),TV-MA,54 min,Comedy,7.800000190734863,"1,581"
Tobot Galaxy Detectives,(2020– ),,,Animation,6.199999809265137,15
We Used to Live Here,,,,Thriller,,
Pete Davidson: Alive from New York,(2020 TV Special),TV-MA,49 min,Comedy,6.099999904632568,"4,281"
The Rope Curse 2,(2020),,104 min,Horror,4.699999809265137,371
Geunyeoneun Geojitmaleul Neomoo Saranghae,(2017),TV-PG,,"Music, Romance",6.800000190734863,837
Untitled Secret Service,,,,Comedy,,
The Big Four,(2022),,,"Action, Comedy, Crime",,
Thackeray,(2019),Not Rated,120 min,"Biography, Drama",5.300000190734863,"3,461"
Tarzan and Jane,(2017–2018),TV-Y7,22 min,"Animation, Action, Adventure",4.599999904632568,287
Gumrah,(1993),Not Rated,149 min,"Action, Crime, Drama",6.099999904632568,809
Together with Me,(2017),,50 min,"Comedy, Drama, Family",7.900000095367432,572
Taboo,(2002),R,80 min,"Drama, Horror, Mystery",3.5,"1,906"
King's Faith,(2013),PG-13,108 min,Drama,6.199999809265137,796
Erotica 2022,(2020),,137 min,"Drama, Mystery, Romance",3.4000000953674316,292
Dead Time,(2007),,102 min,"Crime, Fantasy, Thriller",7.0,"1,037"
Atone,(2019),,89 min,Action,3.0999999046325684,474
Where Is Marta?,(2021),,189 min,"Documentary, Crime, Mystery",6.800000190734863,"1,336"
The World Is Mine,(2015),,104 min,Drama,6.199999809265137,934
CoComelon Lane,(2022– ),TV-PG,7 min,"Animation, Comedy, Family",,
Dennou Coil,(2007),TV-14,,"Animation, Adventure, Comedy",7.800000190734863,899
Let's Eat,(2013– ),,50 min,"Comedy, Romance",7.699999809265137,617
How to Be A Cowboy,(2021– ),TV-PG,,Reality-TV,6.800000190734863,157
Get Me Roger Stone,(2017),TV-14,92 min,"Documentary, Biography",7.300000190734863,"7,466"
Moms at War,(2018),,90 min,Comedy,6.400000095367432,56
DC Super Hero Girls: Hero of the Year,(2016 Video),Not Rated,76 min,"Animation, Action, Adventure",5.400000095367432,740
Tijuana,(2019),,45 min,"Crime, Drama",7.0,337
1000 Miles from Christmas,(2021),TV-PG,102 min,"Comedy, Romance",5.800000190734863,"1,529"
Sebastian Maniscalco: What's Wrong with People?,(2012 TV Special),TV-14,75 min,Comedy,8.0,"1,244"
Quiet Victory: The Charlie Wedemeyer Story,(1988 TV Movie),Not Rated,100 min,Drama,7.199999809265137,145
Home Stories,(2020),,47 min,Comedy,3.5,45
Octonauts & the Great Barrier Reef,(2020),TV-Y,47 min,"Animation, Action, Adventure",6.599999904632568,151
Soekarno,(2013),,137 min,"Biography, Drama, History",6.900000095367432,510
Dancing Queen,(2018),,45 min,"Music, Reality-TV",7.0,"1,630"
The American Meme,(2018),TV-MA,98 min,Documentary,6.699999809265137,"16,669"
Veronica,(II) (2017),,81 min,"Drama, Mystery, Thriller",5.800000190734863,"1,411"
War of the Worlds: Goliath,(2012),PG-13,85 min,"Animation, Action, Adventure",5.400000095367432,"1,200"
Isoken,(2017),,100 min,Romance,6.400000095367432,327
Dik Trom,(2010),,85 min,Family,6.199999809265137,935
"Gabriel ""Fluffy"" Iglesias: One Show Fits All",(2019 TV Special),TV-14,90 min,Comedy,7.199999809265137,"1,856"
Doble Kara,(2015–2017),TV-14,,"Comedy, Crime, Drama",8.899999618530273,25
Maggie & Bianca: Fashion Friends,(2016–2017),TV-Y7,24 min,"Comedy, Drama, Family",5.900000095367432,168
Little Big Mouth,(2021),TV-14,94 min,"Comedy, Music, Romance",4.099999904632568,185
Last Hope,(2018– ),TV-14,24 min,"Animation, Action, Adventure",5.800000190734863,441
The Bluff,(II),,,Drama,,
Lost Song,(2018– ),TV-14,25 min,"Animation, Adventure, Drama",7.0,381
Button Man: The Killing Game,,,,"Action, Crime, Drama",,
Artifact,(2012),Not Rated,103 min,"Documentary, Music",7.900000095367432,"4,637"
Sense8: Creating the World,(2015 TV Short),,26 min,"Documentary, Short, Sci-Fi",8.5,"2,690"
Confessions of a Serial Killer with Piers Morgan,(2017– ),,45 min,"Documentary, Crime",3.9000000953674316,"1,418"
Dig Two Graves,(2014),Not Rated,85 min,"Drama, Horror, Mystery",5.599999904632568,"3,276"
Backstabbed,(2016 TV Movie),TV-PG,88 min,"Drama, Thriller",4.800000190734863,561
Killer Ratings,(2019),,351 min,"Documentary, Crime",7.599999904632568,"1,751"
Ranveer vs. Wild with Bear Grylls,(2022),TV-14,70 min,Documentary,6.599999904632568,"4,162"
Hasmukh,(2020– ),,34 min,"Comedy, Crime, Drama",5.300000190734863,"2,704"
Bhouri,(2016),,140 min,Drama,6.599999904632568,473
Chris Tucker Live,(2015 TV Special),TV-MA,92 min,"Documentary, Comedy",6.300000190734863,"1,981"
Juanpis González - The Series,(2022– ),,25 min,"Comedy, Drama",6.800000190734863,355
The 74th Annual Golden Globe Awards 2017,(2017 TV Special),TV-14,180 min,News,5.5,666
Taco Chronicles,(2019– ),,,Documentary,7.800000190734863,847
Twenty Your Life On,(2020– ),,50 min,"Drama, Romance",6.900000095367432,29
Lobo Feroz,(2023),,,"Drama, Thriller",,
800 Meters,(2022),TV-MA,156 min,"Documentary, Crime",7.0,631
Baby Ballroom,(2017– ),,60 min,Documentary,7.699999809265137,210
Mother,(II) (2016),Not Rated,95 min,"Drama, Horror, Thriller",5.599999904632568,"1,517"
Deaf U,(2020– ),TV-MA,,"Drama, Reality-TV",6.400000095367432,471
Manhattan Romance,(2014),TV-14,94 min,"Comedy, Drama, Romance",5.599999904632568,"1,360"
Nailed It! Holiday!,(2018– ),TV-PG,31 min,Reality-TV,7.699999809265137,"1,115"
Headspace Guide to Sleep,(2021),TV-G,,"Documentary, Animation",6.800000190734863,488
The Day I Met El Chapo: The Kate Del Castillo Story,(2017),,60 min,"Documentary, Biography",6.800000190734863,"1,108"
Asperger's Are Us,(2016),,82 min,"Documentary, Comedy, Drama",6.599999904632568,767
Iron Fists and Kung Fu Kicks,(2019),,107 min,"Documentary, History",6.699999809265137,"1,234"
Operation Ouch,(2012– ),,28 min,"Documentary, Animation, Comedy",7.599999904632568,138
Angela's Christmas Wish,(2020),TV-Y7-FV,47 min,"Animation, Adventure, Comedy",7.0,"1,467"
My Heroes Were Cowboys,(2021),PG,22 min,"Documentary, Short",6.699999809265137,282
Stretch Armstrong & the Flex Fighters,(2017–2018),TV-Y7-FV,22 min,"Animation, Short, Action",6.199999809265137,320
The Short Game,(2013),PG,99 min,"Documentary, Sport",7.300000190734863,"1,587"
Extremis,(2016),TV-PG,24 min,"Documentary, Short",7.300000190734863,"2,429"
There's Something in the Water,(I) (2019),,73 min,Documentary,6.5,451
Der Wixxer,(2004),,85 min,"Comedy, Crime, Mystery",6.199999809265137,"8,652"
Jeff Dunham: Beside Himself,(2019 TV Special),TV-MA,58 min,Comedy,6.900000095367432,"1,113"
The Ivory Game,(2016),,112 min,Documentary,7.800000190734863,"3,324"
David and the Elves,(2021),TV-G,105 min,"Comedy, Family, Fantasy",5.199999809265137,702
Trevor Noah: Afraid of the Dark,(2017 TV Special),TV-MA,67 min,Comedy,7.199999809265137,"5,305"
Too Handsome to Handle,(2019),TV-PG,106 min,"Comedy, Drama",6.699999809265137,588
Uppena,(2021),TV-14,147 min,"Action, Drama, Romance",6.5,"3,948"
Rape Zombie: Lust of the Dead 3,(2013),Not Rated,68 min,Horror,3.5,410
My Little Pony: Equestria Girls - Rainbow Rocks,(2014),TV-Y,75 min,"Animation, Adventure, Comedy",6.900000095367432,"3,119"
City of Ghosts,(2021),TV-PG,20 min,"Animation, Adventure, Family",7.5,407
Love Sick: The Series,(2014–2015),,,Romance,7.400000095367432,306
Jim Jefferies: Intolerant,(2020 TV Special),TV-MA,66 min,Comedy,7.199999809265137,"2,938"
An Ideal Adventure,(1982),,96 min,"Comedy, Crime",5.0,274
Naomi Osaka,(2021),TV-14,113 min,"Documentary, Biography, Sport",6.300000190734863,"1,323"
When Man falls in the swamp of his thoughts and it ends with him to a disaster,(2017),,94 min,Comedy,5.199999809265137,353
One More Time,(2016),,,Fantasy,6.800000190734863,595
Sin hijos,(2020),TV-PG,95 min,"Comedy, Romance",5.199999809265137,544
The Boss's Daughter,(2015),,98 min,"Comedy, Drama, Romance",5.400000095367432,799
Dragon Pilot: Hisone and Masotan,(2018),TV-14,30 min,"Animation, Fantasy, Sci-Fi",6.900000095367432,508
Second 20s,(2015),,62 min,Drama,7.599999904632568,354
A Time Called You,,TV-14,,"Drama, Fantasy, Romance",,
Merry Men: The Real Yoruba Demons,(2018),,106 min,"Action, Comedy",4.900000095367432,139
Los pacientes del doctor García,(2022),,,Drama,,
Hope,(XXIII),,,Comedy,,
"Love, Life & Everything in Between",(2022– ),,30 min,"Comedy, Drama, Romance",5.5,107
Si Doel: The Movie,(2018),,85 min,"Drama, Romance",6.800000190734863,418
What's Up with Cinta 2,(2016),TV-14,123 min,"Drama, Romance",7.300000190734863,"1,960"
Bakugan: Battle Planet,(2018– ),TV-Y7-FV,24 min,"Animation, Action, Adventure",4.699999809265137,234
2020 Golden Globe Awards,(2020 TV Special),TV-14,134 min,Comedy,7.199999809265137,874
The Apprentice: ONE Championship Edition,(2021),,,Reality-TV,7.5,133
Sebastian Maniscalco: Stay Hungry,(2019 TV Special),TV-MA,65 min,Comedy,7.099999904632568,"1,357"
Path,(2015),,85 min,"Action, Drama, Horror",3.5999999046325684,674
Terrace House: Opening New Doors,(2017–2019),,42 min,"Drama, Reality-TV",7.800000190734863,992
Magmel of the Sea Blue,(2019– ),TV-14,24 min,"Animation, Action, Adventure",6.099999904632568,656
Exhibit A,(I) (2019),TV-14,144 min,"Documentary, Crime",6.300000190734863,"1,087"
Anthony Jeselnik: Thoughts and Prayers,(2015 TV Movie),TV-MA,59 min,Comedy,7.699999809265137,"5,372"
Cabras da Peste,(2021),TV-14,97 min,"Action, Comedy, Crime",6.0,"1,815"
Hope Frozen,(2018),TV-PG,75 min,"Documentary, Drama",6.599999904632568,538
The Unlikely Girl,(2012),Not Rated,95 min,"Drama, Mystery, Thriller",5.400000095367432,226
Leslie Jones: Time Machine,(2020 TV Special),,66 min,Comedy,5.300000190734863,927
Camp Confidential: America's Secret Nazis,(2021),PG-13,36 min,"Documentary, Animation, Short",6.599999904632568,869
Tale of A-rang,(2012),TV-Y,,"Action, Comedy, Fantasy",7.300000190734863,827
LA Originals,(2020),,92 min,Documentary,7.199999809265137,"1,837"
Kathal,,,,"Comedy, Crime, Drama",,
Night Light,(2016–2017),,,Drama,6.900000095367432,308
Untitled Jada Pinkett Smith/Netflix Project,(2022– ),,,Documentary,,
Bad Blood,(II) (2015),Not Rated,87 min,"Action, Drama, Thriller",4.699999809265137,439
Machhli Jal Ki Rani Hai,(2014),,120 min,Horror,2.299999952316284,308
Amazing Interiors,(2018– ),TV-PG,,Documentary,6.599999904632568,819
Seriously Single,(2020),TV-MA,107 min,"Comedy, Romance",4.5,"1,279"
Pachamama,(2018),PG,72 min,"Animation, Adventure, Family",6.800000190734863,892
David Spade: Nothing Personal,(2022 TV Special),TV-MA,66 min,"Documentary, Comedy",5.800000190734863,760
Afflicted,(2018– ),TV-MA,,"Documentary, Mystery, Reality-TV",5.099999904632568,"1,129"
Lens,(IV) (2016),Not Rated,109 min,"Drama, Mystery, Thriller",6.599999904632568,"1,242"
Swing State,(2017),R,95 min,"Comedy, Music, Romance",3.700000047683716,365
Publieke werken,(2015),,115 min,"Drama, History",6.699999809265137,"2,303"
Izzy's Koala World,(2020– ),TV-Y,,"Documentary, Family",8.0,227
"Berlin, Berlin",(2020),,80 min,"Comedy, Drama, Romance",3.799999952316284,546
Nail Bomber: Manhunt,(2021),TV-MA,72 min,"Documentary, Crime, History",6.300000190734863,"2,192"
Keramat,(2009),,80 min,Horror,6.800000190734863,496
Best. Worst. Weekend. Ever.,(2018),TV-PG,191 min,"Comedy, Family",6.300000190734863,315
Sometimes,(2016),TV-14,110 min,Drama,7.199999809265137,866
The Cimarron Kid,(1952),Passed,84 min,Western,6.300000190734863,"1,027"
Fish in a Tree,,,,Family,,
White Rabbit Project,(2016),TV-PG,48 min,Reality-TV,6.900000095367432,"1,680"
Johan Falk: Spelets regler,(2012 Video),,96 min,"Action, Crime, Thriller",6.5,"2,548"
Theo Von: No Offense,(2016 TV Special),,67 min,"Documentary, Comedy",5.599999904632568,907
Woman They Almost Lynched,(1953),Approved,90 min,Western,6.5,367
Unfreedom,(2014),Not Rated,102 min,"Crime, Drama, Romance",5.0,"1,962"
So My Grandma's a Lesbian!,(2019),TV-MA,94 min,Comedy,4.300000190734863,"1,224"
Jerry Before Seinfeld,(2017 TV Special),TV-14,62 min,Comedy,7.0,"5,764"
The Governor,(2016– ),TV-14,,Drama,7.5,104
Recovery Boys,(2018),,89 min,Documentary,6.699999809265137,733
Azali,(2018),,92 min,Drama,5.599999904632568,224
River of Darkness,(2011),R,105 min,"Action, Horror, Thriller",2.200000047683716,928
The Butler,(2018),,150 min,"Drama, History, Romance",6.300000190734863,862
Bobby Kennedy for President,(2018),TV-MA,245 min,"Documentary, Biography, Drama",8.100000381469727,"1,842"
Pusong ligaw,(2017–2018),,,Drama,8.0,6
Tersanjung: The Movie,(2021),TV-14,114 min,"Drama, Romance",5.900000095367432,219
The Oscars,(2017 TV Special),TV-14,229 min,Music,6.800000190734863,"1,986"
Jeff Dunham: Arguing with Myself,(2006 TV Special),Not Rated,76 min,Comedy,8.0,"4,004"
The Craving,,,,Thriller,,
Pandemic: How to Prevent an Outbreak,(2020– ),TV-14,50 min,Documentary,6.400000095367432,"2,780"
Bon Bini Holland,(2015),,85 min,Comedy,5.400000095367432,"1,352"
Khaani,(2017– ),,,Romance,7.900000095367432,"1,003"
Adam by Eve: A Live in Animation,(2022),TV-14,58 min,"Animation, Music",6.099999904632568,420
The App,(2019),,78 min,"Drama, Sci-Fi, Thriller",2.700000047683716,"1,357"
It Is Your Turn,(2019– ),,46 min,"Crime, Mystery",7.099999904632568,630
Jefe,(2018),TV-MA,89 min,Comedy,5.400000095367432,"1,113"
Chasing Trane: The John Coltrane Documentary,(2016),Not Rated,99 min,"Documentary, Biography, History",7.300000190734863,"2,340"
Canvas,(III) (2020),G,9 min,"Animation, Short, Drama",6.400000095367432,"2,746"
Joanna Lumley's Silk Road Adventure,(2018),,45 min,Documentary,8.100000381469727,298
Pride and Prejudice,(2014–2015),,,"Drama, Romance",6.900000095367432,196
Misfit: The Series,(2021– ),,,"Comedy, Musical",7.0,80
Shadow of Truth,(2016– ),TV-MA,40 min,"Documentary, Crime",8.0,"1,475"
Roll Red Roll,(2018),,80 min,"Documentary, Crime",7.099999904632568,"2,590"
A World Without,(2021),TV-MA,107 min,"Drama, Mystery, Sci-Fi",3.9000000953674316,368
Preso No. 1,(2019– ),,,"Action, Crime, Drama",6.599999904632568,78
Kevin James: Never Don't Give Up,(2018 TV Special),TV-PG,62 min,Comedy,6.199999809265137,"1,482"
Afblijven,(2006),,100 min,"Drama, Family",5.5,"2,188"
Yeh Ballet,(2020),,117 min,"Drama, Musical",7.5,"1,356"
The Volcano: Rescue from Whakaari,(2022),PG-13,98 min,Documentary,,
Chelsea Does,(2016),TV-MA,70 min,Documentary,7.300000190734863,"2,501"
Bumping Mics with Jeff Ross & Dave Attell,(2018– ),TV-MA,36 min,Comedy,7.699999809265137,"1,220"
The Director: An Evolution in Three Acts,(2013),Not Rated,85 min,Documentary,6.199999809265137,218
First Love,(I) (2022– ),,,"Drama, Romance",,
El amor despues del amor,,,,"Biography, Drama, Music",,
Rundfunk: Jachterwachter,(2020),,89 min,Comedy,5.699999809265137,"1,393"
Jeff Dunham: Controlled Chaos,(2011 TV Special),Unrated,97 min,Comedy,7.400000095367432,"2,309"
Amy Schumer's Parental Advisory,(2022),,59 min,"Documentary, Comedy",3.9000000953674316,687
The Helicopter Heist,,,,Drama,,
Classmates Minus,(2020),,122 min,"Comedy, Drama",7.099999904632568,"1,669"
K-9 Adventures: Legend of the Lost Gold,(2014),Not Rated,90 min,"Adventure, Family",5.199999809265137,210
Stay Here,(2018),TV-PG,,Reality-TV,7.5,"1,119"
Juana Inés,(2016),,,"Biography, History",7.599999904632568,517
The Miracle of Teddy Bear,(2022– ),,,Romance,8.399999618530273,155
Border Security: America's Front Line,(2016– ),,,Reality-TV,6.599999904632568,139
Black Crows,(2017),,,"Drama, Thriller, War",5.300000190734863,314
Morphle,(2019–2022),TV-Y,43 min,"Animation, Adventure, Family",5.199999809265137,90
Sparking Joy with Marie Kondo,(2021– ),TV-PG,45 min,"Short, Drama, History",6.300000190734863,383
Nowhere Man,(2019),,,"Action, Crime, Drama",5.5,378
Regiment Diaries,(2018–2022),,,Documentary,8.699999809265137,84
Slam,(2016),TV-MA,100 min,"Comedy, Drama, Romance",6.099999904632568,"1,337"
"Love, Surreal and Odd",(2017),,95 min,"Comedy, Romance",5.599999904632568,"3,291"
A Naija Christmas,(2021),TV-14,121 min,"Comedy, Drama, Romance",4.800000190734863,351
Elite Short Stories: Samuel Omar,(2021),,,Drama,6.099999904632568,686
Cooking with Paris,(2021),TV-MA,,Reality-TV,5.300000190734863,"1,104"
Get the Grift,(2021),TV-14,94 min,"Comedy, Crime",5.300000190734863,779
Pet Stars,(2021– ),TV-PG,,"Family, Reality-TV",5.099999904632568,123
Million Pound Menu,(2018– ),Not Rated,60 min,"Game-Show, Reality-TV",6.599999904632568,578
Iliza: Elder Millennial,(2018 TV Special),TV-MA,72 min,Comedy,7.199999809265137,"4,129"
Kantaro: The Sweet Tooth Salaryman,(2017– ),,24 min,"Adventure, Comedy, Drama",7.599999904632568,824
Pentagram,(2019),Not Rated,80 min,Horror,2.700000047683716,547
King of Boys,(2018),TV-MA,169 min,"Crime, Drama",5.900000095367432,432
Action Pack,(2022– ),TV-Y,29 min,"Animation, Action, Adventure",6.5,90
Borstal,(2017),,87 min,Drama,4.400000095367432,599
Sons of 'Ndrangheta,(2019 TV Movie),,126 min,"Crime, Drama",6.699999809265137,394
He Who Can't Marry,(2006– ),,45 min,"Comedy, Drama",8.0,953
My Fellow Citizens,(2019– ),,,Comedy,7.0,221
Pokémon: The Arceus Chronicles,(2022– ),,,"Animation, Action, Fantasy",7.0,27
Up North,(2018),,99 min,Drama,5.5,149
Tom Segura: Mostly Stories,(2016 TV Special),TV-MA,73 min,Comedy,7.5,"3,703"
Chasing Cameron,(2016),TV-PG,31 min,Reality-TV,3.5999999046325684,503
The Residence,,,,"Drama, Mystery",,
Westside,(2018),,50 min,Musical,6.199999809265137,167
Oprah + Viola: A Netflix Special Event,(2022 TV Special),TV-14,48 min,Talk-Show,7.300000190734863,358
You vs. Wild: Out Cold,(2021),TV-G,25 min,"Short, Adventure",5.400000095367432,336
Noise,(2022),,105 min,Drama,,
Cocaine Cowboys: Reloaded,(2014),R,152 min,"Documentary, Crime, History",7.599999904632568,"1,528"
Home Is Where the Killer Is,(2019),TV-14,87 min,Thriller,4.400000095367432,540
Champs,(2014),Not Rated,85 min,"Documentary, Biography, Sport",7.199999809265137,"1,931"
Drunk and on Drugs Happy Funtime Hour,(2011),,,Comedy,5.900000095367432,705
You Carry Me,(2015),Unrated,155 min,"Action, Drama",7.0,"2,261"
Harvey Girls Forever!,(2018–2020),TV-Y7,23 min,"Animation, Short, Adventure",6.699999809265137,258
Grumpy Christmas,(2021),TV-MA,87 min,Comedy,4.400000095367432,363
Miniforce X,(2019– ),,,Animation,6.300000190734863,21
Moh Maya Money,(2016),,108 min,"Crime, Drama, Thriller",5.699999809265137,434
The Fluffy Movie: Unity Through Laughter,(2014),PG-13,101 min,"Documentary, Comedy",7.199999809265137,"3,835"
Twogether,(2020– ),,,Reality-TV,8.399999618530273,492
Bed & Breakfast: Love is a Happy Accident,(2010),PG-13,89 min,"Comedy, Romance",5.0,"1,057"
Life as It Should Be,(2020),,108 min,"Comedy, Drama",5.699999809265137,781
House Arrest,(I) (2019),,104 min,Comedy,5.5,"1,668"
O21,(2014),,124 min,"Action, Thriller",7.599999904632568,"3,123"
Expo,(2019),TV-14,80 min,"Action, Crime, Drama",2.700000047683716,"3,005"
Last Known Address,(1970),,105 min,"Crime, Drama, Mystery",6.900000095367432,"1,703"
People You May Know,(II) (2016),TV-MA,101 min,"Comedy, Drama",5.599999904632568,957
Underwear,(2015),TV-14,50 min,"Comedy, Drama",7.300000190734863,953
Derren Brown: Apocalypse,(2012– ),,60 min,"Documentary, Horror, Mystery",7.900000095367432,990
Corpse Party,(2015),,93 min,Horror,4.599999904632568,477
Bangkok Love Stories: Innocence,(2018–2019),,45 min,Romance,6.699999809265137,208
One More Happy Ending,(2016),,70 min,"Comedy, Romance",7.300000190734863,346
"Ram Dass, Going Home",(2017),,31 min,"Documentary, Short",7.0,"1,032"
Dollar,(2019),,,"Action, Drama, Romance",6.599999904632568,607
Made in Mexico,(2018),,49 min,Reality-TV,3.9000000953674316,770
Barangay 143,(2018– ),,,"Animation, Sport",6.599999904632568,37
Robot Trains,(2017–2021),TV-Y7,14 min,"Animation, Action, Adventure",6.300000190734863,93
Man of God,(2022),,111 min,Drama,3.700000047683716,150
Ejen Ali,(2016– ),PG,21 min,"Animation, Action, Adventure",8.5,291
Only for One Night,(2016),TV-14,86 min,"Crime, Drama, Romance",4.300000190734863,721
John of God: The Crimes of a Spiritual Healer,(2021),,,"Documentary, Crime",6.5,874
Hospital Ship,(2017),,35 min,Romance,6.900000095367432,382
Untitled Netflix/Noah Hawley Project,,,,Thriller,,
Ronny Chieng: Asian Comedian Destroys America,(2019 TV Special),TV-MA,63 min,Comedy,7.400000095367432,"3,290"
Dear Nathan Hello Salma,(2018),,101 min,"Drama, Romance",7.099999904632568,325
7 Chinese Brothers,(2015),Not Rated,76 min,Comedy,5.599999904632568,"1,565"
Elite Short Stories: Nadia Guzmán,(2021),TV-MA,33 min,"Short, Drama, Romance",6.199999809265137,"1,930"
Samantha!,(2018–2019),,27 min,Comedy,6.599999904632568,518
Shawn Mendes: In Wonder,(2020),TV-MA,83 min,"Documentary, Music",6.5,"2,078"
Lego Friends: The Power of Friendship,(2016),TV-G,23 min,Animation,6.800000190734863,55
Girl's Revenge,(2020),,81 min,Drama,5.699999809265137,211
Takki,(2012– ),,,Drama,6.599999904632568,285
A Man of Action,(2022),,,"Biography, Drama",,
Black Stallions,,,,Comedy,,
Cristela Alonzo: Middle Classy,(2022 TV Special),TV-MA,60 min,"Documentary, Comedy",6.699999809265137,323
Ossan's Love,(2018– ),,,"Comedy, Drama, Romance",7.5,552
The Marker,(2017),,80 min,"Crime, Thriller",5.300000190734863,472
The Way of the Hot & Spicy,(2021),,,Drama,7.5,60
Ghosts of Sugar Land,(2019),TV-MA,21 min,"Documentary, Short",5.5,"1,391"
Diary of a Night Watchman,(2014– ),,60 min,"Drama, Fantasy",6.099999904632568,140
Little Singham: Kaal Ka Badla,(2020),,69 min,"Animation, Action",7.099999904632568,30
The Degenerates,(2018– ),,30 min,Comedy,6.199999809265137,697
The Avenging Eagle,(1978),R,90 min,"Action, Adventure, Drama",7.400000095367432,946
Kriegsschiffe - Tod auf See,(2021–2022),,,Documentary,7.199999809265137,129
Nadiya Bakes,(2020– ),TV-G,29 min,"Documentary, Reality-TV",7.199999809265137,265
Highway Racer,(1977),Not Rated,101 min,"Action, Crime, Drama",6.400000095367432,549
Final Fantasy XIV: Dad of Light,(2017),TV-PG,24 min,Drama,7.199999809265137,610
Make My Day,,,,"Animation, Adventure, Drama",,
Prince Philip: An Extraordinary Life,(2021 TV Movie),,,Documentary,,
Missing 9,(2017),,,"Adventure, Mystery",6.900000095367432,391
Briganti,,,,Drama,,
Rhythm + Flow France,(2022– ),TV-MA,52 min,"Music, Reality-TV",6.199999809265137,146
Trippin' with the Kandasamys,(2021),TV-14,93 min,"Comedy, Romance",5.0,386
Jonas Brothers Family Roast,(2021 TV Special),TV-MA,68 min,"Comedy, Musical",5.199999809265137,"1,679"
The Girl from Monday,(2005),R,84 min,"Action, Comedy, Sci-Fi",5.300000190734863,"1,073"
The Burial of Kojo,(2018),,80 min,"Drama, Thriller",6.400000095367432,722
Invitación a un Asesinato,,,,"Comedy, Mystery, Thriller",,
La chica de nieve,(2022– ),,,Thriller,,
Deadly Runway,(2018 TV Movie),TV-14,90 min,"Drama, Horror",4.5,199
Inside the Real Narcos,(2018),,45 min,"Documentary, Crime",7.5,754
Easy-Bake Battle,(2022– ),TV-PG,30 min,"Game-Show, Reality-TV",,
Smother-in-Law,(2022– ),TV-MA,25 min,Comedy,4.300000190734863,141
Untitled Netflix/Chronicles of Narnia Series,,,,Fantasy,,
Boss Wants a Happy Ending,(2014),,109 min,"Comedy, Romance",6.0,"6,883"
First Kiss,(II) (2018),,88 min,"Comedy, Romance",3.799999952316284,145
Legend Quest,(2017),TV-Y7,,"Animation, Adventure, Comedy",7.199999809265137,454
The Unguarded Moment,(1956),Approved,95 min,"Crime, Drama, Film-Noir",6.300000190734863,404
Iwa Kakeru! Sport Climbing Girls,(2020),,24 min,"Animation, Sport",6.0,200
Death and Cremation,(2010),Not Rated,86 min,"Drama, Horror, Thriller",5.599999904632568,776
Vendetta: Guerra nell'antimafia,(2021– ),TV-MA,,"Documentary, Crime, Thriller",6.699999809265137,281
Video Games: The Movie,(2014),Not Rated,101 min,"Documentary, Animation, History",6.099999904632568,"5,510"
Little Witch Academia: The Enchanted Parade,(2015),TV-Y7,54 min,"Animation, Comedy, Family",7.300000190734863,"1,736"
Nur,(2018),,,Drama,7.699999809265137,32
Mere Pyare Prime Minister,(2018),,104 min,Drama,6.800000190734863,648
Atari: Game Over,(2014),TV-14,66 min,Documentary,6.699999809265137,"5,924"
Giving Voice,(2020),PG-13,87 min,Documentary,6.900000095367432,294
Stay Away from Me,(2013),,100 min,Comedy,5.800000190734863,834
Anelka: Misunderstood,(2020),TV-14,94 min,"Documentary, Sport",6.400000095367432,"3,223"
Signal,(2018– ),,,Crime,7.0,220
Booba: Food Puzzle,(2020– ),,,"Animation, Comedy, Family",8.800000190734863,50
Call Me Lucky,(2015),,106 min,"Documentary, Biography, Comedy",7.5,"2,090"
Race: Bubba Wallace,(2022),TV-MA,50 min,"Documentary, Sport",6.199999809265137,474
Skytten,(2013),,90 min,"Crime, Drama, Thriller",5.599999904632568,"1,749"
J Revolusi,(2017),,105 min,Action,5.099999904632568,183
First Impression,(2018 TV Movie),Not Rated,96 min,Comedy,5.099999904632568,155
Drawers,(2015),,120 min,"Drama, Family, Mystery",7.0,"1,207"
"Breakfast, Lunch & Dinner",(2019– ),,43 min,Documentary,6.699999809265137,"1,081"
Gek van geluk,(2017),,106 min,"Comedy, Romance",5.5,376
My Little Pony: Equestria Girls Specials,(2017),TV-Y,22 min,"Animation, Comedy, Family",6.599999904632568,667
Justin Timberlake + the Tennessee Kids,(2016),,90 min,"Documentary, Music",7.599999904632568,"2,212"
Nneka the Pretty Serpent,(2020),,140 min,"Horror, Mystery",3.799999952316284,128
The Shortest Day,(1963),,95 min,"Comedy, War",5.800000190734863,274
The Other Mrs,,,,,,
The Makanai: Cooking for the Maiko House,(2022– ),,,Drama,,
The Most Assassinated Woman in the World,(2018),TV-MA,102 min,"Biography, Drama, Mystery",5.300000190734863,"1,104"
Stories of a Generation - with Pope Francis,(2021),TV-14,184 min,Documentary,7.5,228
Binti,(2021),,105 min,Drama,5.699999809265137,125
Hannah Gadsby: Douglas,(2020 TV Special),TV-MA,72 min,Comedy,7.599999904632568,"4,089"
Salam - The First ****** Nobel Laureate,(2018),Approved,75 min,Documentary,7.800000190734863,425
The Mole,(2022– ),,45 min,"Adventure, Game-Show, Mystery",,
Bygones Be Bygones,(2017),,108 min,Comedy,6.199999809265137,"4,097"
Colonia Dignidad - Aus dem Innern einer deutschen Sekte,(2020),,209 min,"Documentary, History",7.599999904632568,415
Mindscapes,(2022– ),,,Drama,,
"Storybots: Laugh, Learn, Sing",(2021– ),,,"Animation, Family",,
Jailbirds New Orleans,(2021– ),TV-MA,,"Documentary, Reality-TV",6.699999809265137,229
John Mulaney: The Comeback Kid,(2015 TV Special),TV-MA,62 min,Comedy,7.900000095367432,"8,663"
1920 London,(2016),,120 min,"Horror, Mystery",4.099999904632568,"1,753"
Cry Babies Magic Tears,(2018– ),,,"Animation, Family",5.099999904632568,47
Als de dijken breken,(2016),,45 min,Drama,6.599999904632568,886
Crowsnest,(2012),R,84 min,"Horror, Mystery, Thriller",3.799999952316284,"1,649"
Kindness Diaries,(2017–2019),,,"Adventure, Reality-TV",8.100000381469727,400
DC Super Friends,(2015– ),,,Animation,6.5,60
Good Ol' Freda,(2013),PG,86 min,"Documentary, Biography, History",7.400000095367432,"2,028"
Isolated,(I) (2013),Not Rated,85 min,"Adventure, Drama, Sport",6.099999904632568,207
Twivortiare,(2019),Unrated,103 min,"Drama, Romance",6.699999809265137,273
Reign Supreme,(2022– ),,,"Biography, Drama, Music",,
Layla Majnun,(2021),TV-14,119 min,"Drama, Romance",6.0,280
Katt Williams: Great America,(2018 TV Special),TV-MA,60 min,Comedy,6.199999809265137,"1,002"
Romina,(2018),,77 min,"Horror, Thriller",2.299999952316284,"2,364"
Is My Daughter Really Dead?,(2019),TV-14,84 min,Thriller,4.300000190734863,338
Jago: A Life Underwater,(2015),G,48 min,Documentary,7.400000095367432,"1,317"
Men from Mars,(2018),,91 min,Comedy,6.0,478
Thithi,(2015),,123 min,Drama,8.0,"2,721"
Story of Dinda: The Second Chance of Happiness,(2021),,59 min,"Drama, Romance",5.800000190734863,55
Upstarts,(2019),,112 min,Drama,6.699999809265137,885
The Man in the Iron Mask,(II) (1998),Not Rated,85 min,Adventure,4.699999809265137,241
Greg Davies: You Magnificent Beast,(2018 TV Special),TV-MA,66 min,Comedy,7.099999904632568,"2,427"
Growing Up Wild,(2016),G,78 min,Documentary,7.099999904632568,387
Lalbaug Parel: Zali Mumbai Sonyachi,(2010),Not Rated,146 min,Action,7.199999809265137,335
Divanation,,,,Comedy,,
Bayonet,(2018),TV-MA,101 min,"Drama, Sport",5.599999904632568,570
Pokémon the Movie: Genesect and the Legend Awakened,(2013),,96 min,"Animation, Adventure, Family",5.400000095367432,"1,407"
The Iron Bridge,(2019),,85 min,Drama,5.900000095367432,216
Aziz Ansari: Right Now,(2019 TV Special),TV-MA,65 min,Comedy,7.5,"5,200"
Move,(2020– ),TV-MA,,Documentary,7.400000095367432,120
Yu-Gi-Oh! Bonds Beyond Time,(2010),TV-Y7,49 min,"Animation, Action, Adventure",6.400000095367432,"1,874"
My Little Pony: Equestria Girls - Legend of Everfree,(2016),TV-Y7,73 min,"Animation, Comedy, Family",6.300000190734863,"1,449"
Untitled Hunchback of Notre Dame Project,,,,,,
Puppy,(2005),Not Rated,95 min,"Comedy, Drama, Horror",5.900000095367432,299
Diamond City,(2018– ),,,"Crime, Drama",7.800000190734863,37
La Frecuencia Kirlian,(2017– ),TV-14,9 min,"Animation, Horror",7.5,"1,113"
Cracked Up,(2018),TV-MA,95 min,Documentary,7.300000190734863,795
Small Shots,(2017),,,Comedy,8.199999809265137,125
Battlefish,(2018– ),TV-MA,42 min,Reality-TV,7.099999904632568,451
Brij Mohan Amar Rahe,(2017),,105 min,"Comedy, Crime, Drama",6.900000095367432,"3,792"
Gekijouban Shimajirou no wao!: Shimajirou to kujira no uta,(2014),,,"Animation, Adventure, Family",8.300000190734863,22
Over Christmas,(2020),,48 min,"Comedy, Drama, Romance",6.699999809265137,"2,140"
The Ingenuity of the Househusband,(2021– ),,4 min,"Short, Comedy",6.699999809265137,446
Perfect World,(2019– ),,,Romance,7.0,106
Dark Power,(2013),,98 min,Thriller,3.4000000953674316,424
Counselor at Crime,(1973),R,99 min,"Action, Crime, Drama",6.199999809265137,315
The Chosen One,(III),,,"Action, Adventure, Drama",,
Jack of all Trades,(2018),,85 min,Documentary,5.900000095367432,"1,160"
Recursion,,,,,,
The King of the Streets,(2012),TV-MA,88 min,Action,5.0,461
Att angöra en brygga,(1965),,101 min,"Comedy, Drama, Romance",6.800000190734863,"2,552"
Brave Blue World,(2019),,50 min,Documentary,6.699999809265137,815
Cash Only,(2015),Not Rated,91 min,"Crime, Drama, Thriller",6.0,"1,246"
Mama K's Team 4,(2022– ),TV-Y7,,"Animation, Action, Adventure",,
100% Coco,(2017),,88 min,Drama,5.099999904632568,"1,212"
ILY from 38.000 Ft,(2016),TV-14,102 min,"Drama, Romance",5.5,175
Kül,,,,Drama,,
Shelby American: The Carroll Shelby Story,(2019),,119 min,"Documentary, Biography, History",7.400000095367432,657
Huisvrouwen bestaan niet,(2017),,103 min,Comedy,6.5,"1,165"
Ever After High: Way Too Wonderland,(2015 TV Movie),TV-G,90 min,"Animation, Adventure, Drama",7.400000095367432,356
Power Players,(2019–2021),TV-Y7,11 min,"Animation, Action, Adventure",5.900000095367432,91
One Night in Paris,(2021 TV Special),,64 min,Comedy,4.5,84
Kapil Sharma: I'm Not Done Yet,(2022 TV Special),,54 min,Comedy,6.699999809265137,"6,707"
Lego Elves: Secrets of Elvendale,(2017– ),TV-Y7,24 min,"Animation, Fantasy",6.699999809265137,174
Squadra antifurto,(1976),,102 min,"Action, Comedy",6.300000190734863,378
Mercury 13,(2018),TV-PG,78 min,Documentary,6.900000095367432,"1,196"
"Lorena, Light-footed Woman",(2019),,28 min,"Documentary, Short, Sport",7.0,801
Myth & Mogul: John DeLorean,(2021– ),TV-14,,"Documentary, Biography, Crime",6.800000190734863,"1,087"
Storage Wars Canada,(2013–2016),TV-PG,30 min,Reality-TV,3.9000000953674316,534
Blown Away: Christmas,(2021– ),TV-PG,,Reality-TV,6.699999809265137,540
Blippi the Musical,(2021 TV Special),,,Family,,
The Culture High,(2014),TV-14,120 min,"Documentary, News",8.199999809265137,"3,688"
Convergence: Courage in a Crisis,(2021),R,113 min,Documentary,5.599999904632568,266
Coborâm la prima,(2018),,84 min,Drama,7.0,711
Angry Birds Blues,(2017–2022),TV-Y,2 min,"Animation, Short, Comedy",6.300000190734863,187
Basilisk: Ouka Ninpouchou,(2018),,,"Animation, Action, Drama",4.699999809265137,176
Labrador,(2011),,73 min,Drama,5.699999809265137,283
"Los Briceño, una familia todo terreno",(2019– ),,46 min,Drama,7.800000190734863,140
Tom Segura: Completely Normal,(2014 TV Special),Not Rated,74 min,"Documentary, Comedy",7.699999809265137,"2,697"
#FriendButMarried 2,(2020),TV-14,100 min,"Biography, Comedy, Drama",6.900000095367432,317
Blockbuster,(2018),,85 min,Comedy,5.5,451
Si Doel the Movie 2,(2019),,95 min,"Drama, Romance",6.800000190734863,185
Three Songs for Benazir,(2021),,22 min,"Documentary, Short",6.199999809265137,"2,532"
Ninja Hattori Returns,(2013– ),TV-Y7,30 min,"Animation, Comedy, Family",7.400000095367432,139
Office,(2015),,111 min,"Mystery, Thriller",6.0,"2,087"
Princess Power,(2023– ),,,"Animation, Short, Adventure",,
Stories from Our Future,(2019– ),,,Sci-Fi,7.099999904632568,128
DokiDoki! PreCure,(2013–2014),TV-Y7,24 min,"Animation, Action, Adventure",6.199999809265137,198
Go! The Unforgettable Party,(2019),,60 min,Family,5.099999904632568,148
Horizon 2074,,,,"Action, Fantasy, Sci-Fi",,
U-Prince: The Handsome Cowboy,(2016),,,"Drama, Romance",7.300000190734863,100
Oh Yuck!,(2017),,,Family,8.0,30
Elite Short Stories: Guzmán Caye Rebe,(2021),TV-MA,36 min,"Short, Crime, Drama",7.400000095367432,"2,343"
The Joys and Sorrows of Young Yuguo,(2022),PG,28 min,"Documentary, Short",,
Cyborg 009: Call of Justice,(2016– ),,100 min,"Animation, Action, Sci-Fi",5.900000095367432,363
The Overnighters,(2014),PG-13,102 min,"Documentary, Drama",7.400000095367432,"2,471"
Nise: The Heart of Madness,(2015),Not Rated,106 min,"Biography, Drama, History",7.599999904632568,"2,422"
A Life of Speed: The Juan Manuel Fangio Story,(2020),,92 min,"Documentary, Biography, Sport",7.0,"1,996"
Qala,(2022),,,"Drama, Horror, Thriller",,
The Prince of Tennis - Match! Tennis Juniors,(2019),,,Sport,7.599999904632568,228
The Iliza Shlesinger Sketch Show,(2020– ),TV-MA,115 min,Comedy,5.0,934
Teddy,(VI),,,Comedy,,
Lotería,,,,"Adventure, Drama",,
Drink Masters,(2022– ),,40 min,"Game-Show, Reality-TV",,
Pulang,(2018),TV-14,120 min,Drama,6.699999809265137,600
Pokémon: Happy Birthday to You!,(2017 TV Short),,1 min,"Animation, Short",5.0,35
Johan Falk: Vapenbröder,(2009 Video),,93 min,"Action, Crime, Thriller",6.599999904632568,"2,770"
How to Get Over a Breakup,(2018),TV-MA,104 min,Comedy,6.099999904632568,"2,028"
Broken Idol: The Undoing of Diomedes Diaz,(2022),,102 min,"Documentary, Crime",6.199999809265137,189
Sean Banan inuti Seanfrika,(2012),,76 min,Comedy,2.200000047683716,"1,534"
Sarah Silverman: A Speck of Dust,(2017 TV Special),TV-MA,71 min,Comedy,6.900000095367432,"3,766"
Flimflam,(2016),,90 min,"Comedy, Family",5.5,"1,504"
Headspace: Unwind Your Mind,(2021),TV-G,15 min,"Documentary, Animation, Short",7.099999904632568,155
Pitta Kathalu,(2021– ),TV-MA,150 min,"Drama, Romance",5.099999904632568,751
Kings of Jo'burg,(2020– ),,,"Crime, Thriller",5.099999904632568,507
Something About Love,(2021),,105 min,"Comedy, Romance",5.5,342
Churchill's Secret Agents: The New Recruits,(2018),,60 min,"Documentary, History",7.699999809265137,582
Narcoworld: Dope Stories,(2019– ),TV-MA,39 min,"Documentary, Crime",6.599999904632568,329
"Whose Vote Counts, Explained",(2020),TV-PG,74 min,Documentary,7.300000190734863,"1,179"
A Haunting at Silver Falls: The Return,(2019),TV-14,79 min,Horror,3.200000047683716,302
Internet Famous,(2016),,87 min,Comedy,3.5,"1,186"
ReMastered: Tricky Dick and the Man in Black,(2018 TV Movie),,59 min,"Documentary, Biography",7.099999904632568,"1,554"
Missing Persons Unit,(2007),,86 min,"Crime, Drama, Thriller",6.199999809265137,638
Blood Will Tell,(2019),TV-MA,113 min,"Drama, Mystery, Thriller",6.099999904632568,848
Vai avanti tu che mi vien da ridere,(1982),,92 min,"Comedy, Thriller",5.699999809265137,318
Ingress: The Animation,(2018–2019),TV-MA,24 min,"Animation, Action, Sci-Fi",6.5,542
Bombay Rose,(2019),PG-13,97 min,"Animation, Drama, Romance",6.300000190734863,664
Joe Rogan: Triggered,(2016 TV Special),,63 min,Comedy,7.400000095367432,"4,584"
1 Chance 2 Dance,(2014),G,89 min,"Drama, Family",4.599999904632568,579
Bir Baba Hindu,(2016),,112 min,"Action, Adventure, Comedy",2.5,"2,526"
Arpo: The Robot for All Kids,(2012– ),TV-Y7,11 min,Animation,5.5,27
Mister Twister: Class of Fun,(2012),,80 min,"Comedy, Family",6.699999809265137,794
Whisper,(2017),,,Drama,7.099999904632568,191
ThirTEEN Terrors,(2014–2015),,,"Horror, Mystery, Thriller",6.800000190734863,306
Sutton's Case,(2020),,77 min,Thriller,2.9000000953674316,185
The King Loves,(2017),,,"Drama, Romance",7.300000190734863,288
The Great Interior Design Challenge,(2014–2017),TV-PG,,Documentary,7.300000190734863,490
Paul Virzi: Nocturnal Admissions,(2022 TV Special),,65 min,Comedy,6.900000095367432,191
Behind 98,(2015),,106 min,"Drama, History, Thriller",6.699999809265137,72
13 Reasons Why: Season 2 Date Announcement Commercial,(2018),Not Rated,1 min,"Short, Drama",7.199999809265137,260
A Weekend with the Family,(2016),TV-14,82 min,"Comedy, Romance",4.800000190734863,382
Sister Death,(2022),,,"Horror, Mystery",,
Angela's Christmas,(2017),G,30 min,"Animation, Short, Adventure",7.0,"3,008"
Sandkings,,,,"Adventure, Fantasy, Sci-Fi",,
The (Silent) War,(2019),TV-MA,121 min,"Action, Drama",5.5,698
Chris D'Elia: No Pain,(2020 TV Special),,55 min,Comedy,5.900000095367432,"1,808"
The Magic School Bus Rides Again in the Zone,(2020 TV Movie),TV-Y,46 min,"Animation, Adventure, Comedy",5.800000190734863,61
Bobby Robson: More Than a Manager,(2018),,104 min,"Documentary, Sport",8.100000381469727,"3,107"
Untitled Wallace and Gromit Film,(2024),,,"Animation, Adventure, Comedy",,
Terminator,,TV-MA,,"Animation, Action, Adventure",,
LFO,(2013),,94 min,"Drama, Sci-Fi",6.599999904632568,"1,172"
The Awakening,(V) (2010),Not Rated,83 min,"Horror, Thriller",2.5,155
Braxton Family Values,(2011– ),TV-PG,60 min,"Biography, Comedy, Drama",5.699999809265137,639
Talisman,,,,"Adventure, Drama, Fantasy",,
GMO OMG,(2013),,90 min,Documentary,6.300000190734863,"1,477"
A Thousand Goodnights,(2019– ),,72 min,Drama,8.0,101
Skin Decision: Before and After,(2020– ),,,Reality-TV,5.800000190734863,416
Sugar Coated,(2015),,90 min,Documentary,7.5,863
Nowhere,(XIV),,,"Drama, Thriller",,
Whipped,(2020),TV-14,97 min,"Comedy, Drama, Romance",4.0,643
Sinatra Club,(2010),Not Rated,88 min,"Action, Biography, Crime",4.599999904632568,616
Adios Amigos,(2016),,91 min,Drama,6.599999904632568,678
Ella Fitzgerald: Just One of Those Things,(2019),TV-14,89 min,"Documentary, Biography, Music",6.900000095367432,457
Styling Hollywood,(2019),,,Reality-TV,6.599999904632568,369
Honeymoon,(2015),,96 min,"Horror, Thriller",4.800000190734863,"1,096"
The Stig-Helmer Story,(2011),,100 min,"Comedy, Drama",4.5,"1,843"
Dark Chocolate,(2016),,92 min,"Crime, Thriller",4.199999809265137,237
Midnight Chronicles,(2009),Not Rated,100 min,"Action, Adventure, Fantasy",3.5999999046325684,"1,026"
Whispers,(2020),TV-14,,"Mystery, Thriller",5.400000095367432,365
Fearless,(2016),,,Documentary,7.099999904632568,312
A StoryBots Space Adventure,(2021),TV-Y,12 min,"Animation, Short, Adventure",7.199999809265137,10
Calum Von Moger: Unbroken,(2019),,95 min,Documentary,6.199999809265137,866
Astronomy Club,(2019),TV-MA,20 min,Comedy,6.900000095367432,606
Catherine Cohen: The Twist...? She's Gorgeous,(2022 TV Special),TV-MA,61 min,"Documentary, Comedy",5.099999904632568,261
Mike Epps: Indiana Mike,(2022 TV Special),TV-MA,58 min,"Documentary, Comedy",4.199999809265137,238
The Sinking of Van Der Wijck,(2013),TV-14,164 min,"Drama, Romance",7.599999904632568,"1,316"
Terra,(2015 TV Movie),,98 min,Documentary,8.300000190734863,"1,924"
My Love: Six Stories of True Love,(2021),TV-PG,418 min,"Documentary, Romance",7.400000095367432,296
ReMastered: The Two Killings of Sam Cooke,(2019 TV Movie),TV-MA,74 min,"Documentary, Music",7.199999809265137,"2,308"
American Bully,(2009),R,85 min,"Crime, Drama, Thriller",4.800000190734863,388
Monty Don's Italian Gardens,(2011),,59 min,Documentary,8.399999618530273,264
"Coronavirus, Explained",(2020),TV-PG,69 min,Documentary,7.599999904632568,"2,286"
Uppity: The Willy T. Ribbs Story,(2020),,109 min,Documentary,7.800000190734863,869
Very Big Shot,(2015),,107 min,"Action, Crime, Drama",6.900000095367432,"1,420"
Whitestar,(2019),,82 min,"Drama, Family",5.5,186
The Sound of Your Heart Reboot,(2018– ),,,Comedy,5.900000095367432,144
"Norm Macdonald: Hitler's Dog, Gossip & Trickery",(2017 TV Special),,61 min,"Documentary, Comedy",7.300000190734863,"3,125"
Silenced,(I) (2014),Not Rated,102 min,"Documentary, Drama",7.599999904632568,351
The Lost Brother,(2017),,112 min,"Crime, Drama, Thriller",6.5,"1,745"
Ali Wong: Hard Knock Wife,(2018 TV Special),TV-MA,64 min,Comedy,7.300000190734863,"5,030"
Fire in Paradise,(2019),TV-MA,39 min,"Documentary, Short",7.400000095367432,974
Doonby,(2013),PG-13,104 min,"Drama, Mystery",5.199999809265137,522
Crossroads: One Two Jaga,(2018),,85 min,"Crime, Drama",6.5,651
Johan Falk: Leo Gaut,(2009 Video),,92 min,"Action, Crime, Romance",6.099999904632568,"2,434"
Johan Falk: De 107 patrioterna,(2012 Video),,92 min,"Action, Crime, Thriller",6.5,"2,249"
Puerta 7,(2020– ),TV-MA,45 min,"Crime, Drama, Thriller",5.599999904632568,566
Hello Ninja,(2019– ),TV-Y,11 min,"Animation, Action, Adventure",5.5,127
Bhaag Beanie Bhaag,(2020– ),TV-MA,29 min,Comedy,4.199999809265137,"6,685"
A Faster Horse,(2015),Not Rated,85 min,Documentary,6.699999809265137,675
Natale a 5 stelle,(2018),TV-14,92 min,Comedy,4.5,778
Strangled,(2020– ),,45 min,"Crime, Drama, History",7.300000190734863,290
Black Site Delta,(2017),,87 min,"Action, Thriller",3.799999952316284,"1,034"
Tig,(2015),TV-14,95 min,"Documentary, Biography",7.400000095367432,"2,706"
No Voy a Pedirle a Nadie que me Crea,,,,Comedy,,
The Hall: Honoring the Greats of Stand-Up,(2022 TV Special),TV-MA,70 min,Comedy,6.300000190734863,476
Woman of the Dead,(2022– ),,,"Drama, Thriller",,
Chris Distefano: Speshy Weshy,(2022 TV Special),,36 min,Comedy,6.400000095367432,468
One in a Billion,(2016),,69 min,Documentary,6.699999809265137,554
Titoudao,(2020),,60 min,Drama,8.399999618530273,26
100% Hotter,(2016– ),,60 min,Reality-TV,4.400000095367432,885
Paradox,(II) (2018),,73 min,"Fantasy, Music",3.9000000953674316,723
Derren Brown: Miracle,(2016 TV Special),,73 min,Documentary,6.5,"1,059"
The 24 Hour War,(2016),,99 min,"Documentary, History, Sport",7.199999809265137,"2,175"
Not a Game,(I) (2020),,97 min,Documentary,5.599999904632568,564
Bangistan,(2015),Not Rated,135 min,"Comedy, Drama",4.5,"1,305"
Peter and the Farm,(2016),Unrated,91 min,Documentary,7.099999904632568,801
Neal Brennan: 3 Mics,(2017 TV Special),TV-MA,65 min,Comedy,7.900000095367432,"3,362"
Good Times,,,,"Animation, Comedy",,
Possesive,(2017),Not Rated,102 min,"Comedy, Drama, Romance",7.300000190734863,945
Nobody Speak: Trials of the Free Press,(2017),TV-14,95 min,Documentary,6.5,"4,167"
Dolphin Kick,(2019),,89 min,Adventure,4.400000095367432,323
We Are the Freaks,(2013),Unrated,80 min,"Comedy, Drama",4.599999904632568,356
Super Zach,(2018– ),,,"Animation, Action, Adventure",8.300000190734863,14
Barbra: The Music... The Mem'ries... The Magic!,(2017 TV Special),TV-14,110 min,Music,7.5,471
The Treasure of San Gennaro,(1966),,104 min,"Comedy, Crime",6.900000095367432,"1,536"
Issaq,(2013),,148 min,"Drama, Romance",4.400000095367432,489
High: Confessions of an Ibiza Drug Mule,(2021),,,Documentary,6.599999904632568,155
Sweet Twenty,(2017),TV-14,110 min,"Comedy, Fantasy, Music",7.199999809265137,411
Little Italy,(1978),,91 min,"Action, Comedy, Crime",5.900000095367432,371
Forgive Us Our Debts,(2018),TV-MA,104 min,Drama,6.199999809265137,"1,621"
The Third Charm,(2018),,75 min,"Comedy, Romance",6.099999904632568,333
The New Adventures of Oggy,(2021– ),TV-Y,22 min,"Animation, Adventure, Comedy",6.900000095367432,47
Empresses in the Palace,(2015),,90 min,"Drama, History, Romance",8.300000190734863,357
McCullin,(2012),,91 min,Documentary,8.199999809265137,"2,238"
Mulligan,,,,"Animation, Comedy, Sci-Fi",,
Love the Way U Lie,(2020),,99 min,"Comedy, Romance",5.5,94
Coach Snoop,(2016– ),TV-MA,30 min,Documentary,6.699999809265137,601
Freshman Year,(2019),,105 min,Drama,4.900000095367432,223
Highway of Tears,(2015),,79 min,Documentary,7.099999904632568,121
Las Muñecas de la Mafia (II),(2009–2019),,,Action,7.400000095367432,29
Chung Cu Ma,(2014),,115 min,"Comedy, Horror",5.400000095367432,133
Ultraman,,,,"Animation, Action, Adventure",,
Joanna Lumley's Japan,(2016– ),,46 min,Documentary,8.300000190734863,424
Twinsters,(2015),PG-13,89 min,"Documentary, Biography",7.5,"4,805"
Monty Python's Personal Best,(2006),,,Comedy,7.900000095367432,445
Captain Underpants: Mega Blissmas,(2020 TV Special),TV-PG,45 min,"Animation, Comedy, Family",5.199999809265137,167
Shark,(I) (2015– ),,59 min,Documentary,8.399999618530273,301
Luo Bao Bei,(2018),,,Animation,8.199999809265137,37
Dukhtar,(2014),Not Rated,93 min,"Drama, Thriller",6.900000095367432,"2,429"
Doris,(I) (2018),,89 min,Comedy,6.099999904632568,648
A Man Called Ahok,(2018),,102 min,"Biography, Drama",8.199999809265137,"4,326"
The Heartbreak Club,(2021),TV-14,101 min,"Comedy, Drama, Romance",6.300000190734863,200
Larva Island,(2018–2019),TV-Y7,8 min,"Animation, Adventure, Comedy",6.5,431
Django Shoots First,(1966),,95 min,"Romance, Western",6.0,508
FirstBorn,(2016),Not Rated,86 min,Horror,4.800000190734863,"1,928"
Amit Tandon: Family Tandoncies,(2019 TV Special),,72 min,Comedy,7.099999904632568,260
Salaakhen,(1975),,129 min,"Action, Thriller",5.699999809265137,75
Take My Brother Away,(2018– ),,45 min,"Comedy, Drama, Family",6.800000190734863,173
I Called Him Morgan,(2016),,92 min,"Documentary, Drama, History",7.300000190734863,"1,838"
Spectros,(2020– ),,,"Fantasy, Thriller",4.699999809265137,424
Nate Bargatze: The Tennessee Kid,(2019 TV Special),,60 min,Comedy,7.599999904632568,"1,896"
Dance Monsters,,,,"Game-Show, Reality-TV",,
"I Do, I Do",(2012),,,"Comedy, Drama",6.699999809265137,192
The Misadventures of Hedi and Cokeman,(2021),TV-MA,99 min,"Action, Comedy, Crime",4.400000095367432,651
Aelay,(2021),,153 min,"Comedy, Drama",7.0,694
Roscoe's House of Chicken n Waffles,(2004 Video),Not Rated,90 min,Comedy,4.099999904632568,71
Untitled Jason Bateman/John Cena/Netflix Project,,,,"Action, Comedy, Fantasy",,
Masameer: The Movie,(2020),,110 min,Animation,5.900000095367432,"2,298"
The Last Hangover,(2018),,44 min,"Short, Comedy",6.300000190734863,"2,324"
La Tarotista,(2021),,,"Short, Comedy, Talk-Show",7.599999904632568,23
First and Last,(2018– ),,40 min,Documentary,6.699999809265137,434
Triada,(2022– ),,,Drama,,
Paprika,(2018– ),,11 min,"Animation, Family",7.900000095367432,31
Uprising,(VI),,,"Action, Thriller",,
The Music of Strangers: Yo-Yo Ma and the Silk Road Ensemble,(2015),PG-13,96 min,"Documentary, Music",7.699999809265137,731
CounterPunch,(2017),,91 min,"Documentary, Sport",6.699999809265137,925
The Claus Family 2,(2021),TV-PG,97 min,"Comedy, Family, Fantasy",5.599999904632568,261
In Our Mothers' Gardens,(2021),,,Documentary,8.600000381469727,141
The Deported,(2009),PG-13,90 min,Comedy,4.400000095367432,138
The Science of Fictions,(2019),,106 min,Drama,6.599999904632568,123
Gabriel Iglesias: Stadium Fluffy Live from Los Angeles,(2022 TV Special),,115 min,Comedy,,
The Memory of Water,(2015),,88 min,"Drama, Romance",6.099999904632568,761
Rez Ball,,,,"Drama, Sport",,
Pearl,,TV-Y7,,"Animation, Adventure, Comedy",,
Rentnercops,(2015– ),,,"Comedy, Crime, Drama",6.599999904632568,68
Satria Heroes: Revenge of the Darkness,(2017),TV-PG,92 min,"Action, Adventure, Drama",4.599999904632568,71
Monopoly (The Bank of Luck),(2017),,122 min,Comedy,6.300000190734863,"1,371"
Scams,(2019– ),,,"Action, Crime, Drama",6.400000095367432,392
Dorei-ku The Animation,(2018– ),,24 min,Animation,5.699999809265137,114
The Investigator: A British Crime Story,(2016–2018),,47 min,"Documentary, Crime",5.599999904632568,"1,720"
Seth Meyers: Lobby Baby,(2019 TV Special),TV-MA,61 min,Comedy,7.400000095367432,"2,639"
A Family Reunion Christmas,(2019 TV Movie),,28 min,"Comedy, Family",5.800000190734863,229
The Brave Ones,(2022– ),TV-14,45 min,"Drama, Fantasy, Sci-Fi",3.5999999046325684,229
"Ron White: If You Quit Listening, I'll Shut Up",(2018 TV Special),,63 min,Comedy,6.5,859
The First Temptation of Christ,(2019),,46 min,Comedy,4.800000190734863,"3,419"
Johnny Hallyday: Beyond Rock,(2022– ),TV-14,40 min,"Documentary, Music",7.099999904632568,131
Journey to Greenland,(2016),,98 min,"Comedy, Drama",6.300000190734863,"1,353"
Lift Me Up,(2015),Not Rated,108 min,Family,5.599999904632568,676
Alice Júnior,(2019),Not Rated,87 min,"Animation, Comedy, Drama",6.900000095367432,556
Natalie Palamides: Nate - A One Man Show,(2020 TV Special),TV-MA,59 min,Comedy,6.5,375
Armed to the Teeth,(2018),,105 min,"Documentary, Crime, Thriller",7.900000095367432,664
The Chosen,(2016),,125 min,"Drama, History, Thriller",6.599999904632568,823
Frauensee,(2012),Not Rated,85 min,Drama,5.599999904632568,248
15 August,(2019),,124 min,Drama,5.800000190734863,280
The Spy Who Fell to Earth,(2019),,94 min,"Documentary, Mystery",6.5,"1,143"
The Bling Lagosians,(2019),,97 min,Drama,6.5,98
Break It All: The History of Rock in Latin America,(2020),TV-MA,,"Documentary, Biography, Music",7.599999904632568,"1,250"
Sugar Rush Christmas,(2019– ),TV-PG,,Reality-TV,6.800000190734863,603
Eric,,,,"Drama, Thriller",,
Flatbush Luck,(2016),,93 min,"Comedy, Crime, Drama",5.300000190734863,112
Ben X Jim,(2020– ),,,Romance,6.599999904632568,85
Gimme the Loot,(2012),Not Rated,81 min,"Comedy, Crime, Drama",6.599999904632568,"2,556"
Lego: City,(2017– ),Not Rated,26 min,Animation,5.0,42
Shoe Dog,,,,Biography,,
Johan Falk: Barninfiltratören,(2012 Video),,93 min,"Action, Crime, Thriller",6.699999809265137,"2,165"
Recall,(2017),TV-MA,73 min,"Crime, Drama, Thriller",3.0,265
Uchi no Maid ga Uzasugiru,(2018– ),,23 min,"Animation, Comedy",6.199999809265137,171
A Year in Burgundy,(2013),Not Rated,91 min,"Documentary, Drama, Family",6.900000095367432,563
Life's a Breeze,(2013),R,83 min,"Comedy, Drama",6.300000190734863,"1,171"
Love You as the World Ends,(2021–2022),,60 min,Action,6.5,115
The Forest,(V) (2016),,109 min,"Drama, Fantasy, Horror",6.400000095367432,297
The Road to Calvary,(2017– ),,,Drama,7.599999904632568,854
Kill Bok-soon,,,,"Action, Thriller",,
Fuga de Reinas,,,,Comedy,,
Chelsea Peretti: One of the Greats,(2014 TV Special),,74 min,Comedy,6.900000095367432,"2,398"
"Ayotzinapa, El paso de la Tortuga",(2018),,80 min,Documentary,7.400000095367432,211
Nosferatu - Ein Film wie ein Vampir,(2022 TV Movie),,76 min,Documentary,6.099999904632568,33
Legal High,(2019– ),,60 min,"Comedy, Drama",7.5,102
The Negotiators,(2019– ),,,Crime,7.5,20
"Hail, Driver!",(2020),,82 min,Drama,6.800000190734863,125
"Rob Schneider: Asian Momma, Mexican Kids",(2020 TV Special),TV-MA,44 min,Comedy,5.5,798
Rokuhoudou Yotsuiro Biyori,(2022– ),,,Drama,7.599999904632568,29
Bigger Than Africa,(2018),,90 min,Documentary,7.300000190734863,38
Octonauts and the Caves of Sac Actun,(2020),,72 min,"Animation, Adventure, Comedy",6.199999809265137,191
Dance 100,,,,"Game-Show, Reality-TV",,
Under Suspicion: Uncovering the Wesphael Case,(2021),TV-14,180 min,"Documentary, Crime",6.300000190734863,761
Untitled Scott Pilgrim anime series,,TV-14,,"Animation, Action, Comedy",,
Dinotrux Supercharged,(2017–2018),TV-Y7,24 min,"Animation, Short, Action",7.5,98
Mariposa,(2020),TV-14,117 min,"Comedy, Drama, Romance",6.900000095367432,743
Merry Men 2,(2019),TV-MA,115 min,"Action, Comedy",6.400000095367432,71
Lara and the Beat,(2018),TV-MA,137 min,"Drama, Music, Romance",5.800000190734863,150
Shopkins,(2014– ),,,Animation,3.799999952316284,35
Rhyme Time Town,(2020– ),TV-Y,,"Animation, Adventure, Comedy",7.699999809265137,80
The Little Switzerland,(2019),,86 min,Comedy,4.800000190734863,"1,279"
In Family We Trust,(2018– ),,,"Drama, Mystery, Thriller",8.300000190734863,456
Amy Schumer: Growing,(2019 TV Special),TV-MA,60 min,Comedy,5.400000095367432,"3,941"
Towies,(2016– ),,30 min,Reality-TV,6.199999809265137,6
"Hello, Privilege. It's Me, Chelsea",(2019 TV Movie),TV-MA,64 min,Documentary,4.599999904632568,"2,002"
A Scandall,(2016),,112 min,Thriller,3.0999999046325684,159
Izetta: The Last Witch,(2016– ),TV-14,,"Animation, Action, Fantasy",6.699999809265137,335
Vaastu Shastra,(2004),,106 min,"Horror, Mystery",5.0,695
Amazon,(2000),,88 min,"Adventure, Comedy, Romance",4.800000190734863,487
Elite Short Stories: Phillipe Caye Felipe,(2021),,,"Drama, Romance",6.199999809265137,723
Go Off with Jess & Julissa,(2021– ),,,Comedy,,
Gabriel Iglesias: I'm Sorry for What I Said When I Was Hungry,(2016 TV Special),,87 min,Comedy,7.400000095367432,"2,591"
OCTB,(2017– ),,24 min,"Crime, Drama",7.099999904632568,171
Tony Parker: The Final Shot,(2021),TV-14,98 min,"Documentary, Biography, Sport",6.800000190734863,"1,436"
Supermodel,(2015),,97 min,Drama,4.300000190734863,103
My Husband Oh Jak-doo,(2018),,70 min,"Drama, Romance",6.699999809265137,229
"Apocalypse, Please!",(2022 TV Movie),,85 min,"Action, Comedy",3.4000000953674316,22
Jim Jefferies: Freedumb,(2016 TV Special),TV-MA,86 min,Comedy,7.699999809265137,"5,501"
Guillermo Villas: Settling the Score,(2020),TV-14,94 min,"Documentary, Biography, Sport",7.099999904632568,667
Train of the Dead,(2007),TV-14,88 min,"Crime, Horror, Mystery",3.5,383
"Sing, Dance, Act: Kabuki featuring Toma Ikuta",(2022),TV-PG,87 min,Documentary,7.0,69
Father Soldier Son,(2020),R,99 min,"Documentary, War",7.300000190734863,967
Dayveon,(2017),,75 min,"Crime, Drama",6.300000190734863,533
Isle of Dogs,(2010),R,90 min,"Action, Crime, Thriller",3.5,566
Creating the Queen's Gambit,(2021 TV Short),,14 min,"Documentary, Short",6.900000095367432,627
What are the Odds?,(2019),,92 min,Drama,5.199999809265137,844
La Línea: Shadow of Narco,(2020),TV-MA,,"Documentary, Crime",6.400000095367432,405
Eyyvah Eyvah,(2010),,104 min,Comedy,7.0,"20,584"
The Karma Killings,(2016),Not Rated,83 min,"Documentary, Crime, Mystery",6.900000095367432,191
Hangout,(2016),,101 min,"Comedy, Thriller",5.900000095367432,732
Searching for Sheela,(2021),,58 min,"Documentary, Biography, Crime",4.300000190734863,"1,387"
Springsteen on Broadway,(2018 TV Movie),TV-MA,153 min,"Documentary, Music",8.5,"2,230"
The Last Mrs. Parrish,,,,Thriller,,
Devil's Bride,(2016),R,110 min,"Drama, History",6.0,"1,322"
Zum zum zum n° 2,(1969),,93 min,"Comedy, Musical",5.400000095367432,44
James,(2005),,,"Action, Romance",3.700000047683716,358
Nobuta wo produce,(2005),,45 min,"Comedy, Drama",7.599999904632568,"2,247"
Jeff Foxworthy: The Good Old Days,(2022 TV Special),TV-14,60 min,"Documentary, Biography, Comedy",6.199999809265137,444
The Bellhop,,,,Action,,
The Unbelievers,(2013),Not Rated,77 min,Documentary,6.900000095367432,"6,645"
"Trailer Park Boys: Drunk, High & Unemployed",(2015 TV Movie),,74 min,Comedy,6.5,"1,079"
Pandora's Promise,(2013),Not Rated,87 min,Documentary,7.300000190734863,"1,911"
Living Will...,(2010),R,101 min,Comedy,4.199999809265137,621
Best of Stand-up 2020,(2020 TV Special),,76 min,Comedy,5.5,650
The World Before Her,(2012),TV-PG,90 min,Documentary,7.599999904632568,846
Eye in the Sky,(2007),Not Rated,90 min,"Action, Crime, Thriller",6.699999809265137,"1,898"
Akbar Birbal,(2014– ),,25 min,"Comedy, Drama, History",7.800000190734863,160
Dave Chappelle: The Kennedy Center Mark Twain Prize for American Humor,(2020 TV Special),TV-MA,90 min,Comedy,7.400000095367432,"2,239"
Sr. Pig,(2016),,100 min,Drama,5.800000190734863,"1,242"
1994,(I) (2019– ),,,"Documentary, History",7.599999904632568,536
Old Man's War,,,,"Drama, Sci-Fi, War",,
He Who Dares,(2014),,82 min,"Action, Crime, Thriller",3.0999999046325684,"1,046"
Larry Charles' Dangerous World of Comedy,(2019– ),,60 min,"Documentary, Comedy",7.300000190734863,584
VeggieTales in the City,(2017),TV-Y,,"Animation, Short, Adventure",5.300000190734863,119
Animals on the Loose: A You vs. Wild Movie,(2021 TV Movie),TV-PG,90 min,"Adventure, Reality-TV",5.800000190734863,967
Moon Hotel Kabul,(2018),,100 min,Drama,6.400000095367432,229
Miss Me This Christmas,(2017),,87 min,"Comedy, Romance",4.400000095367432,505
Michael McIntyre: Showman,(2020 TV Special),TV-MA,62 min,Comedy,7.099999904632568,"1,278"
Marita,(2017),,100 min,Drama,6.199999809265137,378
Sustainable,(2016),,92 min,"Documentary, History, News",7.300000190734863,573
Carmen Sandiego: To Steal or Not to Steal,(2020),TV-Y7-FV,31 min,"Animation, Short, Action",6.900000095367432,803
Welcome Mr. President,(2013),,98 min,Comedy,6.199999809265137,"3,419"
Demetri Martin: The Overthinker,(2018 TV Special),,56 min,Comedy,7.199999809265137,"1,738"
Charlie and the Chocolate Factory,,,,"Animation, Adventure, Comedy",,
Ms. Pat: Y'all Wanna Hear Something Crazy?,(2022 TV Special),TV-MA,54 min,Comedy,6.0,191
Craigslist Joe,(2012),Not Rated,90 min,"Documentary, Adventure",6.699999809265137,"3,816"
House of Ninjas,,,,Drama,,
Uncertain Glory,(2017),,115 min,Drama,6.099999904632568,964
Dance Dreams: Hot Chocolate Nutcracker,(2020),TV-G,80 min,"Documentary, Family",7.0,344
"The Other One: The Long, Strange Trip of Bob Weir",(2014),,85 min,"Documentary, Biography, Music",7.300000190734863,"1,689"
The Oil Prince,(1965),Approved,89 min,"Western, Adventure",5.800000190734863,"1,408"
How to Eliminate My Teacher,(2020),,24 min,"Mystery, Thriller",4.599999904632568,79
Johan Falk: Lockdown,(2015 Video),,99 min,"Action, Crime, Thriller",7.199999809265137,"1,757"
Eddie - Strongman,(2015),TV-14,98 min,Documentary,7.400000095367432,"1,179"
Far from Here,(2017),,93 min,Drama,5.5,149
Jeff Dunham: Relative Disaster,(2017 TV Special),TV-MA,70 min,Comedy,6.400000095367432,"1,295"
Curtiz,(2018),TV-MA,98 min,"Biography, Drama, History",6.0,"1,083"
Sab Jholmaal Hai,(2017– ),TV-G,,Animation,6.699999809265137,53
The Spooky Tale of Captain Underpants Hack-a-Ween,(2019 TV Special),TV-PG,45 min,"Animation, Short, Action",5.900000095367432,217
First Team: Juventus,(2018),,40 min,"Documentary, Reality-TV, Sport",7.199999809265137,"2,107"
Todo sobre el asado,(2016),,85 min,Documentary,6.5,592
The Search for General Tso,(2014),Not Rated,71 min,"Documentary, Comedy, History",6.900000095367432,"1,765"
Anna K,(III),,,"Drama, Romance",,
One Day More,(2011),,112 min,"Comedy, Romance",6.199999809265137,"1,222"
Sunrise,(I) (2014),Not Rated,85 min,"Crime, Drama, Mystery",6.300000190734863,300
Ehrengard,(2023),,,"Drama, Romance",,
The Cipher,(III),,,,,
"What's Wrong, Poong-Sang",(2019),,,Drama,7.199999809265137,53
Tikli and Laxmi Bomb,(2017),,151 min,Drama,7.699999809265137,"7,617"
Chip and Potato: Chip's Holiday,(2022 TV Special),TV-Y,24 min,"Animation, Family",6.400000095367432,8
My Little Pony: Winter Wishday,(2022 TV Special),TV-Y,44 min,"Animation, Adventure, Comedy",,
We Are Pregnant,(2016),TV-MA,100 min,"Comedy, Romance",5.5,"1,544"
Sherina's Adventure,(2000),TV-G,112 min,"Adventure, Comedy, Drama",7.800000190734863,830
Senzo: Murder of a Soccer Star,(2022),TV-MA,40 min,"Documentary, Crime, Mystery",5.400000095367432,214
A Liberal Passion,(2013),,90 min,Comedy,5.199999809265137,591
The Ballad of Hugo Sánchez,(2018),TV-MA,,"Comedy, Drama",6.5,838
Evicted,(1999),R,99 min,Comedy,3.799999952316284,83
Ivana the Terrible,(2019),,89 min,Drama,6.099999904632568,369
Puss in Book: Trapped in an Epic Tale,(2017),TV-Y7,23 min,"Animation, Short, Action",5.199999809265137,592
I Am a Stalker,(2022– ),TV-MA,50 min,"Documentary, Crime",,
Krummerne - Så er det jul igen,(2006),,90 min,"Adventure, Comedy, Family",4.300000190734863,209
Jack Whitehall: I'm Only Joking,(2020 TV Special),TV-MA,58 min,Comedy,6.599999904632568,"1,566"
Sen Benim HerSeyimsin,(2016),,107 min,Comedy,6.199999809265137,"2,738"
"¡Ay, mi madre!",(2019),TV-MA,84 min,Comedy,3.9000000953674316,412
Exatlon Turkey (2020),(2020),,46 min,"Game-Show, Reality-TV, Sport",3.9000000953674316,549
Bad Crimes,,TV-MA,,"Animation, Action, Comedy",,
Til Death Do Us Part,(II) (2019),,,"Sci-Fi, Thriller",6.199999809265137,191
Tiffany Haddish Presents: They Ready,(2019– ),TV-14,,Comedy,6.599999904632568,578
Captain Fall,,TV-MA,,"Animation, Comedy",,
The Guard Post,(2008),,121 min,"Horror, Mystery, Thriller",5.800000190734863,"1,803"
The Wedding Party,(I) (2016),PG-13,112 min,"Comedy, Romance",4.800000190734863,218
Johan Falk: De fredlösa,(2009 Video),,94 min,"Action, Crime, Thriller",6.599999904632568,"2,231"
Smile at the Runway,(2020– ),,24 min,"Animation, Comedy, Drama",6.800000190734863,229
The Ollie & Moon Show,(2017– ),,11 min,"Animation, Family",8.5,72
ReMastered: The Miami Showband Massacre,(2019 TV Movie),,71 min,"Documentary, Crime, Music",7.0,"1,424"
Room 2806: The Accusation,(2020),TV-MA,197 min,"Documentary, Crime",7.0,"2,348"
S Is for Stanley,(2015),,78 min,"Documentary, Biography, Drama",6.900000095367432,"1,707"
Untitled Vince Vaughn/Netflix Project,,,,"Action, Comedy",,
Life Overtakes Me,(2019),TV-PG,39 min,"Documentary, Short",6.5,"1,951"
Escape from Hat,(2022),,,"Animation, Adventure, Comedy",,
The Unknown: Legend of Exorcist Zhong Kui,(2020– ),,,"Action, Adventure, Fantasy",,
Jimmy Carr: Funny Business,(2016 TV Special),Not Rated,62 min,Comedy,7.199999809265137,"4,433"
Being Elmo: A Puppeteer's Journey,(2011),PG,80 min,Documentary,7.599999904632568,"7,086"
Firebrand,(2019),,116 min,Drama,5.099999904632568,283
Dawg Fight,(2015),,109 min,Documentary,6.300000190734863,"1,746"
And the Oscar Goes to...,(2014 TV Movie),,87 min,"Documentary, History",7.099999904632568,"1,482"
Hibana,(2016),,60 min,Drama,7.800000190734863,919
The Kane Chronicles: The Red Pyramid,,,,"Action, Adventure, Drama",,
Voice,(2019–2020),,,Thriller,7.199999809265137,30
Hidden Worlds,(2018),,,Drama,7.099999904632568,586
Sexy Central,(2019– ),,,Drama,,
Russell Howard: Lubricant,(2021– ),,,Comedy,7.099999904632568,870
Watashi-tachi wa Doka Shiteiru,(2020– ),,60 min,"Drama, Mystery, Romance",7.400000095367432,201
Jim Jefferies: BARE,(2014 TV Special),TV-MA,77 min,Comedy,8.0,"5,504"
The Legend of Cocaine Island,,,,Comedy,,
Chosen,(2017–2019),,,Action,5.199999809265137,126
Untitled Lupita Nyong'o/Rihanna Project,,,,Drama,,
Nikki Glaser: Bangin',(2019 TV Special),,63 min,Comedy,6.099999904632568,"1,716"
Ainori Love Wagon: Asian Journey,(2017– ),,,"Game-Show, Reality-TV",7.0,284
Rapture,(2018– ),,,"Documentary, Music",7.0,562
Fire Chasers,(2017),,,Documentary,6.599999904632568,375
What Would Sophia Loren Do?,(2021),TV-14,32 min,"Documentary, Short, Biography",6.599999904632568,738
SanPa: Sins of the Savior,(2020),,298 min,"Documentary, Crime",7.800000190734863,"1,547"
John Was Trying to Contact Aliens,(2020),,16 min,"Documentary, Short, Biography",6.400000095367432,"1,541"
The Moon Represents My Heart,,,,Drama,,
Jeff Dunham's Very Special Christmas Special,(2008 TV Special),Not Rated,85 min,Comedy,7.400000095367432,"3,049"
Transferts,(2017– ),,56 min,"Sci-Fi, Thriller",7.199999809265137,968
21 Days Under the Sky,(2016),Unrated,70 min,Documentary,6.599999904632568,261
Kids on the Block,(2019),,103 min,"Comedy, Family",5.699999809265137,375
The Precipice Game,(2016),,90 min,Horror,4.699999809265137,610
"I, Chihuahua",,,,"Animation, Adventure, Comedy",,
If Only,(2022– ),,,Drama,,
Niyazi Gül Dörtnala,(2015),,106 min,Comedy,4.5,"3,230"
Sleepless Society: Insomnia,(2020– ),,,"Drama, Mystery, Thriller",7.400000095367432,90
The Epic Tales of Captain Underpants in Space,(2020– ),TV-Y7,24 min,"Animation, Action, Comedy",7.099999904632568,114
The Match,(2019),,94 min,Drama,5.0,684
What We Started,(2017),,94 min,Documentary,7.099999904632568,"2,047"
Like Cotton Twines,(2016),Not Rated,96 min,Drama,7.699999809265137,70
Historia de un clan,(2015– ),TV-MA,50 min,"Biography, Crime, Drama",7.699999809265137,948
Revolver Rani,(2014),Not Rated,132 min,"Action, Comedy, Crime",4.699999809265137,"1,932"
Eric Andre: Legalize Everything,(2020 TV Special),TV-MA,51 min,Comedy,6.199999809265137,"2,561"
Night Fare,(2015),TV-MA,80 min,Thriller,5.5,"1,479"
We Are: The Brooklyn Saints,(2021– ),TV-14,,"Documentary, Sport",6.5,164
Ghee Happy,,TV-Y,,"Animation, Comedy, Family",,
City of Joy,(2016),,74 min,"Documentary, Crime, Drama",7.599999904632568,551
God Country,(I),,,"Action, Adventure, Fantasy",,
Bad Samaritans,(2013),TV-MA,30 min,Comedy,6.5,439
Making the Witcher,(2020 TV Movie),,32 min,Documentary,6.800000190734863,461
Kommissarie Späck,(2010),,82 min,"Comedy, Crime",4.699999809265137,"1,805"
Fool Me Once,,,,Thriller,,
Blood & Gold,(II),,,"Action, Drama, Western",,
The Witcher: The Characters of the Continent,(2021 TV Short),,,"Documentary, Short",6.5,72
Hook,(2020– ),,45 min,"Drama, Romance, Sport",6.400000095367432,27
Dry,(III) (2015),Not Rated,107 min,Drama,7.300000190734863,86
E-Team,(2014),,88 min,"Documentary, War",7.099999904632568,896
Jal,(2013),Unrated,126 min,Drama,6.599999904632568,486
Untitled Sujoy Ghosh Project,(2023),,,Thriller,,
George Lopez: We'll Do It for Half,(2020 TV Special),TV-MA,51 min,Comedy,5.699999809265137,457
Untitled Netflix/Kevin James Project,,,,Comedy,,
Placebo,(I) (2014),Not Rated,96 min,"Documentary, Drama, Fantasy",7.599999904632568,352
Voices of Fire,(2020– ),TV-PG,,"Music, Reality-TV",6.900000095367432,393
Southern Survival,(2020– ),TV-PG,,Reality-TV,5.199999809265137,468
The Howling,,,,Horror,,
Gary Gulman: It's About Time,(2016 TV Special),,54 min,Comedy,7.099999904632568,289
"Nisman. The Prosecutor, the President and the Spy",(2019–2020),,373 min,"Documentary, Crime, History",7.599999904632568,597
Call Me Chihiro,(2023),,,Drama,,
YooHoo to the Rescue,(2019– ),TV-Y,,Family,7.099999904632568,55
Seth Rogen's Hilarity for Charity,(2018 TV Special),TV-MA,70 min,Comedy,5.0,"2,395"
Fortune Feimster: Sweet & Salty,(2020 TV Special),,61 min,Comedy,6.800000190734863,"1,024"
Argon,(2017),,,Drama,7.300000190734863,282
72 Dangerous Animals: Latin America,(2017),,,Documentary,6.599999904632568,592
Lake of Fire,,,,"Drama, Family, Music",,
Wet Hot American Summer: First Day of Camp - Featurette,(2015),,,"Documentary, Short",7.900000095367432,93
72 Dangerous Animals - Asia,(2018– ),,,Documentary,6.5,561
"Cinta Pertama, Kedua, & Ketiga",(2021),TV-14,105 min,"Drama, Romance",6.800000190734863,157
Ugly Duckling Series: Don't,(2015),,50 min,"Drama, Romance",8.100000381469727,94
Rooting for Roona,(2020),,40 min,"Documentary, Short, Drama",7.0,426
Aggressive Retsuko,(2016–2018),TV-14,,"Animation, Comedy, Musical",8.199999809265137,"1,101"
Say I Do,(2020– ),TV-14,,Reality-TV,7.699999809265137,544
Iliza Shlesinger: Unveiled,(2019 TV Special),TV-MA,78 min,Comedy,6.5,"1,717"
Yes Day 2,,,,"Comedy, Family",,
Agent,(2019– ),,,Drama,7.199999809265137,89
Identical,(2011),Not Rated,80 min,Thriller,3.0999999046325684,333
6-5=2,(2014),Unrated,104 min,Horror,4.400000095367432,205
Misfire,(2014),Not Rated,90 min,Action,3.0999999046325684,796
Prague,(2013),Not Rated,109 min,"Horror, Mystery, Romance",5.5,373
Confessions on the 7:45,,TV-MA,,"Drama, Mystery, Thriller",,
Mi soledad tiene alas,,,,Drama,,
Green is Gold,(2016),R,81 min,"Crime, Drama",5.900000095367432,989
The Poltergeist of Borley Forest,(2013),Not Rated,102 min,"Horror, Mystery, Thriller",2.5,706
Born to Be a Flower,(2018),,,Romance,6.400000095367432,164
Khoon Khoon,(1973),,127 min,"Crime, Mystery, Thriller",5.199999809265137,44
A Love Song for Latasha,(2019),TV-PG,19 min,"Documentary, Short, Biography",6.800000190734863,"2,439"
Bomb Scared,(2017),,89 min,Comedy,5.699999809265137,"2,894"
Jimmy Carr: The Best of Ultimate Gold Greatest Hits,(2019 TV Special),TV-MA,58 min,Comedy,7.300000190734863,"2,373"
Muqaddar Ka Faisla,(1987),Not Rated,171 min,"Action, Comedy, Drama",4.900000095367432,69
Zion,(I) (2018),,12 min,"Documentary, Short, Biography",7.099999904632568,"1,253"
Sebastian Maniscalco: Why Would You Do That?,(2016 TV Special),TV-14,63 min,Comedy,7.400000095367432,"1,127"
La boda del señor cura,(1979),,102 min,Drama,4.800000190734863,27
Derren Brown: Sacrifice,(2018 TV Special),TV-14,49 min,Reality-TV,7.099999904632568,"1,836"
Potato Potahto,(2017),,115 min,Comedy,4.199999809265137,213
Donald Glover: Weirdo,(2012 TV Special),Not Rated,65 min,Comedy,7.400000095367432,"3,629"
Reasonable Doubt: A Tale of Two Kidnappings,(2021),TV-MA,186 min,"Documentary, Crime",7.599999904632568,204
The White Cat,(1950),,93 min,"Drama, Mystery",6.199999809265137,120
Paul Hollywood's Big Continental Road Trip,(2017– ),,,Documentary,7.400000095367432,216
Orphen,(1998–2000),TV-PG,25 min,"Animation, Action, Adventure",7.099999904632568,266
El club de los buenos infieles,(2017),,90 min,Comedy,5.5,677
Invoked,(2015),R,85 min,"Horror, Mystery, Thriller",3.4000000953674316,709
Hating Peter Tatchell,(2021),,91 min,Documentary,7.599999904632568,804
Blink Speed,,,,"Drama, Sci-Fi, Thriller",,
Legend Quest: Masters of Myth,(2019),TV-Y7,,Animation,7.400000095367432,132
Parasyte: The Grey,,TV-MA,,"Action, Horror, Sci-Fi",,
Ghostheads,(2016),,73 min,Documentary,6.0,663
Horrid Henry's Gross Day Out,(2020),TV-Y,61 min,"Animation, Action, Adventure",5.800000190734863,45
"Fat, Sick & Nearly Dead 2",(2014),Not Rated,88 min,Documentary,6.400000095367432,"1,658"
Mutiny of the Worker Bees,(2020),TV-MA,93 min,Comedy,4.099999904632568,484
Colombia magia salvaje,(2015),,94 min,Documentary,8.300000190734863,"1,304"
Heroes Wanted,(2016),,95 min,"Action, Comedy",4.599999904632568,"2,005"
Through My Father's Eyes,(2019),R,104 min,"Documentary, Biography, Sport",6.199999809265137,756
Redd Zone,,,,,,
ReMastered: Who Shot the Sheriff?,(2018 TV Movie),,57 min,"Documentary, Biography, Crime",6.900000095367432,"1,461"
Miranda Sings Live... Your Welcome,(2019),TV-14,61 min,Comedy,5.5,424
Incir Reçeli 2,(2014),,103 min,"Drama, Romance",6.0,"4,308"
Devilish Charm,(2014),Not Rated,78 min,Thriller,3.299999952316284,153
In Oranje,(2004),,90 min,"Drama, Family, Sport",6.599999904632568,"1,416"
Spirit Riding Free: Spirit of Christmas,(2019 TV Special),TV-Y7,45 min,"Animation, Short, Action",5.300000190734863,127
Basketball or Nothing,(2019– ),,,"Documentary, Sport",7.300000190734863,634
Katsugeki/Touken Ranbu,(2017),TV-14,23 min,"Animation, Action, Adventure",6.599999904632568,88
Spirit Riding Free: Ride Along Adventure,(2020 TV Short),TV-Y7,22 min,"Animation, Short, Action",6.0,64
The Darkest Dawn,(2016),Not Rated,76 min,"Action, Adventure, Sci-Fi",4.0,"2,126"
Blue Kids,(2017),,75 min,"Drama, Thriller",4.699999809265137,108
Infiesto,,,,"Crime, Drama, Thriller",,
Jeff Dunham: Minding the Monsters,(2012 TV Special),TV-MA,80 min,Comedy,7.0,"1,425"
The Queen's Classroom,(2005– ),,45 min,Drama,8.5,318
Povestea unui pierde-vara,(2018),,100 min,"Comedy, Drama",6.5,521
Killer Book Club,(2022),,,"Horror, Thriller",,
The Defected,(2019),,,Crime,7.400000095367432,72
Tony Hinchcliffe: One Shot,(2016 TV Special),TV-MA,57 min,Comedy,6.0,209
The Heirs,(2015),,72 min,Drama,5.800000190734863,233
Kathleen Madigan: Bothering Jesus,(2016 Video),,72 min,Comedy,7.400000095367432,551
Cellmates,(2011),TV-14,85 min,"Comedy, Drama",5.5,612
Maradona in Mexico,(2019),,,"Documentary, Comedy, Drama",7.300000190734863,"1,141"
The Skit Begins,(2021),,,Action,7.900000095367432,254
Johan Falk: Operation Näktergal,(2009 Video),,90 min,"Action, Crime, Thriller",5.800000190734863,"2,133"
Past Midnight,,,,"Action, Adventure, Drama",,
Taarak Mehta Kka Chhota Chashmah,(2021– ),,,"Animation, Comedy",6.599999904632568,80
De brief voor de koning,(2008),,110 min,Adventure,5.900000095367432,"1,429"
Death Note 2,,TV-MA,,"Action, Crime, Drama",,
Border: Keishichô Sôsa Ikka Satsujinhan Sôsa Dai 4-gakkari,(2014– ),,54 min,Drama,7.400000095367432,363
The Hospital,(2006– ),,60 min,,7.400000095367432,47
Hajwala: The Missing Engine,(2016),PG-13,96 min,"Action, Adventure, Crime",2.0,261
Fenómenas,(2022),,,,,
Futmalls,(2020– ),,42 min,Sci-Fi,6.5,191
Examination of Conscience,(2019),TV-MA,154 min,"Documentary, Crime, History",7.800000190734863,439
The Redeemed and the Dominant: Fittest on Earth,(2016),Unrated,104 min,"Documentary, Sport",7.099999904632568,"1,599"
Illegal Woman,(2020),TV-MA,119 min,Drama,6.199999809265137,206
Free Rein: The Twelve Neighs of Christmas,(2018 TV Movie),,56 min,"Adventure, Comedy, Drama",6.599999904632568,"5,437"
The Vexxer,(2007),,98 min,"Comedy, Crime, Mystery",6.199999809265137,"4,982"
In Her Hands,(II) (2022),,92 min,Documentary,,
Last One Standing,(I) (2022– ),TV-MA,35 min,"Comedy, Crime, Mystery",7.300000190734863,86
Valentino,(2020– ),,,Comedy,5.199999809265137,237
French Dirty,(2015),,72 min,"Comedy, Drama",5.0,281
The Unremarkable Juanquini,(2020– ),TV-MA,30 min,Comedy,4.300000190734863,191
The Millennium Bug,(2011),Not Rated,88 min,"Fantasy, Horror, Sci-Fi",4.400000095367432,686
Q Ball,(2019),,96 min,"Documentary, Sport",6.800000190734863,647
Mysteria,(2011),Not Rated,98 min,"Mystery, Thriller",3.9000000953674316,603
U-Prince: The Foxy Pilot,(2016),,,Romance,7.599999904632568,35
Print the Legend,(2014),,100 min,"Documentary, Biography, Drama",7.0,"1,990"
Bangkok Love Stories: Plead,(2019– ),,,Drama,7.300000190734863,59
Loudon Wainwright III: Surviving Twin,(2018),TV-14,91 min,"Documentary, Music",7.099999904632568,96
Kingdom of Us,(2017),,109 min,"Documentary, Drama",6.900000095367432,912
Garbage,(2012),Not Rated,88 min,"Comedy, Drama",5.199999809265137,619
Paik's Spirit,(2021– ),,,Talk-Show,6.5,73
Mech Cadets,(2023– ),TV-Y7,,"Animation, Action, Adventure",,
Hans Zimmer Live in Prague,(2017 TV Special),,150 min,"Documentary, Music",9.100000381469727,"2,710"
Eureka Seven: Hi-Evolution 1,(2017),TV-14,93 min,"Animation, Action, Sci-Fi",6.099999904632568,96
Diamonds,(2022– ),,,"Crime, Thriller",,
Ring Shout,,,,"Drama, Fantasy, History",,
Habibi Rasak Kharban,(2011),,85 min,"Drama, Romance, War",6.699999809265137,138
In Your Shoes,(2020 TV Movie),,97 min,Comedy,6.199999809265137,152
David Tutera's CELEBrations,(2008– ),,60 min,Reality-TV,6.400000095367432,230
Shine On with Reese,(2018– ),,30 min,"Documentary, Reality-TV",7.5,303
Mike Birbiglia: The New One,(2019 TV Special),,85 min,Comedy,7.699999809265137,"1,863"
Mater,(I) (2017),,80 min,Drama,4.599999904632568,249
Neurons to Nirvana,(2013),,85 min,"Documentary, History, News",7.599999904632568,"1,263"
Making Malinche: A Documentary by Nacho Cano,(2021),,105 min,"Documentary, Musical",5.0,39
Radiant Office,(2017),,65 min,"Comedy, Drama, Romance",7.0,206
Dorothy and Alice,,,,Fantasy,,
Johan Falk: Organizatsija Karayan,(2012 Video),,97 min,"Action, Crime, Thriller",6.599999904632568,"2,156"
Zum zum zum - La canzone che mi passa per la testa,(1969),,102 min,"Comedy, Family, Musical",5.199999809265137,72
The Lazarus Papers,(2010),R,90 min,"Action, Crime, Drama",4.099999904632568,"3,243"
Hondros,(2017),,90 min,"Documentary, Biography, War",7.5,457
Untitled Nancy Meyers/Netflix,,,,Comedy,,
Still,(2010),TV-MA,100 min,"Horror, Thriller",4.300000190734863,368
The Art of Incarceration,(2021),,81 min,Documentary,7.599999904632568,37
Jim Jefferies: This Is Me Now,(2018 TV Special),TV-MA,70 min,Comedy,7.400000095367432,"4,095"
The CEO,(I) (2016),PG-13,105 min,"Drama, Mystery, Thriller",5.699999809265137,122
"Bloed, zweet & tranen",(2015),,111 min,"Biography, Drama, Music",7.099999904632568,"1,874"
Roving Mars,(2006),G,40 min,"Documentary, Short",7.199999809265137,"1,068"
Gonchi la película,(2015),G,88 min,Documentary,7.699999809265137,250
Alter Me,(2020),,91 min,"Drama, Romance",5.800000190734863,72
Phil Wang: Philly Philly Wang Wang,(2021 TV Special),TV-MA,63 min,Comedy,6.099999904632568,662
Youth v Gov,(2020),TV-14,110 min,Documentary,7.0,77
Bad Investigate,(2018),,120 min,"Action, Comedy, Crime",6.5,749
Rise of the Zombie,(2013),Not Rated,86 min,"Drama, Horror, Thriller",3.299999952316284,444
Figli del destino,(2019),,92 min,"Biography, History, War",7.0,108
Metamorphosis,(VI) (2019),,98 min,Drama,7.300000190734863,58
Ghostbusters: Ecto Force,,,,"Animation, Comedy",,
Patria,(2019),TV-MA,89 min,"Documentary, History",7.199999809265137,115
Tuna Girl,(2019),TV-PG,89 min,"Comedy, Drama",6.199999809265137,154
Fred Armisen: Standup For Drummers,(2018 TV Special),,65 min,Comedy,5.800000190734863,"1,307"
Negeri 5 Menara,(2012),,114 min,"Adventure, Drama, Family",7.0,211
One Hundred Years of Solitude,,,,Drama,,
Cold Harbour,(2013),,73 min,"Action, Crime, Thriller",5.199999809265137,217
Bill Hicks: Relentless,(1992 Video),Not Rated,61 min,"Documentary, Comedy",8.5,"2,555"
Hoodrats 2: Hoodrat Warriors,(2008),,90 min,Action,3.0999999046325684,117
Our Planet: Behind the Scenes,(2019 TV Movie),TV-G,63 min,Documentary,8.300000190734863,"1,757"
Hanebado: The Badminton Play of Ayano Hanesaki!,(2018– ),TV-14,24 min,"Animation, Drama, Sport",6.300000190734863,362
The Fourth State,(2012),,115 min,Thriller,6.099999904632568,"2,374"
John Lennon: Love Is All You Need,(2010 Video),Not Rated,82 min,"Documentary, Biography",6.099999904632568,164
Love and Fury,(2020),,93 min,Documentary,6.699999809265137,30
Hide & Seek,(2010),,105 min,"Drama, Horror, Thriller",4.199999809265137,239
Ayahuasca: Vine of the Soul,(2010),Not Rated,52 min,"Documentary, Adventure",6.400000095367432,397
Chris Rock Total Blackout: The Tamborine Extended Cut,(2021 TV Special),,98 min,Comedy,7.0,380
Black Knight,,,,"Action, Adventure, Sci-Fi",,
Mighty Express: Train Trouble,(2022),TV-Y,25 min,"Animation, Short, Family",5.300000190734863,9
All in My Family,(2019),,39 min,"Documentary, Short, Family",6.800000190734863,711
Korean Pork Belly Rhapsody,(2020– ),,48 min,Documentary,7.800000190734863,73
Meridian,(II) (2016),,12 min,"Short, Mystery, Sci-Fi",4.699999809265137,204
The Leopard,,,,Drama,,
Brian Regan: On the Rocks,(2021 TV Special),,58 min,Comedy,6.800000190734863,632
The Bad Kids,(2016),,101 min,Documentary,7.0,643
After Tiller,(2013),PG-13,85 min,"Documentary, Biography, Drama",7.400000095367432,"1,083"
The Island,(II) (2018),,94 min,"Action, Thriller",5.199999809265137,39
Kaseifu no mita,(2011– ),,54 min,Drama,7.5,297
Sky Tour: The Movie,(2020),,94 min,"Documentary, Music",5.699999809265137,"1,042"
Miraculous: Ladybug & Cat Noir: Happy Birthday to You!,(2017 TV Special),,1 min,"Animation, Short",7.199999809265137,68
The Claus Family 3,(2022),,,"Comedy, Family, Fantasy",,
Master of None: Season 1 Electronic Press Kit,(2015 TV Movie),,,Comedy,7.699999809265137,130
When Jews Were Funny,(2013),Not Rated,89 min,Documentary,5.900000095367432,496
Way Station,,,,Sci-Fi,,
Accomplice,(2021),Not Rated,52 min,Documentary,7.199999809265137,393
Guatemala: Heart of the Mayan World,(2019),,67 min,Documentary,6.599999904632568,233
Kocken,(2005),,116 min,Drama,5.699999809265137,"1,351"
Standup and Away! with Brian Regan,(2018– ),TV-PG,24 min,Comedy,5.699999809265137,402
Kulipari: Dream Walker,(2018),,,"Animation, Action, Fantasy",7.400000095367432,96
Johan Falk: Ur askan i elden,(2015 Video),,98 min,"Action, Crime, Thriller",6.699999809265137,"1,744"
Kappen!,(2016),,100 min,"Drama, Romance",5.800000190734863,"1,810"
"Sí, Mi Amor",(2020),TV-MA,107 min,Comedy,3.799999952316284,180
Mystery Lab,(2020– ),TV-PG,,"Documentary, Animation, Comedy",7.400000095367432,796
A Week in Watts,(2018),,91 min,Documentary,6.199999809265137,197
Pastor Shepherd,(2010),,91 min,Comedy,4.199999809265137,636
Guru Bangsa Tjokroaminoto,(2015),,161 min,"Biography, Drama, History",7.0,129
Rocco Chinnici,(2018 TV Movie),,113 min,Biography,7.099999904632568,260
Patton Oswalt: I Love Everything,(2020 TV Special),TV-MA,66 min,Comedy,6.400000095367432,"1,315"
La 4ª Compañía,(2016),,109 min,"Action, Crime, Drama",6.199999809265137,802
Arbëria,(2019),,80 min,Drama,7.0,97
KL Zombi,(2013),,97 min,"Comedy, Horror",4.5,304
Wanda Sykes: Not Normal,(2019 TV Special),TV-MA,60 min,Comedy,7.199999809265137,"1,865"
Grandma's Wedding,(2019),TV-14,97 min,Comedy,5.5,568
The Big Fat Quiz of the Year,(2021 TV Special),,92 min,"Comedy, Game-Show",6.800000190734863,120
Whitney Cummings: Can I Touch It?,(2019 TV Special),TV-MA,59 min,Comedy,6.5,"1,817"
Bruno & Boots: Go Jump in the Pool,(2016 TV Movie),,91 min,Family,5.800000190734863,321
Two Catalonias,(2018),TV-MA,116 min,"Documentary, History, News",6.400000095367432,716
Failsafe,,,,"Action, Thriller",,
Pretty Proofreader,(2016),,54 min,"Comedy, Drama",7.099999904632568,620
From London to Bali,(2017),,91 min,"Comedy, Drama, Romance",6.199999809265137,26
Gudetama: An Eggcellent Adventure,,TV-G,,"Animation, Adventure, Comedy",,
Ever After High: Epic Winter,(2016 TV Movie),TV-G,90 min,"Animation, Adventure, Drama",7.300000190734863,326
Brown Nation,(2016),,21 min,Comedy,6.900000095367432,722
7:19,(2016),TV-14,94 min,"Drama, History",5.800000190734863,656
Back With the Ex,(2018– ),,50 min,Reality-TV,6.199999809265137,638
From Japan to Egypt,(2017),,95 min,"Comedy, Family",5.400000095367432,412
Great Men Academy,(2019),,60 min,"Comedy, Fantasy, Romance",7.199999809265137,109
Criminals: Caught on Camera,(2013–2015),,,"Documentary, Crime",6.800000190734863,56
Joshua: Teenager vs. Superpower,(2017),TV-14,79 min,Documentary,7.300000190734863,"1,573"
Time to Eat with Nadiya,(2019– ),,29 min,Reality-TV,7.199999809265137,474
Affliction,(III) (2021),,90 min,"Horror, Thriller",5.800000190734863,107
Voor elkaar gemaakt,(2017),,93 min,"Comedy, Romance",6.199999809265137,670
Masha's Spooky Stories,(2012),,22 min,Animation,5.199999809265137,44
Legally High,(2013 TV Movie),PG-13,47 min,Documentary,3.9000000953674316,67
Ladies First,(2017),TV-G,39 min,"Documentary, Short, Sport",7.099999904632568,499
Oh My Ghost,(2018– ),,65 min,Comedy,6.5,124
Ellen DeGeneres: Relatable,(2018 TV Special),TV-MA,68 min,Comedy,6.5,"4,726"
Spelling the Dream,(2018),TV-G,82 min,Documentary,6.800000190734863,742
"Rita, la figlia americana",(1965),,101 min,"Comedy, Musical",4.699999809265137,118
The Figurine,(2009),PG-13,120 min,"Horror, Thriller",4.300000190734863,255
Channeru wa sono mama!,(2019),,,Comedy,7.400000095367432,371
Emicida: AmarElo - It's All for Yesterday,(2020),TV-MA,89 min,"Documentary, Music",8.5,"1,521"
#FriendsButMarried,(2018),TV-14,102 min,"Biography, Comedy, Drama",6.800000190734863,727
Dying God,(2008),R,85 min,"Horror, Sci-Fi, Thriller",2.799999952316284,"1,074"
Chapo: el escape del siglo,(2016),,86 min,Crime,3.200000047683716,328
Don't Watch This,(2018– ),,,"Short, Horror",3.299999952316284,"1,574"
Sitara: Let Girls Dream,(2019),,15 min,"Animation, Short, Drama",7.199999809265137,663
Machos Alfa,,,30 min,Comedy,,
Urvi,(2017),,151 min,"Crime, Drama, Thriller",6.800000190734863,260
Care Bears and Cousins,(2015–2016),TV-Y,132 min,Animation,6.800000190734863,83
Johan Falk: Tyst diplomati,(2015 Video),,94 min,"Action, Crime, Thriller",6.300000190734863,"1,770"
ReMastered: Massacre at the Stadium,(2019 TV Movie),TV-MA,64 min,"Documentary, Drama",7.199999809265137,802
BG: Personal Bodyguard,(2018–2020),,54 min,Drama,6.599999904632568,440
Çok Filim Hareketler Bunlar,(2010),,134 min,Comedy,4.400000095367432,"4,884"
Short Fuse,(I) (2016),,86 min,"Action, Mystery, Thriller",5.800000190734863,551
Are You,,,,"Comedy, Romance",,
The Reconstruction of William Zero,(2014),Not Rated,98 min,"Drama, Mystery, Sci-Fi",5.400000095367432,"1,188"
Mees Kees op de planken,(2014),,73 min,"Comedy, Drama, Family",6.400000095367432,343
Mike Birbiglia: Thank God for Jokes,(2017 TV Special),,70 min,Comedy,7.5,"2,511"
The Glory,,,,Drama,,
Geez & Ann,(2021),TV-14,105 min,"Drama, Romance",5.099999904632568,292
Living Undocumented,(2019– ),,45 min,Documentary,6.699999809265137,586
Deon Cole: Cole Hearted,(2019 TV Special),,69 min,Comedy,6.900000095367432,908
El Vato,(2016– ),,43 min,"Comedy, Drama, Music",6.699999809265137,130
Dew Drop Diaries,(2023– ),TV-Y,23 min,"Animation, Adventure, Comedy",,
A Day and a Half,,,,"Action, Thriller",,
Katherine Ryan: Glitter Room,(2019 TV Special),TV-MA,65 min,Comedy,6.800000190734863,"1,999"
Midshipman Easy,(1935),,70 min,Adventure,5.599999904632568,172
Monty Don's French Gardens,(2013–2017),,59 min,Documentary,7.900000095367432,202
Stereo,(I) (2014),,98 min,"Crime, Thriller",6.5,"4,936"
Red Carpet,(III) (2014),,117 min,"Comedy, Romance",6.199999809265137,209
Cabins in the Wild with Dick Strawbridge,(2017),,,Reality-TV,6.699999809265137,279
Shelldon,(2008– ),TV-Y,22 min,"Animation, Family",6.0,41
Still Laugh-In: The Stars Celebrate,(2019 TV Special),TV-MA,60 min,"Comedy, Music",5.199999809265137,601
Jonah,(2015),,90 min,"Drama, Romance, Thriller",5.300000190734863,240
Dear Mr. Watterson,(2013),TV-PG,89 min,Documentary,6.300000190734863,"1,917"
Nothing to Lose 2,(2019),PG-13,96 min,"Biography, Drama",3.0999999046325684,662
Trigger Warning with Killer Mike,(2019– ),TV-MA,30 min,"Documentary, Comedy",6.900000095367432,"1,255"
Robozuna,(2018– ),,22 min,Animation,6.699999809265137,96
Aftershock: Everest and the Nepal Earthquake,(2022),,,Documentary,,
Genis Aile: Yapistir,(2015),,96 min,Comedy,4.699999809265137,"1,270"
Russell Peters: Almost Famous,(2016 TV Special),,73 min,Comedy,6.599999904632568,"1,952"
At the Dolphin Bay,(2003),,,"Comedy, Drama, Romance",7.099999904632568,42
Dilan 1991,(2019),TV-14,121 min,"Drama, Romance",6.5,"1,114"
A Faraway Land,(2021),TV-PG,101 min,Drama,5.099999904632568,140
Unleashed,(VIII),,,,,
Sergio over de grens,(2022),,,Reality-TV,7.199999809265137,6
Zephyr Springs,(2013),TV-14,88 min,Thriller,4.0,448
Sarbath,(2021),,112 min,"Comedy, Drama",5.599999904632568,273
Shuang cheng gu shi,(2018– ),,,Drama,6.199999809265137,164
Cain and Abel,(2009),,,"Action, Drama, Romance",7.400000095367432,274
Dr Jason Leong: Hashtag Blessed,(2020 TV Special),,69 min,Comedy,7.0,178
Nila,(2016),,96 min,"Drama, Romance",6.699999809265137,280
Untitled Andy Warhol Netflix Documentary Project,(2022– ),,,Documentary,,
Eric,(I),,,Thriller,,
The Case Against 8,(2014),TV-14,109 min,"Documentary, Biography, News",7.400000095367432,"1,108"
Joe Rogan: Live,(2006 Video),,58 min,"Documentary, Comedy",7.199999809265137,"1,279"
Homies,(2015),,100 min,Comedy,5.699999809265137,"1,086"
"Dana Carvey: Straight White Male, 60",(2016 TV Special),,64 min,Comedy,6.5,"1,544"
Bad Papa,(2018– ),,35 min,"Drama, Family",7.300000190734863,125
Monkey Twins,(2018– ),,,"Action, Adventure, Crime",8.0,99
Seeing Allred,(2018),TV-14,96 min,"Documentary, Biography",7.199999809265137,"1,389"
Kira Kiralina,(2014),,99 min,Drama,5.800000190734863,138
Strike a Pose,(2016),,83 min,"Documentary, Music",7.199999809265137,"1,757"
Singapore Social,(2019– ),TV-MA,,Reality-TV,4.800000190734863,"2,204"
The Abandons,,,,Drama,,
Il principe abusivo,(2013),,97 min,Comedy,5.300000190734863,"1,756"
Sickos,(2014),,93 min,"Comedy, Drama",6.300000190734863,402
Dolly Parton: A MusiCares Tribute,(2021 TV Movie),TV-PG,55 min,"Documentary, Music",6.599999904632568,244
Cricket Fever: Mumbai Indians,(2019– ),,40 min,Sport,7.300000190734863,717
A Year in Space,(2015– ),,56 min,Documentary,7.300000190734863,450
Tutte lo vogliono,(2015),,85 min,Comedy,5.300000190734863,610
The Wind Blows,(2019– ),,,Drama,7.699999809265137,52
Den man älskar,(2007),,92 min,Drama,6.300000190734863,577
Let It Fall: Los Angeles 1982-1992,(2017),TV-MA,144 min,"Documentary, History",7.800000190734863,797
Golden Cane Warrior,(2014),Not Rated,111 min,"Action, Adventure, Drama",6.199999809265137,808
Not Quite Narwhal,(2023– ),TV-Y,,"Animation, Adventure, Comedy",,
Trailer Park Boys: Live at the North Pole,(2014 TV Movie),,88 min,Comedy,6.699999809265137,"1,123"
Feedback,(2002),R,88 min,"Sci-Fi, Thriller",4.800000190734863,275
StarBeam: Beaming in the New Year,(2021 TV Special),,47 min,"Animation, Family",5.300000190734863,41
Tim Allen: Men Are Pigs,(1990 TV Special),Not Rated,30 min,"Documentary, Comedy",6.099999904632568,364
Iliza Shlesinger: Confirmed Kills,(2016 TV Special),TV-MA,77 min,Comedy,6.599999904632568,"2,912"
Unlucky Ploy,(2020),,60 min,Romance,,
Bombairiya,(2019),Not Rated,104 min,"Comedy, Crime, Drama",4.5,428
Trapped by Fear,(1960),Not Rated,101 min,"Crime, Drama",5.900000095367432,180
Freedom,(2021– ),,,Drama,,
Enter the Anime,(2019),,58 min,Documentary,2.5999999046325684,"1,678"
Word Party Presents: Math!,(2021– ),,,"Animation, Family",6.5,15
The Garden,(I) (2008),Unrated,80 min,Documentary,7.300000190734863,734
Bulbul Tarang,(2022),,,"Comedy, Drama, Romance",,
Antoine Griezmann: The Making of a Legend,(2019 TV Movie),,60 min,"Documentary, Biography, Sport",6.5,"1,192"
The Judgement,(2018– ),,47 min,"Crime, Drama",7.099999904632568,99
Hanwoo Rhapsody,(2022– ),,,Reality-TV,7.599999904632568,37
Sawah,(2019),TV-MA,86 min,"Comedy, Drama, Thriller",6.0,"2,246"
Maxed Out,(2006),Unrated,90 min,Documentary,7.199999809265137,"2,202"
Mercenary,(I) (2016),,103 min,"Drama, Sport",6.5,745
Vir Das: For India,(2020 TV Special),TV-MA,75 min,Comedy,7.699999809265137,"1,283"
Senna,,,,"Biography, Drama, Sport",,
Angel 'n' Devil,(2014–2015),,50 min,"Action, Comedy, Drama",5.199999809265137,45
La Robe de Mariee des Cieux,(2004–2005),,47 min,Drama,6.300000190734863,28
Untitled Netflix/Mark Boal Project,,,,Drama,,
Meda or The Not So Bright Side of Things,(2017),,82 min,Drama,6.5,397
"Big Dreams, Small Spaces",(2014–2017),,,Reality-TV,8.100000381469727,337
Ken Jeong: First Date,(2019 TV Special),TV-MA,62 min,Comedy,5.699999809265137,"2,420"
De held,(2016),TV-14,96 min,"Crime, History, Thriller",5.099999904632568,437
Follow This,(2018),TV-MA,,Documentary,5.0,722
Coming Undone,,,,"Biography, Drama",,
Silent,(I) (2014),,3 min,"Animation, Short, Adventure",6.300000190734863,503
Detak,(2020),,108 min,Thriller,4.900000095367432,48
Freedom,(XI),,,,,
I'll Sleep When I'm Dead,(2016),,79 min,Documentary,6.599999904632568,"1,373"
The Houseboat,(2021– ),TV-14,,Documentary,7.199999809265137,"1,242"
Barbie: Happy Birthday to You!,(2017 TV Special),,1 min,"Animation, Short",4.900000095367432,16
Oushitsu Kyoushi Heine,(2017),TV-PG,25 min,"Animation, Adventure, Comedy",7.0,222
Beauties of the Night,(2016),,92 min,Documentary,7.199999809265137,575
Sea People,(1999 TV Movie),,95 min,"Drama, Family, Fantasy",5.800000190734863,462
Confessions,,,,Drama,,
LEGO Ninjago: Masters of Spinjitzu: Happy Birthday to You!,(2017 TV Special),TV-Y7,1 min,"Animation, Short, Action",6.599999904632568,15
Snack vs. Chef,(2022– ),,,"Game-Show, Reality-TV",,
Nailed It! Mexico,(2019– ),TV-PG,,"Game-Show, Reality-TV",6.300000190734863,312
It Takes a Lunatic,(2019),,126 min,"Documentary, Biography, Drama",6.599999904632568,174
Jenny Slate: Stage Fright,(2019 TV Special),TV-MA,66 min,"Comedy, Reality-TV",5.800000190734863,"1,310"
Hasan Minhaj: The King's Jester,(2022 TV Special),,60 min,Comedy,,
Cook at All Costs,(2022– ),,35 min,"Game-Show, Reality-TV",,
Alessandro Cattelan: One Simple Question,(2022– ),TV-MA,30 min,Reality-TV,6.5,218
Hell and Back Again,(2011),Not Rated,88 min,"Documentary, Action, History",6.400000095367432,"2,301"
Weakest Beast,(2018– ),,,"Drama, Romance",6.800000190734863,425
Justice: Qalb Al Adala,(2017– ),,,Drama,5.5,165
Johnny Colt,(1966),,89 min,"Action, Western",5.599999904632568,237
Wrong Kind of Black,(2018),,,"Comedy, Drama",7.699999809265137,154
Rise: Ini Kalilah,(2018),,100 min,Drama,5.0,46
Larry the Cable Guy: Remain Seated,(2020 TV Special),,67 min,Comedy,6.599999904632568,272
Tom Papa: You're Doing Great!,(2020 TV Special),,60 min,Comedy,7.199999809265137,876
Vidal Sassoon: The Movie,(2010),PG,90 min,Documentary,6.400000095367432,258
Oh Baby,(2017),,96 min,Comedy,5.599999904632568,179
Pitaah,(2002),Not Rated,126 min,"Action, Drama",6.400000095367432,722
Jim Gaffigan: Mr. Universe,(2012 TV Special),Unrated,78 min,Comedy,7.699999809265137,"3,550"
Tromba Trem,(2010– ),TV-14,,"Animation, Adventure, Comedy",8.600000381469727,80
Misfit 3: De Finale,(2020),,82 min,Comedy,5.199999809265137,86
Go! Go! Cory Carson: Chrissy Takes the Wheel,(2021),,60 min,"Animation, Family",6.099999904632568,41
Dino Girl Gauko,(2019–2020),TV-Y7-FV,,"Animation, Comedy, Family",7.199999809265137,79
Two Graves,(I) (2018),TV-MA,80 min,Thriller,4.300000190734863,388
The Mars Generation,(2017),,97 min,Documentary,6.5,"1,006"
Il sindaco pescatore,(2016 TV Movie),,104 min,Drama,7.099999904632568,361
Johan Falk: National Target,(2009 Video),,95 min,"Action, Crime, Thriller",6.599999904632568,"2,540"
The Ryuo's Work Is Never Done!,(2018),Not Rated,23 min,"Animation, Action, Comedy",6.199999809265137,144
Trailer Park Boys: Live in F**kin' Dublin,(2014 TV Movie),,81 min,Comedy,6.199999809265137,"1,588"
Monkey Business from A to Z,(2015),,91 min,Family,5.800000190734863,148
The Stronghold,,,,"Action, Crime",,
Wu Qingyuan,(2006),,104 min,"Biography, Drama, Romance",6.099999904632568,563
An Act of War,(2015),Not Rated,99 min,"Crime, Drama, Thriller",5.199999809265137,"1,667"
Untitled GameStop-stock market Film,,,,Drama,,
Dust Up,(2012),Unrated,94 min,"Action, Adventure, Comedy",4.800000190734863,329
Meet the Adebanjos,(2012– ),,,Comedy,7.699999809265137,89
Tig Notaro: Happy To Be Here,(2018 TV Special),TV-14,58 min,Comedy,6.599999904632568,"1,379"
90 Church,,,,"Crime, Drama, History",,
What the Love! with Karan Johar,(2020– ),,,"Documentary, Reality-TV, Romance",3.799999952316284,278
Los Tigres del Norte at Folsom Prison,(2019 TV Special),,64 min,"Documentary, Music",7.0,179
InMates,(2017– ),,25 min,Comedy,6.599999904632568,"1,290"
Rich Kids,(2018),,96 min,Drama,6.099999904632568,127
Marc Maron: End Times Fun,(2020 TV Special),,71 min,Comedy,6.800000190734863,"1,969"
Grandma's Last Wishes,(2020),TV-14,97 min,Comedy,5.099999904632568,313
Growing Up Coy,(2016),,83 min,Documentary,6.0,392
Shotgun Wedding,(2013),Unrated,92 min,"Comedy, Horror, Romance",4.900000095367432,277
Untitled Animated Adam Sandler Project,,,,Animation,,
Tras la pared,(2022),,,"Comedy, Romance",,
Savage Raghda,(2018),,90 min,"Comedy, Family",5.300000190734863,539
The Sense8 Experience,(2017),,4 min,Short,8.899999618530273,800
Hozuki's Coolheadedness,(2014– ),,24 min,"Animation, Comedy, Fantasy",7.199999809265137,260
#ABtalks,(2018 Podcast Series),,,,9.100000381469727,15
Operações Especiais,(2015),,99 min,"Action, Crime",6.300000190734863,"1,672"
Mohammad Ali Road,(2020),,45 min,Drama,6.800000190734863,17
Masters,(2012),,144 min,"Action, Mystery, Thriller",5.800000190734863,534
Dragons: Rescue Riders: Hunt for the Golden Dragon,(2020 TV Special),TV-Y,46 min,"Animation, Action, Adventure",5.099999904632568,158
Mujeres Arriba,(2020),,100 min,Comedy,3.799999952316284,476
Matrimillas,,,,Comedy,,
What Happened to Mr. Cha?,(2021),TV-14,102 min,"Comedy, Drama",4.300000190734863,362
Bruna Louise: Demolition,(2022),,65 min,"Documentary, Comedy",4.5,73
Know Your Enemy - Japan,(1945),Not Rated,63 min,"Documentary, History, War",6.0,800
Black Privilege,(2019 TV Movie),TV-MA,79 min,"Drama, Family",3.299999952316284,213
Vessel,(II) (2014),Not Rated,90 min,"Documentary, Adventure, Biography",7.599999904632568,239
An Anthology of Fellings,(2019),,108 min,Drama,6.300000190734863,184
Untitled Netflix/Chronicles of Narnia TV Movie,(TV Movie),,,Fantasy,,
The Overstory,,,,Drama,,
"Yo, Potro",(2018 TV Movie),TV-MA,50 min,"Comedy, Sport",6.199999809265137,508
Whindersson Nunes: É de mim mesmo,(2022 TV Special),,63 min,"Documentary, Comedy",7.099999904632568,265
ID-0,(2017),TV-14,24 min,"Animation, Action, Adventure",6.199999809265137,328
Ryan Hamilton: Happy Face,(2017 TV Special),,56 min,"Documentary, Comedy",7.300000190734863,946
The App That Stole Christmas,(2020),,63 min,Comedy,3.5999999046325684,733
Goyo: Ang Batang Heneral,(2018),TV-14,155 min,"Action, Biography, History",6.5,855
Cyborg 009 vs Devilman,(2015),TV-14,28 min,"Animation, Action, Sci-Fi",6.099999904632568,285
Time to Hunt,,,,Crime,,
Revelations,(2016),,118 min,Drama,7.300000190734863,152
Astérix,(2023– ),,,"Animation, Action, Adventure",,
Patton Oswalt: Talking for Clapping,(2016 TV Special),TV-MA,65 min,"Documentary, Comedy",6.800000190734863,"2,025"
Nel sole,(1967),,107 min,"Comedy, Musical, Romance",5.099999904632568,124
Brave Miss World,(2013),Not Rated,88 min,"Documentary, Biography, Drama",7.099999904632568,564
Luna Petunia,(2016–2017),TV-Y,22 min,"Animation, Family, Fantasy",6.300000190734863,55
The Reconquest,(2016),,108 min,Drama,6.5,905
Holiday Home Makeover with Mr. Christmas,(2020– ),TV-G,,Reality-TV,5.900000095367432,297
Irredeemable,,,,"Action, Comedy, Sci-Fi",,
White Coffin,(2016),,75 min,"Action, Horror, Thriller",4.099999904632568,809
Running Wild,(2006),Not Rated,124 min,"Action, Crime, Drama",6.300000190734863,825
Tiffany Haddish: Black Mitzvah,(2019 TV Special),TV-MA,55 min,Comedy,6.300000190734863,983
Last Sons of America,,,,"Comedy, Sci-Fi",,
Captain Underpants: Epic Choice-o-Rama,(2020),TV-Y7-FV,37 min,"Animation, Short, Action",5.900000095367432,124
Being Napoleon,(2018),,88 min,Documentary,5.400000095367432,136
Die Präsenz,(2014),,83 min,Horror,4.0,"1,482"
Meet the Mormons,(2014),PG,78 min,Documentary,6.400000095367432,"2,011"
My Name Is Barbra,(1965 TV Special),,60 min,"Family, Music",8.300000190734863,364
The Unsaved,(2013),,80 min,Drama,6.800000190734863,485
Nevenka: Breaking the Silence,(2021),TV-14,114 min,"Documentary, Crime",6.900000095367432,687
Towako Omameda and Her Three Ex-husbands,(2021),,,Comedy,7.800000190734863,215
Ember,(VI),,,"Animation, Action, Adventure",,
Rodney King,(2017 TV Special),TV-MA,52 min,"Comedy, Drama",5.900000095367432,610
Chris D'Elia: Man on Fire,(2017 TV Special),TV-MA,65 min,Comedy,6.5,"1,738"
Bill Hicks: Revelations,(1993 TV Special),Not Rated,57 min,"Documentary, Comedy",8.5,"3,109"
Sol Levante,(2020),,4 min,"Animation, Short, Action",4.699999809265137,545
Underworld,,,,Thriller,,
Rattle the Cage,(2015),,96 min,"Crime, Drama, Thriller",6.699999809265137,"1,623"
Tee Shot: Ariya Jutanugarn,(2019 TV Movie),,103 min,"Biography, Drama, Sport",6.800000190734863,71
Smoorverliefd,(2013),,92 min,"Comedy, Romance",4.800000190734863,984
Country Ever After,(2020– ),TV-PG,,"Music, Reality-TV",6.400000095367432,175
Team Hot Wheels: The Skills to Thrill,(2015 TV Movie),,45 min,Animation,7.099999904632568,34
Love Village,(2022– ),,,"Reality-TV, Romance",,
Léa & I,(2019),,84 min,Documentary,6.5,220
Nini Thowok,(2018),,75 min,Horror,7.5,57
Netflix Acquires Seth Rogen,(2018),TV-MA,6 min,"Short, Comedy",4.900000095367432,173
Room,(I) (2005),Not Rated,75 min,"Drama, Mystery",4.400000095367432,452
Heart Street,(2014),,90 min,Romance,6.199999809265137,"2,117"
Sun Belt Express,(2014),Unrated,91 min,"Comedy, Drama, Family",6.199999809265137,380
Cold Warrior,,,,Drama,,
KO One,(2005–2013),,50 min,"Action, Comedy, Drama",5.599999904632568,91
Bella Donna's,(2017),,95 min,Comedy,5.900000095367432,439
Estocolmo,(2016),,60 min,"Crime, Drama, Mystery",5.699999809265137,339
Jeff Foxworthy & Larry the Cable Guy: We've Been Thinking,(2016 TV Special),,75 min,Comedy,5.900000095367432,659
Ralphie May: Unruly,(2015 Video),,83 min,Comedy,4.699999809265137,435
CRISIS: Special Security Squad,(2017),,54 min,Action,6.800000190734863,263
Masameer,(2011– ),TV-MA,,"Animation, Adventure, Comedy",8.199999809265137,693
Untitled Jo Koy Stand-Up Special,(2022 TV Special),,,Comedy,,
Spirit Riding Free: Pony Tales,(2017– ),TV-Y7,,"Animation, Short, Adventure",6.800000190734863,95
Wandering Stars,(2019),,86 min,Documentary,7.099999904632568,350
Watergate,(I),TV-MA,,"Action, Crime, Drama",,
Heebie Jeebies,(2013 TV Movie),TV-14,85 min,Horror,3.4000000953674316,506
The Jungle Book,(2010– ),,30 min,"Animation, Adventure, Family",4.199999809265137,145
My Little Pony: Equestria Girls - Friendship Games,(2015),TV-Y,72 min,"Animation, Family, Fantasy",6.400000095367432,"1,910"
Pertaruhan,(2017),,106 min,"Action, Crime, Drama",6.400000095367432,155
One More Time,(VI),,,Comedy,,
Russell Brand from Addiction to Recovery,(2012 TV Movie),,60 min,Documentary,6.800000190734863,422
Jewish Matchmaking,(II),,,"Reality-TV, Romance",,
Piola,(2019),,102 min,Drama,6.400000095367432,337
The Trapped 13: How We Survived the Thai Cave,(2022),,101 min,Documentary,,
"El Potro, lo mejor del amor",(2018),,122 min,"Biography, Drama, Music",5.199999809265137,749
Fukrey Boyzzz,(2019– ),TV-Y,,Comedy,6.800000190734863,13
Luke Cage S2: Fresh to Death,(2018 Video),,1 min,"Short, Drama",,
Sop Dek 2002,(2011),TV-14,96 min,"Horror, Thriller",4.400000095367432,285
Def Comedy Jam 25,(2017 TV Special),TV-MA,80 min,"Documentary, Comedy",6.599999904632568,"1,122"
Little Miss Sumo,(2018),,19 min,"Documentary, Short, Biography",6.599999904632568,516
Ever After High: Dragon Games,(2016 TV Movie),TV-G,90 min,"Animation, Adventure, Drama",7.099999904632568,304
Bubbles,(I),,,"Animation, Comedy",,
Ursul,(2011),,83 min,Comedy,6.5,708
Onyeka and the Academy of the Sun,,,,"Animation, Adventure, Fantasy",,
Chasing Beauty,(2013),Not Rated,90 min,"Documentary, Biography",6.099999904632568,284
Pulau Plastik,(2021),,98 min,Documentary,7.699999809265137,27
O Cangaceiro do Futuro,(2022– ),,30 min,Comedy,,
Sameer,(2017),,129 min,Drama,5.300000190734863,232
Russell Peters: Notorious,(2013 TV Special),,71 min,Comedy,7.099999904632568,"1,666"
The Underclass,(2020– ),TV-MA,55 min,Drama,6.699999809265137,66
Kevin James: Sweat the Small Stuff,(2001 TV Special),TV-PG,60 min,"Documentary, Comedy",7.400000095367432,"1,096"
Epilogue: The Punchline,(2019 Video),,23 min,"Short, Comedy",7.900000095367432,346
J-Style Trip,(2020– ),TV-14,,Reality-TV,5.099999904632568,120
"Ray Romano: Right Here, Around the Corner",(2019 TV Special),,58 min,"Documentary, Comedy",7.199999809265137,"1,724"
Michael Che: Shame the Devil,(2021 TV Special),TV-MA,58 min,Comedy,6.400000095367432,"1,119"
Sins,(2012),,84 min,"Action, Thriller",2.299999952316284,328
Jeremy Scott: The People's Designer,(2015),PG-13,110 min,"Documentary, Biography",6.400000095367432,404
Rory Scovel Tries Stand-Up for the First Time,(2017 TV Special),TV-MA,66 min,"Documentary, Comedy",6.699999809265137,840
My Friend Rockefeller,(2015),,86 min,"Documentary, Biography, Crime",6.199999809265137,703
No Estoy Loca,(2018),TV-MA,116 min,"Comedy, Drama",5.800000190734863,935
Cristina,(2016),,39 min,"Documentary, Short",7.800000190734863,257
Maz Jobrani: Immigrant,(2017 TV Special),TV-14,112 min,Comedy,6.699999809265137,875
Mau Jadi Apa?,(2017),,103 min,"Comedy, Drama",7.099999904632568,37
Autohead,(2016),,97 min,"Crime, Drama",6.0,399
The Hurt Business,(2016),PG-13,107 min,"Documentary, Sport",6.400000095367432,947
Killswitch,(2014),Not Rated,72 min,"Documentary, Drama",7.699999809265137,638
Santa Clarita Diet: I Love Bodies,(2018 Video),,1 min,"Short, Comedy",8.100000381469727,9
Joanna Lumley's Trans-Siberian Adventure,(2015),,,Documentary,7.800000190734863,288
The Celebrity Plastic Surgeons of Beverly Hills,(2016– ),,20 min,Reality-TV,5.099999904632568,62
Space Racers,(2014– ),TV-Y,22 min,"Animation, Family, Sci-Fi",7.400000095367432,82
Patton Oswalt: Annihilation,(2017 TV Special),TV-MA,66 min,Comedy,7.199999809265137,"2,410"
The Tapes,(2020),,,"Drama, Mystery",6.699999809265137,8
Ugly Duckling Series: Boy's Paradise,(2015),,60 min,"Drama, Romance",7.199999809265137,22
Russell Howard: Recalibrate,(2017 TV Special),TV-MA,69 min,Comedy,7.400000095367432,"1,646"
Flowering Heart,(2016– ),TV-Y7,12 min,"Animation, Action, Adventure",7.199999809265137,49
Bloody Chainsaw Girl,(2016),,76 min,"Action, Horror",4.5,241
Bill Hicks: Sane Man,(1989 Video),Not Rated,81 min,"Documentary, Comedy",8.300000190734863,"2,382"
Shaolin Martial Arts,(1974),R,106 min,"Action, Drama",6.800000190734863,407
BORDER2 Shokuzai,(2017 TV Movie),,,Drama,7.099999904632568,176
Demon Inside,(2013),,93 min,"Horror, Thriller",4.800000190734863,717
Clash of the Dinosaurs,(2009),TV-PG,44 min,"Documentary, History",6.300000190734863,215
10 000 timmar,(2014),,94 min,Comedy,4.400000095367432,"1,070"
Misfit 2,(2019),,81 min,Comedy,4.900000095367432,149
Night on Earth: Shot in the Dark,(2020),,59 min,Documentary,7.699999809265137,316
The Ultimate Braai Master,(2012– ),,45 min,Reality-TV,8.0,39
Revenge of the Electric Car,(2011),PG-13,90 min,Documentary,7.099999904632568,"1,867"
The Wedding Coach,(2021– ),TV-MA,,"Comedy, Reality-TV",4.900000095367432,92
Carga Máxima,,,,"Action, Crime, Drama",,
The Vince Staples Show,,,,"Biography, Comedy",,
The Silence,(III) (2015),TV-MA,91 min,Drama,7.199999809265137,310
Hong Kong West Side Stories,(I) (2019),,,"Comedy, Drama",7.400000095367432,100
Sakura Wars: The Animation,(2020– ),,,"Animation, Action, Sci-Fi",6.099999904632568,59
Dating Around: Brazil,(2020– ),TV-14,,"Reality-TV, Romance",5.300000190734863,134
Whitney Cummings: Money Shot,(2010 TV Special),TV-MA,48 min,"Documentary, Comedy",6.199999809265137,940
Lovely Horribly,(2018),,35 min,"Comedy, Drama, Horror",6.300000190734863,303
Civic,(2022),,20 min,"Short, Drama",,
Kulari ke Pantai,(2018),TV-G,112 min,"Adventure, Comedy, Family",7.699999809265137,253
I Believe in A Thing Called Love,,,,"Comedy, Romance",,
Monty Python's Best Bits (Mostly),(2014),,29 min,"Documentary, Comedy",7.300000190734863,239
Sisters on Track,(2021),PG,96 min,"Documentary, Sport",5.900000095367432,208
Pyros,,,,Sci-Fi,,
Shawn Mendes: Live in Concert,(2020),,88 min,Music,7.199999809265137,335
"The Rolling Stones Olé, Olé, Olé!: A Trip Across Latin America",(2016),TV-14,105 min,"Documentary, Music",7.400000095367432,"1,326"
Untitled Charlize Theron/Netflix Project,,,,"Drama, Sport",,
Backfire,(II) (2017),,94 min,"Crime, Drama",3.5999999046325684,436
Upin & Ipin,(2007– ),TV-Y,7 min,"Animation, Comedy, Family",5.800000190734863,366
Everything - The Real Thing Story,(2019),,94 min,"Documentary, Music",7.0,144
Angèle,(2021),TV-MA,84 min,"Documentary, Biography, Music",7.0,543
Outfielder,,,,"Biography, Drama, Sport",,
Shuddhi,(2017),Not Rated,114 min,"Crime, Drama, Thriller",7.900000095367432,393
The Remix: Hip Hop X Fashion,(2019),TV-MA,67 min,"Documentary, Music",7.199999809265137,91
Anjelah Johnson: Not Fancy,(2015 TV Special),Not Rated,90 min,"Documentary, Comedy",5.699999809265137,710
Dummie the Mummy and the Golden Scarabee,(2014),,77 min,"Adventure, Comedy, Family",5.900000095367432,303
Frankie Boyle: Hurt Like You've Never Been Loved,(2016 TV Special),,87 min,Comedy,7.5,612
Death at a Broadcast,(1934),,71 min,"Comedy, Crime, Mystery",5.900000095367432,323
Christina P: Mother Inferior,(2017 TV Special),,59 min,Comedy,6.400000095367432,"1,039"
Big Vape: The Incendiary Rise of Juul,,,,Documentary,,
Extreme Engagement,(2019),,,Reality-TV,5.599999904632568,389
Mo Gilligan: There's Mo to Life,(2022 TV Special),,65 min,Comedy,5.900000095367432,266
KidPoker,(2015 TV Movie),,89 min,"Documentary, Biography, Sport",6.699999809265137,741
Marching Orders,(2017– ),,,Documentary,6.099999904632568,257
Hazing,(2015),,99 min,Drama,4.699999809265137,270
Blue,(II) (2009),Not Rated,98 min,Drama,7.599999904632568,91
Frank Sinatra Biography Project,,,,"Biography, Drama, Music",,
Harvey,,,,"Comedy, Drama, Family",,
Ardiente Paciencia,(2022),,,Drama,,
Franco Escamilla: Por la anécdota,(2018 TV Special),TV-MA,66 min,Comedy,6.900000095367432,326
My Wife and I Bought A Ranch...,,,,Horror,,
Marlon Wayans: Woke-ish,(2018 TV Special),TV-MA,68 min,"Documentary, Comedy",6.5,"1,426"
Happy Ending,(VII),,,Comedy,,
Jim Gaffigan: Cinco,(2017 TV Special),TV-14,73 min,Comedy,7.099999904632568,"2,438"
Comedians of the World,(2019– ),,30 min,Comedy,6.5,465
Ricardo Quevedo: Mañana será peor,(2022 TV Special),,60 min,Comedy,5.199999809265137,60
Bewildered Bolbol,(2010),,110 min,"Comedy, Drama, Romance",6.400000095367432,"2,730"
A StoryBots Christmas,(2017 TV Short),TV-Y,24 min,"Short, Adventure, Comedy",5.800000190734863,162
De nog grotere slijmfilm,(2021),,81 min,Adventure,4.599999904632568,79
Quam's Money,(2020),,120 min,"Comedy, Crime",3.799999952316284,68
Western,(2015),Not Rated,92 min,"Documentary, Western",6.099999904632568,253
Delitto a Porta Romana,(1980),,92 min,"Comedy, Crime",6.099999904632568,355
Sleepless Society: Nyctophobia,(2019– ),,50 min,"Mystery, Thriller",5.800000190734863,49
Buried by the Bernards,(2021– ),TV-14,,Reality-TV,7.199999809265137,354
Road to Roma,(2020),,72 min,Documentary,7.699999809265137,664
Dino Daycare,,TV-Y7,,"Animation, Adventure, Comedy",,
Buddi,(2020– ),TV-Y,12 min,"Animation, Short, Adventure",7.099999904632568,60
El sendero de la anaconda,(2019),,73 min,Documentary,6.699999809265137,285
Maroon,(2017),Not Rated,94 min,Thriller,5.099999904632568,309
Rimba Racer,(2017),,22 min,"Animation, Action, Adventure",8.300000190734863,77
RuPaul's Drag Race Holi-Slay Spectacular,(2018 TV Special),,41 min,Reality-TV,4.800000190734863,"1,103"
Sex: My British Job,(2013),Not Rated,63 min,Documentary,6.099999904632568,417
3 Türken & ein Baby,(2015),,95 min,Comedy,5.400000095367432,"1,776"
Birders,(2019),,37 min,"Documentary, Short",6.400000095367432,287
Michelle Wolf: Joke Show,(2019 TV Special),TV-MA,59 min,Comedy,7.199999809265137,"1,654"
Dark Days at the Magna Carta,,,,"Fantasy, Horror, Sci-Fi",,
M Cream,(2014),Not Rated,112 min,"Adventure, Comedy, Drama",5.400000095367432,600
Sons of the Caliphate,(2016– ),,,Drama,7.800000190734863,33
The Wreck,(2019),,80 min,Drama,4.900000095367432,67
D'Ninang,(2020),,104 min,"Comedy, Romance",6.900000095367432,27
Nasha Natasha,(2020),,83 min,"Documentary, Biography, Music",6.400000095367432,316
13 Minutes,,,,"Drama, Thriller",,
Perú: tesoro escondido,(2017),,76 min,Documentary,6.099999904632568,535
The Henna Artist,,,,"Drama, Romance",,
Rezeta,(2012),,85 min,"Comedy, Drama, Romance",5.699999809265137,523
The Whole Truth,(2009),,99 min,"Action, Comedy",3.299999952316284,127
Six Years,(I),,,"Mystery, Romance, Thriller",,
Blazing Transfer Students,(2017),TV-MA,,"Action, Adventure, Comedy",6.900000095367432,123
The Apostate,(I) (2015),Unrated,80 min,Comedy,5.800000190734863,706
Mokalik (Mechanic),(2019),,100 min,"Comedy, Drama",6.199999809265137,155
Tôkyô Tarareba Musume,(2017– ),,54 min,Comedy,6.800000190734863,188
Dead of Winter,(I),,,Drama,,
Assassination on the Tiber,(1979),,96 min,"Comedy, Crime, Drama",6.199999809265137,314
Hatchimals: Adventures in Hatchtopia,(2018– ),TV-Y,,Animation,7.199999809265137,16
Marc Maron: Too Real,(2017 TV Special),,70 min,Comedy,7.199999809265137,"1,963"
Sam Kinison: Breaking the Rules,(1987 TV Special),R,50 min,"Documentary, Comedy",7.199999809265137,672
Olhar Indiscreto,(2022– ),,,"Drama, Mystery, Thriller",,
Kung Fu Elliot,(2014),Not Rated,81 min,"Documentary, Biography, Comedy",6.5,343
Stutz,(II),R,,Documentary,,
Untitled Solvan Naim Project,,,,Musical,,
Firegate,(2016),,113 min,"Adventure, Fantasy, Horror",5.400000095367432,155
Marc Maron: Thinky Pain,(2013 TV Special),Not Rated,95 min,Comedy,7.300000190734863,"1,906"
The Crystal Calls - Making the Dark Crystal: Age of Resistance,(2019),,82 min,Documentary,7.5,544
Teddy Bear,,,,"Adventure, Family, Fantasy",,
Famous In Ahmedabad,(2015),,29 min,"Documentary, Short, Comedy",7.5,161
Lockwood,,,,"Drama, Mystery, Thriller",,
Pacific Heat,(2016–2017),TV-14,22 min,"Animation, Action, Comedy",5.699999809265137,"1,147"
Lavell Crawford: Can a Brother Get Some Love,(2011 TV Special),Not Rated,81 min,"Documentary, Comedy",6.900000095367432,235
One,(II) (2021),,151 min,"Drama, Thriller",6.199999809265137,"2,842"
"Devil's Backbone, Texas",(2015),Unrated,80 min,Horror,4.0,591
My Way: The Rise and Fall of Silvio Berlusconi,(2016 TV Movie),,98 min,"Documentary, Biography",6.300000190734863,813
Sexcastle,,,,Comedy,,
Yuri Marçal: Honest Mistake,(2022),TV-MA,59 min,"Documentary, Comedy",6.300000190734863,44
The Next Guardian,(2017),,75 min,Documentary,7.699999809265137,96
Rozhovor s nepriatel'om,(2007),,124 min,"Drama, History, War",6.199999809265137,70
She Did That,(2019 Video),,71 min,Documentary,6.900000095367432,51
Iliza Shlesinger: Freezing Hot,(2015 TV Special),TV-MA,71 min,"Documentary, Comedy",6.800000190734863,"2,645"
The Magic School Bus Rides Again: Kids in Space,(2020),TV-Y,45 min,"Animation, Adventure, Comedy",6.099999904632568,87
Demetri Martin: Live (At the Time),(2015 TV Special),TV-MA,61 min,"Documentary, Comedy",7.400000095367432,"2,231"
Finding Agnes,(2020),,105 min,Drama,5.0,158
Hunter in the Blue Side of Manchester,(2020),,90 min,"Biography, Drama",5.599999904632568,48
Treehouse Detectives,(2018– ),TV-Y7,,"Animation, Short, Mystery",7.800000190734863,92
The Magic School Bus Rides Again: The Frizz Connection,(2020),,44 min,"Animation, Short, Adventure",5.300000190734863,46
Fashion Chicks,(2015),,95 min,"Comedy, Romance",5.099999904632568,387
Mighty Little Bheem: I Love Taj Mahal,(2022),,20 min,"Animation, Short, Comedy",5.400000095367432,13
A Million Colours,(2011),TV-MA,115 min,Drama,6.699999809265137,296
A Yellow Bird,(2016),Not Rated,112 min,Drama,5.400000095367432,240
Legal V: Ex-lawyer Shoko Takanashi,(2018),,,Drama,6.699999809265137,142
Jack Whitehall: Christmas with My Father,(2019 TV Special),,64 min,"Documentary, Comedy",6.0,963
Kukejar Cinta ke Negeri Cina,(2014),,94 min,"Comedy, Drama, Romance",6.0,40
World War III,(2022 TV Special),,,Comedy,4.5,43
Kicking It,(2008),Not Rated,98 min,"Documentary, Sport",7.199999809265137,380
The True Story of Alexander the Great,(2005 Video),Not Rated,150 min,"Documentary, Biography, Drama",7.599999904632568,110
Daemonium: Underground Soldier,(2015),,120 min,"Action, Fantasy, Sci-Fi",4.0,698
Road to Yesterday,(2015),,91 min,"Drama, Romance, Thriller",6.0,251
Popoz,(2015),,86 min,"Action, Comedy",5.199999809265137,758
Home: For the Holidays,(2017 TV Short),TV-Y7,45 min,"Animation, Short, Adventure",4.900000095367432,152
Franco Escamilla: Bienvenido al Mundo,(2019 TV Special),TV-MA,54 min,Comedy,7.0,242
Gore Vidal: The United States of Amnesia,(2013),Not Rated,83 min,"Documentary, Biography, History",7.699999809265137,"1,279"
Kyô wa Kaisha Yasumimasu,(2014– ),,54 min,Comedy,6.5,264
Gad Elmaleh: Part En Live,(2017 TV Special),,57 min,Comedy,6.900000095367432,413
Anitta: Made in Honório,(2020– ),TV-MA,,"Documentary, Biography, Music",6.900000095367432,414
Sam Jay: 3 in the Morning,(2020 TV Special),TV-MA,64 min,Comedy,6.400000095367432,534
Live,(2015),,97 min,"Drama, Thriller",5.900000095367432,236
Gelo,(II) (2016),,118 min,Drama,7.099999904632568,74
Chris D'Elia: Incorrigible,(2015 TV Special),TV-MA,83 min,Comedy,6.400000095367432,"1,554"
The Curry Songs,(2020– ),,24 min,"Comedy, Drama",6.5,31
Amsterdam to Anatolia,(2019),,6 min,Short,5.300000190734863,62
After Trek,(2017–2018),TV-PG,48 min,Talk-Show,4.900000095367432,260
"Ashley Madison: Sex, Lies & Cyber Attacks",(2016 TV Movie),,46 min,"Documentary, Crime, History",5.5,355
Juana Brava,(2015),,60 min,Drama,6.900000095367432,22
Katherine Ryan: In Trouble,(2017 TV Special),TV-MA,63 min,Comedy,7.0,"2,233"
Judah Friedlander: America is the Greatest Country in the United States,(2017 TV Special),,84 min,Comedy,7.800000190734863,"1,524"
All About Gila,(2022 TV Special),,76 min,Comedy,4.300000190734863,90
Cops and Robbers,(I) (2020),PG-13,6 min,"Animation, Short, Drama",6.699999809265137,727
Rookie Agent Rouge,(2016),,43 min,"Action, History",7.0,49
Filthy Gorgeous: The Bob Guccione Story,(2013),TV-MA,96 min,"Documentary, Biography",6.5,362
United Nation Three Decades of Drum & Bass,(2020),,92 min,Documentary,7.599999904632568,"2,254"
Auntie Claus,,,,"Adventure, Comedy, Family",,
LiSA Another Great Day,(2022),,97 min,"Documentary, Music",,
Mencari Rahmat,(2017),,101 min,"Comedy, Drama",6.199999809265137,61
All for My Mother,(2019),,103 min,Drama,6.699999809265137,219
Making the Boys,(2011),Not Rated,90 min,"Documentary, Biography, Romance",7.199999809265137,698
Alles voor elkaar,(2017),,93 min,Comedy,5.400000095367432,344
Hakyu Hoshin Engi,(2018– ),TV-PG,23 min,"Animation, Action, Adventure",6.0,34
Jeff Dunham: Unhinged in Hollywood,(2015 TV Special),Unrated,71 min,Comedy,6.699999809265137,735
Sitara,(2019),,128 min,Drama,8.0,5
Untitled Joe Exotic Project,(TV Movie),,,,,
The Comedians of Comedy,(2005),R,103 min,"Comedy, Documentary",7.199999809265137,"2,614"
The Art Star and the Sudanese Twins,(2008),Not Rated,109 min,"Documentary, Drama",7.099999904632568,87
Defcon 2012,(2010),Not Rated,92 min,Sci-Fi,1.7000000476837158,407
Totò diabolicus,(1962),,95 min,"Comedy, Crime, Mystery",6.699999809265137,701
Rumble,(2017),,,Action,3.5999999046325684,301
Reborn,(VII),,,"Action, Adventure, Fantasy",,
Burt's Buzz,(2013),Not Rated,88 min,Documentary,6.5,787
Tuintje in mijn hart,(2017),,101 min,"Adventure, Comedy, Romance",5.300000190734863,503
"Yours Sincerely, Kanan Gill",(2020 TV Special),TV-MA,72 min,Comedy,7.099999904632568,985
Netfilx is a Joke the Festival,(2022),,,Comedy,4.800000190734863,35
Tiramisu,(I) (2008),,90 min,"Drama, Mystery, Romance",6.599999904632568,262
André & His Olive Tree,(2020),,104 min,Documentary,6.699999809265137,210
Chrisye,(2017),,110 min,"Biography, Drama, Music",7.099999904632568,92
Kahogo no Kahoko,(2017),,54 min,Comedy,7.300000190734863,290
Cigarette Girl,,,,"Drama, Romance",,
I'm Home,(2015– ),,54 min,Drama,7.099999904632568,458
CCTV: Caught on Camera,(2014– ),,43 min,Reality-TV,,
Too Hot to Handle Germany,,,,"Game-Show, Reality-TV, Romance",,
Resurface,(2017),,26 min,"Documentary, Short, Sport",6.900000095367432,455
Rockaway,,,,Drama,,
Sea Him the Series,(2020– ),,,Romance,7.800000190734863,19
Chingo Bling: They Can't Deport Us All,(2017 TV Special),,,"Documentary, Comedy",6.5,40
Fallen,(III) (2017),TV-PG,75 min,Documentary,6.699999809265137,107
Lego House: Home of the Brick,(2018),,47 min,Documentary,6.5,498
Cuckoo Song,,TV-MA,60 min,"Drama, Horror, Mystery",,
Zavera,(2019),,96 min,Drama,4.599999904632568,129
My MVP Valentine,(2002),,46 min,Drama,7.0,29
Suicide,(II) (2014),,113 min,"Action, Crime, Thriller",5.699999809265137,429
Siempre reinas,(2022– ),,,Reality-TV,,
Luna Petunia: Return to Amazia,(2018),TV-Y,,Animation,4.900000095367432,47
A Trash Truck Christmas,(2020 TV Special),,28 min,"Animation, Short, Adventure",5.599999904632568,217
Horror Story,(I) (2013),,91 min,Horror,4.199999809265137,"1,919"
Hank: 5 Years from the Brink,(2013),Not Rated,85 min,"Documentary, Biography, News",6.599999904632568,499
Quarantine Tales,(2020),,87 min,"Drama, Thriller",6.199999809265137,130
The Mosque Next Door,(2017),,,Reality-TV,7.699999809265137,44
The Bridge,(XIV) (2017),,115 min,"Drama, Romance",5.599999904632568,38
Manu,(I) (2018),,92 min,"Documentary, Biography, History",7.0,27
Hometown,,,,Comedy,,
Enlighten Us,(2016),,93 min,Documentary,6.199999809265137,613
The City of Brass,,,,,,
Pashmina,,,,"Animation, Adventure, Comedy",,
The Love Section,(2013),Not Rated,100 min,"Comedy, Drama, Romance",6.099999904632568,387
Abla Fahita: Drama Queen,(2021– ),TV-14,25 min,"Comedy, Crime, Drama",6.5,448
Untitled David Beckham Project,,,,"Documentary, Biography, Sport",,
Felipe Esparza: Bad Decisions,(2020),,62 min,Comedy,5.5,177
Les copains du dimanche,(1958),,100 min,"Comedy, Drama",5.699999809265137,111
Judd Apatow: The Return,(2017 TV Special),TV-14,69 min,Comedy,6.199999809265137,"1,354"
Resistance,(II) (2015),Not Rated,72 min,"Documentary, History",7.099999904632568,324
Banda: The Dark Forgotten Trail,(2017),,94 min,Documentary,7.400000095367432,113
Sing On! Germany,(2020– ),,,"Game-Show, Music, Reality-TV",5.5,140
Flip a Coin -ONE OK ROCK Documentary-,(2021),TV-PG,105 min,"Documentary, Music",6.599999904632568,111
Gordon Hemingway & The Realm of Cthulhu,,,,Horror,,
Fifty,(2017– ),,,Drama,8.399999618530273,37
Time Sweep,(2016),Not Rated,103 min,Drama,6.0,191
Memory Love,(2017– ),,,Romance,7.900000095367432,67
Netflix - The Crown: Kneel Before Your Queen,(2017 Video),,,Short,,
Goli Soda 2,(2018),,128 min,"Action, Drama",7.300000190734863,909
Melbourne Rewind,(2016),,96 min,"Drama, Romance",6.199999809265137,15
The 21st Annual Screen Actors Guild Awards,(2015 TV Special),,,News,6.599999904632568,92
Colin Quinn: The New York Story,(2016 TV Special),TV-MA,62 min,Comedy,6.900000095367432,"1,013"
Go! Go! Cory Carson: The Chrissy,(2020),,42 min,"Animation, Short, Family",7.199999809265137,47
Promakhos,(2014),,91 min,Drama,4.699999809265137,317
Web Junkie,(2013),Not Rated,74 min,"Documentary, Biography, Drama",6.300000190734863,635
The Warmth of Other Suns,,,,Drama,,
Marjoun and the Flying Headscarf,(2019),,84 min,Drama,6.800000190734863,43
A Decent Man,(2018),,93 min,Drama,5.300000190734863,169
Secret Unrequited Love,(2019),,,Romance,8.199999809265137,21
Notes from Dunblane: Lesson from a School Shooting,(2018),,22 min,"Documentary, Short, History",6.0,357
The Good Road,(2013),Not Rated,92 min,Drama,6.0,560
ReMastered: Who Killed Jam Master Jay?,(2018 TV Movie),,58 min,Documentary,6.5,800
Delirium,(IV) (2014),R,85 min,Comedy,4.5,370
Live at the Foxes Den,(2013),Not Rated,103 min,Drama,4.800000190734863,159
Zetsumeshi Road,(2020),,,Comedy,7.800000190734863,95
Only Jokes Allowed,(2022– ),,,Comedy,4.900000095367432,52
The Mekong River with Sue Perkins,(2014– ),,,Documentary,7.699999809265137,129
Surau dan Silek,(2017),,90 min,"Comedy, Drama, Family",9.0,71
Jim Norton: Mouthful of Shame,(2017 TV Special),TV-MA,61 min,Comedy,7.0,"1,348"
Cooking on High,(2018– ),,14 min,Game-Show,4.900000095367432,477
Courage & Stupidity,(2005),,25 min,"Short, Comedy, Fantasy",7.5,"6,311"
CT Fletcher: My Magnificent Obsession,(2015),,101 min,"Documentary, Drama, Sport",7.599999904632568,589
Brian Regan: Nunchucks and Flamethrowers,(2017 TV Special),,61 min,"Documentary, Comedy",6.300000190734863,685
Michael Che Matters,(2016 TV Special),TV-MA,61 min,Comedy,7.199999809265137,"2,679"
Talak 3,(2016),TV-PG,90 min,"Comedy, Drama",7.099999904632568,116
The Negro Soldier,(1944),,43 min,"Documentary, Short, Drama",5.900000095367432,744
Monster Math Squad,(2012– ),TV-Y,30 min,Animation,6.099999904632568,41
Widows,(2011),,100 min,"Comedy, Drama",6.300000190734863,560
"Crazy, Lovely, Cool",(2018– ),,50 min,Romance,8.5,30
Michelle Buteau: Welcome to Buteaupia,(2020 TV Special),TV-MA,58 min,Comedy,7.0,608
Blue Gold: American Jeans,(2014),TV-PG,99 min,"Documentary, History",6.900000095367432,134
Prehistoric,(II) (2009–2010),TV-PG,44 min,"Documentary, Animation, History",7.099999904632568,46
DeMarcus Family Rules,(2020),TV-14,,Reality-TV,6.400000095367432,112
Tenured,(2015),,80 min,Comedy,5.900000095367432,501
Colin Quinn: Red State Blue State,(2019 TV Movie),TV-14,65 min,Comedy,7.599999904632568,736
The Circle: French,(2020– ),,,Reality-TV,7.400000095367432,732
Shadecraft,,,,"Drama, Horror",,
Kayko and Kokosh,(2021– ),TV-PG,15 min,"Animation, Action, Adventure",6.300000190734863,330
The Gymnastics Samurai,(2020– ),,,"Animation, Drama, Sport",7.099999904632568,130
Simon Amstell: Set Free,(2019 TV Special),,51 min,Comedy,6.5,830
The 80's India,(2016),,,"Documentary, Short",7.199999809265137,41
Thiago Ventura: Pokas,(2020 TV Special),TV-MA,82 min,Comedy,6.5,207
The Break with Michelle Wolf,(2018),TV-MA,25 min,"Comedy, Talk-Show",5.199999809265137,"1,886"
The Irishman: In Conversation,(2019),TV-MA,23 min,"Documentary, Short",7.400000095367432,"1,842"
Blood Brother,(2013),Not Rated,92 min,Documentary,8.199999809265137,"1,641"
This Is the Life,(2008),,97 min,Documentary,6.5,266
A Field Full of Secrets,(2014),Not Rated,122 min,Documentary,5.699999809265137,212
Stronger,,,,Drama,,
Walking on Water,(2002),Not Rated,90 min,Drama,6.5,477
The Could've-Gone-All-the-Way Committee,(2018),,,Drama,6.800000190734863,106
Out of the Ashes,(2010),,86 min,"Documentary, Sport",7.099999904632568,226
Hari Kondabolu: Warn Your Relatives,(2018 TV Special),,67 min,Comedy,6.599999904632568,860
Totò lascia o raddoppia?,(1956),,94 min,Comedy,6.599999904632568,436
I'm Your Destiny,(2017),,54 min,"Comedy, Romance",6.900000095367432,779
Shout It Out Loud,,,,,,
Babies Behind Bars,(2011 TV Movie),,120 min,Documentary,6.199999809265137,116
Suzumiya Haruhi chan no yûutsu,(2009),TV-14,3 min,"Animation, Comedy",6.599999904632568,428
71st Golden Globe Awards,(2014 TV Special),,,News,7.199999809265137,912
Visions of Us: LGBTQ+ Latine Representation in TV & Film,(2021),,,Documentary,,
Bottled Life: Nestle's Business with Water,(2012),Not Rated,90 min,"Documentary, Adventure, Drama",6.699999809265137,850
Playing Hard,(I) (2018),,92 min,Documentary,6.0,450
Otto the Rhino,(2013),PG,76 min,"Animation, Comedy, Family",5.099999904632568,327
Russell Brand: Re: Birth,(2018 TV Special),,63 min,Comedy,6.5,"1,232"
Death Office,(2019),,,"Drama, Fantasy",7.199999809265137,30
Chadwick Boseman: Portrait of an Artist,(2021),TV-MA,21 min,"Documentary, Short",6.5,136
Jack Whitehall: At Large,(2017 TV Special),TV-MA,67 min,Comedy,6.800000190734863,"2,203"
Kaattu,(2017),,163 min,Drama,6.800000190734863,215
Brent Morin: I'm Brent Morin,(2015 TV Special),,67 min,Comedy,6.5,713
Uganda Be Kidding Me Live,(2014 TV Movie),,71 min,Comedy,5.900000095367432,"1,191"
London Hughes: To Catch a Dick,(2020 TV Special),,68 min,Comedy,4.699999809265137,328
Ari Shaffir: Double Negative,(2017 TV Special),,,Comedy,6.800000190734863,734
Running Mates,(2011),,90 min,Comedy,5.199999809265137,111
Empress,(I),,,"Action, Adventure, Drama",,
Trese After Dark,(2021),,35 min,"Documentary, Short",6.199999809265137,25
Wind Blast,(2010),Not Rated,114 min,Action,5.099999904632568,400
The Final Year,(2017),Not Rated,89 min,Documentary,6.5,"3,319"
L'oro di Scampia,(2014 TV Movie),,102 min,"Biography, Drama",6.800000190734863,107
The Fastest,(2021– ),,,Reality-TV,5.5,88
The Fight for Justice: Paolo Guerrero,(2022– ),,,"Biography, Drama, Sport",,
"Trinity, The Nekad Traveler",(2017),,103 min,"Adventure, Drama, Romance",6.5,103
Afonso Padilha: Classless,(2020 TV Special),TV-MA,63 min,Comedy,6.900000095367432,208
The Circle: Brazil,(2020– ),TV-MA,,Reality-TV,6.800000190734863,794
Gabru: Hip Hop Ke Shehzaade,(2018– ),,,"Music, Musical",7.0,8
Shadow Trade,(2016),,50 min,Documentary,7.599999904632568,20
Venga a fare il soldato da noi,(1971),,,"Comedy, Musical",5.099999904632568,73
Hallo Bungalow,(2015),,91 min,Comedy,4.900000095367432,318
Tyll,,,,"Drama, History, War",,
Bottersnikes & Gumbles,(2015– ),,11 min,"Animation, Adventure, Comedy",5.199999809265137,48
Yowis Ben 3,(2021),TV-G,113 min,"Comedy, Drama",7.0,171
Oriented,(2015),Not Rated,86 min,Documentary,6.699999809265137,525
Professor Mack,(2019),TV-MA,83 min,"Comedy, Romance",3.5999999046325684,146
Kazoops!,(2016–2017),,7 min,"Animation, Comedy, Family",7.400000095367432,124
Nocterra,,,,"Adventure, Drama, Sci-Fi",,
Mitt,(2014),,94 min,"Documentary, Biography, Family",6.800000190734863,"2,602"
Speech,(2018),,93 min,"Comedy, Romance",5.599999904632568,497
Goals Against,,,,"Comedy, Drama, Sport",,
Sleepless Society: Two Pillows & A Lost Soul,(2020– ),,,"Drama, Thriller",5.5,44
Feo pero Sabroso,(2019),TV-MA,90 min,Comedy,4.300000190734863,177
Tell No One,(I),,,Thriller,,
Joe Cocker: Mad Dog with Soul,(2017),,90 min,Documentary,7.199999809265137,796
Klockorna i Gamla sta'n,(1946),,112 min,Drama,5.300000190734863,97
Mike Epps: Only One Mike,(2019 TV Special),TV-14,63 min,Comedy,4.699999809265137,309
Todd Barry: Spicy Honey,(2017 TV Special),TV-14,60 min,Comedy,6.800000190734863,861
Beautiful Sunday,(2007),G,117 min,Thriller,5.699999809265137,123
Johan Falk: Alla råns moder,(2012 Video),,97 min,"Action, Crime, Thriller",6.800000190734863,"2,170"
My Own Man,(2014),TV-14,82 min,"Documentary, Comedy, Drama",6.400000095367432,447
Sword Art Online,(I),TV-14,,"Action, Adventure, Drama",,
The Collector,(II) (2018),,,Horror,6.400000095367432,8
Tum... Ho Na!,(2005),,,Romance,5.099999904632568,43
Waffles + Mochi: Holiday Feast,(2021 TV Special),,27 min,Family,6.0,47
Swearnet Live,(2014),TV-MA,75 min,Comedy,5.400000095367432,551
Team Hot Wheels: Build the Epic Race,(2015 TV Short),,45 min,"Animation, Short, Action",5.900000095367432,45
Untitled Ayrton Senna Project,,,,Biography,,
Todo Dia a Mesma Noite,,,,"Biography, Drama, Mystery",,
Emergency,(2015– ),TV-14,22 min,Reality-TV,7.699999809265137,31
The Innocents,(2015),,98 min,Horror,5.199999809265137,462
"Out of Many, One",(2018),,34 min,"Documentary, Short",5.699999809265137,257
Nuestra Lucha Libre,(2018),,28 min,Documentary,7.5,30
Tour De France,(2023– ),,45 min,"Documentary, Sport",,
D.L. Hughley: Contrarian,(2018 TV Special),,58 min,Comedy,6.599999904632568,617
Our Sister's Soulmate,(2020– ),,,Family,7.400000095367432,82
Kenny Sebastian: The Most Interesting Person in the Room,(2020 TV Special),TV-MA,67 min,Comedy,6.0,"1,016"
Danny Says,(2015),Unrated,104 min,"Documentary, Biography, History",6.699999809265137,817
David Cross: Making America Great Again,(2016 TV Special),,74 min,Comedy,6.599999904632568,"1,696"
Sexy Beasts,(2014– ),,,Comedy,5.5,56
Hellhole,(2022),,,Horror,,
The Hollywood Masters,(2017– ),,,"Documentary, Biography",7.099999904632568,88
Takizawa Enbujo Zero,(2020),,139 min,"Music, Musical",6.5,17
The Truth Is in the Stars,(2017),,86 min,Documentary,6.699999809265137,404
Craig Ferguson: Tickle Fight,(2017 TV Special),TV-MA,66 min,Comedy,6.599999904632568,"1,008"
Forever Chape,(2018),,80 min,Documentary,7.400000095367432,308
Guru Aur Bhole,(2019– ),,,Animation,4.800000190734863,21
Vai Anitta,(2018–2020),,30 min,"Documentary, Reality-TV",5.5,464
Hannibal Buress: Comedy Camisado,(2016 TV Special),TV-MA,83 min,Comedy,6.599999904632568,"1,540"
Shaka Inkosi YamaKhosi,(2022),TV-14,15 min,"Animation, Short",6.5,8
Where the Road Runs Out,(2014),,91 min,"Drama, Family, Romance",5.599999904632568,141
Crazy People,(2018),,106 min,"Comedy, Thriller",4.800000190734863,19
Ariana Grande & Kid Cudi - Just Look Up,(2021 Music Video),,4 min,Music,6.599999904632568,29
36 Questions,,,,"Drama, Music, Romance",,
My Long Awaited Love Story,(2016 TV Movie),,108 min,Romance,6.599999904632568,196
Marrying the Mafia 2: Enemy-in-Law,(2005),,115 min,"Action, Comedy, Crime",5.900000095367432,465
Queen of the Scene,,,,Drama,,
Adam Devine: Best Time of Our Lives,(2019 TV Special),,58 min,Comedy,5.900000095367432,961
The Testimony,(2015),Not Rated,28 min,"Documentary, Short, Crime",7.300000190734863,159
Jeff Garlin: Our Man in Chicago,(2019 TV Special),,58 min,Comedy,5.900000095367432,436
Untitled LA Lakers/Netflix Project,,,,"Comedy, Sport",,
Puzzle,(2013),,93 min,"Drama, Romance",6.199999809265137,151
Today We'll Talk About That Day,,,,"Drama, Family, Romance",,
Jumping from High Places,(2022),,88 min,"Comedy, Drama, Romance",,
Nailed It! France,(2019– ),TV-14,,Reality-TV,6.599999904632568,115
Los días de Ayotzinapa (The 43s),(2019),,,"Documentary, Crime, Drama",7.800000190734863,64
Mortified Nation,(2013),,84 min,Documentary,7.300000190734863,997
Learning Time with Timmy,(2018– ),,,"Animation, Family",8.100000381469727,17
The Witcher,,TV-MA,,"Animation, Action, Adventure",,
Tiffany Haddish: She Ready! From the Hood to Hollywood,(2017 TV Special),TV-MA,65 min,Comedy,6.699999809265137,544
Sugar High,(2020 TV Special),TV-G,44 min,Reality-TV,7.199999809265137,194
Sharkdog's Fintastic Halloween,(2021 TV Special),,25 min,"Animation, Short, Adventure",6.599999904632568,37
The Ogun,,,,"Action, Adventure, Thriller",,
DeRay Davis: How to Act Black,(2017 TV Special),,66 min,Comedy,6.199999809265137,451
"Lusers, los amigos no se eligen",(2015),,95 min,"Adventure, Comedy",4.900000095367432,406
Midnight's Children,,,,Drama,,
Louder Than a Bomb,(2010),Not Rated,99 min,Documentary,7.300000190734863,382
Ulvenatten,(2008),,90 min,"Action, Drama, Thriller",5.599999904632568,606
Shine Your Eyes,(2020),TV-MA,102 min,"Drama, Thriller",6.5,332
Bit by Bit,(2002),,85 min,Comedy,4.800000190734863,883
Nick Offerman: American Ham,(2014 TV Special),,78 min,"Documentary, Comedy",6.599999904632568,"1,289"
Je parle toute seule,(2016),,88 min,Comedy,7.900000095367432,141
Aluna,(2012),Not Rated,89 min,"Documentary, Adventure",7.5,158
Happy Jail,(2019– ),,,Documentary,6.900000095367432,257
Hurricane of Fun: The Making of Wet Hot,(2015),Not Rated,64 min,Documentary,7.0,"1,496"
Tim Minchin and the Heritage Orchestra,(2011 Video),Not Rated,153 min,Comedy,8.399999618530273,387
Milea,(2020),TV-14,102 min,"Drama, Romance",6.099999904632568,577
Wanderlust,(2006 TV Movie),Not Rated,84 min,"Documentary, History",6.699999809265137,130
Mr. Angel,(2013),,68 min,"Documentary, Biography",6.599999904632568,312
El Último Vagón,,,,"Comedy, Drama",,
IRL: In Real Love,,,,"Reality-TV, Romance",,
Serendip,(2018),,70 min,Documentary,6.199999809265137,123
Diário de um Exorcista - Zero,(2016),TV-MA,98 min,"Horror, Thriller",3.700000047683716,625
Baggage,(I) (2008),PG,110 min,Drama,4.900000095367432,385
Romantic Killer,(2022– ),,24 min,"Animation, Comedy, Romance",,
Holland: Natuur in de Delta,(2015),,96 min,Documentary,6.900000095367432,406
Dancing Quietly,(2016),,69 min,"Comedy, Drama",6.099999904632568,389
Bendo,(2022– ),,,Drama,,
The Boys in the Band: Something Personal,(2020 TV Movie),TV-MA,28 min,Documentary,7.199999809265137,371
Mauricio Meirelles: Generating Chaos,(2020 TV Special),,63 min,Comedy,6.699999809265137,136
Untitled Will Smith Comedy Variety Special,(TV Special),,60 min,Comedy,,
Good and Prosperous,(2017),,104 min,Comedy,3.9000000953674316,205
Sila-sila,(2019),,116 min,Drama,7.900000095367432,28
U-Prince: The Playful Comm-Arts,(2016),,,Romance,8.600000381469727,24
Men at Lunch,(2012),Not Rated,75 min,"Documentary, Mystery",6.300000190734863,339
YG Future Strategy Office,(2018– ),TV-MA,,Comedy,6.800000190734863,212
Bookmarks,(2020– ),TV-G,,"Short, Family",5.400000095367432,165
Storia di fifa e di coltello - Er seguito d'er più,(1972),,100 min,Comedy,5.699999809265137,85
Kizoku Kourin: Prince of Legend,(2020),,93 min,Drama,5.699999809265137,13
Urzila Carlson: Overqualified Loser,(2020 TV Special),TV-MA,62 min,Comedy,6.199999809265137,394
See You In Time,(2017– ),,,"Romance, Sport",7.199999809265137,38
Oprah Winfrey Presents: When They See Us Now,(2019 TV Special),TV-14,61 min,Talk-Show,7.800000190734863,"2,364"
Dying to Tell,(2018),,87 min,Documentary,6.800000190734863,354
The Doll Master,(2017),Not Rated,77 min,Horror,2.299999952316284,242
The Honeymoon Stand-Up Special,(2018– ),,31 min,Comedy,6.800000190734863,526
Dubai Bling,(2022– ),,,Reality-TV,,
Pili Fantasy: War of Dragons,(2019– ),,,"Animation, Action, Fantasy",6.900000095367432,41
Untitled Ilya Lichtenstein and Heather Morgan Docuseries,,,,Documentary,,
Vir Das: Losing It,(2018 TV Special),TV-MA,67 min,Comedy,7.0,"1,275"
Brokat,,,,Drama,,
Art of Flight: The Series,(2012– ),,,Documentary,8.800000190734863,201
Untitled Anna Nicole Smith Documentary,,,,Documentary,,
Ferdinando I° re di Napoli,(1959),,105 min,Comedy,6.400000095367432,164
Until Dawn,(2020– ),,22 min,"Comedy, Reality-TV",2.4000000953674316,148
Cementerio General,(2013),,88 min,Horror,3.799999952316284,305
Stewart Lee: 41st Best Stand-Up Ever!,(2008 Video),,80 min,Comedy,8.199999809265137,612
Hard Tide,(2015),Not Rated,90 min,"Drama, Thriller",4.800000190734863,212
Das Zeugenhaus,(2014 TV Movie),,105 min,"Drama, History",6.900000095367432,279
We Are Moluccans,(2014),,151 min,"Biography, Drama, Sport",7.900000095367432,207
History's Greatest Hoaxes,(2016– ),,,Documentary,6.199999809265137,37
Indie Game: Life After,(2016),Unrated,125 min,Documentary,5.699999809265137,499
Untitled Fernando Meirelles/Netflix Project,,,,Drama,,
Stolen,(2024),,,Drama,,
American Factory: A Conversation with the Obamas,(2019),,10 min,"Documentary, Short",5.099999904632568,304
U-Prince: The Gentle Vet,(2016),,,"Comedy, Drama, Romance",7.199999809265137,27
From Me to You: Kimi ni Todoke,(2023– ),TV-14,,"Comedy, Drama, Romance",,
Red Trees,(2017),Not Rated,87 min,Documentary,6.300000190734863,144
Heat,(VI),,,"Drama, Sport",,
Stand Out: The Documentary,,,,Documentary,,
Sekaiichi muzukashii koi,(2016– ),,54 min,Comedy,7.099999904632568,172
Matilda,,,,"Animation, Adventure, Family",,
Joe Mande's Award-Winning Comedy Special,(2017 TV Special),TV-MA,66 min,"Documentary, Comedy",6.099999904632568,521
Pierre Jackson,(2018),TV-MA,81 min,Romance,6.699999809265137,82
Sounding the Alarm: Battling the Autism Epidemic,(2014),Not Rated,58 min,Documentary,6.099999904632568,50
Lokillo: Nothing's the Same,(2021),,63 min,Comedy,4.800000190734863,55
Vir Das: Abroad Understanding,(2017 TV Special),TV-MA,65 min,Comedy,6.900000095367432,"1,723"
Chi si ferma è perduto,(1960),,101 min,Comedy,6.800000190734863,362
Alien Secrets,(2006 Video),Not Rated,86 min,"Comedy, Drama, Sci-Fi",5.300000190734863,39
A Time Lost,(II),,,,,
Mystery Girl,,,,Mystery,,
10 Days in Sun City,(2017),,87 min,"Adventure, Comedy, Romance",5.199999809265137,73
Heroes. Silence and Rock and Roll,(2021),,94 min,Documentary,7.5,676
God Loves Uganda,(2013),TV-14,83 min,Documentary,7.400000095367432,"1,210"
Copycat Killer,,,,"Crime, Drama",,
Pacíficum,(2017),,74 min,Documentary,6.5,135
Used Goods,(2018),,95 min,"Comedy, Drama",4.300000190734863,136
Red Sea 4K,(2016),TV-G,50 min,Documentary,6.400000095367432,57
Dou Yu,(2004– ),,,"Drama, Romance",7.5,45
Jihad: A Story of the Others,(2015),,50 min,Documentary,7.0,439
Cristela Alonzo: Lower Classy,(2017 TV Special),TV-MA,66 min,Comedy,6.599999904632568,920
The Hand of God: Through the Eyes of Sorrentino,(2021),,8 min,"Documentary, Short",6.699999809265137,86
An Unremarkable Christmas,(2020 TV Movie),TV-14,82 min,"Comedy, Drama",3.200000047683716,142
Pink: Staying True,(2013),TV-14,60 min,"Documentary, Music",6.099999904632568,134
Ideias à Venda,(2022– ),,,"Game-Show, Reality-TV",6.300000190734863,30
Rádio Coisa Mais Linda,(2020),,,,,
True: Friendship Day,(2020 TV Movie),,23 min,"Animation, Family",7.099999904632568,24
Capital C,(2014),Not Rated,87 min,"Documentary, News",6.699999809265137,274
Aziz Ansari: Buried Alive,(2013 TV Special),TV-MA,80 min,Comedy,7.199999809265137,"4,016"
Nailed It! Germany,(2020– ),TV-14,,Reality-TV,5.800000190734863,103
Daniël Arends: Carte blanche,(2016 TV Special),,82 min,"Documentary, Comedy",7.300000190734863,215
Badanamu ABC,(2018– ),,,Animation,,
Korean Cold Noodle Rhapsody,(2021),,,Documentary,7.599999904632568,29
GIMS: On the Record,(2020),TV-MA,96 min,"Documentary, Music",6.900000095367432,213
Untitled We are the Nobles Reboot,,,,Comedy,,
Iron Ladies,(2018– ),,75 min,Romance,6.199999809265137,55
Oya Baka Seishun Hakusho,(2020),,,Comedy,6.599999904632568,116
The Heart of a Woman,(2017),,30 min,"Short, Biography, Drama",,
The Sam Kinison Family Entertainment Hour,(1991 TV Special),Not Rated,50 min,"Documentary, Comedy, Music",6.599999904632568,284
Super Monsters Furever Friends,(2019 TV Movie),,58 min,Animation,5.599999904632568,69
Café Derby,(2015),,98 min,Drama,6.800000190734863,648
Doug Stanhope: Beer Hall Putsch,(2013 TV Special),Not Rated,61 min,"Documentary, Comedy",7.599999904632568,"1,135"
Made in Bangkok,(2015),,75 min,"Documentary, Comedy, Drama",7.199999809265137,106
Anthony Joshua: The Road to Klitschko,(2017 TV Movie),TV-14,59 min,"Documentary, Biography, Sport",7.199999809265137,440
The Chefs Line,(2017– ),,,Reality-TV,7.0,210
The Unsound,,,,Horror,,
Maria Bamford: Old Baby,(2017 TV Special),TV-MA,64 min,"Documentary, Comedy",6.199999809265137,953
Youtubers,(2015),,96 min,"Comedy, Romance",5.400000095367432,13
ReMastered: The Lion's Share,(2018 TV Movie),,84 min,"Documentary, Music",6.900000095367432,642
Japan with Sue Perkins,(2019),,58 min,Documentary,7.300000190734863,128
Junji Ito Maniac: Japanese Tales of the Macabre,,TV-MA,24 min,"Animation, Drama, Horror",,
I'm with the Band: Nasty Cherry,(2019– ),,,"Documentary, Music",6.5,166
Dear Nathan: Thank You Salma,(2022),,112 min,"Drama, Romance",7.199999809265137,135
Untitled Netflix Family Comedy 2021,(2021),,,Comedy,,
Doomsdays,(2013),,91 min,Drama,6.599999904632568,552
Tell Me Everything,,,,Drama,,
Carlos Almaraz: Playing with Fire,(2019),,82 min,Documentary,7.800000190734863,63
7 Hari 24 Jam,(2014),,97 min,"Drama, Romance",7.0,98
Tom Papa: Live in New York City,(2011 TV Special),Not Rated,41 min,Comedy,7.199999809265137,505
Derren Brown: The Great Art Robbery,(2013 TV Movie),,70 min,"Documentary, Crime",7.599999904632568,481
Parrot Sketch Not Included: Twenty Years of Monty Python,(1989 TV Special),Not Rated,72 min,Comedy,8.100000381469727,"1,535"
Aziz Ansari Live in Madison Square Garden,(2015 TV Special),TV-MA,58 min,Comedy,6.599999904632568,"3,283"
In Love and Deep Water,,,,"Comedy, Romance",,
Saki ni umaretadake no boku,(2017),,54 min,Drama,6.5,76
Huck,(II),,,"Action, Adventure, Drama",,
Little Hope Was Arson,(2013),Not Rated,71 min,"Documentary, Crime, Drama",6.599999904632568,324
Samir Abu el-Nil,(2013),,109 min,Comedy,4.400000095367432,474
Pico & Sepulveda,,,,Drama,,
Dressing Funny,(2019– ),,,Comedy,7.199999809265137,41
Liss Pereira: Reteniendo Liquidos,(2019 TV Special),,,Comedy,6.5,103
Fat Man Little Boy,(2013 Video),,85 min,Comedy,6.599999904632568,89
The Power of Silence,(2017 TV Movie),,98 min,Biography,7.099999904632568,89
LEGO Friends: Happy Birthday to You!,(2017 TV Special),,1 min,"Animation, Short",3.799999952316284,7
Delicious Romance,(2021– ),,35 min,"Comedy, Romance",7.599999904632568,34
Burn the House Down,(2023– ),,,"Drama, Mystery, Thriller",,
Nailed It! Spain,(2019– ),TV-PG,,Reality-TV,5.699999809265137,98
True: Terrific Tales,(2020– ),,,"Animation, Family",6.800000190734863,25
Queen of Carthage,(2014),R,92 min,"Drama, Thriller",5.599999904632568,231
A Boyfriend for my Wife,(2014),,97 min,"Comedy, Romance",5.5,529
Famous in 7 Days,(2019),,82 min,Comedy,5.099999904632568,49
Sanctuary,,,,Drama,,
Turn It Up!,(2014),TV-14,86 min,Documentary,7.5,69
Fight Church,(2014),Not Rated,84 min,"Documentary, Sport",6.099999904632568,125
Sing On! Spain,(2020– ),TV-G,,"Game-Show, Music",6.199999809265137,136
Warrior,(2018– ),,,"Crime, Drama",7.800000190734863,25
The War Against Women,(2013),,62 min,"Documentary, War",7.5,80
Nexus,(2010),R,81 min,Thriller,6.800000190734863,85
This Lullaby,,,,Drama,,
Restless Creature: Wendy Whelan,(2016),,90 min,Documentary,7.099999904632568,374
The Kane Chronicles: The Throne of Fire,,,,"Action, Adventure, Drama",,
The Hills Have Eyes for You,,,,"Comedy, Horror, Romance",,
Haroun,(2021 TV Special),,76 min,Comedy,6.400000095367432,70
Plastic Cup Boyz: Laughing My Mask Off!,(2021 TV Special),,,Comedy,5.400000095367432,43
"Michela Giraud: The Truth, I Swear!",(2022 TV Special),TV-MA,60 min,"Documentary, Comedy",5.5,75
El-Harami wa el-Abit,(2013),,90 min,"Comedy, Drama",5.099999904632568,304
Moving Art: Deserts,(2014),Not Rated,25 min,"Documentary, Short",8.399999618530273,158
A Night for Dying Tigers,(2010),Not Rated,90 min,Drama,5.099999904632568,430
ETXR,(2014),Not Rated,80 min,"Adventure, Music, Sci-Fi",4.0,211
Kiko,(2014– ),TV-Y,30 min,"Animation, Adventure, Comedy",7.800000190734863,48
The Goon,,,,"Animation, Action, Adventure",,
Tim Minchin So F**king Rock,(2008 Video),Not Rated,127 min,"Comedy, Music",8.100000381469727,297
Notes on Love,,,,Drama,,
Embedded,(2004 Video),,97 min,Comedy,6.199999809265137,243
Littlest Pet Shop: A World of Our Own,(2017– ),TV-Y,11 min,"Animation, Comedy, Fantasy",6.800000190734863,102
Little Singham,(2018– ),,12 min,"Animation, Action",3.799999952316284,104
Blood Cells,(2014),Not Rated,86 min,Drama,7.0,87
Asukô mâchi: Asuka kôgyô kôkô monogatari,(2011– ),,45 min,Drama,7.300000190734863,99
Emma' (Mother),(2016),TV-14,77 min,"Biography, Drama",6.900000095367432,148
Mr. Peabody & Sherman: A Journey WABAC,(2014),,,"Documentary, Short, Family",8.0,116
Unruly Friends,(2012),,85 min,"Drama, Mystery, Romance",5.400000095367432,126
Bangkok Love Stories: Objects of Affection,(2019– ),,,Drama,5.800000190734863,30
Nick Thune: Folk Hero,(2014 TV Special),Not Rated,43 min,"Short, Comedy",6.699999809265137,110
Westbrick Murders,(2010),R,90 min,"Action, Crime, Thriller",2.5,394
Henry Miller: Prophet of Desire,(2017 TV Movie),,53 min,"Documentary, Biography, History",6.5,112
Devotion to Cinema,(2016),,82 min,Comedy,6.300000190734863,13
Where I End,,,,,,
Prince of Legend,(2018),,30 min,Drama,5.599999904632568,38
El Che,(2017),,119 min,"Documentary, Biography, History",7.300000190734863,10
Hot Forever,(2022 TV Special),,,Comedy,,
Fun sau suet oi nei,(2010),,104 min,"Comedy, Drama, Romance",5.900000095367432,369
Johnny Test's Ultimate Meatloaf Quest,(2021 TV Special),,20 min,"Animation, Family",6.900000095367432,32
Private Network: Who Killed Manuel Buendía?,(2021),TV-MA,100 min,"Documentary, Crime, Mystery",6.900000095367432,242
Super Monsters Monster Pets,(2019– ),,,Animation,5.900000095367432,36
Three-Quarters Decent,(2010),,96 min,"Comedy, Drama",3.0999999046325684,38
Super Monsters: Once Upon a Rhyme,(2021 TV Special),,25 min,"Animation, Family",5.800000190734863,39
Bill Cosby: Far from Finished,(2013 TV Special),TV-14,95 min,"Documentary, Comedy",6.699999809265137,484
Dance Brothers,,,20 min,Drama,,
Single Tokyo Man,(2019– ),,,Drama,6.199999809265137,137
Free Food for Millionaires,,,,Drama,,
Fresh Cut Grass,(2002),,101 min,,7.699999809265137,58
On the Real,(2016– ),,,Comedy,8.699999809265137,27
The School of Mischief,(1973),TV-14,252 min,"Comedy, Drama, Musical",6.199999809265137,362
Tokyo Crime Squad: The Lucie Blackman Case,(2022),,,"Documentary, Crime",,
The Search for Life in Space,(2016),Not Rated,32 min,"Documentary, Short",6.400000095367432,718
Carlos Ballarta: Falso Profeta,(2021 TV Special),,63 min,Comedy,6.699999809265137,142
Knossos: The Lost Capital of Atlantis,(1976),,55 min,"Documentary, History",6.599999904632568,23
Behind the Scenes with Jane Campion,(2022),,17 min,"Documentary, Short",6.5,105
Untitled Netflix/The Raid Project,,,,Action,,
Dragons: Rescue Riders: Huttsgalor Holiday,(2020 TV Special),TV-Y,46 min,"Animation, Family",5.199999809265137,126
Color Me Barbra,(1966 TV Special),,60 min,"Comedy, Music",8.0,306
After Maria,(2019),,35 min,"Documentary, Short",4.900000095367432,411
A Go! Go! Cory Carson Halloween,(2020 TV Special),,24 min,"Animation, Short, Family",6.400000095367432,52
Hummingbird Salamander,,,,"Sci-Fi, Thriller",,
Magic for Humans by Mago Pop,(2021– ),TV-MA,,"Comedy, Reality-TV",5.900000095367432,82
Under the Skin of the Tehran City,(2022),,72 min,"Short, Action, Biography",,
Ainori Love Wagon: African Journey,(2020– ),,,Reality-TV,7.400000095367432,106
Saiyuki Reload Blast,(2017– ),,23 min,"Animation, Action, Adventure",7.699999809265137,105
The Republic of Imbaba,(2015),,90 min,Drama,4.800000190734863,13
Soy Rada: Serendipity,(2021 TV Special),TV-MA,68 min,Comedy,6.099999904632568,79
Burning Daylight,(2010),TV-MA,102 min,Crime,5.199999809265137,248
Call Me Kate,,,,Documentary,,
Secret World of Sound,,,,Documentary,,
Student Driver,,,,"Action, Comedy",,
Devil May Cry,,TV-MA,,"Animation, Action, Adventure",,
Highland: Thailand's Marijuana Awakening,(2017),,,Documentary,6.199999809265137,25
Colin Quinn: Unconstitutional,(2015 TV Special),Not Rated,55 min,Comedy,7.099999904632568,481
Groeten van Gerri,(2020),,100 min,Comedy,6.300000190734863,914
Imprisoned,(2015),TV-MA,97 min,Drama,6.400000095367432,200
Ugly Duckling Series: Pity Girl,(2015),,50 min,"Drama, Romance",6.400000095367432,21
Ilegal,(2014),,90 min,"Documentary, Drama, Family",7.599999904632568,102
The Meaning of Monty Python,(2013 Video),Not Rated,60 min,Documentary,7.5,347
The Beautiful Game,(2012),,,"Documentary, Sport",7.199999809265137,119
Big in Bollywood,(2011),Not Rated,69 min,Documentary,7.800000190734863,105
Bangkok Buddies,(2019),,,"Comedy, Drama",7.099999904632568,18
Creator's File: Gold,(2021– ),,,Comedy,6.800000190734863,23
Onder het hart,(2014),,99 min,"Comedy, Drama",6.0,323
A Blueprint for Love,,,,"Drama, Romance",,
Jen Kirkman: I'm Gonna Die Alone (And I Feel Fine),(2015 TV Special),TV-MA,78 min,Comedy,6.800000190734863,"1,573"
At Home with the Furys,,,,"Documentary, Sport",,
Komedi Gokil 2,(2016),,93 min,Comedy,7.300000190734863,6
The Untold Tales of Armistead Maupin,(2017),,91 min,Documentary,7.599999904632568,809
Starlight,(II) (2021),,74 min,"Documentary, Music",5.099999904632568,69
Fukrey Boyzzz: Space Mein Fukrapanti,(2020),,74 min,"Animation, Comedy, Family",7.900000095367432,15
Ladronas de Almas,(2015),,88 min,Horror,5.0,290
Erynie,,,,"Drama, History, War",,
Big Words,(2013),,93 min,"Comedy, Drama",6.300000190734863,283
The Devil and Holy Water,(1983),,92 min,Comedy,4.900000095367432,146
Way Back Into Love,(2011–2012),,,"Drama, Romance",7.599999904632568,21
Alien Contact: Outer Space,(2017 Video),Not Rated,63 min,Documentary,3.9000000953674316,437
Word Party Songs,(2020– ),,,"Animation, Family",3.700000047683716,19
Chico Bon Bon and the Very Berry Holiday,(2020 TV Movie),,25 min,"Animation, Family",6.0,40
Social Syndrome,(2018),,60 min,Drama,7.5,50
Reggie Watts: Spatial,(2016 TV Special),,61 min,"Comedy, Music",6.0,522
Popples,(2015–2016),,,Animation,5.900000095367432,58
The Inexplicable Universe: Unsolved Mysteries,(2012– ),Not Rated,,Documentary,8.300000190734863,288
Nfinity Champions League Cheerleading Event,(2014),PG-13,120 min,"Documentary, Sport",5.599999904632568,67
The Perfect Couple,(TV Movie),,,,,
Untitled Virunga Project,,,,,,
Nihon Chinbotsu: Kibo no Hito,(2021– ),,55 min,"Adventure, Drama, Sci-Fi",6.599999904632568,7
Go! Go! Cory Carson: Summer Camp,(2020 TV Special),,20 min,"Animation, Short, Family",5.5,36
My Little Pony: Happy Birthday to You!,(2017 TV Special),,1 min,"Animation, Short",7.199999809265137,12
Mike Epps: Don't Take It Personal,(2015),TV-MA,59 min,Comedy,4.400000095367432,290
Goddess Girls,,,,"Comedy, Family, Musical",,
Todd Glass: Act Happy,(2018 TV Special),,62 min,Comedy,5.099999904632568,374
Droppin' Cash: Los Angeles,(2018– ),,,Reality-TV,3.4000000953674316,120
Best Worst Friends,(2013),,88 min,"Action, Comedy, Drama",3.700000047683716,273
Untitled Pamela Anderson/Netflix Documentary,,,,Documentary,,
Untitled Netflix/Hirokazu Kore-eda Project,,,,,,
A Tale of Two Kitchens,(2019),,29 min,"Documentary, Short",6.300000190734863,284
Celeb Five: Behind the Curtain,(2022),,55 min,"Documentary, Comedy",4.699999809265137,30
Fästmö uthyres,(1950),,91 min,Comedy,5.5,49
Untitled Netflix Ghostbusters Animated Series,,,,"Animation, Action, Adventure",,
Song of the Bandits,,,,"Action, History",,
An Upper Egyptian,(2014),,85 min,"Action, Comedy, Drama",3.0999999046325684,265
Salem: His Sister's Father,(2014),,99 min,"Comedy, Drama",3.200000047683716,106
Escape from the Spirit World,(2007 TV Special),,13 min,Short,8.300000190734863,282
Khan: No. 1 Crime Hunter,(2018– ),,43 min,Mystery,5.900000095367432,48
Cowboy,(2011),,87 min,Drama,6.300000190734863,229
Whindersson Nunes: Adulto,(2019 TV Special),,68 min,Comedy,7.0,371
Chi m'ha visto,(2017),,105 min,Comedy,5.900000095367432,358
Tenzing,,,,"Adventure, Biography, Drama",,
Cocomong,(2008– ),,,Animation,6.400000095367432,12
Princess Pring,(2019– ),,,Animation,,
Northern Spy,,,,"Action, Drama, Thriller",,
Finding Home,(2014),Unrated,118 min,"Documentary, Drama",7.800000190734863,219
The Hunt for Atlantis,,,,"Action, Adventure",,
Trollhunters: Happy Birthday to You!,(2017 TV Special),,1 min,"Animation, Short",7.5,42
Three Musketeers,,,,"Action, Adventure, Fantasy",,
Komedi Moderen Gokil,(2015),,95 min,Comedy,5.199999809265137,16
Brad Paisley's Comedy Rodeo,(2017 TV Special),,63 min,Comedy,5.699999809265137,157
Boca Juniors Confidential,(2018),,45 min,"Documentary, Sport",6.400000095367432,358
That's It,(2008),,80 min,"Comedy, Family, Romance",6.800000190734863,892
Tsunami Killed My Bandmates,(2020),,93 min,"Documentary, Drama",8.199999809265137,25
Azcárate: No Holds Barred,(2021– ),TV-14,,Comedy,3.9000000953674316,35
Untitled Jane Lynch/Cyndi Lauper/Netflix Project,,,,Comedy,,
No Good Deed,,,30 min,Comedy,,
A Lady's Guide to Selling Out,,,,"Comedy, Romance",,
Ella Brennan: Commanding the Table,(2016),,96 min,Documentary,8.600000381469727,66
Hur många kramar finns det i världen?,(2013),,95 min,"Comedy, Drama",4.900000095367432,549
Fisheye,(III) (2020),,97 min,Drama,5.699999809265137,71
Death Note,,TV-MA,,"Drama, Fantasy, Horror",,
Untitled Netflix Tennis Docuseries,,,,"Documentary, Sport",,
Dave Attell: Road Work,(2014 TV Special),TV-MA,60 min,Comedy,7.5,482
Run for Your Wife,,,,"Comedy, Thriller",,
Amnesty,(II),,,Thriller,,
Tamiô,(2015– ),,54 min,Comedy,6.800000190734863,254
The Improv: 50 Years Behind the Brick Wall,(2013 TV Special),PG-13,60 min,"Documentary, Comedy",7.0,289
True: Rainbow Rescue,(2020 TV Special),,23 min,"Animation, Family",6.900000095367432,28
Jimmy: The True Story of a True Idiot,(2018– ),,,Comedy,6.800000190734863,83
Smiley,(I) (2022– ),,,Comedy,,
School Police,(2021),,,Drama,6.599999904632568,21
Lubricant,(2021 TV Special),,,Comedy,7.199999809265137,48
Patton Oswalt: My Weakness Is Strong,(2009 TV Special),Unrated,64 min,"Documentary, Comedy",7.5,"1,130"
Idol,(III),,,Drama,,
Moving Art: Flowers,(2014 Video),Not Rated,25 min,"Documentary, Short",8.300000190734863,211
Omega Girl Falls in Love,,,,"Comedy, Romance",,
Sinister Circle,(2016),,87 min,"Fantasy, Horror",4.599999904632568,347
Cannot Write,(2021– ),,,Family,7.5,37
Huntin' Buddies,(2008 Video),Not Rated,51 min,Comedy,7.400000095367432,21
"Aram, Aram",(2015),,79 min,Drama,6.5,187
The Claudia Kishi Club,(2020),,17 min,"Documentary, Short",6.900000095367432,140
Thomas & Friends: Marvelous Machinery,(2020),,45 min,"Animation, Action, Adventure",6.099999904632568,16
Days of Disaster,(2015),,,"Documentary, Drama",6.300000190734863,12
Line Friends,,TV-G,,"Animation, Comedy, Family",,
Dave Chappelle: Redemption Song,(2021 Video),,10 min,"Short, Comedy",6.800000190734863,69
Cedric the Entertainer: Live from the Ville,(2016 TV Special),,60 min,Comedy,6.300000190734863,701
Harry & Bunnie,(2016– ),,21 min,"Animation, Adventure, Comedy",4.699999809265137,41
TED: The Future We Will Create,(2007 TV Movie),Not Rated,74 min,Documentary,6.900000095367432,161
Hate by Dani Rovira,(2021 TV Special),PG-13,82 min,Comedy,6.699999809265137,432
Hazel Brugger: Tropical,(2020 TV Special),,58 min,Comedy,6.199999809265137,424
The Thanksgiving Text,,,,"Biography, Drama, Family",,
Paboo & Mojies,(II) (2012–2019),,,"Animation, Action, Adventure",,
Pit Sawat,(2016),,,"Drama, Fantasy, History",8.199999809265137,35
Flip a Coin,(2004),Not Rated,95 min,Comedy,6.099999904632568,52
Hikaru Utada: Laughter in the Dark Tour 2018,(2019),,141 min,Music,8.300000190734863,93
Stories of Strength and Hope: Preventing Youth Suicide,(2018),,12 min,"Documentary, Short",,
A Life in Men,,,,Drama,,
Valhalla,(2013),Not Rated,64 min,"Action, Adventure, Sport",7.0,224
Willy and the Guardians of the Lake,(2018),,70 min,"Animation, Adventure, Family",6.400000095367432,142
Chiamatemi Francesco,(2016– ),,,"Biography, Drama",7.5,164
Alt Love Building,(2014),,115 min,Comedy,5.699999809265137,250
Agustín Aristarán: Soy Rada,(2018 TV Special),TV-MA,60 min,Comedy,6.300000190734863,127
Betoben baireoseu,(2008),TV-Y,,"Comedy, Drama, Romance",7.5,343
Rodney Carrington: Here Comes the Truth,(2017 TV Special),,66 min,"Documentary, Comedy",4.5,169
Moving Art: Forests,(2014 TV Short),Not Rated,25 min,"Documentary, Short",8.300000190734863,203
Untitled Bill Russell/Netflix Documentary,,,,"Documentary, Biography, Sport",,
Venus on the Halfshell,(2003),,,"Comedy, Romance",7.5,45
The Days,(2023– ),,60 min,Drama,,
Sincerely Daisy,(2020),,87 min,"Comedy, Drama, Romance",,
The Daniel Project,(2011 Video),,85 min,"Documentary, History, Mystery",5.699999809265137,32
Trico,(2022– ),TV-Y7,7 min,"Animation, Comedy, Family",,
No Time for Shame,(2019– ),,,Reality-TV,5.900000095367432,83
Beyond Good & Evil,,,,"Action, Adventure, Fantasy",,
Decoding Deepak,(2012),Not Rated,83 min,Documentary,5.5,127
Rodrigo Sant'Anna: Cheguei!,(2022 TV Special),,62 min,Comedy,3.0,36
Janet,(I),,,"Biography, Drama",,
Smart Christmas,(2018),,90 min,"Comedy, Family",4.5,133
Bert Visscher: Zelden zoiets gezien,(2017 TV Special),,108 min,"Documentary, Comedy",7.0,57
Io sono Libero,(2016 TV Movie),,90 min,Drama,6.800000190734863,60
Untitled Nipsey Hussle Documentary,,,,Documentary,,
Untitled Assassin's Creed anime,,,,"Animation, Action, Adventure",,
Sharkey the Bounty Hunter,,,,"Action, Adventure, Drama",,
Simply Actors,(2007),Not Rated,120 min,Comedy,5.300000190734863,266
Zato,,,,"Crime, Drama, Mystery",,
Those Were the Days,(2014),,87 min,Comedy,5.699999809265137,405
Netflix Live,(2017 Video),,48 min,Comedy,7.5,96
The Whistler,(2006),,76 min,"Crime, Horror",5.400000095367432,86
The Underwear,(2017),,45 min,Drama,6.599999904632568,9
Tasty Tales of the Food Truckers,(2021– ),,11 min,Animation,,
Unboxing Ibai,(2020),,,"Short, Horror",5.0,47
The Tradition,,,,"Comedy, Romance",,
#Rucker50,(2016),,56 min,Documentary,5.199999809265137,123
Word Party: Happy Birthday to You!,(2017 TV Special),,2 min,"Animation, Short",3.700000047683716,8
Love like the Falling Rain,(2020),TV-14,86 min,"Adventure, Drama, Fantasy",4.699999809265137,207
Craig Ferguson: I'm Here to Help,(2013 TV Special),Not Rated,81 min,"Documentary, Comedy",7.099999904632568,823
Le nozze di Laura,(2015 TV Movie),,92 min,Drama,6.0,74
Treasure Hunters,(II),,,Documentary,,
Russell Brand: End the Drugs War,(2014 TV Movie),,60 min,Documentary,7.099999904632568,339
Nichego osobennogo,(2022),,,Drama,,
Heart & Soul,(2020),,25 min,Drama,5.400000095367432,8
Maria Bamford: The Special Special Special!,(2012 TV Special),TV-MA,49 min,Comedy,6.800000190734863,577
Sofía Niño de Rivera: Selección natural,(2018 TV Special),TV-MA,62 min,Comedy,6.900000095367432,251
Alexis Viera: A Story of Surviving,(2019),,68 min,Documentary,7.199999809265137,55
The Southsiders,(1932),,87 min,Comedy,5.300000190734863,81
Gad Elmaleh: American Dream,(2018 TV Special),TV-14,57 min,Comedy,7.199999809265137,"1,064"
Arsenio Hall: Smart and Classy,(2019 TV Special),TV-MA,63 min,Comedy,6.0,466
The Standoff,(I),,,Drama,,
The Atomic States of America,(2012),Not Rated,95 min,"Documentary, History, News",6.300000190734863,281
It's Not Over,(2014),Not Rated,72 min,"Documentary, Adventure, Drama",6.300000190734863,48
A Note of Explanation,,,,,,
Untitled Spenser Confidential Sequel,,,,"Action, Comedy, Crime",,
Lee Su-geun: The Sense Coach,(2021 TV Special),,45 min,Comedy,4.199999809265137,37
Tracy Morgan: Staying Alive,(2017 TV Special),,60 min,Comedy,6.300000190734863,"1,209"
L'oro del mondo,(1968),,94 min,"Comedy, Musical",5.0,78
Mudbloods,(2014),,89 min,"Documentary, Sport",6.699999809265137,266
The Comedians of Comedy: Live at the El Rey,(2006 Video),,58 min,Comedy,6.599999904632568,215
Brasslands,(2013),Not Rated,84 min,"Documentary, Music",7.400000095367432,91
The Player,(2012),,109 min,"Comedy, Drama, Romance",4.800000190734863,321
Social Currency,,,,Reality-TV,,
The Missing Ingredient: What is the Recipe for Success?,(2015),Unrated,87 min,Documentary,7.5,23
Kacche Dhaagey,(2016),,120 min,Drama,6.300000190734863,8
A Final Cut for Orson: 40 Years in the Making,(2018),,38 min,"Documentary, Short",7.199999809265137,236
Noc w przedszkolu,,,,Drama,,
Beasts of Prey,,,,Fantasy,,
Far Cry,,,,"Animation, Action, Adventure",,
Parchís: The Documentary,(2019),,106 min,Documentary,6.800000190734863,549
Surviving Hitler: A Love Story,(2010),,66 min,Documentary,7.400000095367432,250
Slow Country,(2017),TV-MA,115 min,"Action, Drama",5.199999809265137,36
Chevolution,(2008),Not Rated,86 min,Documentary,6.5,573
É O Amor: Familia Camargo,(2021– ),,,"Music, Reality-TV",5.300000190734863,45
Felix Lobrecht: Hype,(2020 TV Special),,59 min,Comedy,5.900000095367432,270
Theo Who Lived,(2016),,86 min,Documentary,6.800000190734863,117
The Disasters,,,,"Drama, Sci-Fi",,
The Ex-Lover Shop,(2020),TV-14,98 min,"Comedy, Drama, Romance",5.900000095367432,163
The Chef in a Truck,(2020– ),,,Documentary,7.900000095367432,9
3 Dara 2,(2018),,89 min,"Comedy, Drama, Fantasy",6.599999904632568,34
Aman Ya Sahbi,(2017),,79 min,"Comedy, Musical",3.0999999046325684,42
Ghost in the Machine,,,,Biography,,
Mo Gilligan: Momentum,(2019 TV Special),,64 min,Comedy,6.300000190734863,453
U2 Series,,,,Music,,
Project Mc2 New Years Eve Countdown 2016,(2016 TV Movie),,,Family,8.399999618530273,24
Monty Python's Flying Circus: Live at Aspen,(1998 TV Special),Not Rated,58 min,"Documentary, Comedy",7.800000190734863,"1,103"
Art of the Game: Ukiyo-e Heroes,(2017),TV-14,97 min,Documentary,7.699999809265137,254
Chronicles of a Champion Golfer,(2016– ),TV-PG,30 min,"Documentary, Sport",8.0,38
Bangkok Love Stories: Hey You!,(2018– ),,,Drama,6.5,14
Suiyô Dôdeshô,(1996–2011),,30 min,"Comedy, Talk-Show",8.600000381469727,11
Dance & Sing With True,(2018– ),,,"Animation, Family, Musical",7.0,7
Fix Us,(2019),,,Comedy,,
Super Bheem,(2017– ),,,Animation,4.800000190734863,23
Hun qiu xi men,(2019– ),,,"Comedy, Drama, Horror",6.5,132
Let's Get Divorced,(2023– ),,,"Comedy, Drama",,
The Outlaw Ocean,,,,"Action, Adventure, Crime",,
Buds,(2016),,,Comedy,,
The Chameleon,(I),,,Drama,,
The BFG,,TV-PG,,"Animation, Adventure, Family",,
La coppia dei campioni,(2016),,88 min,Comedy,3.5999999046325684,285
Echelon 8,(2009),Not Rated,118 min,"Action, Crime, Drama",3.299999952316284,130
She Got Game: The Movie,(2015),,65 min,"Documentary, Sport",5.0,8
Fuller House Featurette,(2016 Video),,,Short,8.300000190734863,24
S.T.R.O.N.G.,(II) (2016– ),,,"Game-Show, Reality-TV",7.300000190734863,64
Holocaust Escape Tunnel,(2017),,,"Documentary, History",6.699999809265137,196
Agency,,,60 min,"Drama, Sport",,
Extracurricular,,,,,,
Encounters,(II) (2019– ),,,Comedy,,
Like A Mother,(2021– ),,,,,
Iyore,(2015),,140 min,Drama,7.5,24
Hunch,,,,Drama,,
Dziewczyna i kosmonauta,,,,"Drama, Romance",,
Kaptn Oskar,(2013),PG-13,78 min,"Drama, Romance",5.199999809265137,265
All Hail King Julien: Happy Birthday to You!,(2017 TV Special),,1 min,"Animation, Short",5.300000190734863,23
Baires,(2015),TV-MA,82 min,"Action, Crime, Thriller",4.199999809265137,207
Inst@famous,(2018– ),,,Reality-TV,4.0,26
U-Prince: The Lovely Geologist,(2016),,,Romance,7.900000095367432,26
Until the Wheels Come Off,(2021),,,Documentary,7.0,23
Making Unorthodox,(2020),,21 min,"Short, Documentary",6.699999809265137,181
Nerdcore Rising,(2008),Not Rated,85 min,"Documentary, Music",6.699999809265137,503
Zachariayude Garbhinikal,(2013),,114 min,Drama,6.0,138
#cats_the_mewvie,(2020),TV-14,90 min,Documentary,5.300000190734863,469
Untitled Conan/Netflix Project,,,,"Action, Adventure, Fantasy",,
Honor Diaries,(2013),Not Rated,61 min,"Documentary, Crime, News",7.800000190734863,239
Most High,(2004),,95 min,Drama,6.599999904632568,287
Roll with Me,(2017),,90 min,Documentary,8.199999809265137,99
Sharp,(IV),,,Action,,
Samaritan's Purse presents Facing Darkness,(2017),Unrated,93 min,"Documentary, Drama",7.400000095367432,90
Viswasapoorvam Mansoor,(2017),,112 min,Drama,5.900000095367432,60
Deep Trouble,(2001 TV Movie),,49 min,,8.0,359
Cut from a Different Cloth,(2017),,54 min,Documentary,6.099999904632568,114
Una conversación: Ya no estoy aquí,(2020),,14 min,"Documentary, Short",7.400000095367432,18
Untitled PGA Tour Docuseries,,,,"Documentary, Sport",,
Hannibal Buress: Hannibal Takes Edinburgh,(2016 TV Special),,80 min,Comedy,6.599999904632568,676
The Twits,,,,Animation,,
Voltron 84,(2017),,,"Animation, Action, Sci-Fi",8.300000190734863,60
Take the Ice,,,,"Family, Sport",,
Itô kun A to E,(2017),,,"Comedy, Drama, Romance",6.699999809265137,248
Untitled Elodie Polo Ackerman/Netflix Docuseries,,,,Documentary,,
Mom to Hundreds,(2020 TV Movie),,120 min,Biography,6.400000095367432,97
Diablo,,TV-MA,,"Animation, Action, Adventure",,
Hanasaki Mai ga damatteinai,(2014– ),,54 min,Comedy,5.599999904632568,21
Mighty Little Bheem: Diwali,(2019– ),,,Animation,8.199999809265137,35
16 ge xia tian,(2014),,,"Drama, Romance",7.800000190734863,146
Laskar Pemimpi,(2010),,96 min,"Comedy, Musical, War",6.0,40
Skylanders Academy: Happy Birthday to You!,(2017 TV Special),,1 min,"Animation, Short",5.199999809265137,11
Wo shi zhen de ai ni,(2021– ),,,Drama,,
Holy Expectations,(2019),,89 min,Comedy,5.099999904632568,26
Reset: My fight for Inclusion and Lasting Change,,,,Biography,,
Bloom,,,,Drama,,
We Are One,(2020),TV-MA,86 min,Documentary,4.900000095367432,93
Black Man White Skin,(2015),,78 min,Documentary,5.5,72
Waiting with Huell,(2019 TV Special),,,"Comedy, Crime, Drama",,
Perfect Couple,,,,Mystery,,
Supercrooks,,,,"Action, Adventure, Drama",,
Fugitive: The Curious Case of Carlos Ghosn,(2022),,,Documentary,,
Nice Jewish Girls,,,,"Comedy, Drama",,
Virunga: Gorillas in Peril,(2015 TV Movie),,28 min,Documentary,6.5,32
Morgan Murphy: Irish Goodbye,(2014 TV Special),Not Rated,51 min,Comedy,6.800000190734863,336
Forever,(II),,60 min,"Drama, Romance",,
Paranormal,(I),,,"Drama, Horror, Mystery",,
Lucas Brothers: On Drugs,(2017 TV Special),,50 min,Comedy,5.699999809265137,842
Blackout,(V),,,Romance,,
Untitled Dave Chappelle Netflix Comedy Special,(TV Special),,,Comedy,,
The Last,(VII),,,"Thriller, Mystery",,
Pokémon,,,,"Action, Adventure, Comedy",,
Cap Revolution Bottleman,(2020– ),,5 min,"Animation, Action, Comedy",,
Croaker,(2013),Not Rated,71 min,Horror,7.300000190734863,74
This Perfect Day,,,,Sci-Fi,,
Mermaid Magic,,TV-Y7,,"Animation, Adventure, Family",,
The Chord,(2010),,101 min,"Crime, Drama",5.699999809265137,312
Att döda ett barn,(1953),,9 min,"Short, Drama",7.300000190734863,402
#HappyBirthdaySense8,(2017),,15 min,Short,9.0,844
SunGanges,(2019),,75 min,"Documentary, Adventure, News",7.800000190734863,86
Ripple,(VII),,,"Romance, Sci-Fi",,
A 3 Minute Hug,(2019),,28 min,"Documentary, Short",6.5,242
Wereworld,,TV-Y7,,"Animation, Adventure, Family",,
The Spaghetti West,(2005 Video),,65 min,Documentary,7.199999809265137,266
Backwards,,,,Drama,,
The Fifth Risk,,,,Drama,,
Lava Ka Dhaava,(2021– ),,29 min,"Game-Show, Reality-TV",6.099999904632568,43
Lynne Koplitz: Hormonal Beast,(2017 TV Special),TV-MA,51 min,Comedy,6.300000190734863,446
Vir Das: Outside in - The Lockdown Special,(2020 TV Special),,50 min,Comedy,6.5,273
Raybearer,,,,"Adventure, Drama, Fantasy",,
After the Raid,(2019),,24 min,"Documentary, Short",4.5,124
John Hodgman: Ragnarok,(2013 Video),TV-14,68 min,"Comedy, Music",6.099999904632568,310
Once and for All,,,,"Drama, Romance",,
The Cactus,,,,"Comedy, Romance",,
Quartermaster,,,,Thriller,,
Don't be the First One!,(2020– ),,135 min,Reality-TV,,
God Wars,(2017),,,Action,,
Kyouen NG,(2020),,,"Comedy, Romance",7.099999904632568,18
Hans Teeuwen: Spiksplinter,(2011 TV Special),,110 min,"Documentary, Comedy",6.599999904632568,293
Kavin Jay: Everybody Calm Down!,(2018 TV Special),,53 min,"Documentary, Comedy",5.900000095367432,237
Pietra tenera,(2017),,52 min,Documentary,6.099999904632568,14
The Ice Bucket Challenge,,,,"Biography, Drama",,
Pi Mai Pi Mai Tang Tu,(1990–2000),,,Comedy,8.199999809265137,19
Derren Brown: Infamous,(2014 TV Special),,71 min,Reality-TV,7.5,263
Fary: Hexagone,(2020– ),,,Comedy,6.300000190734863,129
Snack World,(2017– ),,25 min,Animation,5.0,11
Jeszcze przed swietami,,,,"Comedy, Romance",,
Stamped from the Beginning,,,,Documentary,,
Untitled Owen Hanson/Netflix Project,,,,Documentary,,
"Com a Palavra, Arnaldo Antunes",(2018),,80 min,Documentary,7.599999904632568,74
How Stunt Performers Pull Off Dangerous Falls in Movies & TV Shows,(2022 Video),,11 min,"Documentary, Short, Action",,
Malena Pichot: Estupidez compleja,(2018 TV Special),TV-MA,50 min,Comedy,5.699999809265137,363
Untitled Chris Smith/Netflix Project,,,,Documentary,,
Ladies Up,(2020),,,Comedy,4.400000095367432,243
A Garota Invisível,(2021),,83 min,"Comedy, Family, Musical",5.099999904632568,69
Tim Allen Rewires America,(1991 TV Special),Not Rated,30 min,"Documentary, Comedy",6.0,200
Untitled Joe Berlinger/Netflix Project,,,,"Documentary, Crime, History",,
The Cravings,(2013– ),,,"Comedy, Drama, Romance",7.400000095367432,60
The Promotion,(I) (2014),,84 min,Drama,5.599999904632568,144
One Take,(2020),,85 min,"Documentary, Music",5.900000095367432,52
Das Rätsel von Tunguska,(2008 TV Movie),,43 min,Documentary,5.900000095367432,164
The Murders of Molly Southbourne,,,,Drama,,
Arsenio! Live,(2022– ),,,Talk-Show,,
Things Everyone Should Stop Telling Parsis,(2021 Video),,4 min,"Short, Comedy",,
The Invisibles,(2014),,78 min,Documentary,5.5,24
Anna K,(II),,,Drama,,
The Wicked Deep,,,,"Drama, Fantasy, Horror",,
Three Ladies,(2015),,86 min,"Comedy, Drama, Fantasy",5.900000095367432,20
The Divinity Streak,(2021),,12 min,"Short, Action, Drama",,
True: Wuzzle Wegg Day,(2020 TV Special),,23 min,Animation,8.0,12
Craptastic,(2008),Not Rated,89 min,Comedy,3.5999999046325684,88
RebellComedy: Straight Outta the Zoo,(2021 TV Special),TV-MA,74 min,Comedy,4.599999904632568,44
Vlast (Power),(2010),,88 min,Documentary,7.099999904632568,173
Grimms' Fairy Tales,,,,"Animation, Drama, Fantasy",,
A Queen Is Born,(2020– ),,,Reality-TV,6.099999904632568,152
Ricardo Quevedo: Los Amargados Somos Mas,(2019 TV Special),,58 min,Comedy,7.300000190734863,106
Thus Spoke Kishibe Rohan,(2019–2021),TV-MA,25 min,"Animation, Action, Adventure",7.800000190734863,263
Snelle: Zonder jas naar buiten,(2021),,89 min,Documentary,6.800000190734863,172
Cast Party,(II) (2015),,125 min,Comedy,6.099999904632568,13
Untitled Tom Segura/Netflix Special,(TV Special),,,,,
Project Mc²: Happy Birthday to You!,(2017 TV Special),,3 min,Short,4.0,6
My Hotter Half,(2017–2018),,,Reality-TV,4.099999904632568,214
Carlos Ballarta: Furia ñera,(2018 TV Special),TV-MA,62 min,Comedy,7.099999904632568,218
The Green Glove Gang,(2022– ),,,"Comedy, Crime",,
Tunga,,,,"Animation, Action, Adventure",,
Couples Counseling,(2016),,88 min,Comedy,5.599999904632568,330
The Reservoir Game,(2017),,100 min,Documentary,6.099999904632568,36
Los Tiempos de Pablo Escobar,(2012 TV Movie),,46 min,Documentary,6.800000190734863,270
The Secret Lives of Baba Segi's Wives,,,,Drama,,
The Rain: The End of an Era,(2020),,26 min,"Documentary, Short",,
Untitled Steve Box/Netflix Project,,,,"Animation, Adventure, Comedy",,
In the Name of Honor,(2015),,72 min,Documentary,7.599999904632568,36
Answer for Heaven,(2019),,,Drama,6.5,12
Alejandro Riaño: Especial de stand-up,(2018 TV Special),TV-MA,60 min,Comedy,4.900000095367432,71
Enissa Amani: Ehrenwort,(2018 TV Special),,60 min,Comedy,5.5,195
Delivery,(I) (2014),Not Rated,92 min,"Documentary, Comedy",5.900000095367432,46
Most Likely To,,,,"Comedy, Romance",,
Chicken Soup for the Soul's Being Dad,(2018– ),,,Reality-TV,,
Dear David,(II),,,"Comedy, Drama, Romance",,
Erkekler,(2013),,122 min,Comedy,4.699999809265137,573
Emicida: AmarElo - Live in São Paulo,(2021),,99 min,Music,7.699999809265137,47
13th: A Conversation with Oprah Winfrey & Ava DuVernay,(2017 Video),,37 min,"Documentary, Short",7.0,205
Parrot Heads,(2017),TV-14,88 min,"Documentary, Music",6.699999809265137,73
Dumped,(III),,,"Comedy, Mystery",,
Cobra Kai: The Rise of Agni Kai,(2020 TV Special),,,Action,,
Demon's Path,(2018),,25 min,"Crime, Horror, Mystery",3.200000047683716,64
Hi-5 House,(2013– ),,22 min,"Animation, Family, Music",7.800000190734863,28
Untitled Akin Omotoso/Netflix Project,,,,Drama,,
Crisálida,(2019),,,Drama,7.400000095367432,10
Rob Schneider: Soy Sauce and the Holocaust,(2013 TV Special),Not Rated,60 min,Comedy,5.599999904632568,279
The Red Zone,,,,Comedy,,
Sam Kinison: The Scream Continues,(2016),Not Rated,29 min,"Documentary, Short",6.400000095367432,81
Dept. H,,,,"Adventure, Drama, Mystery",,
Step Outside,(2018),,89 min,"Comedy, Fantasy",4.699999809265137,149
War Don Don,(2010),Not Rated,83 min,Documentary,7.300000190734863,154
Black Heart,(2014),,,Drama,6.599999904632568,43
Steps,(IX),,,"Animation, Adventure, Comedy",,
Love Naggers,(2018– ),,,Talk-Show,,
Fary Is the New Black,(2018 TV Special),TV-MA,74 min,Comedy,5.800000190734863,137
Bigflo & Oli: Hip Hop Frenzy,(2020),,100 min,"Documentary, Music",6.699999809265137,127
One Piece: Entering into the Grand Line,(TV Movie),,,,,
"River, El Más Grande Siempre",(2019),,100 min,"Documentary, Sport",7.199999809265137,134
Stunt Science,(2018– ),,,Reality-TV,5.0,50
Amy and the Orphans,,,,"Drama, Musical",,
What 16 Movies Looked Like Behind the Scenes in 2021,(2021 Video),,15 min,"Documentary, Short",,
Cuba's Long Shadow of Remembrance,(2018 TV Movie),,52 min,Documentary,6.400000095367432,16
Your Life Is a Joke,(2021– ),TV-MA,,"Documentary, Comedy",5.5,88
K.O. 3an Guo,(2009–2010),,75 min,Comedy,5.900000095367432,56
Forty Acres,,,,Thriller,,
How 13 Props Are Made for Movies and TV,(2022 Video),,85 min,Drama,,
Ricardo Quevedo: Hay gente así,(2018 TV Special),TV-MA,59 min,Comedy,6.300000190734863,114
Queen of the Hill,,,,,,
Nietzsche and the Nazis,(2006),PG,165 min,Documentary,7.699999809265137,57
Moonbeams,(2001),Not Rated,81 min,Drama,8.100000381469727,10
The Postman,(V),,,Drama,,
La legge del numero uno,(2017 TV Movie),,,Drama,6.099999904632568,19
Forks Over Knives Presents: The Engine 2 Kitchen Rescue,(2011),Not Rated,53 min,Documentary,6.400000095367432,165
Heaven's Forest,,,,"Animation, Action, Drama",,
Dwayne Perkins: Take Note,(2016 TV Special),TV-MA,68 min,"Documentary, Comedy",7.099999904632568,355
Bone,,,,"Animation, Adventure, Comedy",,
Holdout,,,,Horror,,
W. Kamau Bell: Private School Negro,(2018 TV Special),,65 min,Comedy,6.400000095367432,800
Dzien Matki,,,,Drama,,
Grego Rossello: Disculpe Las Molestias,(2019 TV Special),TV-MA,65 min,Comedy,4.699999809265137,26
The Calling,(2018–2019),,30 min,Reality-TV,8.199999809265137,12
Dany Boon: Des Hauts-De-France,(2018 TV Special),TV-MA,113 min,Comedy,6.199999809265137,97
The Voice of Syria,(2017),,,Documentary,,
Adib - Netflix,(2022 Music Video),,29 min,Comedy,,
The Deep Mad Dark,(2018 TV Movie),,,Mystery,,
Battle of the Hearts,(2020),,75 min,"Crime, Thriller",,
Lady Napoleon,,,,"Animation, Action, Adventure",,
Know It All,(2020 Podcast Series),,,Talk-Show,,
Boons and Curses,,TV-Y7,,"Animation, Action, Adventure",,
Parallel,(XIII),,,Sci-Fi,,
Wonderoos,(2020– ),TV-Y,,"Animation, Family",,
Mighty Little Bheem: Kite Festival,(2021– ),,,"Animation, Comedy, Family",7.699999809265137,17
Arranged Marriage,(III),,,Comedy,,
Only Child,(2016),,112 min,Drama,5.300000190734863,75
Murder on the Social Network,(2011 TV Movie),,46 min,"Documentary, Crime",5.400000095367432,16
Daybreak,,,,Comedy,,
Peter Lindbergh - The Eye,(2016),,51 min,Documentary,6.199999809265137,11
Sunshine Scouts,,,,Comedy,,
Emergency Interrogation Room,(2019– ),,,Drama,7.400000095367432,34
Todd Glass: Talks About Stuff,(2012 TV Special),Not Rated,46 min,Comedy,6.199999809265137,170
Biônicos,,,,"Action, Adventure, Sci-Fi",,
Wish You Were Here,(VIII),,,"Drama, Romance",,
Little Town of Bethlehem,(2010 Video),PG-13,75 min,Documentary,7.5,36
100 milioni di bracciate,(2017),,,Biography,3.5,11
Dead & Nowhere,(2008),Unrated,90 min,"Crime, Thriller",2.5,19
Astronaut Chicks,,,30 min,Comedy,,
Harith Iskander: I Told You So,(2018 TV Special),,61 min,Comedy,4.699999809265137,180
From Me to You: Kimi ni Todoke,,TV-14,,"Comedy, Romance",,
The 50th Law,,,,Biography,,
The Plan,(I) (2015),,120 min,Thriller,7.199999809265137,81
Kingdom Come,(VII),,,,,
Take 1,(2022– ),,,"Documentary, Music",,
Pelican Dreams,(2014),G,80 min,Documentary,6.800000190734863,151
Smile,(XXIX),,,Horror,,
"Black Brother, Black Brother",,,,Family,,
The Sneetches,(TV Special),,,Animation,,
Sinatra Being Frank,(2015),TV-PG,81 min,"Documentary, Biography, History",6.400000095367432,260
Jen Kirkman: Just Keep Livin?,(2017 TV Special),TV-MA,69 min,Comedy,6.800000190734863,"1,318"
Wraith,(VII),,,Sci-Fi,,
Reaction,(2011),,90 min,"Action, Crime, Drama",4.5,81
Adel Karam: Live from Beirut,(2018 TV Special),TV-MA,59 min,Comedy,5.300000190734863,151
Bhaage Re Mann,(2015– ),,,Comedy,,
Untitled Eduard Oganesyan/Netflix Project,,,,"Crime, Drama",,
Rätselhafte Hundemumien,(2019 TV Movie),,52 min,"Documentary, History",6.199999809265137,22
Untitled the Last Mrs. Parrish Project,,,,,,
Loyiso Gola: Unlearning,(2021 TV Special),,60 min,Comedy,6.0,207
Meruhen Medohen,(2018– ),,23 min,"Animation, Fantasy",5.5,98
Frank Elstner: Just One Last Question,(2019– ),,,Talk-Show,7.599999904632568,86
The Umbilical Brothers: The Rehearsal,(2014 Video),,92 min,Comedy,8.899999618530273,15
Deliver Me,(2024– ),,,"Drama, Mystery, Thriller",,
The Hated,,,,"Drama, Western",,
How to Win the US Presidency,(2016),,50 min,Documentary,6.199999809265137,133
Influx: Documentary,(2016),,,Documentary,6.900000095367432,28
Necrópolis,(2019– ),,,Comedy,6.800000190734863,114
Deon Cole: Workin' It Out,(2020 TV Special),,40 min,Comedy,,
Sebastián Marcelo Wainraich,(2018 TV Special),TV-MA,49 min,Comedy,6.400000095367432,110
A god in ruins,,,,"Drama, Western",,
Zac Efron: The Ultimate Idol,(2009 Video),,60 min,Biography,5.400000095367432,16
Nor chor,(2002),,90 min,"Action, Drama",5.599999904632568,88
Again,,,,"Crime, Drama, Thriller",,
Zoom in: Stories Behind the Best Independent Films of 2007,(2007 Video),,61 min,,5.599999904632568,15
Russell Peters Versus the World,(2013– ),,120 min,"Documentary, Comedy",5.5,222
Matilda,,,,,,
Willie Barcena: The Truth Hurts,(2016 TV Special),,60 min,Comedy,6.300000190734863,83
Wonderoos: Holiday Holiday!,(2020 TV Special),,33 min,"Animation, Family",,
Scarlet,(III),,,"Adventure, Drama, Fantasy",,
Unbreakable Kimmy Schmidt: Season 2 for Your Consideration Featurette,(2016 TV Movie),,,,5.800000190734863,10
Untitled U2 Project,,,,"Biography, Drama, Music",,
The House of Spirit,(2001),,43 min,"Documentary, Short",,
Park Na-rae: Glamour Warning,(2019 TV Special),,62 min,Comedy,5.199999809265137,72
Mighty Express: A Mighty Christmas,(2020 TV Special),,25 min,"Animation, Family",4.800000190734863,48
Free To Be You And Me,(TV Movie),,,Family,,
Little Big Mouth,(2001– ),,,Comedy,,
Paathi: the Half,(2017),,91 min,"Drama, Horror",6.300000190734863,35
Binbô danshi,(2008– ),,,Drama,6.599999904632568,125
Hello Universe,,,,Family,,
The Land of College Prophets,(2005),,83 min,"Action, Fantasy, Horror",3.299999952316284,235
"L'amore, il sole e l'altre stelle",(2019 TV Movie),,101 min,Comedy,5.699999809265137,109
Mighty Little Bheem: Festival of Colors,(2020– ),,,Animation,7.699999809265137,36
Juneteenth,,,,Musical,,
Call Your Daughter Home,,,,Drama,,
Bad Dad,(III),,,Comedy,,
Dinotrux: Happy Birthday to You!,(2017 TV Special),,1 min,"Animation, Short",4.5,9
Jandino: Whatever it Takes,(2016 TV Special),,95 min,Comedy,4.5,31
Untitled Kenya Barris/Netflix Project,,,,Documentary,,
Untitled Pokémon Project,,,,"Action, Adventure, Comedy",,
True Tunes,(2019– ),,,Family,8.699999809265137,13
Eddie Pepitone: In Ruins,(2014 TV Movie),Not Rated,64 min,Comedy,7.099999904632568,136
Génération Q,(2018– ),,,Comedy,,
Zombie Dumb,(2019– ),TV-Y7,,"Animation, Adventure, Comedy",5.599999904632568,20
Happiness Ever After,,,,Drama,,
Follow Me,(VI) (2018),,80 min,Documentary,5.099999904632568,259
All the Right Moves,,,,"Game-Show, Reality-TV",,
Untitled Netflix/Billy Eichner Stand-up Special,(TV Special),,,Comedy,,
Bahía Colorada,,,,Comedy,,
Parkour Expert Rates 9 Parkour Stunts in Movies and TV,(2022 Video),,19 min,"Documentary, Short",,
Arashi's Diary: Voyage,(2019),,,"Documentary, Music",8.0,45
Untitled Patrick Osborne Fantasy Project,,,,"Animation, Fantasy",,
"Edmilson Filho: Notas, uma Comédia de Relacionamentos",(2018 TV Special),,79 min,Comedy,4.900000095367432,22
How Queer Characters Have Evolved in Children's Animation,(2021 Video),,12 min,"Documentary, Animation, Short",,
U-Prince: The Badass Baker,(2016),,60 min,Romance,7.5,23
Midnight Misadventures with Mallika Dua,(2018),,,Comedy,3.700000047683716,24
Prodigy,(II),,,"Action, Adventure, Fantasy",,
Jochem Myjer: Adéhadé,(2003 TV Special),,48 min,Comedy,7.599999904632568,198
Aditi Mittal: Things They Wouldn't Let Me Say,(2017 TV Special),TV-MA,62 min,Comedy,4.300000190734863,335
Robert Kelly: Live at the Village Underground,(2014 TV Special),Not Rated,63 min,Comedy,7.199999809265137,220
Antiracist Baby,,,,Short,,
The Sklar Brothers: What Are We Talking About,(2014 TV Special),Not Rated,69 min,Comedy,6.099999904632568,72
DInner for one a la Netflix,(2016),,17 min,"Short, Comedy",,
Music for Mandela,(2013),TV-G,82 min,Documentary,6.800000190734863,29
Making Waves,(2001 TV Special),,49 min,,8.0,344
Sergeant Keroro Super Movie 2: The Deep Sea Princess de arimasu!,(2007),,77 min,"Animation, Comedy, Family",6.400000095367432,70
Leve boerenliefde,(2013),,97 min,"Comedy, Romance",4.800000190734863,418
The Ring of Fire,,,,Animation,,
Zona Rosa,(2019– ),,,Comedy,6.099999904632568,55
Kahi,(2016),G,95 min,Drama,7.099999904632568,71
Luciano Mellera: Infantiloide,(2018 TV Special),TV-14,66 min,Comedy,7.5,"1,520"
Untitled U.S. Women's Soccer Team Project,,,,Documentary,,
Peter Monaghan - A Portrait,(2022),,25 min,"Documentary, Short",,
Magic 4 Morons,(2000 Video),Not Rated,60 min,Family,,
Untitled Eddie Murphy Project,,,,Comedy,,
Jack the Ripper: Prime Suspect,(2011 TV Movie),TV-14,50 min,"Documentary, Crime",5.599999904632568,79
Mind MGMT,,,60 min,"Action, Thriller",,
Moving Art: Underwater,(2015),,26 min,"Documentary, Short",8.5,129
Locombianos,(2021– ),TV-MA,,Comedy,4.099999904632568,17
To Hell with the Devil,,,,Thriller,,
Ojo's in d' House,(2013),,24 min,Comedy,6.099999904632568,11
Rooster's Blood,(2015),TV-MA,84 min,"Action, Crime, Drama",5.199999809265137,172
"La casa de las flores, el Especial de TV",(2020 TV Special),,,,6.300000190734863,15
The Kane Chronicles: The Serpent's Shadow,,,,"Action, Adventure, Drama",,
A la puta strasse. Not Just a Barcelona,(2015),,71 min,"Documentary, Drama, History",6.5,8
Karriär,(1938),,106 min,Drama,5.400000095367432,72
Greatests Roasts of All Time: GROAT,(TV Special),,,Comedy,,
Behind the Curtain: Todrick Hall,(2017),,100 min,"Documentary, Music, Musical",6.800000190734863,312
Carolin Kebekus: The Last Christmas Special,(2021 TV Special),TV-MA,66 min,Comedy,4.800000190734863,101
Sulwe,,,,"Animation, Adventure, Comedy",,
Making the American Man,(2016),,68 min,Documentary,5.400000095367432,84
Moving Art: Waterfalls,(2015 TV Short),,25 min,"Documentary, Short",8.300000190734863,96
Nemesis,(IV),,,Drama,,
Alex Fernández: The Best Comedian in the World,(2020 TV Special),TV-MA,51 min,Comedy,6.199999809265137,141
Moshe Kasher: Live in Oakland,(2012),Not Rated,61 min,Comedy,6.699999809265137,334
U-Prince: The Absolute Economist,(2016),,,Romance,6.800000190734863,16
Change Agent,,,,"Sci-Fi, Thriller",,
Fakkah Fuzz: Almost Banned,(2018 TV Special),,60 min,Comedy,4.199999809265137,58
Gina Yashere: Skinny B*tch,(2008 TV Special),,58 min,"Documentary, Comedy",6.5,87
Bill Cosby: 77,(2014 Video),,,Comedy,3.700000047683716,14
Night Club,,,,"Action, Adventure, Drama",,
Aakash Gupta Special,,,,Comedy,,
Perfectly Legal,,,,,,
Southern Justice,(2006),R,96 min,"Action, Adventure, Thriller",3.0999999046325684,131
Comfort Me with Apples,,,,Drama,,
My Dog Is My Guide,(2013),,99 min,Comedy,3.299999952316284,72
The Circus,(II) (2018),,,Documentary,7.699999809265137,144
Rocanrol Cowboys,(2021),,,"Documentary, Biography, Music",7.099999904632568,128
Kära släkten,(1933),,94 min,Comedy,5.699999809265137,43
Green Cross,,,,Comedy,,
The World After the Rain,(2018),,3 min,Short,,
Untitled Prentice Penny/Holiday Project,,,,Comedy,,
The Queen of Villains,(II),,,"Biography, Drama, Sport",,
The Modest Heroes of Studio Ponoc,(2019),,21 min,"Documentary, Short",6.599999904632568,73
Untitled Netflix/Kinetic Content Dating Show,,,,Reality-TV,,
Life Sentence,(TV Movie),,,"Drama, Sci-Fi",,
Problem Child: Leslie Jones,(2010 Video),Not Rated,60 min,Comedy,5.900000095367432,266
The Wave,(2019– ),,,Thriller,,
"1994: Poder, Rebeldía y Crimen en México",(2019),,,Documentary,8.199999809265137,21
Dennis Nilsen's the History of A Drowning Boy Project,,,,"Documentary, Biography",,
Marmato,(2014),,87 min,Documentary,7.300000190734863,154
A Dog's Life: The Oscar Lose Story,(2008 Video),Not Rated,72 min,"Documentary, Family",,
House of Cards: Season 3 - Behind the Scenes,(2015 Video),,,Documentary,,
Le serment des Hitler,(2014 TV Movie),,56 min,Documentary,6.099999904632568,191
Mantan Terindah,(2014),,102 min,Drama,,
Southland's Most Wanted,(2004),,,Documentary,,
Sarah Geronimo: This 15 Me,(2019),,113 min,"Documentary, Music",5.099999904632568,13
Relic Hunters: Rebels,(2022 Video Game),E10+,,Action,,
Felipe Neto: Minha Vida Não Faz Sentido,(2017 TV Special),,87 min,"Documentary, Comedy",4.400000095367432,249
All on the Line,(2011– ),,60 min,Reality-TV,7.800000190734863,47
Francesco de Carlo: Cose di Questo Mondo,(2019 TV Special),,61 min,Comedy,6.300000190734863,112
Akuma-kun,,,25 min,"Animation, Adventure, Fantasy",,
Far Cry,,TV-MA,,"Animation, Action, Adventure",,
It's Wednesday Night,(TV Special),,,Comedy,,
Messy,(II) (2020– ),,,,,
Alan Saldaña: Locked Up,(2021 TV Special),,49 min,Comedy,4.800000190734863,29
Pandalian,(2006– ),,22 min,"Animation, Action, Adventure",7.599999904632568,20
Girls Who Like Boys Who Like Boys,(2010– ),,,Reality-TV,6.599999904632568,44
Dropped,(2006 TV Movie),,65 min,"Documentary, Biography, Music",7.400000095367432,19
Ao no ekusoshisuto: Kuro no iede,(2011 Video),,24 min,"Animation, Short",6.900000095367432,185
"Martin Matte: La vie, la mort... eh la la..!",(2019 TV Special),,61 min,Comedy,6.5,105
A Go! Go! Cory Carson Christmas,(2020 TV Special),TV-Y,21 min,"Animation, Short, Family",6.099999904632568,51
Is Love Racist? The Dating Game,(2017 TV Movie),,47 min,Documentary,5.5,16
Untitled Haiti Musical,,,,"Animation, Adventure, Comedy",,
Good Luck,(2012),,102 min,"Comedy, Drama",5.400000095367432,92
Meeting a Bullet,(2004 Video),R,75 min,Crime,3.700000047683716,115
Dabba Cartel,,,,,,
Hello America,,,,Sci-Fi,,
Once Upon a Crime,,,,"Crime, Fantasy, Mystery",,
Nueva serie de Daniel Sánchez Arévalo,,,,Drama,,
Lumières noires,(2021),,,"Short, History",,
Graffiti Verité,(1995 Video),Not Rated,45 min,"Documentary, Drama, Family",5.900000095367432,29
My First Day,(2001),,30 min,"Short, Family",,
Cedonia Avenue,(2015),,62 min,Drama,4.5,16
John Caparulo: Come Inside Me,(2013 TV Special),Not Rated,71 min,"Documentary, Comedy",7.099999904632568,133
La Grande Chaumière Violette,(2016),,,"Drama, History",8.600000381469727,16
The Boys' Club,,,,Drama,,
Untitled Jon Berg/Netflix Project,,,,Comedy,,
The Big 4,,,,"Action, Comedy",,
Fabrizio Copano: Solo pienso en mi,(2017 TV Special),TV-MA,60 min,Comedy,5.099999904632568,37
The Queen of Villains,(I),,,,,
Sweetener,,,,,,
Steve Byrne: Champion,(2014 TV Special),Not Rated,70 min,Comedy,6.800000190734863,147
Lucas Lauriente: Todo lo que sería,(2018 TV Special),TV-MA,74 min,Comedy,6.699999809265137,112
Big Guns,(2006 Video),Not Rated,84 min,Comedy,7.5,21
"El Negocio, Pt. II",(Video),,128 min,Action,,
Hans Teeuwen: Trui,(2001 TV Special),,90 min,"Documentary, Comedy",7.800000190734863,417
Hot Skull,,,,,,
The Whole World is Watching: Inside Aaron Sorkin's Trial of the Chicago 7,(2021 TV Special),,28 min,,,
My Monticello,,,,Sci-Fi,,
Yoga Time,(2004–2009),,28 min,Family,,
Yo soy Gilda: amar es un milagro,,,45 min,"Biography, Drama, Musical",,
Dieter Nuhr: Nuhr in Berlin,(2016 TV Special),Not Rated,69 min,Comedy,4.699999809265137,71
Lost Dog,(III),,,"Comedy, Drama",,
The 2014 Film Independent Spirit Awards,(2014 TV Special),,,,5.900000095367432,43
Amazing On The Inside,,,,Reality-TV,,
Cocaine Hippos,,,,Comedy,,
Isabella's Witch Chronicles,,,,"Adventure, Fantasy, Romance",,
Once in a Lifetime Sessions with Nile Rodgers,(2019),,70 min,Music,7.699999809265137,10
Night of 1000 Meryls: Drag Queens Perform Meryl Streep's 'It's Not About Me',(2020 Video),,5 min,"Short, Comedy, Music",,
Luna Petunia: Happy Birthday to You!,(2017 TV Special),,2 min,"Animation, Short",,
The Last Movie Ever Made: The Don't Look Up podcast,(2022 Podcast Series),,,Talk-Show,,
The Dawn Patrol,,,,,,
Como Pop,(2019– ),,,Animation,,
Former Bank Robber Breaks Down 11 Bank Heists in Movies,(2021 Video),,20 min,"Documentary, Short, Crime",,
Return to Role Playing,(2012),,135 min,Adventure,,
Knight into Day,(2021),,12 min,"Short, Biography, Fantasy",,
Raise the Bar,(2017),,,"Animation, Short",,
Hans Liberg: Tatatata,(2005 TV Special),,105 min,"Comedy, Music",6.800000190734863,10
Trekking the Great Wall,(2011),,49 min,"Documentary, Short, History",6.199999809265137,33
Bardo,,,,Thriller,,
Ex-Mob Boss Rates 13 Mafia Movie Scenes,(2020 Video),,13 min,"Documentary, Short, Crime",,
Save the Forest,(2005),Not Rated,90 min,Comedy,6.900000095367432,45
The Bastard Sings the Sweetest Song,(2012),,,"Documentary, Drama, Family",7.0,28
Fuller House: Anniversary Celebration,(2017 TV Movie),,,Comedy,6.199999809265137,6
Laerte-se,(2017),TV-MA,100 min,Documentary,7.0,701
Master Safecracker Rates 10 Safecracking Heists in Movies and TV,(2021 Video),,19 min,"Documentary, Short",,
Fernando Sanjiao: Hombre,(2018 TV Special),TV-MA,63 min,Comedy,6.400000095367432,59
Monty Python: Before the Flying Circus,(2008 TV Movie),Not Rated,55 min,Documentary,7.300000190734863,172
The Atomic Bazaar,,,,"Drama, Thriller",,
Untitled Tituss Burgess/Netflix Project,,,,,,
Open 24/7,,,60 min,Drama,,
Legend Quest: Happy Birthday to You!,(2017 TV Special),,2 min,"Animation, Short",6.199999809265137,6
Running with Sherman,,,,,,
Coco y Raulito: Carrusel de ternura,(2018 TV Special),,56 min,Comedy,6.599999904632568,42
The Santiso Report,(2015),,86 min,"Mystery, Sci-Fi, Thriller",5.0,76
Lord Put a Ring on It,(2016),PG,94 min,"Comedy, Drama",7.599999904632568,22
Beat Bugs: Happy Birthday to You!,(2017 TV Special),,1 min,"Animation, Short",4.599999904632568,6
Kate: Stunts Social Featurette,(2021),,,"Documentary, Short",,
2006 Independent Spirit Awards,(2006 TV Special),,109 min,,6.5,97
Alan Saldaña: Mi vida de pobre,(2017 TV Special),,70 min,Comedy,6.300000190734863,71
20 Jobs You Never Knew Existed,(2021 Video),,14 min,"Documentary, Short",,
House Arrest,(III),,,,,
Oceans,,,,Documentary,,
How Fake IDs Are Made for Movie and TV Characters,(2021 Video),,8 min,"Documentary, Short",,
Tusk,(IV),,,"Adventure, Family",,
Beyond the Boundary: ICC Women's T20 World Cup Australia 2020,(2020 TV Movie),,59 min,"Documentary, Sport",6.599999904632568,10
Viking-Ax Expert Rates 11 Ax Fights in Movies and TV,(2021 Video),,19 min,"Documentary, Short, War",,
Daniel Sosa: Maleducado,(2019 TV Special),TV-MA,54 min,Comedy,6.199999809265137,76
Ancient Extraterrestrials: Aliens and UFOs Before the Dawn of Time,(2012 Video),,188 min,Documentary,5.0,11
Lugar de Mulher,(2019– ),,,Comedy,4.900000095367432,39
Summer in Sorrento,,,,Drama,,
Saverio Raimondo: Il satiro parlante,(2019 TV Special),,53 min,Comedy,5.900000095367432,54
Castle Warfare Expert Rates 8 Castle and Fortress Scenes in Movies and TV,(2022 Video),,18 min,"Documentary, Short, War",,
Sword Master Rates 10 Sword Fights from Movies and TV,(2020 Video),,18 min,"Documentary, Short, War",,
John Crist: I Ain't Prayin' for That,(2019 TV Special),,57 min,Comedy,,
The Greatest Movie Ever Rolled,(2012),TV-MA,81 min,Documentary,6.199999809265137,490
Luccas Neto em: O Hotel Mágico 2,(2021),,98 min,Comedy,2.799999952316284,6
Unbreakable Kimmy Schmidt Season 3 Featurette,(2017 TV Short),,2 min,"Short, Comedy",,
Die dunkle Seite des Lichts,(2009 TV Movie),,52 min,Documentary,6.5,25
Natalia Valdebenito: Gritona,(2017 TV Special),TV-MA,,Comedy,5.699999809265137,90
Home,(III) (2021),,13 min,"Short, Horror",,
Stamped from the Beginning: The Definitive History of Racist Ideas in America,,,,Documentary,,
Once Upon a Time in Shaolin,,,,"Biography, Drama",,
What-To-Doodles,,,,Animation,,
Mortician Breaks Down 9 Corpse Scenes in Movies and TV,(2021 Video),,18 min,"Documentary, Short",,
Super Monsters and the Wish Star,(2018),,27 min,"Animation, Short, Comedy",5.400000095367432,45
Pete Johansson: You Might also Enjoy Pete Johansson,(2016 TV Special),TV-MA,67 min,Comedy,6.099999904632568,183
I Take It Black,(TV Movie),,,Comedy,,
Schlaue Meerschweinchen,(2010 TV Movie),,43 min,Documentary,6.099999904632568,17
Big Vape: The Incendiary Rise of Juul,,,,Documentary,,
Brigands,,,,Drama,,
Once Upon a Time: Evil Reigns Once More,(II) (2016 TV Movie),TV-PG,41 min,Documentary,7.400000095367432,113
Året der gik,(2020 TV Special),,134 min,"History, Music, Talk-Show",,
Bill Hicks: Reflections,(2015),,34 min,"Documentary, Short",6.699999809265137,152
Crap Shoot: The Documentary,(2007),PG,97 min,Documentary,3.9000000953674316,190
Rafinha Bastos: Ultimato,(2018 TV Special),TV-MA,62 min,Comedy,6.5,222
Dans for mig,(2012),TV-PG,78 min,"Documentary, Music, Sport",6.599999904632568,110
Revenge Inc.,,,,Drama,,
Javier Guzman: Ga-Bie-Jer,(2018 TV Special),,88 min,Comedy,6.400000095367432,39
Spanar Jaya,(1999–2005),,20 min,Comedy,,
The Experiment,(III) (2011),,89 min,"Documentary, Crime, Drama",6.800000190734863,12
Jani Dueñas: Grandes fracasos de ayer y hoy,(2018 TV Special),,77 min,Comedy,4.800000190734863,71
Bob Saget: That's What I'm Talkin' About,(2013 TV Special),TV-MA,55 min,"Documentary, Comedy",5.300000190734863,275
Wacky Wednesday,,,,Animation,,
Being Mrs Elliot,(2014),,113 min,"Comedy, Romance",7.199999809265137,18
Glória,,,,Thriller,,
My Brother Jesus,(2021),,14 min,"Documentary, Short",,
Road to Victory - Okinawa,(2021),,50 min,Documentary,,
Refugee,(VI) (2016),,23 min,"Documentary, Short",6.400000095367432,24
Edoardo Ferrario: Temi Caldi,(2019 TV Special),,65 min,Comedy,6.5,137
Exatlon Challenge,,,,,,
Life of Ryan: Caretaker Manager,(2014 TV Movie),,81 min,"Documentary, Biography, Sport",7.199999809265137,285
Hatchet Man,(2009),,,"Short, Drama",,
Roy,(I) (2020),,8 min,"Short, Sci-Fi",6.099999904632568,9
Untitled Vikram Motwane Project,,,,,,
Magical Reef: The Islands of the Four Kings,(2020),,52 min,Documentary,,
Luciofei,(2021 Video),,14 min,"Short, Comedy",,
The F-U,,,,Action,,
The End/Beginning,(2011– ),,,Documentary,,
Untitled PUBG anime project,,,,"Animation, Action, Thriller",,
Wild Guys,,,,"Adventure, Comedy, Drama",,
Three-Sixty (360),,,,"Action, Crime, Drama",,
Untitled Sean O'Keefe Project,,,,Thriller,,
Super Monstros: Nova Turma,(2020),,24 min,"Animation, Short",,
Invisible City,,,,,,
The Night of the Wild Boar,(2016),,75 min,"Crime, Horror, Mystery",4.300000190734863,228
Death Smiles,,,93 min,Horror,,
Without Shepherds,(2013),Not Rated,89 min,Documentary,7.699999809265137,70
Matt Braunger: Big Dumb Animal,(2015 TV Special),TV-MA,64 min,"Documentary, Comedy",7.300000190734863,286
Connected,(I),,,Documentary,,
How 'Wolfwalkers' Animated Its Wolf Vision Scenes,(2021 Video),,8 min,"Documentary, Animation, Short",,
Revolution by Design,(2020),,10 min,"Documentary, Short",,
Wyatt Cenac: Brooklyn,(2014 TV Special),,67 min,Comedy,6.300000190734863,233
Moving Art: Whales and Dolphins,(2017 TV Movie),,,Documentary,8.399999618530273,8
Tellur Aliens,(2016),TV-Y,67 min,"Animation, Adventure, Comedy",4.300000190734863,96
Holiday Sing-Along: With the Ladies of Fuller House,(2016),,,Short,,
Untitled Netflix/Ciro Guerra Project,(2019– ),,,Crime,,
Signs,,,,,,
Mexico Diseña,(2016– ),,25 min,"Game-Show, Reality-TV",5.800000190734863,7
Team Mascots,(2017),,14 min,Short,,
Pole Weapons Expert Rates 9 Polearm Fights in Movies and TV,(2022 Video),,16 min,"Documentary, Short, Action",,
Räumkommando Riesenratte - Spürnasen auf Minensuche,(2008 TV Movie),,45 min,Documentary,7.199999809265137,15
"One Fish, Two Fish, Red Fish, Blue Fish",,,,Animation,,
Canciones y Recuerdos,,,,,,
The Rat,(II),,,,,
Marriage or Mortgage,(II) (2021– ),,,Reality-TV,,
"Yass, Australia!",(2018 TV Special),,20 min,"Short, Reality-TV",,
Injustice System,(2021),,8 min,"Documentary, Short",,
The Little Prince Animation Featurette,(2016),,,"Animation, Short",,
The Cage,(2022– ),,,"Comedy, Drama, Romance",,
Flipos,(2010–2011),,,Animation,,
The Poet,(VII),,,,,
One Piece: Enter Chopper at the Winter Island,(2020 TV Movie),,,,,
Stokes,(II),,,,,
Sars-Cov-2,(2021),,4 min,"Short, Drama",,
Too Much Stress from My Heart,(2015),,65 min,Documentary,,
The Hidden Trail: Tracking Canada's Coastal Wolves,(2007 TV Movie),,43 min,Documentary,7.0,12
Milk?,(2012),,64 min,"Documentary, News",5.800000190734863,290
Spear Master Rates 9 Spear Fights in Movies and TV,(2022 Video),,16 min,"Documentary, Short, War",,
Saveart: Recycling Art,(2015),,64 min,Documentary,7.699999809265137,16
Even goede vrienden,(2019),,84 min,Comedy,6.800000190734863,40
Graffiti Verite' 10: Hip-Hop Dance,(2010),Not Rated,75 min,Documentary,,
In Sickness and in Health,(2020– ),,,"Drama, Romance",6.800000190734863,10
High Strange New Mexico,(1997),,112 min,Documentary,7.800000190734863,8
"Stonehenge, the Temple of Druids",(2018 Video),,12 min,"Short, History",,
Strongland,(2018– ),,,,7.599999904632568,21
Mau Nieto: Viviendo sobrio... desde el bar,(2018 TV Special),TV-MA,57 min,Comedy,6.699999809265137,81
Graffiti Verité 8: The Fifth Element,(2010 Video),Not Rated,45 min,Documentary,,
Little Baby Bum: Music Time,,TV-Y,7 min,"Animation, Comedy, Family",,
If Only,(V),,,,,
The Burrow,(2013– ),,30 min,Comedy,3.9000000953674316,14
Beat and Motion,,,,Animation,,
Tokyo kaiki zake,(2021– ),,,Horror,5.900000095367432,17
Netflix: The Making of 'Mr Bear: Then & Now',(2016 Video),,,Short,,
Sara Kroos: Van jewelste,(2015 TV Special),,86 min,Comedy,6.5,17
Polar Explorer Rates 9 Polar Survival Scenes in Movies and TV,(2021 Video),,18 min,"Documentary, Short",,
Gymnast Katelyn Ohashi Rates 10 Gymnastics Stunts in Movies and TV,(2021 Video),,16 min,"Documentary, Short",,
Graffiti Verité 9: Soulful Ways - The DJ,(2010 Video),Not Rated,45 min,Documentary,,
Hacker Rates 12 Hacking Scenes in Movies and TV,(2021 Video),,25 min,"Documentary, Short, Crime",,
Gilmore Girls: A Year in the Life Electronic Press Kit,(2016),,,Short,,
Ricky & Melinda,(2014),,94 min,Family,,
Northernlight,(2020– ),,,Thriller,,
Yoo Byungjae: Too Much Information,(2018 TV Special),,63 min,Comedy,5.300000190734863,52
Najib Amhali: The Best of Najib Amhali,(2010 TV Special),,158 min,"Documentary, Comedy",7.300000190734863,58
Ranbhool,(2010),Not Rated,110 min,Thriller,5.5,30
Fuller House Season 2: Behind the Scenes with New Kids on the Block,(2016),,,Short,,
Celebrity Bodyguard Rates 10 Bodyguard Scenes from Movies and TV,(2020 Video),,21 min,"Documentary, Short",,
The Genius of Marian,(2013),TV-PG,85 min,"Documentary, Drama, Family",7.300000190734863,151
Quince,(V),,,"Action, Comedy, Drama",,
Van der Laan en Woe: Alles eromheen,(2016 TV Special),,87 min,"Documentary, Comedy",7.300000190734863,21
Prashasti Singh Special,,,,Comedy,,
Graffiti Verité 6: The Odyssey,(2006 Video),,72 min,Documentary,,
Curtain,,,,,,
Daniel Sosa: Sosafado,(2017 TV Special),TV-MA,77 min,Comedy,5.400000095367432,103
Special Forces Bomb Disposal Expert Rates 10 Bomb Disposal Scenes in Movies,(2020 Video),,22 min,"Documentary, Short, Action",,
The Gentlemen's Hours,,,,,,
Pewnego razu na krajowej jedynce,,,,Drama,,
Velhas Amigas,(2018– ),,30 min,"Comedy, Drama, Romance",8.800000190734863,76
Ancient-Warfare Expert Rates 10 More Battle Tactics in Movies and TV,(2021 Video),,19 min,"Documentary, Short, War",,
Especial de Ano Todo com Clarice Falcão,(2017 TV Special),,,Comedy,6.400000095367432,15
Qucksand,,,,Thriller,,
Untitled Mo'Nique Netflix Comedy Special,(TV Special),,,Comedy,,
Untitled Nicole Byer/Netflix Project,(TV Special),,,Comedy,,
Freaks,(I),,,,,
Untitle Vicente Fernandez Bioseries,,,,Biography,,
The Battle for Bedtime Starring Batdad!,(2015 Video),,,"Short, Comedy",,
Deaw13 Thai Stand Up Comedy,(2022 TV Special),,172 min,Comedy,,
Sweet Moves,(2005 Video),,30 min,"Short, Comedy",,
David Batra: Elefanten i Rummet,(2020 TV Special),,77 min,Comedy,5.900000095367432,199
Ombra e il poeta,(2017),,105 min,"Musical, Thriller",4.300000190734863,44
Untitled Asterix Project,,,,Animation,,
Najib Amhali: Alles komt goed,(2012 TV Special),,153 min,Comedy,6.900000095367432,107
Last days on Earth,(2020),,,Documentary,,
Patrick Maia: Home Office - Um show em casa,(2017 TV Movie),,,Comedy,6.5,6
UFC Star Rates 9 MMA Fights in Movies and TV,(2022 Video),,20 min,"Short, Crime",,
GLOW Featurette,(2017 TV Movie),,,Comedy,,
Freek de Jonge: De Suppost,(2019 TV Special),,110 min,Comedy,,
Janguea y Rapea,,,,"Comedy, Music",,
Longboard Fever,(2003),,90 min,Sport,,
How 5 Movie Props Are Made to Be Eaten,(2022 Video),,9 min,"Documentary, Short",,
Sanfoninha,(2021 Video),,,"Short, Comedy",,
Selfie,(XI),,,Thriller,,
Semisweet: Life in Chocolate,(2012),,48 min,"Documentary, Drama",6.300000190734863,74
Blacksmith Rates 9 Forging Scenes from Movies and TV,(2022 Video),,17 min,"Documentary, Short",,
Exam Time Rap Song ft. Jordindian,(2020),,,"Short, Music",,
Untitled Netflix/BBC Science Documentary Project,,,,,,
How Netflix's 'Klaus' Made 2D Animation Look 3D,(2020 Video),,7 min,"Documentary, Animation, Short",,
How Car Chase Scenes Have Evolved Over 100 Years,(2022 Video),,10 min,"Documentary, Short",,
Super-Fan Builds,(2018),,,Family,,
Netflix: We All Have Six Shows In Common,(2019),,,"Short, Comedy",,
Graffiti Verite' 11: Don't Believe da Noize!,(2010),Not Rated,55 min,Documentary,,
CheNetflix: El podcast,(2022 Podcast Series),,,Talk-Show,,
Bruno Motta: O Show do Ano,(2011 TV Special),,59 min,Comedy,,
Inside: The Mob's Bloody Valentine,(2011 TV Movie),TV-14,45 min,"Documentary, Action, Crime",6.5,9
Graffiti Verité 3: A Voyage Into the Iconography of Graffiti Art,(2000),,54 min,"Documentary, Music",,
Untitled Michael Diliberti/Netflix Project,,,,,,
Wounded: The Battle Back Home,(2015–2016),,,Documentary,,
Jochem Myjer: Yeee-haa,(2006 TV Special),,71 min,Comedy,7.800000190734863,144
Medieval Weapons Master Rates 11 Weapons and Armor n Movies and TV,(2020 Video),,22 min,"Documentary, Short",,
Untitled Christmas miniseries,(2019– ),,,,,
Jewish Matchmaking,(I),,,Reality-TV,,
Sizzling Bacon,(2014),,20 min,"Short, Comedy",,
"New York State Multicultural Creativity Summit - Tuesday, November 17, 2020",(2020 Video),,181 min,Talk-Show,,
Ideias a Venda,(2022– ),,,"Game-Show, Reality-TV",,
La France est-elle ingouvernable?,(2009 TV Movie),,,Documentary,,
The Panama Papers,(2016),PG,43 min,"Documentary, Short",6.599999904632568,16
Eurovision Song Contest Ukraine 2023,(2023),,,Music,,
Ówàmbé,(2022),,,"Documentary, Short",,
What's That?,(2020 Video),,8 min,"Documentary, Short",,
8 Stunt Tricks Used Over and Over in Movies,(2021 Video),,11 min,"Documentary, Short, Action",,
The Get Away,(Video),,,Action,,
Desert Warfare Specialist Rates 8 Desert Warfare Scenes in Movies,(2022 Video),,18 min,"Documentary, Short, War",,
Jochem Myjer: De rust zelve,(2010 TV Special),,93 min,Comedy,7.800000190734863,189
"A Decade of Decadence, Pt. 2: Legacy of Dreams",(2013 Video),PG-13,65 min,Documentary,8.100000381469727,51
Untitled the Witcher Project,,,,"Animation, Family",,
SLG Click: The Game's Begun,(2006),,,Documentary,,
Rahul Dua Special,,,,Comedy,,
Natural Possession: Director's Cut,(2008),Not Rated,97 min,"Drama, Horror, Thriller",5.099999904632568,65
How Noiseless Props Are Made for Movies and TV Shows,(2021 Video),,7 min,"Documentary, Short",,
Yoo Byungjae: Discomfort Zone,(2018 TV Special),,54 min,Comedy,4.599999904632568,31
Mr. D: Southland to Japan,(2006),,,Documentary,,
Former Diamond Thief and Detective Break Down 7 Jewel Heists in Movies and TV,(2021 Video),,18 min,"Documentary, Short, Crime",,
Jailbirds,(I) (2019– ),,,Reality-TV,,
Die Goldene Kamera 2017,(2017 TV Special),,145 min,,8.199999809265137,22
Graffiti Verité 7: Random Urban Static,(2008 Video),Not Rated,120 min,Documentary,,
Z daleka widok jest piekny,(2011),,77 min,Drama,5.199999809265137,137
The 12 year old drug smuggler,(2007),,,Documentary,,
Epidemiologist Rates 10 Zombie Virus Movies and TV Shows for Realism,(2020 Video),,21 min,"Documentary, Short",,
Life in Our Universe,(2013– ),TV-PG,,Documentary,7.599999904632568,20
Celebrating Greatness: Canada's Walk of Fame Special,(2021 TV Special),,,News,,
Don Quijote de la Láctea,(2013– ),,,Animation,8.699999809265137,14
Wing Chun Master Rates 8 Wing Chun Fights in Movies,(2022 Video),,16 min,"Documentary, Short, Action",,
Waxing Gibbous,(2001),Not Rated,97 min,Drama,5.599999904632568,19
Fuller House Season 2 Electronic Press Kit,(2016),,,Short,,
Untitled Netflix Russian Drama,,,,Drama,,
"Stamped: Racism, Antiracism and You",,,,Documentary,,
Ainori Reboot,(2017– ),,,Reality-TV,,
Shelter,(2003),,80 min,Drama,6.300000190734863,47
The Seven Bears,,TV-G,,"Animation, Adventure, Comedy",,
John Bishop's Gorilla Adventure,(2015 TV Movie),,52 min,Documentary,7.5,14
#differentnotless,(2017– ),,30 min,Drama,,
La Part Du Feu,(2021– ),,,"Documentary, Drama",,
Giovanni e le sue galline,(2019),,50 min,Documentary,6.5,18
The World's Oddest Animal Couples,(2016),,,Documentary,8.199999809265137,25
Film School Friday: Creating for an Authentic Future,(2020 Video),,60 min,Talk-Show,,
Douche Bros,(2013– ),Approved,10 min,Comedy,,
Autistic Driving School,(2010),,,Documentary,5.699999809265137,13
Karate World Champion Rates 11 Karate Scenes in Movies and TV,(2021 Video),,22 min,"Documentary, Short",,
Still Waters,(2009),,,"Drama, Thriller",,
Aguacate El Fruto Del Cielo,(2021),,,Documentary,,
Bruno Motta: Melhor que os Outros Stand Ups que Eu Já Fiz em 15 Anos de Carreira,(2017 TV Special),,66 min,Comedy,,
That's My Time: The Todd Lynn Story,(2017),,,Documentary,,
Lostorage incited Wixoss,(2016– ),,24 min,"Animation, Drama, Fantasy",5.800000190734863,43
Rotisserie Chicken,(2014),,73 min,Comedy,,
Metro,(2008),,120 min,Drama,,
Sumukhi Suresh Special,,,,Comedy,,
Resolvi Esperar,(2018 Video),,,"Short, Comedy",,
Game Changer,,,,,,
Dreamworks She-Ra Mural Timelapse,(2019 Video),,,Short,,
Detektyw Forst,,,,Crime,,
Graffiti Verité 5: The Sacred Elements of Hip-Hop,(2003 Video),,54 min,"Documentary, History, Music",,
Chess Grandmaster Rates 7 Chess Scenes in Movies and TV,(2021 Video),,15 min,"Documentary, Short",,
As We Sleep,(2002),,,,,
Oscillating Fan for Your Home,(2015 TV Movie),TV-Y,,Documentary,7.099999904632568,18
Sneakah Boutique the Documentary,(2016),,,Documentary,,
Rayen Panday: Niet verder vertellen,(2018 TV Special),,51 min,Comedy,6.800000190734863,28
Untitled Christina P Comedy Special,(TV Special),,,Comedy,,
Troll-A-Long with a Rent-A-Cop: A Thug Life Tour Guide to the Reno City Zoo,(2019),,91 min,"Documentary, Animation, Comedy",,
Medieval Weapons Expert Rates 7 More Weapons Scenes in Movies and TV,(2021 Video),,12 min,"Short, Documentary",,
The Rain Bunker Set Tour with Lucas Lynggaard Tønnesen,(2018 Video),,4 min,Short,,
I Am. Shimon Peres,(2014),,78 min,"Documentary, Biography",6.300000190734863,50
Rekonesans,(2021),,90 min,Action,,
Informacja zwrotna,,,,Crime,,
Fadily Camara: La plus drôle de tes copines,(2019 TV Special),,54 min,Comedy,5.800000190734863,50
Film School Friday: Pushing the Boundaries in Production,(2022 Video),,49 min,Talk-Show,,
Why Championship Chess Sets Are So Expensive,(2021 Video),,8 min,"Documentary, Short",,
Horton Hears a Who!,,,,Animation,,
Grillo vs Grillo,(2017),,96 min,Comedy,5.300000190734863,131
Bad Dinosaurs,,TV-PG,,"Animation, Adventure, Comedy",,
Hiring Women,(2020 Video),,6 min,Short,,
Growing Up in Two Generations,(2013),,106 min,"Action, Drama",,
ER Doctor Rates 10 DIY Surgery Scenes in Movies & TV,(2022 Video),,18 min,"Documentary, Short",,
Encomenda,(2021),,13 min,"Short, Action",,
Café dans le temps,(2019– ),,,Sci-Fi,,
Theo Maassen: Vankwaadtoterger,(2017 TV Special),,87 min,"Documentary, Comedy",7.699999809265137,254
Sushi Master Rates 9 Sushi Scenes in Movies and TV,(2021 Video),,18 min,"Documentary, Short",,
Money-Laundering Expert Rates 8 Money-Laundering Scams in Movies and TV,(2021 Video),,17 min,"Documentary, Short",,
Graffiti Verité 4: Basic Techniques for Creating Graffiti Art on Walls and Canvas,(2003 Video),,68 min,"Documentary, Family, History",,
Un domingo de Ramos. Un podcast de Netflix,(2022 Podcast Series),,,Talk-Show,,
The Tayo Movie: Mission Ace,(2016),,47 min,Animation,5.099999904632568,53
Master Pickpocket Breaks Down 12 Pickpocketing Tricks in Movies,(2021 Video),,16 min,"Documentary, Short",,
The Crown: The Official Podcast,(2019 Podcast Series),,,,,
Graffiti Verité 2: Freedom of ExpreSSion?,(1998 Video),,57 min,"Documentary, History",6.0,9
Cancer's Last Stand,(2017),,,Drama,,
A Tiger in the Dark: The Decadence Saga,(2014 Video),R,128 min,"Drama, Fantasy, Sci-Fi",7.699999809265137,50
"Alors, heureux?",(2006 TV Movie),,41 min,Documentary,6.800000190734863,8
Ancient Warfare Expert Rates 10 Battle Tactics in Movies and TV,(2021 Video),,21 min,"Documentary, Short, War",,
Thidwick the Big-Hearted Moose,(TV Special),,,Animation,,
Ellie Goulding & Steven Price: In This Together,(2019 Music Video),,,Music,,
Phantom Pups,(2022– ),,,"Comedy, Family, Fantasy",,
The Vivo Songbook,(2021 Podcast Series),,,Family,,
Strong Black Legends,(2019 Podcast Series),,,Talk-Show,,
Bad Guys,(2022– ),,,Action,,
Nohzdyve,(2018 Video Game),,,Action,6.699999809265137,7
Someone Borrowed,(2022),,107 min,"Comedy, Romance",,
The Geeked Podcast,(2019 Podcast Series),,,Talk-Show,,
Wild Croc Territory,(2022– ),,,Reality-TV,,
You Can't Make This Up,(2018 Podcast Series),,,Talk-Show,,
"Okay, Now Listen",(2020 Podcast Series),,,Talk-Show,,
Salmo ft Coez: Sparare alla luna,(2018 Music Video),,,Music,,
American Experience,(1987– ),Approved,90 min,"Documentary, Biography, History",6.699999809265137,47
Avatar: The Last Airbender,(2005–2008),TV-Y7,24 min,"Animation, Action, Adventure",7.400000095367432,"3,627"
Avatar: The Last Airbender,(2005–2008),TV-Y7,25 min,"Animation, Action, Adventure",8.600000381469727,"3,551"
Avatar: The Last Airbender,(2005–2008),TV-Y7,25 min,"Animation, Action, Adventure",7.800000190734863,"4,093"
Avatar: The Last Airbender,(2005–2008),TV-Y7,25 min,"Animation, Action, Adventure",7.699999809265137,"3,993"
Avatar: The Last Airbender,(2005–2008),TV-Y7,23 min,"Animation, Action, Adventure",8.0,"4,163"
Avatar: The Last Airbender,(2005–2008),TV-Y7,25 min,"Animation, Action, Adventure",8.399999618530273,"3,732"
Avatar: The Last Airbender,(2005–2008),TV-Y7,24 min,"Animation, Action, Adventure",7.800000190734863,"3,791"
Avatar: The Last Airbender,(2005–2008),TV-Y7,24 min,"Animation, Action, Adventure",7.900000095367432,"3,682"
Avatar: The Last Airbender,(2005–2008),TV-Y7,25 min,"Animation, Action, Adventure",9.300000190734863,"4,584"
Avatar: The Last Airbender,(2005–2008),TV-Y7,24 min,"Animation, Action, Adventure",8.600000381469727,"3,741"
Avatar: The Last Airbender,(2005–2008),TV-Y7,25 min,"Animation, Action, Adventure",9.5,"5,383"
The Boondocks,(2005–2014),TV-MA,21 min,"Animation, Action, Comedy",8.5,492
The Boondocks,(2005–2014),TV-MA,22 min,"Animation, Action, Comedy",8.100000381469727,381
The Boondocks,(2005–2014),TV-MA,22 min,"Animation, Action, Comedy",8.5,494
The Boondocks,(2005–2014),TV-MA,22 min,"Animation, Action, Comedy",7.900000095367432,479
The Boondocks,(2005–2014),TV-MA,23 min,"Animation, Action, Comedy",7.900000095367432,345
The Boondocks,(2005–2014),TV-MA,20 min,"Animation, Action, Comedy",7.900000095367432,587
The Boondocks,(2005–2014),TV-14,20 min,"Animation, Action, Comedy",8.199999809265137,379
The Boondocks,(2005–2014),TV-MA,22 min,"Animation, Action, Comedy",7.800000190734863,361
The Boondocks,(2005–2014),TV-MA,23 min,"Animation, Action, Comedy",8.199999809265137,429
The Boondocks,(2005–2014),TV-MA,22 min,"Animation, Action, Comedy",8.300000190734863,546
Johnny Test,(2005–2014),TV-Y,22 min,"Animation, Action, Adventure",7.800000190734863,53
Johnny Test,(2005–2014),TV-Y,21 min,"Animation, Action, Adventure",7.699999809265137,54
Johnny Test,(2005–2014),TV-Y,21 min,"Animation, Action, Adventure",6.900000095367432,55
Johnny Test,(2005–2014),TV-Y,21 min,"Animation, Action, Adventure",7.5,101
Johnny Test,(2005–2014),TV-Y,21 min,"Animation, Action, Adventure",7.300000190734863,80
Johnny Test,(2005–2014),TV-Y,22 min,"Animation, Action, Adventure",7.599999904632568,69
Johnny Test,(2005–2014),TV-Y,22 min,"Animation, Action, Adventure",7.400000095367432,59
Top Gear,(2002– ),TV-PG,45 min,"Adventure, Comedy, Reality-TV",7.099999904632568,337
Top Gear,(2002– ),TV-PG,45 min,"Adventure, Comedy, Reality-TV",7.0,282
Top Gear,(2002– ),TV-PG,,"Adventure, Comedy, Reality-TV",7.199999809265137,254
Top Gear,(2002– ),TV-PG,,"Adventure, Comedy, Reality-TV",7.099999904632568,239
Top Gear,(2002– ),TV-PG,,"Adventure, Comedy, Reality-TV",7.199999809265137,232
Top Gear,(2002– ),TV-PG,,"Adventure, Comedy, Reality-TV",7.199999809265137,233
Top Gear,(2002– ),TV-PG,65 min,"Adventure, Comedy, Reality-TV",7.199999809265137,223
Top Gear,(2002– ),TV-PG,,"Adventure, Comedy, Reality-TV",7.199999809265137,234
Top Gear,(2002– ),TV-PG,,"Adventure, Comedy, Reality-TV",7.300000190734863,226
Top Gear,(2002– ),TV-PG,,"Adventure, Comedy, Reality-TV",7.300000190734863,230
Top Gear,(2002– ),TV-PG,49 min,"Adventure, Comedy, Reality-TV",7.699999809265137,270
Top Gear,(2002– ),TV-PG,54 min,"Adventure, Comedy, Reality-TV",7.5,241
Top Gear,(2002– ),TV-PG,51 min,"Adventure, Comedy, Reality-TV",7.5,237
Top Gear,(2002– ),TV-PG,51 min,"Adventure, Comedy, Reality-TV",7.5,231
Top Gear,(2002– ),TV-PG,53 min,"Adventure, Comedy, Reality-TV",7.599999904632568,225
Top Gear,(2002– ),TV-PG,53 min,"Adventure, Comedy, Reality-TV",7.699999809265137,222
Top Gear,(2002– ),TV-PG,54 min,"Adventure, Comedy, Reality-TV",7.900000095367432,229
Top Gear,(2002– ),TV-PG,46 min,"Adventure, Comedy, Reality-TV",7.699999809265137,222
Top Gear,(2002– ),TV-PG,53 min,"Adventure, Comedy, Reality-TV",7.699999809265137,223
Top Gear,(2002– ),TV-PG,56 min,"Adventure, Comedy, Reality-TV",7.699999809265137,220
Top Gear,(2002– ),TV-PG,58 min,"Adventure, Comedy, Reality-TV",7.699999809265137,226
Top Gear,(2002– ),TV-PG,59 min,"Adventure, Comedy, Reality-TV",7.800000190734863,227
Top Gear,(2002– ),TV-PG,60 min,"Adventure, Comedy, Reality-TV",7.800000190734863,220
Top Gear,(2002– ),TV-PG,59 min,"Adventure, Comedy, Reality-TV",7.800000190734863,220
Top Gear,(2002– ),TV-PG,59 min,"Adventure, Comedy, Reality-TV",8.199999809265137,261
Top Gear,(2002– ),TV-PG,61 min,"Adventure, Comedy, Reality-TV",7.900000095367432,231
Top Gear,(2002– ),TV-PG,59 min,"Adventure, Comedy, Reality-TV",7.699999809265137,214
Top Gear,(2002– ),TV-PG,60 min,"Adventure, Comedy, Reality-TV",7.699999809265137,208
Top Gear,(2002– ),TV-PG,61 min,"Adventure, Comedy, Reality-TV",7.699999809265137,215
Top Gear,(2002– ),TV-PG,54 min,"Adventure, Comedy, Reality-TV",8.300000190734863,253
Top Gear,(2002– ),TV-PG,52 min,"Adventure, Comedy, Reality-TV",7.699999809265137,217
Top Gear,(2002– ),TV-PG,51 min,"Adventure, Comedy, Reality-TV",8.0,229
Top Gear,(2002– ),TV-PG,52 min,"Adventure, Comedy, Reality-TV",8.199999809265137,219
Top Gear,(2002– ),TV-PG,50 min,"Adventure, Comedy, Reality-TV",7.699999809265137,204
Top Gear,(2002– ),TV-PG,53 min,"Adventure, Comedy, Reality-TV",7.599999904632568,207
Top Gear,(2002– ),TV-PG,51 min,"Adventure, Comedy, Reality-TV",7.800000190734863,210
Top Gear,(2002– ),TV-PG,51 min,"Adventure, Comedy, Reality-TV",7.800000190734863,210
Top Gear,(2002– ),TV-PG,51 min,"Adventure, Comedy, Reality-TV",7.699999809265137,206
Top Gear,(2002– ),TV-PG,52 min,"Adventure, Comedy, Reality-TV",7.699999809265137,205
Top Gear,(2002– ),TV-PG,53 min,"Adventure, Comedy, Reality-TV",7.800000190734863,208
Top Gear,(2002– ),TV-PG,54 min,"Adventure, Comedy, Reality-TV",7.900000095367432,216
Top Gear,(2002– ),TV-PG,55 min,"Adventure, Comedy, Reality-TV",7.800000190734863,210
Top Gear,(2002– ),TV-PG,53 min,"Adventure, Comedy, Reality-TV",7.900000095367432,211
Top Gear,(2002– ),TV-PG,53 min,"Adventure, Comedy, Reality-TV",7.900000095367432,208
Top Gear,(2002– ),TV-PG,53 min,"Adventure, Comedy, Reality-TV",8.0,215
Top Gear,(2002– ),TV-PG,54 min,"Adventure, Comedy, Reality-TV",7.900000095367432,209
Top Gear,(2002– ),TV-PG,51 min,"Adventure, Comedy, Reality-TV",8.300000190734863,242
Top Gear,(2002– ),TV-PG,42 min,"Adventure, Comedy, Reality-TV",7.800000190734863,208
Top Gear,(2002– ),TV-PG,60 min,"Adventure, Comedy, Reality-TV",7.900000095367432,212
Top Gear,(2002– ),TV-PG,60 min,"Adventure, Comedy, Reality-TV",8.100000381469727,216
Top Gear,(2002– ),TV-PG,59 min,"Adventure, Comedy, Reality-TV",7.900000095367432,218
Top Gear,(2002– ),TV-PG,59 min,"Adventure, Comedy, Reality-TV",7.900000095367432,213
Top Gear,(2002– ),TV-PG,60 min,"Adventure, Comedy, Reality-TV",7.800000190734863,198
Top Gear,(2002– ),TV-PG,59 min,"Adventure, Comedy, Reality-TV",8.0,229
Top Gear,(2002– ),TV-PG,59 min,"Adventure, Comedy, Reality-TV",8.0,200
Top Gear,(2002– ),TV-PG,59 min,"Adventure, Comedy, Reality-TV",7.800000190734863,203
Top Gear,(2002– ),TV-PG,59 min,"Adventure, Comedy, Reality-TV",7.699999809265137,198
Top Gear,(2002– ),TV-PG,60 min,"Adventure, Comedy, Reality-TV",7.900000095367432,201
Top Gear,(2002– ),TV-PG,60 min,"Adventure, Comedy, Reality-TV",7.800000190734863,202
Top Gear,(2002– ),TV-MA,60 min,"Adventure, Comedy, Reality-TV",7.800000190734863,209
Top Gear,(2002– ),TV-PG,58 min,"Adventure, Comedy, Reality-TV",7.800000190734863,204
Top Gear,(2002– ),TV-PG,58 min,"Adventure, Comedy, Reality-TV",8.199999809265137,227
Top Gear,(2002– ),TV-PG,60 min,"Adventure, Comedy, Reality-TV",8.300000190734863,227
Top Gear,(2002– ),TV-PG,59 min,"Adventure, Comedy, Reality-TV",7.800000190734863,198
Dexter,(2006–2013),TV-MA,55 min,"Crime, Drama, Mystery",8.199999809265137,"6,473"
The Boondocks,(2005–2014),TV-MA,23 min,"Animation, Action, Comedy",9.0,559
Avatar: The Last Airbender,(2005–2008),TV-Y7,25 min,"Animation, Action, Adventure",7.800000190734863,"3,737"
Avatar: The Last Airbender,(2005–2008),TV-Y7,25 min,"Animation, Action, Adventure",8.100000381469727,"4,164"
The Boondocks,(2005–2014),TV-MA,23 min,"Animation, Action, Comedy",8.100000381469727,382
Top Gear,(2002– ),TV-PG,59 min,"Adventure, Comedy, Reality-TV",8.199999809265137,227
Top Gear,(2002– ),TV-PG,60 min,"Adventure, Comedy, Reality-TV",8.399999618530273,394
Avatar: The Last Airbender,(2005–2008),TV-Y7,25 min,"Animation, Action, Adventure",8.600000381469727,"3,747"
Avatar: The Last Airbender,(2005–2008),TV-Y7,25 min,"Animation, Action, Adventure",7.599999904632568,"3,650"
The Boondocks,(2005–2014),TV-MA,23 min,"Animation, Action, Comedy",8.300000190734863,400
Avatar: The Last Airbender,(2005–2008),TV-Y7,25 min,"Animation, Action, Adventure",8.100000381469727,"3,690"
The Boondocks,(2005–2014),TV-MA,23 min,"Animation, Action, Comedy",8.399999618530273,385
The Boondocks,(2005–2014),TV-MA,22 min,"Animation, Action, Comedy",7.5,328
American Experience,(1987– ),TV-PG,53 min,"Documentary, Biography, History",6.800000190734863,198
Avatar: The Last Airbender,(2005–2008),TV-Y7,25 min,"Animation, Action, Adventure",8.100000381469727,"4,406"
Avatar: The Last Airbender,(2005–2008),TV-Y7,25 min,"Animation, Action, Adventure",9.199999809265137,"5,421"
Avatar: The Last Airbender,(2005–2008),TV-Y7,25 min,"Animation, Action, Adventure",8.300000190734863,"3,493"
Dexter,(2006–2013),TV-MA,53 min,"Crime, Drama, Mystery",8.699999809265137,"9,628"
Avatar: The Last Airbender,(2005–2008),TV-Y7,25 min,"Animation, Action, Adventure",8.5,"3,528"
Avatar: The Last Airbender,(2005–2008),TV-Y7,25 min,"Animation, Action, Adventure",9.100000381469727,"4,316"
Avatar: The Last Airbender,(2005–2008),TV-Y7,25 min,"Animation, Action, Adventure",8.800000190734863,"3,895"
The Boondocks,(2005–2014),TV-MA,22 min,"Animation, Action, Comedy",9.199999809265137,511
Johnny Test,(2005–2014),TV-Y,21 min,"Animation, Action, Adventure",7.199999809265137,51
Johnny Test,(2005–2014),TV-Y,21 min,"Animation, Action, Adventure",7.5,49
Johnny Test,(2005–2014),TV-Y,21 min,"Animation, Action, Adventure",7.300000190734863,51
Top Gear,(2002– ),TV-PG,60 min,"Adventure, Comedy, Reality-TV",8.199999809265137,228
Avatar: The Last Airbender,(2005–2008),TV-Y7,24 min,"Animation, Action, Adventure",8.800000190734863,"4,218"
Top Gear,(2002– ),TV-PG,60 min,"Adventure, Comedy, Reality-TV",7.800000190734863,205
Avatar: The Last Airbender,(2005–2008),TV-Y7,23 min,"Animation, Action, Adventure",7.900000095367432,"4,964"
Top Gear,(2002– ),TV-PG,60 min,"Adventure, Comedy, Reality-TV",8.600000381469727,272
Top Gear,(2002– ),TV-PG,59 min,"Adventure, Comedy, Reality-TV",7.900000095367432,220
Avatar: The Last Airbender,(2005–2008),TV-Y7,25 min,"Animation, Action, Adventure",9.0,"3,889"
Avatar: The Last Airbender,(2005–2008),TV-Y7,25 min,"Animation, Action, Adventure",8.399999618530273,"4,307"
Avatar: The Last Airbender,(2005–2008),TV-Y7,25 min,"Animation, Action, Adventure",8.0,"3,936"
Top Gear,(2002– ),TV-PG,59 min,"Adventure, Comedy, Reality-TV",7.900000095367432,201
Avatar: The Last Airbender,(2005–2008),TV-Y7,25 min,"Animation, Action, Adventure",9.600000381469727,"5,221"
Avatar: The Last Airbender,(2005–2008),TV-Y7,25 min,"Animation, Action, Adventure",7.800000190734863,"3,871"
Dexter,(2006–2013),TV-MA,56 min,"Crime, Drama, Mystery",8.399999618530273,"5,709"
Avatar: The Last Airbender,(2005–2008),TV-Y7,25 min,"Animation, Action, Adventure",9.100000381469727,"4,461"
Dexter,(2006–2013),TV-MA,58 min,"Crime, Drama, Mystery",8.600000381469727,"5,952"
Top Gear,(2002– ),TV-PG,61 min,"Adventure, Comedy, Reality-TV",8.199999809265137,227
Bleach,(2004–2012),TV-14,23 min,"Animation, Action, Adventure",8.699999809265137,525
Avatar: The Last Airbender,(2005–2008),TV-Y7,24 min,"Animation, Action, Adventure",8.300000190734863,"3,413"
Avatar: The Last Airbender,(2005–2008),TV-Y7,25 min,"Animation, Action, Adventure",6.900000095367432,"4,106"
Top Gear,(2002– ),TV-PG,60 min,"Adventure, Comedy, Reality-TV",7.900000095367432,201
Dexter,(2006–2013),TV-MA,51 min,"Crime, Drama, Mystery",8.300000190734863,"6,064"
Avatar: The Last Airbender,(2005–2008),TV-Y7,25 min,"Animation, Action, Adventure",8.699999809265137,"3,634"
Avatar: The Last Airbender,(2005–2008),TV-Y7,25 min,"Animation, Action, Adventure",8.699999809265137,"3,702"
Avatar: The Last Airbender,(2005–2008),TV-Y7,25 min,"Animation, Action, Adventure",9.0,"4,443"
Top Gear,(2002– ),TV-14,60 min,"Adventure, Comedy, Reality-TV",8.0,218
Avatar: The Last Airbender,(2005–2008),TV-Y7,24 min,"Animation, Action, Adventure",8.899999618530273,"3,769"
Avatar: The Last Airbender,(2005–2008),TV-Y7,25 min,"Animation, Action, Adventure",9.0,"3,829"
Dexter,(2006–2013),TV-MA,53 min,"Crime, Drama, Mystery",8.899999618530273,"6,208"
The Blue Planet,(2001),TV-G,48 min,Documentary,8.100000381469727,632
The Blue Planet,(2001),TV-G,49 min,Documentary,8.600000381469727,834
The Blue Planet,(2001),TV-G,49 min,Documentary,8.100000381469727,645
The Blue Planet,(2001),TV-G,49 min,Documentary,8.199999809265137,695
The Blue Planet,(2001),TV-G,49 min,Documentary,8.300000190734863,812
The Blue Planet,(2001),TV-G,48 min,Documentary,8.0,690
The Blue Planet,(2001),TV-G,49 min,Documentary,8.0,630
The Blue Planet,(2001),TV-G,49 min,Documentary,8.100000381469727,624
Johnny Test,(2005–2014),TV-Y7,21 min,"Animation, Action, Adventure",7.199999809265137,58
Bleach,(2004–2012),TV-14,24 min,"Animation, Action, Adventure",7.699999809265137,325
Bleach,(2004–2012),TV-14,24 min,"Animation, Action, Adventure",7.5,474
Bleach,(2004–2012),TV-14,24 min,"Animation, Action, Adventure",8.800000190734863,552
Bleach,(2004–2012),TV-14,24 min,"Animation, Action, Adventure",7.900000095367432,319
Bleach,(2004–2012),TV-14,24 min,"Animation, Action, Adventure",7.199999809265137,327
Bleach,(2004–2012),TV-14,24 min,"Animation, Action, Adventure",7.5,312
Bleach,(2004–2012),TV-14,23 min,"Animation, Action, Adventure",7.400000095367432,235
Bleach,(2004–2012),TV-14,24 min,"Animation, Action, Adventure",8.0,340
Bleach,(2004–2012),TV-14,24 min,"Animation, Action, Adventure",7.699999809265137,403
Bleach,(2004–2012),TV-14,24 min,"Animation, Action, Adventure",7.699999809265137,276
Bleach,(2004–2012),TV-14,24 min,"Animation, Action, Adventure",9.100000381469727,633
Bleach,(2004–2012),TV-14,25 min,"Animation, Action, Adventure",6.699999809265137,153
Bleach,(2004–2012),TV-14,24 min,"Animation, Action, Adventure",7.599999904632568,406
Bleach,(2004–2012),TV-14,24 min,"Animation, Action, Adventure",8.5,562
Bleach,(2004–2012),TV-14,24 min,"Animation, Action, Adventure",8.100000381469727,535
Bleach,(2004–2012),TV-14,24 min,"Animation, Action, Adventure",7.900000095367432,346
Bleach,(2004–2012),TV-14,24 min,"Animation, Action, Adventure",7.599999904632568,366
Bleach,(2004–2012),TV-14,24 min,"Animation, Action, Adventure",7.5,313
Bleach,(2004–2012),TV-14,24 min,"Animation, Action, Adventure",7.699999809265137,321
Bleach,(2004–2012),TV-14,24 min,"Animation, Action, Adventure",9.0,584
Bleach,(2004–2012),TV-14,24 min,"Animation, Action, Adventure",7.599999904632568,355
Bleach,(2004–2012),TV-14,24 min,"Animation, Action, Adventure",8.399999618530273,556
Bleach,(2004–2012),TV-14,24 min,"Animation, Action, Adventure",8.399999618530273,566
Street Food: Asia,(2019),TV-G,,Documentary,7.400000095367432,146
Bleach,(2004–2012),TV-14,24 min,"Animation, Action, Adventure",8.600000381469727,491
Bleach,(2004–2012),TV-14,24 min,"Animation, Action, Adventure",7.599999904632568,365
Bleach,(2004–2012),TV-14,24 min,"Animation, Action, Adventure",7.199999809265137,304
Bleach,(2004–2012),TV-14,24 min,"Animation, Action, Adventure",6.199999809265137,221
Bleach,(2004–2012),TV-14,23 min,"Animation, Action, Adventure",7.800000190734863,287
Bleach,(2004–2012),TV-14,24 min,"Animation, Action, Adventure",8.300000190734863,508
Bleach,(2004–2012),TV-14,23 min,"Animation, Action, Adventure",7.599999904632568,244
Bleach,(2004–2012),TV-14,24 min,"Animation, Action, Adventure",7.900000095367432,312
Bleach,(2004–2012),TV-14,24 min,"Animation, Action, Adventure",7.900000095367432,350
Bleach,(2004–2012),TV-14,24 min,"Animation, Action, Adventure",7.800000190734863,329
Bleach,(2004–2012),TV-14,24 min,"Animation, Action, Adventure",8.0,325
Bleach,(2004–2012),TV-14,24 min,"Animation, Action, Adventure",8.800000190734863,568
Bleach,(2004–2012),TV-14,24 min,"Animation, Action, Adventure",8.699999809265137,551
Bleach,(2004–2012),TV-14,24 min,"Animation, Action, Adventure",7.699999809265137,269
Bleach,(2004–2012),TV-14,23 min,"Animation, Action, Adventure",7.800000190734863,284
Bleach,(2004–2012),TV-14,24 min,"Animation, Action, Adventure",8.399999618530273,559
Bleach,(2004–2012),TV-14,24 min,"Animation, Action, Adventure",8.199999809265137,486
Bleach,(2004–2012),TV-14,23 min,"Animation, Action, Adventure",8.100000381469727,452
Bleach,(2004–2012),TV-14,23 min,"Animation, Action, Adventure",5.5,200
Bleach,(2004–2012),TV-14,24 min,"Animation, Action, Adventure",7.599999904632568,621
Bleach,(2004–2012),TV-14,23 min,"Animation, Action, Adventure",8.199999809265137,465
Bleach,(2004–2012),TV-14,24 min,"Animation, Action, Adventure",7.5,321
Bleach,(2004–2012),TV-14,24 min,"Animation, Action, Adventure",7.199999809265137,290
Bleach,(2004–2012),TV-14,23 min,"Animation, Action, Adventure",8.899999618530273,619
Bleach,(2004–2012),TV-14,24 min,"Animation, Action, Adventure",7.599999904632568,440
Bleach,(2004–2012),TV-14,24 min,"Animation, Action, Adventure",8.5,566
Bleach,(2004–2012),TV-14,24 min,"Animation, Action, Adventure",7.5,305
Bleach,(2004–2012),TV-14,24 min,"Animation, Action, Adventure",8.100000381469727,449
Bleach,(2004–2012),TV-14,23 min,"Animation, Action, Adventure",8.199999809265137,490
Bleach,(2004–2012),TV-14,24 min,"Animation, Action, Adventure",8.199999809265137,440
Bleach,(2004–2012),TV-14,24 min,"Animation, Action, Adventure",7.800000190734863,322
Bleach,(2004–2012),TV-14,24 min,"Animation, Action, Adventure",8.0,379
Bleach,(2004–2012),TV-14,24 min,"Animation, Action, Adventure",8.899999618530273,570
Bleach,(2004–2012),TV-14,23 min,"Animation, Action, Adventure",7.800000190734863,296
Bleach,(2004–2012),TV-14,24 min,"Animation, Action, Adventure",8.399999618530273,556
Bleach,(2004–2012),TV-14,25 min,"Animation, Action, Adventure",9.100000381469727,640
Bleach,(2004–2012),TV-14,23 min,"Animation, Action, Adventure",8.100000381469727,375
Bleach,(2004–2012),TV-14,26 min,"Animation, Action, Adventure",6.699999809265137,159
Bleach,(2004–2012),TV-14,24 min,"Animation, Action, Adventure",7.400000095367432,283
Bleach,(2004–2012),TV-14,24 min,"Animation, Action, Adventure",8.800000190734863,541
Bleach,(2004–2012),TV-14,24 min,"Animation, Action, Adventure",7.599999904632568,279
Dexter,(2006–2013),TV-MA,52 min,"Crime, Drama, Mystery",8.600000381469727,"5,605"
Dexter,(2006–2013),TV-MA,53 min,"Crime, Drama, Mystery",8.899999618530273,"6,349"
Johnny Test,(2005–2014),TV-Y,21 min,"Animation, Action, Adventure",7.5,47
Dexter,(2006–2013),TV-MA,55 min,"Crime, Drama, Mystery",8.5,"5,455"
Dexter,(2006–2013),TV-MA,56 min,"Crime, Drama, Mystery",9.100000381469727,"6,130"
Dexter,(2006–2013),TV-MA,54 min,"Crime, Drama, Mystery",9.199999809265137,"6,247"
Avatar: The Last Airbender,(2005–2008),TV-Y7,25 min,"Animation, Action, Adventure",8.5,"3,405"
Dexter,(2006–2013),TV-MA,56 min,"Crime, Drama, Mystery",9.600000381469727,"10,604"
Pokémon,(1997– ),TV-Y,22 min,"Animation, Action, Adventure",6.099999904632568,105
Avatar: The Last Airbender,(2005–2008),TV-Y7,25 min,"Animation, Action, Adventure",9.0,"3,803"
Avatar: The Last Airbender,(2005–2008),TV-Y7,25 min,"Animation, Action, Adventure",8.5,"3,960"
Avatar: The Last Airbender,(2005–2008),TV-Y7,24 min,"Animation, Action, Adventure",8.100000381469727,"3,423"
Avatar: The Last Airbender,(2005–2008),TV-Y7,25 min,"Animation, Action, Adventure",8.800000190734863,"3,865"
Avatar: The Last Airbender,(2005–2008),TV-Y7,23 min,"Animation, Action, Adventure",7.900000095367432,"3,662"
Johnny Test,(2005–2014),TV-Y7,23 min,"Animation, Action, Adventure",6.699999809265137,46
Johnny Test,(2005–2014),TV-Y7,23 min,"Animation, Action, Adventure",7.0,40
Johnny Test,(2005–2014),TV-Y,21 min,"Animation, Action, Adventure",8.100000381469727,65
Avatar: The Last Airbender,(2005–2008),TV-Y7,25 min,"Animation, Action, Adventure",9.100000381469727,"4,257"
Johnny Test,(2005–2014),TV-Y7,23 min,"Animation, Action, Adventure",6.699999809265137,39
Johnny Test,(2005–2014),TV-Y7,23 min,"Animation, Action, Adventure",7.099999904632568,39
The Boondocks,(2005–2014),TV-MA,23 min,"Animation, Action, Comedy",7.400000095367432,271
Top Gear,(2002– ),TV-PG,52 min,"Adventure, Comedy, Reality-TV",8.399999618530273,255
Top Gear,(2002– ),TV-PG,60 min,"Adventure, Comedy, Reality-TV",7.900000095367432,221
Johnny Test,(2005–2014),TV-Y7,23 min,"Animation, Action, Adventure",6.400000095367432,37
Johnny Test,(2005–2014),TV-Y7,23 min,"Animation, Action, Adventure",7.5,45
Johnny Test,(2005–2014),TV-Y7,23 min,"Animation, Action, Adventure",6.800000190734863,33
Johnny Test,(2005–2014),TV-Y7,23 min,"Animation, Action, Adventure",6.599999904632568,32
Top Gear,(2002– ),TV-PG,51 min,"Adventure, Comedy, Reality-TV",8.899999618530273,508
Top Gear,(2002– ),TV-PG,58 min,"Adventure, Comedy, Reality-TV",8.0,229
American Masters,(1985– ),Not Rated,87 min,"Documentary, Biography, Music",7.599999904632568,165
Top Gear,(2002– ),TV-PG,61 min,"Adventure, Comedy, Reality-TV",8.199999809265137,230
Avatar: The Last Airbender,(2005–2008),TV-Y7,25 min,"Animation, Action, Adventure",8.300000190734863,"3,652"
Avatar: The Last Airbender,(2005–2008),TV-Y7,25 min,"Animation, Action, Adventure",8.600000381469727,"3,734"
Top Gear,(2002– ),TV-PG,61 min,"Adventure, Comedy, Reality-TV",8.399999618530273,290
The Tudors,(2007–2010),TV-MA,54 min,"Drama, History, Romance",7.400000095367432,"1,226"
The Tudors,(2007–2010),TV-MA,53 min,"Drama, History, Romance",7.599999904632568,978
Top Gear,(2002– ),TV-PG,,"Adventure, Comedy, Reality-TV",7.699999809265137,238
The Tudors,(2007–2010),TV-MA,50 min,"Drama, History, Romance",8.100000381469727,760
The Tudors,(2007–2010),TV-MA,51 min,"Drama, History, Romance",7.5,903
The Tudors,(2007–2010),TV-MA,54 min,"Drama, History, Romance",7.699999809265137,842
The Tudors,(2007–2010),TV-MA,51 min,"Drama, History, Romance",7.599999904632568,787
The Tudors,(2007–2010),TV-MA,53 min,"Drama, History, Romance",7.599999904632568,753
The Tudors,(2007–2010),TV-MA,53 min,"Drama, History, Romance",7.699999809265137,737
The Tudors,(2007–2010),TV-MA,52 min,"Drama, History, Romance",7.800000190734863,723
The Tudors,(2007–2010),TV-MA,47 min,"Drama, History, Romance",7.699999809265137,702
Supergirl,(2015–2021),TV-PG,42 min,"Action, Adventure, Drama",7.5,"1,133"
BattleBots,(2015– ),TV-PG,44 min,"Action, Game-Show, Reality-TV",8.300000190734863,26
Good Girls,(2018–2021),TV-14,42 min,"Comedy, Crime, Drama",8.300000190734863,683
The Umbrella Academy,(2019–2023),TV-14,47 min,"Action, Adventure, Comedy",8.199999809265137,"4,357"
Supergirl,(2015–2021),TV-PG,42 min,"Action, Adventure, Drama",7.300000190734863,"1,189"
Blood of Zeus,(2020– ),TV-MA,27 min,"Animation, Action, Adventure",7.599999904632568,715
Blood of Zeus,(2020– ),TV-MA,31 min,"Animation, Action, Adventure",7.900000095367432,635
Blood of Zeus,(2020– ),TV-MA,27 min,"Animation, Action, Adventure",8.399999618530273,622
Blood of Zeus,(2020– ),TV-MA,31 min,"Animation, Action, Adventure",8.199999809265137,582
Blood of Zeus,(2020– ),TV-MA,25 min,"Animation, Action, Adventure",8.0,541
Blood of Zeus,(2020– ),TV-MA,32 min,"Animation, Action, Adventure",7.699999809265137,533
Blood of Zeus,(2020– ),TV-MA,34 min,"Animation, Action, Adventure",8.300000190734863,548
Blood of Zeus,(2020– ),TV-MA,37 min,"Animation, Action, Adventure",8.600000381469727,617
The Kominsky Method,(2018–2021),TV-MA,23 min,"Comedy, Drama",8.100000381469727,896
The Kominsky Method,(2018–2021),TV-MA,29 min,"Comedy, Drama",7.900000095367432,823
The Kominsky Method,(2018–2021),TV-MA,25 min,"Comedy, Drama",8.0,796
The Worst Witch,(2017– ),TV-Y7,28 min,"Family, Fantasy",8.100000381469727,32
The Worst Witch,(2017– ),TV-Y7,,"Family, Fantasy",8.600000381469727,32
The Letter for the King,(2020),TV-PG,51 min,"Action, Adventure, Family",6.900000095367432,269
The Letter for the King,(2020),TV-PG,40 min,"Action, Adventure, Family",6.800000190734863,236
The Letter for the King,(2020),TV-PG,46 min,"Action, Adventure, Family",7.0,250
The Letter for the King,(2020),TV-PG,49 min,"Action, Adventure, Family",5.900000095367432,287
The Kominsky Method,(2018–2021),TV-MA,25 min,"Comedy, Drama",8.0,803
The Kominsky Method,(2018–2021),TV-MA,25 min,"Comedy, Drama",8.199999809265137,807
The Kominsky Method,(2018–2021),TV-MA,21 min,"Comedy, Drama",8.0,764
The Kominsky Method,(2018–2021),TV-MA,26 min,"Comedy, Drama",8.0,835
The Umbrella Academy,(2019–2023),TV-14,48 min,"Action, Adventure, Comedy",8.0,"3,879"
JoJo's Bizarre Adventure,(2012– ),TV-MA,25 min,"Animation, Action, Adventure",8.199999809265137,647
RuPaul's Drag Race: Untucked!,(2009– ),TV-14,21 min,Reality-TV,7.800000190734863,52
RuPaul's Drag Race: Untucked!,(2009– ),TV-14,20 min,Reality-TV,7.5,51
RuPaul's Drag Race: Untucked!,(2009– ),TV-14,21 min,Reality-TV,7.199999809265137,47
Bordertown,(2016–2020),TV-MA,61 min,"Crime, Drama, Mystery",7.699999809265137,221
Elite,(2018– ),TV-MA,48 min,"Crime, Drama, Thriller",7.800000190734863,"1,254"
Elite,(2018– ),TV-MA,51 min,"Crime, Drama, Thriller",9.0,"1,938"
You vs. Wild,(2019),TV-PG,14 min,"Adventure, Reality-TV",6.5,228
You vs. Wild,(2019),TV-PG,20 min,"Adventure, Reality-TV",6.599999904632568,173
You vs. Wild,(2019),TV-PG,26 min,"Adventure, Reality-TV",6.900000095367432,130
You vs. Wild,(2019),TV-PG,,"Adventure, Reality-TV",7.099999904632568,103
You vs. Wild,(2019),TV-PG,,"Adventure, Reality-TV",7.0,102
You vs. Wild,(2019),TV-PG,,"Adventure, Reality-TV",7.199999809265137,96
You vs. Wild,(2019),TV-PG,,"Adventure, Reality-TV",6.900000095367432,99
You vs. Wild,(2019),TV-PG,,"Adventure, Reality-TV",7.099999904632568,90
Mighty Little Bheem,(2019– ),TV-Y,,"Animation, Short, Adventure",8.699999809265137,13
Grace and Frankie,(2015–2022),TV-MA,30 min,Comedy,7.800000190734863,401
Supergirl,(2015–2021),TV-PG,42 min,"Action, Adventure, Drama",8.199999809265137,"1,252"
The Last Kingdom,(2015–2022),TV-MA,56 min,"Action, Drama, History",8.300000190734863,"2,793"
Hi Score Girl,(2018–2019),TV-PG,25 min,"Animation, Comedy, Romance",8.100000381469727,60
Hi Score Girl,(2018–2019),TV-PG,25 min,"Animation, Comedy, Romance",7.900000095367432,57
Hi Score Girl,(2018–2019),TV-PG,25 min,"Animation, Comedy, Romance",8.300000190734863,60
The Queen's Gambit,(2020),TV-MA,59 min,Drama,8.399999618530273,"11,011"
The Queen's Gambit,(2020),TV-MA,65 min,Drama,8.699999809265137,"10,261"
The Queen's Gambit,(2020),TV-MA,46 min,Drama,8.399999618530273,"9,298"
The Queen's Gambit,(2020),TV-MA,49 min,Drama,8.399999618530273,"9,026"
The Queen's Gambit,(2020),TV-MA,48 min,Drama,8.199999809265137,"8,746"
The Queen's Gambit,(2020),TV-MA,60 min,Drama,8.399999618530273,"8,835"
Selling Sunset,(2019– ),TV-MA,,Reality-TV,6.599999904632568,108
Selling Sunset,(2019– ),TV-MA,,Reality-TV,6.900000095367432,99
Selling Sunset,(2019– ),TV-MA,,Reality-TV,6.900000095367432,93
Selling Sunset,(2019– ),TV-MA,,Reality-TV,7.0,95
Selling Sunset,(2019– ),TV-MA,,Reality-TV,7.099999904632568,89
Selling Sunset,(2019– ),TV-MA,,Reality-TV,7.300000190734863,95
Selling Sunset,(2019– ),TV-MA,,Reality-TV,7.199999809265137,96
JoJo's Bizarre Adventure,(2012– ),TV-MA,25 min,"Animation, Action, Adventure",8.399999618530273,761
Never Have I Ever,(2020–2023),TV-14,28 min,"Comedy, Drama",7.400000095367432,"1,168"
Never Have I Ever,(2020–2023),TV-14,29 min,"Comedy, Drama",7.5,"1,037"
Never Have I Ever,(2020–2023),TV-14,30 min,"Comedy, Drama",7.699999809265137,982
Never Have I Ever,(2020–2023),TV-14,22 min,"Comedy, Drama",7.599999904632568,974
Never Have I Ever,(2020–2023),TV-14,29 min,"Comedy, Drama",7.800000190734863,958
Never Have I Ever,(2020–2023),TV-14,23 min,"Comedy, Drama",8.5,"1,110"
Never Have I Ever,(2020–2023),TV-14,24 min,"Comedy, Drama",7.599999904632568,898
Never Have I Ever,(2020–2023),TV-14,28 min,"Comedy, Drama",8.0,933
Never Have I Ever,(2020–2023),TV-14,24 min,"Comedy, Drama",8.399999618530273,974
Never Have I Ever,(2020–2023),TV-14,28 min,"Comedy, Drama",8.699999809265137,"1,236"
The Gift,(2019–2021),TV-MA,42 min,"Drama, Fantasy, Mystery",7.599999904632568,851
The Gift,(2019–2021),TV-MA,43 min,"Drama, Fantasy, Mystery",7.599999904632568,720
The Gift,(2019–2021),TV-MA,48 min,"Drama, Fantasy, Mystery",7.800000190734863,687
The Gift,(2019–2021),TV-MA,43 min,"Drama, Fantasy, Mystery",7.5,634
The Gift,(2019–2021),TV-MA,46 min,"Drama, Fantasy, Mystery",7.400000095367432,636
The Gift,(2019–2021),TV-MA,42 min,"Drama, Fantasy, Mystery",7.699999809265137,609
The Gift,(2019–2021),TV-MA,41 min,"Drama, Fantasy, Mystery",7.5,597
The Gift,(2019–2021),TV-MA,49 min,"Drama, Fantasy, Mystery",8.100000381469727,697
Hollywood,(2020),TV-MA,44 min,"Drama, History",7.5,"1,762"
On My Block,(2018–2021),TV-14,30 min,"Comedy, Drama",8.199999809265137,243
Good Girls,(2018–2021),TV-14,41 min,"Comedy, Crime, Drama",7.900000095367432,548
The Flash,(2014–2023),TV-PG,42 min,"Action, Adventure, Drama",7.699999809265137,"2,081"
The Flash,(2014–2023),TV-PG,42 min,"Action, Adventure, Drama",7.300000190734863,"1,913"
The Flash,(2014–2023),TV-PG,42 min,"Action, Adventure, Drama",7.5,"1,895"
The Flash,(2014–2023),TV-PG,42 min,"Action, Adventure, Drama",7.400000095367432,"1,854"
The Flash,(2014–2023),TV-PG,42 min,"Action, Adventure, Drama",7.300000190734863,"1,894"
The Flash,(2014–2023),TV-PG,42 min,"Action, Adventure, Drama",8.399999618530273,"2,296"
The Flash,(2014–2023),TV-PG,42 min,"Action, Adventure, Drama",7.900000095367432,"1,915"
The Flash,(2014–2023),TV-PG,42 min,"Action, Adventure, Drama",6.900000095367432,"1,666"
Home for Christmas,(2019–2020),TV-MA,31 min,"Comedy, Drama, Romance",7.400000095367432,265
Home for Christmas,(2019–2020),TV-MA,26 min,"Comedy, Drama, Romance",7.5,245
Home for Christmas,(2019–2020),TV-MA,29 min,"Comedy, Drama, Romance",7.400000095367432,238
Home for Christmas,(2019–2020),TV-MA,27 min,"Comedy, Drama, Romance",7.5,238
Home for Christmas,(2019–2020),TV-MA,31 min,"Comedy, Drama, Romance",7.800000190734863,270
Home for Christmas,(2019–2020),TV-MA,29 min,"Comedy, Drama, Romance",7.300000190734863,292
Entertainment Tonight Canada,(2005– ),,,"Biography, Family, News",,
Power Rangers Beast Morphers,(2019–2020),TV-Y7,,"Action, Adventure, Comedy",8.600000381469727,45
The Order,(2019–2020),TV-MA,47 min,"Drama, Fantasy, Horror",7.099999904632568,425
The Order,(2019–2020),TV-MA,48 min,"Drama, Fantasy, Horror",7.199999809265137,387
The Order,(2019–2020),TV-MA,44 min,"Drama, Fantasy, Horror",7.400000095367432,382
The Order,(2019–2020),TV-MA,45 min,"Drama, Fantasy, Horror",7.400000095367432,378
The Order,(2019–2020),TV-MA,51 min,"Drama, Fantasy, Horror",7.199999809265137,350
The Order,(2019–2020),TV-MA,46 min,"Drama, Fantasy, Horror",7.400000095367432,352
The Order,(2019–2020),TV-MA,46 min,"Drama, Fantasy, Horror",7.300000190734863,356
The Order,(2019–2020),TV-MA,51 min,"Drama, Fantasy, Horror",7.5,379
The Order,(2019–2020),TV-MA,49 min,"Drama, Fantasy, Horror",7.300000190734863,343
The Order,(2019–2020),TV-MA,49 min,"Drama, Fantasy, Horror",7.699999809265137,425
Johnny Test,(2005–2014),TV-Y7,23 min,"Animation, Action, Adventure",6.5,28
Johnny Test,(2005–2014),TV-Y7,23 min,"Animation, Action, Adventure",6.599999904632568,29
Johnny Test,(2005–2014),TV-Y7,23 min,"Animation, Action, Adventure",6.400000095367432,32
Johnny Test,(2005–2014),TV-Y7,23 min,"Animation, Action, Adventure",6.800000190734863,39
Virgin River,(2019– ),TV-14,41 min,"Drama, Romance",7.900000095367432,553
On My Block,(2018–2021),TV-14,32 min,"Comedy, Drama",8.0,216
Bridgerton,(2020– ),TV-MA,58 min,"Drama, History, Romance",7.099999904632568,"3,074"
The Hookup Plan,(2018–2022),TV-MA,,"Comedy, Romance",6.0,55
JoJo's Bizarre Adventure,(2012– ),TV-MA,25 min,"Animation, Action, Adventure",8.600000381469727,908
Warrior Nun,(2020– ),TV-MA,40 min,"Action, Drama, Fantasy",7.0,997
Warrior Nun,(2020– ),TV-MA,46 min,"Action, Drama, Fantasy",7.199999809265137,944
Warrior Nun,(2020– ),TV-MA,44 min,"Action, Drama, Fantasy",7.199999809265137,897
Warrior Nun,(2020– ),TV-MA,45 min,"Action, Drama, Fantasy",7.300000190734863,887
Warrior Nun,(2020– ),TV-MA,46 min,"Action, Drama, Fantasy",7.199999809265137,902
Warrior Nun,(2020– ),TV-MA,39 min,"Action, Drama, Fantasy",7.400000095367432,862
Warrior Nun,(2020– ),TV-MA,41 min,"Action, Drama, Fantasy",7.400000095367432,853
Warrior Nun,(2020– ),TV-MA,37 min,"Action, Drama, Fantasy",7.800000190734863,902
Warrior Nun,(2020– ),TV-MA,42 min,"Action, Drama, Fantasy",7.900000095367432,"1,036"
Power Rangers Beast Morphers,(2019–2020),TV-Y7,,"Action, Adventure, Comedy",8.600000381469727,46
Power Rangers Beast Morphers,(2019–2020),TV-Y7,,"Action, Adventure, Comedy",8.5,43
Power Rangers Beast Morphers,(2019–2020),TV-Y7,,"Action, Adventure, Comedy",8.800000190734863,45
Greenleaf,(2016–2020),TV-14,42 min,Drama,6.199999809265137,52
Ultraman,(2019– ),TV-14,,"Animation, Action, Adventure",7.199999809265137,133
Ultraman,(2019– ),TV-14,,"Animation, Action, Adventure",7.0,115
Ultraman,(2019– ),TV-14,,"Animation, Action, Adventure",7.199999809265137,110
Ultraman,(2019– ),TV-14,,"Animation, Action, Adventure",6.900000095367432,104
Ultraman,(2019– ),TV-14,,"Animation, Action, Adventure",7.099999904632568,97
Ultraman,(2019– ),TV-14,,"Animation, Action, Adventure",7.099999904632568,92
Ultraman,(2019– ),TV-14,,"Animation, Action, Adventure",7.199999809265137,93
Ultraman,(2019– ),TV-14,,"Animation, Action, Adventure",7.199999809265137,88
Ultraman,(2019– ),TV-14,,"Animation, Action, Adventure",7.0,91
Ultraman,(2019– ),TV-14,,"Animation, Action, Adventure",7.300000190734863,88
Ultraman,(2019– ),TV-14,,"Animation, Action, Adventure",7.599999904632568,88
Ultraman,(2019– ),TV-14,,"Animation, Action, Adventure",8.300000190734863,101
RuPaul's Drag Race: Untucked!,(2009– ),TV-14,20 min,Reality-TV,7.400000095367432,49
RuPaul's Drag Race: Untucked!,(2009– ),TV-14,20 min,Reality-TV,9.0,81
RuPaul's Drag Race: Untucked!,(2009– ),TV-14,20 min,Reality-TV,7.699999809265137,43
RuPaul's Drag Race: Untucked!,(2009– ),TV-14,20 min,Reality-TV,7.400000095367432,44
RuPaul's Drag Race: Untucked!,(2009– ),TV-14,20 min,Reality-TV,7.5,43
The Rain,(2018–2020),TV-MA,46 min,"Drama, Sci-Fi, Thriller",6.900000095367432,605
The Rain,(2018–2020),TV-MA,41 min,"Drama, Sci-Fi, Thriller",6.599999904632568,574
The Rain,(2018–2020),TV-MA,48 min,"Drama, Sci-Fi, Thriller",6.699999809265137,563
The Rain,(2018–2020),TV-MA,43 min,"Drama, Sci-Fi, Thriller",6.900000095367432,572
The Rain,(2018–2020),TV-MA,42 min,"Drama, Sci-Fi, Thriller",7.300000190734863,668
After Life,(2019–2022),TV-MA,27 min,"Comedy, Drama",7.800000190734863,"2,557"
Spirit Riding Free,(2017–2019),TV-Y7,23 min,"Animation, Action, Adventure",8.300000190734863,16
Spirit Riding Free,(2017–2019),TV-Y7,23 min,"Animation, Action, Adventure",8.600000381469727,15
Spirit Riding Free,(2017–2019),TV-Y7,23 min,"Animation, Action, Adventure",8.199999809265137,12
Spirit Riding Free,(2017–2019),TV-Y7,23 min,"Animation, Action, Adventure",8.199999809265137,14
Spirit Riding Free,(2017–2019),TV-Y7,,"Animation, Action, Adventure",8.199999809265137,14
Spirit Riding Free,(2017–2019),TV-Y7,,"Animation, Action, Adventure",8.5,16
Baby,(2018–2020),TV-MA,49 min,Drama,7.5,188
Roman Empire,(2016–2019),TV-MA,,"Documentary, Biography, Drama",7.199999809265137,242
Roman Empire,(2016–2019),TV-MA,,"Documentary, Biography, Drama",7.199999809265137,210
Roman Empire,(2016–2019),TV-MA,,"Documentary, Biography, Drama",7.199999809265137,210
Roman Empire,(2016–2019),TV-MA,,"Documentary, Biography, Drama",7.199999809265137,203
Baby,(2018–2020),TV-MA,49 min,Drama,7.599999904632568,170
Baby,(2018–2020),TV-MA,51 min,Drama,7.800000190734863,168
Baby,(2018–2020),TV-MA,43 min,Drama,7.900000095367432,164
Baby,(2018–2020),TV-MA,41 min,Drama,7.699999809265137,155
Baby,(2018–2020),TV-MA,45 min,Drama,7.800000190734863,172
JoJo's Bizarre Adventure,(2012– ),TV-MA,25 min,"Animation, Action, Adventure",9.0,994
Grace and Frankie,(2015–2022),TV-MA,32 min,Comedy,7.900000095367432,385
The Letter for the King,(2020),TV-PG,45 min,"Action, Adventure, Family",6.900000095367432,262
Dexter,(2006–2013),TV-MA,53 min,"Crime, Drama, Mystery",8.699999809265137,"5,518"
Dexter,(2006–2013),TV-MA,55 min,"Crime, Drama, Mystery",8.899999618530273,"4,928"
Dexter,(2006–2013),TV-MA,51 min,"Crime, Drama, Mystery",9.0,"4,919"
Dexter,(2006–2013),TV-MA,51 min,"Crime, Drama, Mystery",9.199999809265137,"5,981"
Dexter,(2006–2013),TV-MA,56 min,"Crime, Drama, Mystery",8.5,"5,036"
Dexter,(2006–2013),TV-MA,52 min,"Crime, Drama, Mystery",8.600000381469727,"5,001"
Dexter,(2006–2013),TV-MA,53 min,"Crime, Drama, Mystery",8.399999618530273,"4,787"
Dexter,(2006–2013),TV-MA,56 min,"Crime, Drama, Mystery",8.600000381469727,"4,924"
Dexter,(2006–2013),TV-MA,53 min,"Crime, Drama, Mystery",8.5,"4,783"
Dexter,(2006–2013),TV-MA,55 min,"Crime, Drama, Mystery",8.699999809265137,"4,876"
Dexter,(2006–2013),TV-MA,49 min,"Crime, Drama, Mystery",9.0,"5,114"
Dexter,(2006–2013),TV-MA,50 min,"Crime, Drama, Mystery",9.300000190734863,"5,748"
The Tudors,(2007–2010),TV-MA,52 min,"Drama, History, Romance",7.800000190734863,663
The Tudors,(2007–2010),TV-MA,50 min,"Drama, History, Romance",8.699999809265137,762
The Tudors,(2007–2010),TV-MA,55 min,"Drama, History, Romance",7.800000190734863,627
The Tudors,(2007–2010),TV-MA,53 min,"Drama, History, Romance",7.900000095367432,601
The Tudors,(2007–2010),TV-MA,55 min,"Drama, History, Romance",7.900000095367432,588
The Tudors,(2007–2010),TV-MA,55 min,"Drama, History, Romance",8.399999618530273,646
The Tudors,(2007–2010),TV-MA,52 min,"Drama, History, Romance",7.900000095367432,579
The Tudors,(2007–2010),TV-MA,56 min,"Drama, History, Romance",7.900000095367432,568
The Tudors,(2007–2010),TV-MA,53 min,"Drama, History, Romance",8.199999809265137,577
The Tudors,(2007–2010),TV-MA,54 min,"Drama, History, Romance",8.600000381469727,655
Undercover,(2019– ),TV-MA,46 min,"Crime, Drama, Thriller",7.5,431
The Bonfire of Destiny,(2019),TV-MA,48 min,"Drama, History",7.5,122
Rentnercops,(2015– ),,47 min,"Comedy, Crime, Drama",6.300000190734863,10
Rentnercops,(2015– ),,48 min,"Comedy, Crime, Drama",5.800000190734863,10
Rentnercops,(2015– ),,49 min,"Comedy, Crime, Drama",5.800000190734863,12
Rentnercops,(2015– ),,49 min,"Comedy, Crime, Drama",6.400000095367432,10
Rentnercops,(2015– ),,48 min,"Comedy, Crime, Drama",6.199999809265137,11
Rentnercops,(2015– ),,48 min,"Comedy, Crime, Drama",7.099999904632568,8
Rentnercops,(2015– ),,47 min,"Comedy, Crime, Drama",8.0,9
Rentnercops,(2015– ),,48 min,"Comedy, Crime, Drama",7.0,8
Rentnercops,(2015– ),,,"Comedy, Crime, Drama",7.900000095367432,7
Rentnercops,(2015– ),,48 min,"Comedy, Crime, Drama",7.900000095367432,8
Rentnercops,(2015– ),,48 min,"Comedy, Crime, Drama",7.199999809265137,5
Rentnercops,(2015– ),,,"Comedy, Crime, Drama",7.400000095367432,5
Rentnercops,(2015– ),,47 min,"Comedy, Crime, Drama",7.900000095367432,8
Rentnercops,(2015– ),,,"Comedy, Crime, Drama",7.800000190734863,5
Rentnercops,(2015– ),,,"Comedy, Crime, Drama",7.699999809265137,7
Rentnercops,(2015– ),,,"Comedy, Crime, Drama",7.800000190734863,5
Pose,(2018–2021),TV-MA,42 min,Drama,8.800000190734863,696
Pose,(2018–2021),TV-MA,68 min,Drama,9.100000381469727,769
Knightfall,(2017–2019),TV-14,41 min,"Action, Adventure, Drama",8.399999618530273,571
Drug Squad: Costa del Sol,(2019),,,"Action, Drama, Romance",7.099999904632568,35
Lunatics,(2019),TV-MA,36 min,Comedy,7.199999809265137,92
Lunatics,(2019),TV-MA,36 min,Comedy,6.599999904632568,130
Lunatics,(2019),TV-MA,35 min,Comedy,7.300000190734863,79
Lunatics,(2019),TV-MA,33 min,Comedy,7.5,77
Lunatics,(2019),TV-MA,34 min,Comedy,7.400000095367432,70
Lunatics,(2019),TV-MA,37 min,Comedy,7.300000190734863,68
Lunatics,(2019),TV-MA,36 min,Comedy,7.5,70
Lunatics,(2019),TV-MA,36 min,Comedy,7.199999809265137,66
Lunatics,(2019),TV-MA,38 min,Comedy,7.699999809265137,69
Lunatics,(2019),TV-MA,36 min,Comedy,7.5,68
Street Food: Asia,(2019),TV-G,,Documentary,7.900000095367432,295
Street Food: Asia,(2019),TV-G,,Documentary,8.0,258
Street Food: Asia,(2019),TV-G,,Documentary,7.300000190734863,205
Street Food: Asia,(2019),TV-G,,Documentary,7.400000095367432,190
Street Food: Asia,(2019),TV-G,,Documentary,7.699999809265137,174
Street Food: Asia,(2019),TV-G,,Documentary,7.599999904632568,157
Street Food: Asia,(2019),TV-G,,Documentary,7.400000095367432,147
Street Food: Asia,(2019),TV-G,,Documentary,7.400000095367432,136
How to Sell Drugs Online (Fast),(2019– ),TV-MA,32 min,"Comedy, Crime, Drama",7.699999809265137,987
Mighty Little Bheem,(2019– ),TV-Y,,"Animation, Short, Adventure",8.399999618530273,8
Mighty Little Bheem,(2019– ),TV-Y,,"Animation, Short, Adventure",8.800000190734863,10
Mighty Little Bheem,(2019– ),TV-Y,,"Animation, Short, Adventure",8.5,7
Mighty Little Bheem,(2019– ),TV-Y,,"Animation, Short, Adventure",8.699999809265137,7
Mighty Little Bheem,(2019– ),TV-Y,,"Animation, Short, Adventure",8.899999618530273,10
Mighty Little Bheem,(2019– ),TV-Y,,"Animation, Short, Adventure",8.300000190734863,8
Mighty Little Bheem,(2019– ),TV-Y,,"Animation, Short, Adventure",8.199999809265137,6
Mighty Little Bheem,(2019– ),TV-Y,,"Animation, Short, Adventure",8.0,7
Mighty Little Bheem,(2019– ),TV-Y,,"Animation, Short, Adventure",,
Mighty Little Bheem,(2019– ),TV-Y,,"Animation, Short, Adventure",8.0,6
Mighty Little Bheem,(2019– ),TV-Y,,"Animation, Short, Adventure",8.399999618530273,6
Mighty Little Bheem,(2019– ),TV-Y,,"Animation, Short, Adventure",7.800000190734863,6
JoJo's Bizarre Adventure,(2012– ),TV-MA,25 min,"Animation, Action, Adventure",9.399999618530273,"1,184"
The Society,(2019),TV-MA,60 min,"Drama, Mystery, Sci-Fi",7.199999809265137,823
Dare Me,(2019–2020),TV-MA,52 min,"Crime, Mystery, Thriller",7.0,310
Star Trek: Discovery,(2017– ),TV-MA,49 min,"Action, Adventure, Drama",7.199999809265137,"3,373"
The Pentaverate,(2022),TV-MA,31 min,Comedy,6.400000095367432,494
The Pentaverate,(2022),TV-MA,28 min,Comedy,6.800000190734863,368
The Pentaverate,(2022),TV-MA,26 min,Comedy,6.599999904632568,304
The Pentaverate,(2022),TV-MA,23 min,Comedy,6.699999809265137,285
The Pentaverate,(2022),TV-MA,21 min,Comedy,6.599999904632568,262
The Pentaverate,(2022),TV-MA,29 min,Comedy,6.400000095367432,285
JoJo's Bizarre Adventure,(2012– ),TV-MA,25 min,"Animation, Action, Adventure",9.600000381469727,"1,442"
Anne with an E,(2017–2019),TV-PG,44 min,"Drama, Family",8.600000381469727,"1,699"
The English Game,(2020),TV-14,,"Drama, History, Sport",7.5,564
The English Game,(2020),TV-14,,"Drama, History, Sport",7.5,497
The English Game,(2020),TV-14,,"Drama, History, Sport",7.199999809265137,449
The English Game,(2020),TV-14,,"Drama, History, Sport",7.800000190734863,422
The English Game,(2020),TV-14,,"Drama, History, Sport",7.699999809265137,392
The English Game,(2020),TV-14,,"Drama, History, Sport",8.5,450
Alex,(2017–2019),,47 min,"Action, Crime, Thriller",7.300000190734863,33
Alex,(2017–2019),,,"Action, Crime, Thriller",7.300000190734863,31
Alex,(2017–2019),,,"Action, Crime, Thriller",7.400000095367432,31
Alex,(2017–2019),,,"Action, Crime, Thriller",7.5,30
Alex,(2017–2019),,,"Action, Crime, Thriller",7.599999904632568,28
Alex,(2017–2019),,,"Action, Crime, Thriller",7.099999904632568,30
The 100,(2014–2020),TV-14,41 min,"Drama, Mystery, Sci-Fi",7.599999904632568,"2,600"
She-Ra and the Princesses of Power,(2018–2020),TV-Y7,24 min,"Animation, Action, Adventure",7.699999809265137,"1,036"
She-Ra and the Princesses of Power,(2018–2020),TV-Y7,24 min,"Animation, Action, Adventure",7.5,"1,032"
She-Ra and the Princesses of Power,(2018–2020),TV-Y7,24 min,"Animation, Action, Adventure",8.100000381469727,"1,101"
She-Ra and the Princesses of Power,(2018–2020),TV-Y7,24 min,"Animation, Action, Adventure",8.0,"1,054"
She-Ra and the Princesses of Power,(2018–2020),TV-Y7,24 min,"Animation, Action, Adventure",8.100000381469727,"1,061"
She-Ra and the Princesses of Power,(2018–2020),TV-Y7,24 min,"Animation, Action, Adventure",8.0,"1,079"
Greenleaf,(2016–2020),TV-14,42 min,Drama,6.300000190734863,54
Greenleaf,(2016–2020),TV-14,41 min,Drama,6.400000095367432,52
Greenleaf,(2016–2020),TV-14,42 min,Drama,6.0,48
Greenleaf,(2016–2020),TV-14,42 min,Drama,6.199999809265137,50
Greenleaf,(2016–2020),TV-14,42 min,Drama,6.199999809265137,49
Greenleaf,(2016–2020),TV-14,42 min,Drama,6.199999809265137,57
Good Girls,(2018–2021),TV-14,42 min,"Comedy, Crime, Drama",8.0,532
The Stranger,(2020),TV-MA,51 min,"Crime, Drama, Mystery",7.400000095367432,"1,347"
The Stranger,(2020),TV-MA,48 min,"Crime, Drama, Mystery",7.5,"1,195"
The Stranger,(2020),TV-MA,43 min,"Crime, Drama, Mystery",7.5,"1,103"
Good Girls,(2018–2021),TV-14,42 min,"Comedy, Crime, Drama",8.100000381469727,546
Arthdal Chronicles,(2019– ),,80 min,"Action, Drama, Fantasy",8.0,241
Historia de un crimen: Colmenares,(2019),,47 min,Crime,7.300000190734863,49
Historia de un crimen: Colmenares,(2019),,,Crime,7.199999809265137,38
Historia de un crimen: Colmenares,(2019),,,Crime,6.900000095367432,34
Historia de un crimen: Colmenares,(2019),,,Crime,7.0,34
Historia de un crimen: Colmenares,(2019),,,Crime,7.099999904632568,33
Historia de un crimen: Colmenares,(2019),,,Crime,6.800000190734863,30
Historia de un crimen: Colmenares,(2019),,,Crime,6.5,29
Historia de un crimen: Colmenares,(2019),,,Crime,5.900000095367432,30
JoJo's Bizarre Adventure,(2012– ),TV-MA,25 min,"Animation, Action, Adventure",8.199999809265137,767
RuPaul's Drag Race: Untucked!,(2009– ),TV-14,20 min,Reality-TV,7.300000190734863,42
RuPaul's Drag Race: Untucked!,(2009– ),TV-14,20 min,Reality-TV,7.400000095367432,39
Drug Squad: Costa del Sol,(2019),,,"Action, Drama, Romance",7.300000190734863,24
Tiny House Nation,(2014– ),TV-PG,40 min,Reality-TV,7.300000190734863,42
Tiny House Nation,(2014– ),TV-PG,41 min,Reality-TV,3.5999999046325684,61
Tiny House Nation,(2014– ),TV-PG,41 min,Reality-TV,7.099999904632568,26
Tiny House Nation,(2014– ),TV-PG,40 min,Reality-TV,7.800000190734863,30
Tiny House Nation,(2014– ),TV-PG,41 min,Reality-TV,7.099999904632568,25
Tiny House Nation,(2014– ),TV-PG,40 min,Reality-TV,7.300000190734863,26
Drug Squad: Costa del Sol,(2019),,,"Action, Drama, Romance",7.300000190734863,21
Cobra Kai,(2018– ),TV-14,32 min,"Action, Comedy, Drama",8.0,"3,702"
Cobra Kai,(2018– ),TV-14,36 min,"Action, Comedy, Drama",8.399999618530273,"3,532"
Cobra Kai,(2018– ),TV-14,29 min,"Action, Comedy, Drama",8.100000381469727,"3,174"
Cobra Kai,(2018– ),TV-14,38 min,"Action, Comedy, Drama",8.100000381469727,"3,460"
Cobra Kai,(2018– ),TV-14,39 min,"Action, Comedy, Drama",9.0,"4,152"
Cobra Kai,(2018– ),TV-14,32 min,"Action, Comedy, Drama",7.800000190734863,"3,340"
Cobra Kai,(2018– ),TV-14,34 min,"Action, Comedy, Drama",8.300000190734863,"3,259"
Cobra Kai,(2018– ),TV-14,30 min,"Action, Comedy, Drama",8.699999809265137,"3,627"
Cobra Kai,(2018– ),TV-14,28 min,"Action, Comedy, Drama",8.300000190734863,"3,275"
Cobra Kai,(2018– ),TV-14,41 min,"Action, Comedy, Drama",9.399999618530273,"5,941"
Outer Banks,(2020– ),TV-MA,54 min,"Action, Crime, Drama",7.300000190734863,"1,346"
Outer Banks,(2020– ),TV-MA,47 min,"Action, Crime, Drama",7.400000095367432,"1,162"
Outer Banks,(2020– ),TV-MA,47 min,"Action, Crime, Drama",7.5,"1,092"
Outer Banks,(2020– ),TV-MA,49 min,"Action, Crime, Drama",8.0,"1,148"
Outer Banks,(2020– ),TV-MA,47 min,"Action, Crime, Drama",7.900000095367432,"1,070"
Outer Banks,(2020– ),TV-MA,53 min,"Action, Crime, Drama",8.199999809265137,"1,098"
Outer Banks,(2020– ),TV-MA,47 min,"Action, Crime, Drama",8.0,"1,026"
Outer Banks,(2020– ),TV-MA,46 min,"Action, Crime, Drama",8.399999618530273,"1,148"
Outer Banks,(2020– ),TV-MA,52 min,"Action, Crime, Drama",7.900000095367432,"1,061"
Outer Banks,(2020– ),TV-MA,57 min,"Action, Crime, Drama",8.199999809265137,"1,187"
Tiny House Nation,(2014– ),TV-PG,41 min,Reality-TV,6.199999809265137,40
Tiny House Nation,(2014– ),TV-PG,41 min,Reality-TV,7.800000190734863,22
JoJo's Bizarre Adventure,(2012– ),TV-MA,25 min,"Animation, Action, Adventure",8.600000381469727,912
Someone Has to Die,(2020),TV-MA,49 min,"Crime, Drama, Thriller",6.800000190734863,245
Someone Has to Die,(2020),TV-MA,48 min,"Crime, Drama, Thriller",7.099999904632568,210
Someone Has to Die,(2020),TV-MA,52 min,"Crime, Drama, Thriller",6.599999904632568,213
She-Ra and the Princesses of Power,(2018–2020),TV-Y7,24 min,"Animation, Action, Adventure",7.900000095367432,"1,024"
Leila,(2019– ),,53 min,"Drama, Sci-Fi",5.400000095367432,311
Drug Squad: Costa del Sol,(2019),,,"Action, Drama, Romance",7.699999809265137,19
Drug Squad: Costa del Sol,(2019),,,"Action, Drama, Romance",7.599999904632568,17
Drug Squad: Costa del Sol,(2019),,,"Action, Drama, Romance",7.900000095367432,18
Drug Squad: Costa del Sol,(2019),,,"Action, Drama, Romance",7.199999809265137,17
Drug Squad: Costa del Sol,(2019),,,"Action, Drama, Romance",7.599999904632568,15
Drug Squad: Costa del Sol,(2019),,,"Action, Drama, Romance",7.599999904632568,15
Drug Squad: Costa del Sol,(2019),,,"Action, Drama, Romance",7.699999809265137,15
Drug Squad: Costa del Sol,(2019),,,"Action, Drama, Romance",7.5,14
Drug Squad: Costa del Sol,(2019),,,"Action, Drama, Romance",8.199999809265137,14
Stateless,(2020),TV-MA,,Drama,7.400000095367432,529
Stateless,(2020),TV-MA,,Drama,7.599999904632568,461
Stateless,(2020),TV-MA,,Drama,7.599999904632568,437
Stateless,(2020),TV-MA,,Drama,7.800000190734863,429
Stateless,(2020),TV-MA,,Drama,7.900000095367432,425
Stateless,(2020),TV-MA,,Drama,8.199999809265137,446
The Good Place,(2016–2020),TV-PG,22 min,"Comedy, Drama, Fantasy",7.699999809265137,"1,829"
The Good Place,(2016–2020),TV-PG,22 min,"Comedy, Drama, Fantasy",7.699999809265137,"1,915"
The Good Place,(2016–2020),TV-PG,22 min,"Comedy, Drama, Fantasy",7.400000095367432,"1,878"
The Good Place,(2016–2020),TV-PG,22 min,"Comedy, Drama, Fantasy",8.0,"1,926"
Grace and Frankie,(2015–2022),TV-MA,28 min,Comedy,8.100000381469727,428
My Absolute Boyfriend,(2019),,,"Comedy, Fantasy, Romance",,
My Absolute Boyfriend,(2019),,,"Comedy, Fantasy, Romance",,
Anne with an E,(2017–2019),TV-PG,44 min,"Drama, Family",9.0,"1,683"
My Absolute Boyfriend,(2019),,,"Comedy, Fantasy, Romance",,
JoJo's Bizarre Adventure,(2012– ),TV-MA,25 min,"Animation, Action, Adventure",9.0,999
Transformers: War for Cybertron Trilogy,(2020–2021),TV-Y7,25 min,"Animation, Action, Adventure",7.199999809265137,157
Transformers: War for Cybertron Trilogy,(2020–2021),TV-Y7,24 min,"Animation, Action, Adventure",7.199999809265137,142
Transformers: War for Cybertron Trilogy,(2020–2021),TV-Y7,24 min,"Animation, Action, Adventure",7.400000095367432,150
Hey Duggee,(2014– ),TV-Y,7 min,"Animation, Comedy, Family",,
Hey Duggee,(2014– ),TV-Y,7 min,"Animation, Comedy, Family",,
Hey Duggee,(2014– ),TV-Y,7 min,"Animation, Comedy, Family",,
Hey Duggee,(2014– ),TV-Y,7 min,"Animation, Comedy, Family",,
Hey Duggee,(2014– ),TV-Y,7 min,"Animation, Comedy, Family",,
Hey Duggee,(2014– ),TV-Y,7 min,"Animation, Comedy, Family",,
Hey Duggee,(2014– ),TV-Y,7 min,"Animation, Comedy, Family",,
Hey Duggee,(2014– ),TV-Y,7 min,"Animation, Comedy, Family",,
Hey Duggee,(2014– ),TV-Y,7 min,"Animation, Comedy, Family",,
Hey Duggee,(2014– ),TV-Y,7 min,"Animation, Comedy, Family",,
Hey Duggee,(2014– ),TV-Y,7 min,"Animation, Comedy, Family",,
Hey Duggee,(2014– ),TV-Y,7 min,"Animation, Comedy, Family",,
Hey Duggee,(2014– ),TV-Y,7 min,"Animation, Comedy, Family",,
Hey Duggee,(2014– ),TV-Y,7 min,"Animation, Comedy, Family",,
Hey Duggee,(2014– ),TV-Y,7 min,"Animation, Comedy, Family",,
Hey Duggee,(2014– ),TV-Y,7 min,"Animation, Comedy, Family",,
Hey Duggee,(2014– ),TV-Y,7 min,"Animation, Comedy, Family",,
White Lines,(2020),TV-MA,,"Crime, Drama, Mystery",6.599999904632568,573
Luna Nera,(2020),TV-MA,46 min,"Drama, Fantasy, Thriller",6.099999904632568,196
Luna Nera,(2020),TV-MA,43 min,"Drama, Fantasy, Thriller",6.0,161
Luna Nera,(2020),TV-MA,40 min,"Drama, Fantasy, Thriller",6.099999904632568,141
The Stranger,(2020),TV-MA,44 min,"Crime, Drama, Mystery",7.5,"1,067"
The Stranger,(2020),TV-MA,42 min,"Crime, Drama, Mystery",7.699999809265137,"1,052"
The Stranger,(2020),TV-MA,50 min,"Crime, Drama, Mystery",7.699999809265137,"1,017"
The Stranger,(2020),TV-MA,42 min,"Crime, Drama, Mystery",7.900000095367432,"1,011"
The Stranger,(2020),TV-MA,43 min,"Crime, Drama, Mystery",7.699999809265137,"1,106"
Leila,(2019– ),,49 min,"Drama, Sci-Fi",5.5,267
Leila,(2019– ),,48 min,"Drama, Sci-Fi",5.199999809265137,242
Leila,(2019– ),,41 min,"Drama, Sci-Fi",5.400000095367432,231
Leila,(2019– ),,42 min,"Drama, Sci-Fi",5.300000190734863,240
Leila,(2019– ),,40 min,"Drama, Sci-Fi",5.199999809265137,238
How to Sell Drugs Online (Fast),(2019– ),TV-MA,29 min,"Comedy, Crime, Drama",7.800000190734863,890
How to Sell Drugs Online (Fast),(2019– ),TV-MA,28 min,"Comedy, Crime, Drama",7.800000190734863,846
How to Sell Drugs Online (Fast),(2019– ),TV-MA,28 min,"Comedy, Crime, Drama",7.800000190734863,829
How to Sell Drugs Online (Fast),(2019– ),TV-MA,24 min,"Comedy, Crime, Drama",7.900000095367432,816
How to Sell Drugs Online (Fast),(2019– ),TV-MA,28 min,"Comedy, Crime, Drama",8.399999618530273,916
Narcos: Mexico,(2018–2021),TV-MA,56 min,"Crime, Drama",8.600000381469727,"1,525"
Oktoberfest: Beer & Blood,(2020),TV-MA,48 min,"Drama, History, Thriller",6.900000095367432,146
Oktoberfest: Beer & Blood,(2020),TV-MA,48 min,"Drama, History, Thriller",6.900000095367432,123
My Absolute Boyfriend,(2019),,,"Comedy, Fantasy, Romance",,
My Absolute Boyfriend,(2019),,,"Comedy, Fantasy, Romance",,
JoJo's Bizarre Adventure,(2012– ),TV-MA,25 min,"Animation, Action, Adventure",8.600000381469727,921
Unorthodox,(2020),TV-MA,53 min,Drama,7.800000190734863,"1,715"
Unorthodox,(2020),TV-MA,53 min,Drama,8.0,"1,578"
Unorthodox,(2020),TV-MA,55 min,Drama,7.900000095367432,"1,490"
Unorthodox,(2020),TV-MA,54 min,Drama,8.199999809265137,"1,538"
High Seas,(2019–2020),TV-MA,,"Crime, Drama, Mystery",7.300000190734863,149
The Queen and the Conqueror,(2020– ),,,"Drama, History",,
The Queen and the Conqueror,(2020– ),,,"Drama, History",7.400000095367432,8
The Queen and the Conqueror,(2020– ),,,"Drama, History",,
The Queen and the Conqueror,(2020– ),,,"Drama, History",,
The Queen and the Conqueror,(2020– ),,,"Drama, History",,
The Queen and the Conqueror,(2020– ),,,"Drama, History",,
The Queen and the Conqueror,(2020– ),,,"Drama, History",,
The Queen and the Conqueror,(2020– ),,,"Drama, History",,
The Queen and the Conqueror,(2020– ),,,"Drama, History",,
The Queen and the Conqueror,(2020– ),,,"Drama, History",,
The Queen and the Conqueror,(2020– ),,,"Drama, History",,
The Queen and the Conqueror,(2020– ),,,"Drama, History",,
The Queen and the Conqueror,(2020– ),,,"Drama, History",,
The Queen and the Conqueror,(2020– ),,,"Drama, History",,
The Queen and the Conqueror,(2020– ),,,"Drama, History",,
The Queen and the Conqueror,(2020– ),,,"Drama, History",,
The Queen and the Conqueror,(2020– ),,,"Drama, History",,
The Queen and the Conqueror,(2020– ),,,"Drama, History",,
The Queen and the Conqueror,(2020– ),,,"Drama, History",,
The Queen and the Conqueror,(2020– ),,,"Drama, History",,
The Queen and the Conqueror,(2020– ),,,"Drama, History",,
The Queen and the Conqueror,(2020– ),,,"Drama, History",,
The Queen and the Conqueror,(2020– ),,,"Drama, History",,
The Queen and the Conqueror,(2020– ),,,"Drama, History",,
The Queen and the Conqueror,(2020– ),,,"Drama, History",,
The Queen and the Conqueror,(2020– ),,,"Drama, History",,
The Queen and the Conqueror,(2020– ),,,"Drama, History",,
The Queen and the Conqueror,(2020– ),,,"Drama, History",,
The Queen and the Conqueror,(2020– ),,,"Drama, History",,
The Queen and the Conqueror,(2020– ),,,"Drama, History",,
The Queen and the Conqueror,(2020– ),,,"Drama, History",,
The Queen and the Conqueror,(2020– ),,,"Drama, History",,
The Queen and the Conqueror,(2020– ),,,"Drama, History",,
The Queen and the Conqueror,(2020– ),,,"Drama, History",,
The Queen and the Conqueror,(2020– ),,,"Drama, History",,
The Queen and the Conqueror,(2020– ),,,"Drama, History",,
The Queen and the Conqueror,(2020– ),,,"Drama, History",,
The Queen and the Conqueror,(2020– ),,,"Drama, History",,
The Queen and the Conqueror,(2020– ),,,"Drama, History",,
The Queen and the Conqueror,(2020– ),,,"Drama, History",,
The Queen and the Conqueror,(2020– ),,,"Drama, History",,
The Queen and the Conqueror,(2020– ),,,"Drama, History",,
The Queen and the Conqueror,(2020– ),,,"Drama, History",,
The Queen and the Conqueror,(2020– ),,,"Drama, History",,
The Queen and the Conqueror,(2020– ),,,"Drama, History",,
The Queen and the Conqueror,(2020– ),,,"Drama, History",,
The Queen and the Conqueror,(2020– ),,,"Drama, History",,
The Queen and the Conqueror,(2020– ),,,"Drama, History",,
The Queen and the Conqueror,(2020– ),,,"Drama, History",,
The Queen and the Conqueror,(2020– ),,,"Drama, History",,
The Queen and the Conqueror,(2020– ),,,"Drama, History",,
The Queen and the Conqueror,(2020– ),,,"Drama, History",,
The Queen and the Conqueror,(2020– ),,,"Drama, History",,
The Queen and the Conqueror,(2020– ),,,"Drama, History",,
The Queen and the Conqueror,(2020– ),,,"Drama, History",,
The Queen and the Conqueror,(2020– ),,,"Drama, History",,
The Queen and the Conqueror,(2020– ),,,"Drama, History",,
The Queen and the Conqueror,(2020– ),,,"Drama, History",,
The Queen and the Conqueror,(2020– ),,,"Drama, History",,
The Queen and the Conqueror,(2020– ),,,"Drama, History",,
My Absolute Boyfriend,(2019),,,"Comedy, Fantasy, Romance",,
Fuller House,(2016–2020),TV-G,,"Comedy, Family",7.199999809265137,210
Fuller House,(2016–2020),TV-G,,"Comedy, Family",7.400000095367432,208
Fuller House,(2016–2020),TV-G,,"Comedy, Family",7.400000095367432,218
Fuller House,(2016–2020),TV-G,,"Comedy, Family",7.599999904632568,215
Fuller House,(2016–2020),TV-G,,"Comedy, Family",7.199999809265137,207
Fuller House,(2016–2020),TV-G,,"Comedy, Family",7.699999809265137,211
Fuller House,(2016–2020),TV-G,,"Comedy, Family",7.300000190734863,222
Fuller House,(2016–2020),TV-G,,"Comedy, Family",8.399999618530273,287
The Expanding Universe of Ashley Garcia,(2020),TV-PG,,Comedy,7.099999904632568,36
The Expanding Universe of Ashley Garcia,(2020),TV-PG,,Comedy,7.099999904632568,32
The Expanding Universe of Ashley Garcia,(2020),TV-PG,,Comedy,7.400000095367432,30
The Expanding Universe of Ashley Garcia,(2020),TV-PG,,Comedy,7.400000095367432,29
The Expanding Universe of Ashley Garcia,(2020),TV-PG,,Comedy,6.900000095367432,30
The Expanding Universe of Ashley Garcia,(2020),TV-PG,,Comedy,7.400000095367432,30
The Expanding Universe of Ashley Garcia,(2020),TV-PG,,Comedy,7.400000095367432,32
The Expanding Universe of Ashley Garcia,(2020),TV-PG,,Comedy,8.100000381469727,37
Final Space,(2018–2021),TV-14,21 min,"Animation, Action, Adventure",7.599999904632568,841
Final Space,(2018–2021),TV-14,21 min,"Animation, Action, Adventure",8.800000190734863,"1,080"
Final Space,(2018–2021),TV-14,21 min,"Animation, Action, Adventure",7.900000095367432,827
Final Space,(2018–2021),TV-14,21 min,"Animation, Action, Adventure",7.900000095367432,770
Final Space,(2018–2021),TV-14,21 min,"Animation, Action, Adventure",7.900000095367432,761
Final Space,(2018–2021),TV-14,21 min,"Animation, Action, Adventure",8.600000381469727,809
Final Space,(2018–2021),TV-14,21 min,"Animation, Action, Adventure",8.699999809265137,852
Final Space,(2018–2021),TV-14,21 min,"Animation, Action, Adventure",7.5,708
Final Space,(2018–2021),TV-14,21 min,"Animation, Action, Adventure",8.100000381469727,694
Final Space,(2018–2021),TV-14,21 min,"Animation, Action, Adventure",8.699999809265137,739
Final Space,(2018–2021),TV-14,21 min,"Animation, Action, Adventure",9.100000381469727,939
Dark,(2017–2020),TV-MA,62 min,"Crime, Drama, Mystery",8.800000190734863,"13,316"
Arthdal Chronicles,(2019– ),,80 min,"Action, Drama, Fantasy",8.600000381469727,226
Family Business,(2019–2021),TV-14,21 min,Comedy,6.599999904632568,140
Dead to Me,(2019–2022),TV-MA,31 min,"Comedy, Crime, Drama",7.800000190734863,"1,299"
Arthdal Chronicles,(2019– ),,80 min,"Action, Drama, Fantasy",8.300000190734863,189
Arthdal Chronicles,(2019– ),,80 min,"Action, Drama, Fantasy",8.600000381469727,179
Cannon Busters,(2019– ),TV-MA,,"Animation, Fantasy",6.800000190734863,35
Arthdal Chronicles,(2019– ),,80 min,"Action, Drama, Fantasy",8.5,166
Arthdal Chronicles,(2019– ),,80 min,"Action, Drama, Fantasy",8.5,168
The Sinner,(2017–2021),TV-MA,49 min,"Crime, Drama, Mystery",7.400000095367432,"2,116"
The 100,(2014–2020),TV-14,42 min,"Drama, Mystery, Sci-Fi",8.0,"2,332"
Lucifer,(2016–2021),TV-14,51 min,"Crime, Drama, Fantasy",8.0,"4,230"
The 100,(2014–2020),TV-14,42 min,"Drama, Mystery, Sci-Fi",7.300000190734863,"2,062"
JoJo's Bizarre Adventure,(2012– ),TV-MA,25 min,"Animation, Action, Adventure",9.300000190734863,"1,110"
JoJo's Bizarre Adventure,(2012– ),TV-MA,25 min,"Animation, Action, Adventure",8.899999618530273,950
Grace and Frankie,(2015–2022),TV-MA,,Comedy,8.300000190734863,400
Dark,(2017–2020),TV-14,54 min,"Crime, Drama, Mystery",8.899999618530273,"11,416"
Dark,(2017–2020),TV-MA,56 min,"Crime, Drama, Mystery",9.0,"11,334"
Dark,(2017–2020),TV-MA,60 min,"Crime, Drama, Mystery",9.399999618530273,"12,373"
Dark,(2017–2020),TV-MA,56 min,"Crime, Drama, Mystery",9.199999809265137,"11,338"
Dark,(2017–2020),TV-MA,54 min,"Crime, Drama, Mystery",9.5,"14,007"
Dark,(2017–2020),TV-MA,58 min,"Crime, Drama, Mystery",9.100000381469727,"11,251"
Dark,(2017–2020),TV-MA,57 min,"Crime, Drama, Mystery",9.399999618530273,"14,017"
The 100,(2014–2020),TV-14,42 min,"Drama, Mystery, Sci-Fi",7.900000095367432,"2,020"
Supergirl,(2015–2021),TV-PG,42 min,"Action, Adventure, Drama",6.599999904632568,"1,321"
I Am Not Okay with This,(2020),TV-MA,19 min,"Comedy, Drama, Fantasy",7.199999809265137,"1,963"
I Am Not Okay with This,(2020),TV-MA,20 min,"Comedy, Drama, Fantasy",7.5,"1,807"
I Am Not Okay with This,(2020),TV-MA,19 min,"Comedy, Drama, Fantasy",7.599999904632568,"1,602"
I Am Not Okay with This,(2020),TV-MA,23 min,"Comedy, Drama, Fantasy",7.599999904632568,"1,651"
I Am Not Okay with This,(2020),TV-MA,23 min,"Comedy, Drama, Fantasy",7.900000095367432,"1,682"
I Am Not Okay with This,(2020),TV-MA,24 min,"Comedy, Drama, Fantasy",8.5,"2,026"
I Am Not Okay with This,(2020),TV-MA,28 min,"Comedy, Drama, Fantasy",7.400000095367432,"1,711"
Grace and Frankie,(2015–2022),TV-MA,,Comedy,7.800000190734863,357
Narcos: Mexico,(2018–2021),TV-MA,57 min,"Crime, Drama",7.900000095367432,"1,514"
Supergirl,(2015–2021),TV-PG,42 min,"Action, Adventure, Drama",7.099999904632568,"1,345"
Supergirl,(2015–2021),TV-14,42 min,"Action, Adventure, Drama",6.800000190734863,"1,182"
Supergirl,(2015–2021),TV-PG,42 min,"Action, Adventure, Drama",6.900000095367432,"1,148"
Supergirl,(2015–2021),TV-PG,42 min,"Action, Adventure, Drama",7.699999809265137,"1,397"
Supergirl,(2015–2021),TV-PG,42 min,"Action, Adventure, Drama",7.699999809265137,"1,420"
Supergirl,(2015–2021),TV-PG,42 min,"Action, Adventure, Drama",7.699999809265137,"1,235"
Supergirl,(2015–2021),TV-PG,42 min,"Action, Adventure, Drama",7.400000095367432,"1,139"
"Love, Death & Robots",(2019– ),TV-MA,18 min,"Animation, Short, Action",8.100000381469727,"11,912"
Supergirl,(2015–2021),TV-PG,42 min,"Action, Adventure, Drama",6.599999904632568,"1,561"
Supergirl,(2015–2021),TV-PG,42 min,"Action, Adventure, Drama",6.599999904632568,"1,225"
Supergirl,(2015–2021),TV-PG,42 min,"Action, Adventure, Drama",8.5,"1,907"
Supergirl,(2015–2021),TV-PG,42 min,"Action, Adventure, Drama",5.900000095367432,"1,352"
Supergirl,(2015–2021),TV-14,42 min,"Action, Adventure, Drama",6.300000190734863,"1,345"
Supergirl,(2015–2021),TV-PG,42 min,"Action, Adventure, Drama",7.0,"1,065"
Supergirl,(2015–2021),TV-PG,42 min,"Action, Adventure, Drama",7.599999904632568,"1,046"
Always a Witch,(2019–2020),TV-14,,"Drama, Fantasy",7.800000190734863,29
The Alcàsser Murders,(2019),TV-MA,,"Documentary, Crime",7.199999809265137,125
The Alcàsser Murders,(2019),TV-MA,,"Documentary, Crime",7.400000095367432,107
The Alcàsser Murders,(2019),TV-MA,,"Documentary, Crime",7.300000190734863,114
The Alcàsser Murders,(2019),TV-MA,,"Documentary, Crime",7.199999809265137,102
The Alcàsser Murders,(2019),TV-MA,,"Documentary, Crime",6.5,103
White Lines,(2020),TV-MA,,"Crime, Drama, Mystery",7.300000190734863,420
White Lines,(2020),TV-MA,,"Crime, Drama, Mystery",7.0,453
White Lines,(2020),TV-MA,,"Crime, Drama, Mystery",7.099999904632568,376
White Lines,(2020),TV-MA,,"Crime, Drama, Mystery",7.099999904632568,389
White Lines,(2020),TV-MA,,"Crime, Drama, Mystery",7.099999904632568,359
White Lines,(2020),TV-MA,,"Crime, Drama, Mystery",7.099999904632568,345
White Lines,(2020),TV-MA,,"Crime, Drama, Mystery",7.199999809265137,338
White Lines,(2020),TV-MA,,"Crime, Drama, Mystery",7.199999809265137,332
White Lines,(2020),TV-MA,,"Crime, Drama, Mystery",7.0,383
BattleBots,(2015– ),TV-14,83 min,"Action, Game-Show, Reality-TV",8.0,26
JoJo's Bizarre Adventure,(2012– ),TV-MA,25 min,"Animation, Action, Adventure",9.199999809265137,987
Pacific Rim: The Black,(2021–2022),TV-14,29 min,"Animation, Action, Adventure",7.0,305
Pacific Rim: The Black,(2021–2022),TV-14,22 min,"Animation, Action, Adventure",6.800000190734863,255
Pacific Rim: The Black,(2021–2022),TV-14,21 min,"Animation, Action, Adventure",6.900000095367432,244
Pacific Rim: The Black,(2021–2022),TV-14,25 min,"Animation, Action, Adventure",7.0,237
Yankee,(2019– ),TV-MA,44 min,Drama,5.800000190734863,29
Legend of the Blue Sea,(2016–2017),,,"Comedy, Drama, Fantasy",8.899999618530273,18
BattleBots,(2015– ),TV-PG,83 min,"Action, Game-Show, Reality-TV",7.800000190734863,19
Chief of Staff,(2019),,,Drama,7.900000095367432,19
Chief of Staff,(2019),,,Drama,8.899999618530273,15
Chief of Staff,(2019),,,Drama,8.600000381469727,11
Chief of Staff,(2019),,,Drama,8.800000190734863,12
Chief of Staff,(2019),,,Drama,8.399999618530273,10
Chief of Staff,(2019),,,Drama,8.5,11
Chief of Staff,(2019),,,Drama,8.5,10
Chief of Staff,(2019),,,Drama,8.300000190734863,11
Chief of Staff,(2019),,,Drama,8.699999809265137,11
Narcos: Mexico,(2018–2021),TV-MA,60 min,"Crime, Drama",7.900000095367432,"1,433"
Top Gear,(2002– ),TV-PG,62 min,"Adventure, Comedy, Reality-TV",5.400000095367432,367
Top Gear,(2002– ),TV-PG,59 min,"Adventure, Comedy, Reality-TV",4.5,330
Top Gear,(2002– ),TV-14,61 min,"Adventure, Comedy, Reality-TV",4.800000190734863,254
Top Gear,(2002– ),TV-PG,61 min,"Adventure, Comedy, Reality-TV",5.800000190734863,224
Pose,(2018–2021),TV-MA,54 min,Drama,8.100000381469727,581
The Last Kingdom,(2015–2022),TV-MA,53 min,"Action, Drama, History",8.399999618530273,"2,447"
Grand Army,(2020),TV-MA,51 min,Drama,6.900000095367432,196
Grand Army,(2020),TV-MA,49 min,Drama,7.099999904632568,167
Queer Eye,(2018– ),TV-14,,Reality-TV,8.699999809265137,351
Queer Eye,(2018– ),TV-14,,Reality-TV,8.5,242
Grace and Frankie,(2015–2022),TV-MA,,Comedy,7.900000095367432,414
Grace and Frankie,(2015–2022),TV-MA,,Comedy,7.800000190734863,388
Grace and Frankie,(2015–2022),TV-MA,,Comedy,8.199999809265137,412
Grace and Frankie,(2015–2022),TV-MA,,Comedy,8.0,375
Power Rangers Beast Morphers,(2019–2020),TV-Y7,,"Action, Adventure, Comedy",8.300000190734863,34
Comedians in Cars Getting Coffee,(2012– ),TV-14,42 min,"Comedy, Family, Talk-Show",8.100000381469727,402
Comedians in Cars Getting Coffee,(2012– ),TV-14,17 min,"Comedy, Family, Talk-Show",7.400000095367432,299
Comedians in Cars Getting Coffee,(2012– ),TV-14,17 min,"Comedy, Family, Talk-Show",8.100000381469727,318
Comedians in Cars Getting Coffee,(2012– ),TV-14,20 min,"Comedy, Family, Talk-Show",7.5,243
Comedians in Cars Getting Coffee,(2012– ),TV-14,18 min,"Comedy, Family, Talk-Show",7.900000095367432,287
Comedians in Cars Getting Coffee,(2012– ),TV-14,19 min,"Comedy, Family, Talk-Show",7.699999809265137,226
Comedians in Cars Getting Coffee,(2012– ),TV-14,16 min,"Comedy, Family, Talk-Show",6.599999904632568,213
Comedians in Cars Getting Coffee,(2012– ),TV-14,13 min,"Comedy, Family, Talk-Show",6.5,219
Comedians in Cars Getting Coffee,(2012– ),TV-14,16 min,"Comedy, Family, Talk-Show",6.599999904632568,191
Comedians in Cars Getting Coffee,(2012– ),TV-14,17 min,"Comedy, Family, Talk-Show",6.400000095367432,171
Avatar: The Last Airbender,(2005–2008),TV-Y7,24 min,"Animation, Action, Adventure",9.600000381469727,"3,953"
Comedians in Cars Getting Coffee,(2012– ),TV-14,17 min,"Comedy, Family, Talk-Show",6.900000095367432,179
I Think You Should Leave with Tim Robinson,(2019– ),TV-MA,17 min,Comedy,8.100000381469727,427
Bridgerton,(2020– ),TV-MA,61 min,"Drama, History, Romance",7.5,"2,650"
Bridgerton,(2020– ),TV-MA,61 min,"Drama, History, Romance",7.800000190734863,"2,516"
Bridgerton,(2020– ),TV-MA,57 min,"Drama, History, Romance",7.599999904632568,"2,522"
Bridgerton,(2020– ),TV-MA,61 min,"Drama, History, Romance",7.900000095367432,"2,642"
Bridgerton,(2020– ),TV-MA,57 min,"Drama, History, Romance",7.5,"2,363"
Bridgerton,(2020– ),TV-MA,60 min,"Drama, History, Romance",7.599999904632568,"2,280"
Bridgerton,(2020– ),TV-MA,72 min,"Drama, History, Romance",7.900000095367432,"2,479"
The Rain,(2018–2020),TV-MA,48 min,"Drama, Sci-Fi, Thriller",6.5,442
Typewriter,(2019),TV-MA,52 min,"Horror, Mystery, Thriller",6.900000095367432,176
Cable Girls,(2017–2020),TV-MA,,Drama,7.599999904632568,112
Lucifer,(2016–2021),TV-14,60 min,"Crime, Drama, Fantasy",7.5,"5,131"
JoJo's Bizarre Adventure,(2012– ),TV-MA,25 min,"Animation, Action, Adventure",9.0,965
The Flash,(2014–2023),TV-PG,42 min,"Action, Adventure, Drama",4.900000095367432,"2,124"
Power Rangers Beast Morphers,(2019–2020),TV-Y7,,"Action, Adventure, Comedy",8.199999809265137,33
BattleBots,(2015– ),TV-PG,83 min,"Action, Game-Show, Reality-TV",7.900000095367432,21
Go! Live Your Way,(2019),TV-Y7,,"Comedy, Family, Musical",8.5,12
Go! Live Your Way,(2019),TV-Y7,,"Comedy, Family, Musical",8.600000381469727,10
Go! Live Your Way,(2019),TV-Y7,,"Comedy, Family, Musical",8.399999618530273,8
Go! Live Your Way,(2019),TV-Y7,,"Comedy, Family, Musical",8.399999618530273,8
Go! Live Your Way,(2019),TV-Y7,,"Comedy, Family, Musical",8.399999618530273,8
Go! Live Your Way,(2019),TV-Y7,,"Comedy, Family, Musical",8.300000190734863,7
Go! Live Your Way,(2019),TV-Y7,,"Comedy, Family, Musical",7.800000190734863,6
Go! Live Your Way,(2019),TV-Y7,,"Comedy, Family, Musical",8.0,7
Go! Live Your Way,(2019),TV-Y7,,"Comedy, Family, Musical",8.100000381469727,7
Go! Live Your Way,(2019),TV-Y7,,"Comedy, Family, Musical",8.300000190734863,8
Go! Live Your Way,(2019),TV-Y7,,"Comedy, Family, Musical",8.399999618530273,8
Go! Live Your Way,(2019),TV-Y7,,"Comedy, Family, Musical",8.100000381469727,7
Go! Live Your Way,(2019),TV-Y7,,"Comedy, Family, Musical",8.300000190734863,8
Go! Live Your Way,(2019),TV-Y7,,"Comedy, Family, Musical",8.800000190734863,9
Go! Live Your Way,(2019),TV-Y7,,"Comedy, Family, Musical",8.5,11
The Weekly with Wendy Mesley,(2018– ),,,"News, Reality-TV",,
The End of the F***ing World,(2017–2019),TV-MA,22 min,"Adventure, Comedy, Crime",8.100000381469727,"2,685"
The End of the F***ing World,(2017–2019),TV-MA,24 min,"Adventure, Comedy, Crime",8.199999809265137,"2,664"
The End of the F***ing World,(2017–2019),TV-MA,21 min,"Adventure, Comedy, Crime",7.699999809265137,"2,538"
The End of the F***ing World,(2017–2019),TV-MA,19 min,"Adventure, Comedy, Crime",7.800000190734863,"2,543"
The End of the F***ing World,(2017–2019),TV-MA,24 min,"Adventure, Comedy, Crime",8.899999618530273,"3,343"
The End of the F***ing World,(2017–2019),TV-MA,19 min,"Adventure, Comedy, Crime",8.600000381469727,"3,208"
The Protector,(2018–2020),TV-MA,,"Action, Fantasy, Sci-Fi",6.599999904632568,397
The Windsors,(2016– ),TV-MA,,Comedy,7.300000190734863,59
Nailed It!,(2018– ),TV-PG,,"Game-Show, Reality-TV",6.900000095367432,42
Prank Encounters,(2019– ),TV-MA,,"Comedy, Horror, Reality-TV",6.5,199
Prank Encounters,(2019– ),TV-MA,,"Comedy, Horror, Reality-TV",6.800000190734863,160
Prank Encounters,(2019– ),TV-MA,,"Comedy, Horror, Reality-TV",6.300000190734863,140
Prank Encounters,(2019– ),TV-MA,,"Comedy, Horror, Reality-TV",6.599999904632568,121
Prank Encounters,(2019– ),TV-MA,,"Comedy, Horror, Reality-TV",7.199999809265137,131
Prank Encounters,(2019– ),TV-MA,,"Comedy, Horror, Reality-TV",6.0,103
Prank Encounters,(2019– ),TV-MA,,"Comedy, Horror, Reality-TV",7.199999809265137,114
Typewriter,(2019),TV-MA,55 min,"Horror, Mystery, Thriller",7.099999904632568,152
Cannon Busters,(2019– ),TV-MA,,"Animation, Fantasy",6.800000190734863,33
Typewriter,(2019),TV-MA,43 min,"Horror, Mystery, Thriller",7.400000095367432,139
3Below: Tales of Arcadia,(2018–2019),TV-Y7,22 min,"Animation, Action, Adventure",7.699999809265137,168
Entertainment Tonight Canada,(2005– ),,,"Biography, Family, News",,
Exhibit A,(2019),TV-14,41 min,"Documentary, Crime",6.300000190734863,117
Exhibit A,(2019),TV-14,29 min,"Documentary, Crime",6.599999904632568,82
Exhibit A,(2019),TV-14,37 min,"Documentary, Crime",6.0,76
Exhibit A,(2019),TV-14,37 min,"Documentary, Crime",6.800000190734863,66
7Seeds,(2019–2020),TV-MA,24 min,"Animation, Action, Adventure",6.900000095367432,56
7Seeds,(2019–2020),TV-MA,24 min,"Animation, Action, Adventure",6.800000190734863,51
7Seeds,(2019–2020),TV-MA,26 min,"Animation, Action, Adventure",6.800000190734863,49
7Seeds,(2019–2020),TV-MA,24 min,"Animation, Action, Adventure",7.199999809265137,48
7Seeds,(2019–2020),TV-MA,26 min,"Animation, Action, Adventure",7.099999904632568,47
7Seeds,(2019–2020),TV-MA,31 min,"Animation, Action, Adventure",7.800000190734863,46
7Seeds,(2019–2020),TV-MA,24 min,"Animation, Action, Adventure",6.900000095367432,39
7Seeds,(2019–2020),TV-MA,24 min,"Animation, Action, Adventure",7.199999809265137,38
7Seeds,(2019–2020),TV-MA,26 min,"Animation, Action, Adventure",7.800000190734863,39
7Seeds,(2019–2020),TV-MA,24 min,"Animation, Action, Adventure",7.5,37
7Seeds,(2019–2020),TV-MA,26 min,"Animation, Action, Adventure",7.800000190734863,44
JoJo's Bizarre Adventure,(2012– ),TV-MA,25 min,"Animation, Action, Adventure",9.399999618530273,"1,192"
Power Rangers Beast Morphers,(2019–2020),TV-Y7,,"Action, Adventure, Comedy",8.100000381469727,33
Family Business,(2019–2021),TV-MA,,Comedy,7.400000095367432,97
The Last Kingdom,(2015–2022),TV-MA,55 min,"Action, Drama, History",8.600000381469727,"2,506"
Family Business,(2019–2021),TV-MA,,Comedy,7.0,110
Family Business,(2019–2021),TV-MA,,Comedy,7.199999809265137,103
Family Business,(2019–2021),TV-MA,,Comedy,7.699999809265137,98
Family Business,(2019–2021),TV-MA,,Comedy,7.800000190734863,100
Space Force,(2020–2022),TV-MA,35 min,Comedy,6.800000190734863,"3,147"
Space Force,(2020–2022),TV-MA,32 min,Comedy,7.300000190734863,"2,689"
Space Force,(2020–2022),TV-MA,30 min,Comedy,7.199999809265137,"2,280"
Space Force,(2020–2022),TV-MA,31 min,Comedy,6.900000095367432,"2,110"
Space Force,(2020–2022),TV-MA,30 min,Comedy,6.699999809265137,"2,022"
Space Force,(2020–2022),TV-MA,34 min,Comedy,7.099999904632568,"1,878"
Space Force,(2020–2022),TV-MA,26 min,Comedy,6.900000095367432,"1,819"
Space Force,(2020–2022),TV-MA,32 min,Comedy,6.900000095367432,"1,783"
Space Force,(2020–2022),TV-MA,35 min,Comedy,7.599999904632568,"1,856"
Space Force,(2020–2022),TV-MA,36 min,Comedy,7.099999904632568,"1,810"
Hotel Del Luna,(2019),,74 min,"Action, Comedy, Drama",7.900000095367432,176
The Sandman,(2022– ),TV-MA,54 min,"Drama, Fantasy, Horror",8.0,"7,718"
The Sandman,(2022– ),TV-MA,37 min,"Drama, Fantasy, Horror",7.699999809265137,"6,551"
The Sandman,(2022– ),TV-MA,,"Drama, Fantasy, Horror",7.900000095367432,"6,320"
The Sandman,(2022– ),TV-MA,44 min,"Drama, Fantasy, Horror",8.5,"6,916"
The Sandman,(2022– ),TV-MA,52 min,"Drama, Fantasy, Horror",8.399999618530273,"8,068"
The Sandman,(2022– ),TV-MA,53 min,"Drama, Fantasy, Horror",9.199999809265137,"9,564"
The Sandman,(2022– ),TV-MA,,"Drama, Fantasy, Horror",6.900000095367432,"5,414"
The Sandman,(2022– ),TV-MA,50 min,"Drama, Fantasy, Horror",7.199999809265137,"4,892"
The Sandman,(2022– ),TV-MA,,"Drama, Fantasy, Horror",7.5,"4,737"
The Sandman,(2022– ),TV-MA,46 min,"Drama, Fantasy, Horror",7.699999809265137,"5,089"
Midnight Mass,(2021),TV-MA,59 min,"Drama, Fantasy, Horror",7.300000190734863,"3,841"
Midnight Mass,(2021),TV-MA,63 min,"Drama, Fantasy, Horror",7.699999809265137,"3,523"
Midnight Mass,(2021),TV-MA,65 min,"Drama, Fantasy, Horror",8.100000381469727,"3,469"
Midnight Mass,(2021),TV-MA,70 min,"Drama, Fantasy, Horror",8.0,"3,279"
Midnight Mass,(2021),TV-MA,62 min,"Drama, Fantasy, Horror",8.600000381469727,"3,794"
Midnight Mass,(2021),TV-MA,67 min,"Drama, Fantasy, Horror",8.600000381469727,"3,414"
Midnight Mass,(2021),TV-MA,64 min,"Drama, Fantasy, Horror",8.0,"3,518"
Grand Army,(2020),TV-MA,53 min,Drama,7.199999809265137,143
BattleBots,(2015– ),TV-PG,83 min,"Action, Game-Show, Reality-TV",8.100000381469727,18
Good Girls,(2018–2021),TV-14,42 min,"Comedy, Crime, Drama",7.900000095367432,543
High Seas,(2019–2020),TV-MA,,"Crime, Drama, Mystery",7.199999809265137,132
High Seas,(2019–2020),TV-MA,,"Crime, Drama, Mystery",7.099999904632568,124
High Seas,(2019–2020),TV-MA,,"Crime, Drama, Mystery",6.900000095367432,122
High Seas,(2019–2020),TV-MA,,"Crime, Drama, Mystery",7.400000095367432,117
High Seas,(2019–2020),TV-MA,,"Crime, Drama, Mystery",7.400000095367432,115
JoJo's Bizarre Adventure,(2012– ),TV-MA,25 min,"Animation, Action, Adventure",8.899999618530273,"1,023"
Power Rangers Beast Morphers,(2019–2020),TV-Y7,,"Action, Adventure, Comedy",8.699999809265137,35
Blood & Water,(2020– ),TV-MA,43 min,"Drama, Mystery",7.0,120
Grand Army,(2020),TV-MA,51 min,Drama,7.199999809265137,160
Grand Army,(2020),TV-MA,46 min,Drama,7.199999809265137,139
Grand Army,(2020),TV-MA,50 min,Drama,7.099999904632568,132
JoJo's Bizarre Adventure,(2012– ),TV-MA,25 min,"Animation, Action, Adventure",8.800000190734863,"1,046"
Teenage Bounty Hunters,(2020),TV-MA,,"Comedy, Crime, Drama",7.699999809265137,878
Teenage Bounty Hunters,(2020),TV-MA,,"Comedy, Crime, Drama",7.699999809265137,813
Elite,(2018– ),TV-MA,49 min,"Crime, Drama, Thriller",7.900000095367432,"1,162"
Elite,(2018– ),TV-MA,47 min,"Crime, Drama, Thriller",7.800000190734863,"1,133"
Elite,(2018– ),TV-MA,52 min,"Crime, Drama, Thriller",8.100000381469727,"1,176"
Elite,(2018– ),TV-MA,51 min,"Crime, Drama, Thriller",8.399999618530273,"1,200"
Teenage Bounty Hunters,(2020),TV-MA,,"Comedy, Crime, Drama",7.800000190734863,797
Teenage Bounty Hunters,(2020),TV-MA,,"Comedy, Crime, Drama",7.599999904632568,773
Teenage Bounty Hunters,(2020),TV-MA,,"Comedy, Crime, Drama",7.599999904632568,778
Teenage Bounty Hunters,(2020),TV-MA,,"Comedy, Crime, Drama",8.199999809265137,798
Teenage Bounty Hunters,(2020),TV-MA,,"Comedy, Crime, Drama",8.300000190734863,794
Teenage Bounty Hunters,(2020),TV-MA,,"Comedy, Crime, Drama",8.399999618530273,787
Teenage Bounty Hunters,(2020),TV-MA,,"Comedy, Crime, Drama",8.5,787
Teenage Bounty Hunters,(2020),TV-MA,,"Comedy, Crime, Drama",8.699999809265137,847
El marginal,(2016–2022),TV-MA,,"Crime, Drama, Mystery",8.0,70
El marginal,(2016–2022),TV-MA,,"Crime, Drama, Mystery",7.900000095367432,66
El marginal,(2016–2022),TV-MA,,"Crime, Drama, Mystery",7.599999904632568,58
El marginal,(2016–2022),TV-MA,,"Crime, Drama, Mystery",7.699999809265137,58
El marginal,(2016–2022),TV-MA,,"Crime, Drama, Mystery",7.699999809265137,63
El marginal,(2016–2022),TV-MA,,"Crime, Drama, Mystery",7.599999904632568,62
El marginal,(2016–2022),TV-MA,,"Crime, Drama, Mystery",8.199999809265137,64
El marginal,(2016–2022),TV-MA,,"Crime, Drama, Mystery",8.5,73
BattleBots,(2015– ),TV-PG,83 min,"Action, Game-Show, Reality-TV",8.399999618530273,20
Power Rangers Beast Morphers,(2019–2020),TV-Y7,,"Action, Adventure, Comedy",7.699999809265137,33
Jupiter's Legacy,(2021),TV-MA,35 min,"Action, Adventure, Drama",7.0,"1,446"
Russian Doll,(2019– ),TV-MA,32 min,"Comedy, Drama, Mystery",7.300000190734863,"1,200"
3Below: Tales of Arcadia,(2018–2019),TV-Y7,22 min,"Animation, Action, Adventure",7.800000190734863,165
3Below: Tales of Arcadia,(2018–2019),TV-Y7,22 min,"Animation, Action, Adventure",7.400000095367432,160
3Below: Tales of Arcadia,(2018–2019),TV-Y7,22 min,"Animation, Action, Adventure",7.400000095367432,161
3Below: Tales of Arcadia,(2018–2019),TV-Y7,22 min,"Animation, Action, Adventure",7.599999904632568,163
3Below: Tales of Arcadia,(2018–2019),TV-Y7,22 min,"Animation, Action, Adventure",7.0,159
3Below: Tales of Arcadia,(2018–2019),TV-Y7,22 min,"Animation, Action, Adventure",7.800000190734863,171
3Below: Tales of Arcadia,(2018–2019),TV-Y7,22 min,"Animation, Action, Adventure",7.0,158
3Below: Tales of Arcadia,(2018–2019),TV-Y7,23 min,"Animation, Action, Adventure",8.100000381469727,162
3Below: Tales of Arcadia,(2018–2019),TV-Y7,22 min,"Animation, Action, Adventure",8.399999618530273,168
3Below: Tales of Arcadia,(2018–2019),TV-Y7,22 min,"Animation, Action, Adventure",8.399999618530273,162
3Below: Tales of Arcadia,(2018–2019),TV-Y7-FV,,"Animation, Action, Adventure",8.300000190734863,157
3Below: Tales of Arcadia,(2018–2019),TV-Y7,22 min,"Animation, Action, Adventure",8.399999618530273,177
Hotel Del Luna,(2019),,76 min,"Action, Comedy, Drama",7.900000095367432,142
The Umbrella Academy,(2019–2023),TV-14,49 min,"Action, Adventure, Comedy",8.100000381469727,"3,724"
The Umbrella Academy,(2019–2023),TV-14,48 min,"Action, Adventure, Comedy",8.100000381469727,"3,698"
BattleBots,(2015– ),TV-PG,83 min,"Action, Game-Show, Reality-TV",8.399999618530273,19
Power Rangers Beast Morphers,(2019–2020),TV-Y7,,"Action, Adventure, Comedy",8.899999618530273,36
Jupiter's Legacy,(2021),TV-MA,44 min,"Action, Adventure, Drama",7.099999904632568,"1,353"
Jupiter's Legacy,(2021),TV-MA,48 min,"Action, Adventure, Drama",6.800000190734863,"1,285"
DC's Legends of Tomorrow,(2016–2022),TV-14,42 min,"Action, Adventure, Drama",8.100000381469727,"1,130"
DC's Legends of Tomorrow,(2016–2022),TV-14,42 min,"Action, Adventure, Drama",8.800000190734863,"1,383"
Rick and Morty,(2013– ),TV-14,22 min,"Animation, Adventure, Comedy",8.199999809265137,"11,958"
Rick and Morty,(2013– ),TV-14,22 min,"Animation, Adventure, Comedy",8.300000190734863,"11,645"
Rick and Morty,(2013– ),TV-14,22 min,"Animation, Adventure, Comedy",7.300000190734863,"11,685"
Rick and Morty,(2013– ),TV-14,22 min,"Animation, Adventure, Comedy",8.800000190734863,"11,197"
Rick and Morty,(2013– ),TV-14,21 min,"Animation, Adventure, Comedy",8.0,"10,648"
Rick and Morty,(2013– ),TV-14,21 min,"Animation, Adventure, Comedy",8.0,"8,829"
Rick and Morty,(2013– ),TV-14,22 min,"Animation, Adventure, Comedy",9.399999618530273,"13,531"
Rick and Morty,(2013– ),TV-14,22 min,"Animation, Adventure, Comedy",7.699999809265137,"8,390"
Rick and Morty,(2013– ),TV-14,22 min,"Animation, Adventure, Comedy",9.100000381469727,"9,861"
Queer Eye,(2018– ),TV-14,,Reality-TV,9.300000190734863,431
Queer Eye,(2018– ),TV-14,,Reality-TV,8.5,268
Queer Eye,(2018– ),TV-14,,Reality-TV,7.5,240
Cannon Busters,(2019– ),TV-MA,,"Animation, Fantasy",6.699999809265137,41
Queer Eye,(2018– ),TV-14,,Reality-TV,9.100000381469727,326
Queer Eye,(2018– ),TV-14,,Reality-TV,8.199999809265137,233
Queer Eye,(2018– ),TV-14,,Reality-TV,8.199999809265137,198
Queer Eye,(2018– ),TV-14,,Reality-TV,7.699999809265137,199
Luna Nera,(2020),TV-MA,43 min,"Drama, Fantasy, Thriller",6.099999904632568,141
Luna Nera,(2020),TV-MA,43 min,"Drama, Fantasy, Thriller",5.800000190734863,134
Luna Nera,(2020),TV-MA,56 min,"Drama, Fantasy, Thriller",6.300000190734863,150
Elite,(2018– ),TV-MA,50 min,"Crime, Drama, Thriller",8.100000381469727,"1,142"
Elite,(2018– ),TV-MA,46 min,"Crime, Drama, Thriller",8.300000190734863,"1,157"
Typewriter,(2019),TV-MA,,"Horror, Mystery, Thriller",6.400000095367432,139
Typewriter,(2019),TV-MA,48 min,"Horror, Mystery, Thriller",7.400000095367432,130
Hotel Del Luna,(2019),,74 min,"Action, Comedy, Drama",8.0,128
Hotel Del Luna,(2019),,74 min,"Action, Comedy, Drama",8.0,119
Love 101,(2020–2021),TV-14,,"Comedy, Drama, Romance",7.0,461
Love 101,(2020–2021),TV-14,,"Comedy, Drama, Romance",7.400000095367432,420
Love 101,(2020–2021),TV-14,,"Comedy, Drama, Romance",7.699999809265137,419
Love 101,(2020–2021),TV-14,,"Comedy, Drama, Romance",7.5,390
Love 101,(2020–2021),TV-14,,"Comedy, Drama, Romance",7.400000095367432,384
Love 101,(2020–2021),TV-14,,"Comedy, Drama, Romance",7.699999809265137,417
Love 101,(2020–2021),TV-14,,"Comedy, Drama, Romance",8.100000381469727,452
Love 101,(2020–2021),TV-14,,"Comedy, Drama, Romance",7.5,427
Riverdale,(2017– ),TV-14,42 min,"Crime, Drama, Mystery",7.400000095367432,"1,018"
The Last Kingdom,(2015–2022),TV-MA,54 min,"Action, Drama, History",8.899999618530273,"2,679"
Star Trek: Discovery,(2017– ),TV-MA,53 min,"Action, Adventure, Drama",7.099999904632568,"3,568"
Star Trek: Discovery,(2017– ),TV-PG,55 min,"Action, Adventure, Drama",7.300000190734863,"3,190"
Star Trek: Discovery,(2017– ),TV-MA,55 min,"Action, Adventure, Drama",6.300000190734863,"4,032"
The Hookup Plan,(2018–2022),TV-MA,,"Comedy, Romance",6.0,53
The Hookup Plan,(2018–2022),TV-MA,,"Comedy, Romance",6.400000095367432,51
Super Monsters,(2017– ),TV-Y,23 min,"Animation, Adventure, Comedy",6.0,41
Formula 1: Drive to Survive,(2019– ),TV-MA,33 min,"Documentary, Sport",7.599999904632568,797
The Worst Witch,(2017– ),TV-Y7,30 min,"Family, Fantasy",8.0,43
BattleBots,(2015– ),TV-PG,83 min,"Action, Game-Show, Reality-TV",8.199999809265137,19
Peaky Blinders,(2013–2022),TV-MA,58 min,"Crime, Drama",8.800000190734863,"10,115"
Sugar Rush,(2018–2020),TV-PG,47 min,"Game-Show, Reality-TV",7.199999809265137,37
Sugar Rush,(2018–2020),TV-PG,50 min,"Game-Show, Reality-TV",7.800000190734863,30
Sugar Rush,(2018–2020),TV-PG,50 min,"Game-Show, Reality-TV",7.400000095367432,27
Sugar Rush,(2018–2020),TV-PG,49 min,"Game-Show, Reality-TV",7.800000190734863,25
Sugar Rush,(2018–2020),TV-PG,50 min,"Game-Show, Reality-TV",6.0,27
Sugar Rush,(2018–2020),TV-PG,47 min,"Game-Show, Reality-TV",7.400000095367432,25
Hotel Del Luna,(2019),,77 min,"Action, Comedy, Drama",7.900000095367432,114
Hotel Del Luna,(2019),,75 min,"Action, Comedy, Drama",8.0,111
Hotel Del Luna,(2019),,76 min,"Action, Comedy, Drama",8.100000381469727,106
Hotel Del Luna,(2019),,80 min,"Action, Comedy, Drama",8.5,113
Hotel Del Luna,(2019),,73 min,"Action, Comedy, Drama",8.399999618530273,106
Hotel Del Luna,(2019),,78 min,"Action, Comedy, Drama",8.5,111
Hotel Del Luna,(2019),,79 min,"Action, Comedy, Drama",8.699999809265137,111
Hotel Del Luna,(2019),,87 min,"Action, Comedy, Drama",8.5,110
Hotel Del Luna,(2019),,82 min,"Action, Comedy, Drama",8.800000190734863,127
Hotel Del Luna,(2019),,92 min,"Action, Comedy, Drama",8.199999809265137,107
Hotel Del Luna,(2019),,83 min,"Action, Comedy, Drama",8.800000190734863,100
Hotel Del Luna,(2019),,94 min,"Action, Comedy, Drama",8.600000381469727,127
F Is for Family,(2015–2021),TV-MA,28 min,"Animation, Comedy, Drama",7.699999809265137,416
F Is for Family,(2015–2021),TV-MA,28 min,"Animation, Comedy, Drama",7.800000190734863,390
F Is for Family,(2015–2021),TV-MA,29 min,"Animation, Comedy, Drama",8.100000381469727,394
F Is for Family,(2015–2021),TV-MA,28 min,"Animation, Comedy, Drama",7.599999904632568,379
F Is for Family,(2015–2021),TV-MA,28 min,"Animation, Comedy, Drama",8.100000381469727,388
F Is for Family,(2015–2021),TV-MA,27 min,"Animation, Comedy, Drama",7.5,453
F Is for Family,(2015–2021),TV-MA,28 min,"Animation, Comedy, Drama",8.100000381469727,385
F Is for Family,(2015–2021),TV-MA,29 min,"Animation, Comedy, Drama",7.900000095367432,371
F Is for Family,(2015–2021),TV-MA,29 min,"Animation, Comedy, Drama",8.5,455
Zombieland Saga,(2018– ),TV-14,24 min,"Animation, Comedy, Fantasy",8.399999618530273,68
Top Gear,(2002– ),TV-PG,52 min,"Adventure, Comedy, Reality-TV",9.0,852
Black Lightning,(2017–2021),TV-14,42 min,"Action, Drama, Sci-Fi",6.699999809265137,428
Power Rangers Beast Morphers,(2019–2020),TV-Y7,,"Action, Adventure, Comedy",8.699999809265137,32
Power Rangers Beast Morphers,(2019–2020),TV-Y7,,"Action, Adventure, Comedy",8.399999618530273,33
BattleBots,(2015– ),TV-PG,83 min,"Action, Game-Show, Reality-TV",7.900000095367432,16
The Movies That Made Us,(2019– ),TV-PG,51 min,"Documentary, Family, History",7.800000190734863,715
The Movies That Made Us,(2019– ),TV-PG,45 min,"Documentary, Family, History",8.100000381469727,861
The Movies That Made Us,(2019– ),TV-PG,47 min,"Documentary, Family, History",7.900000095367432,744
The Movies That Made Us,(2019– ),TV-PG,46 min,"Documentary, Family, History",8.0,742
Trinkets,(2019–2020),TV-MA,24 min,"Comedy, Crime, Drama",7.300000190734863,152
Feel Good,(2020–2021),TV-MA,24 min,"Comedy, Drama, Romance",7.0,381
Feel Good,(2020–2021),TV-MA,23 min,"Comedy, Drama, Romance",7.199999809265137,318
Feel Good,(2020–2021),TV-MA,23 min,"Comedy, Drama, Romance",7.599999904632568,309
Feel Good,(2020–2021),TV-MA,23 min,"Comedy, Drama, Romance",7.599999904632568,288
The Protector,(2018–2020),TV-MA,,"Action, Fantasy, Sci-Fi",7.0,384
The Protector,(2018–2020),TV-MA,,"Action, Fantasy, Sci-Fi",7.099999904632568,371
Trinkets,(2019–2020),TV-MA,27 min,"Comedy, Crime, Drama",7.599999904632568,144
Trinkets,(2019–2020),TV-MA,26 min,"Comedy, Crime, Drama",7.5,139
Trinkets,(2019–2020),TV-MA,27 min,"Comedy, Crime, Drama",7.900000095367432,154
Trinkets,(2019–2020),TV-MA,27 min,"Comedy, Crime, Drama",7.699999809265137,142
Trinkets,(2019–2020),TV-MA,27 min,"Comedy, Crime, Drama",7.800000190734863,144
Trinkets,(2019–2020),TV-MA,30 min,"Comedy, Crime, Drama",7.599999904632568,137
Trinkets,(2019–2020),TV-MA,30 min,"Comedy, Crime, Drama",7.599999904632568,134
Trinkets,(2019–2020),TV-MA,27 min,"Comedy, Crime, Drama",8.5,177
Trinkets,(2019–2020),TV-MA,24 min,"Comedy, Crime, Drama",8.0,138
Feel Good,(2020–2021),TV-MA,24 min,"Comedy, Drama, Romance",7.800000190734863,299
Feel Good,(2020–2021),TV-MA,24 min,"Comedy, Drama, Romance",7.800000190734863,299
Anne with an E,(2017–2019),TV-PG,44 min,"Drama, Family",8.800000190734863,"1,630"
Power Rangers Beast Morphers,(2019–2020),TV-Y7,,"Action, Adventure, Comedy",8.600000381469727,31
She-Ra and the Princesses of Power,(2018–2020),TV-Y7,24 min,"Animation, Action, Adventure",7.900000095367432,"1,010"
She-Ra and the Princesses of Power,(2018–2020),TV-Y7,24 min,"Animation, Action, Adventure",8.199999809265137,"1,041"
She-Ra and the Princesses of Power,(2018–2020),TV-Y7,24 min,"Animation, Action, Adventure",8.300000190734863,"1,040"
She-Ra and the Princesses of Power,(2018–2020),TV-Y7,24 min,"Animation, Action, Adventure",8.399999618530273,"1,097"
She-Ra and the Princesses of Power,(2018–2020),TV-Y7,24 min,"Animation, Action, Adventure",8.600000381469727,"1,108"
Hilda,(2018– ),TV-Y7,23 min,"Animation, Adventure, Comedy",7.800000190734863,307
13 Reasons Why,(2017–2020),TV-MA,59 min,"Drama, Mystery, Thriller",5.699999809265137,"1,959"
The Protector,(2018–2020),TV-MA,,"Action, Fantasy, Sci-Fi",7.199999809265137,376
Black Lightning,(2017–2021),TV-14,42 min,"Action, Drama, Sci-Fi",7.099999904632568,424
Black Lightning,(2017–2021),TV-14,42 min,"Action, Drama, Sci-Fi",7.099999904632568,406
Russian Doll,(2019– ),TV-MA,29 min,"Comedy, Drama, Mystery",7.099999904632568,"1,001"
Russian Doll,(2019– ),TV-MA,29 min,"Comedy, Drama, Mystery",7.099999904632568,907
Russian Doll,(2019– ),TV-MA,32 min,"Comedy, Drama, Mystery",7.199999809265137,849
Russian Doll,(2019– ),TV-MA,28 min,"Comedy, Drama, Mystery",7.400000095367432,842
Russian Doll,(2019– ),TV-MA,25 min,"Comedy, Drama, Mystery",7.699999809265137,869
Russian Doll,(2019– ),TV-MA,30 min,"Comedy, Drama, Mystery",7.5,"1,027"
Johnny Test,(2005–2014),TV-Y7,23 min,"Animation, Action, Adventure",6.5,30
Dare Me,(2019–2020),TV-MA,42 min,"Crime, Mystery, Thriller",7.199999809265137,197
Grace and Frankie,(2015–2022),TV-MA,,Comedy,8.0,437
Grace and Frankie,(2015–2022),TV-MA,,Comedy,7.699999809265137,374
Grace and Frankie,(2015–2022),TV-MA,,Comedy,8.0,367
Tiny Pretty Things,(2020),TV-MA,58 min,"Drama, Mystery, Thriller",6.800000190734863,256
Tiny Pretty Things,(2020),TV-MA,57 min,"Drama, Mystery, Thriller",6.800000190734863,203
Tiny Pretty Things,(2020),TV-MA,56 min,"Drama, Mystery, Thriller",6.699999809265137,188
Tiny Pretty Things,(2020),TV-MA,55 min,"Drama, Mystery, Thriller",6.900000095367432,178
Tiny Pretty Things,(2020),TV-MA,57 min,"Drama, Mystery, Thriller",6.599999904632568,166
Tiny Pretty Things,(2020),TV-MA,56 min,"Drama, Mystery, Thriller",6.800000190734863,166
Tiny Pretty Things,(2020),TV-MA,56 min,"Drama, Mystery, Thriller",6.699999809265137,151
Tiny Pretty Things,(2020),TV-MA,54 min,"Drama, Mystery, Thriller",6.900000095367432,152
Tiny Pretty Things,(2020),TV-MA,55 min,"Drama, Mystery, Thriller",7.0,152
Tiny Pretty Things,(2020),TV-MA,58 min,"Drama, Mystery, Thriller",6.900000095367432,158
Love Alarm,(2019–2021),TV-MA,55 min,"Comedy, Drama, Romance",7.199999809265137,127
The 100,(2014–2020),TV-14,42 min,"Drama, Mystery, Sci-Fi",8.399999618530273,"2,286"
The 100,(2014–2020),TV-14,42 min,"Drama, Mystery, Sci-Fi",7.5,"1,904"
The 100,(2014–2020),TV-14,41 min,"Drama, Mystery, Sci-Fi",7.5,"1,905"
The 100,(2014–2020),TV-14,41 min,"Drama, Mystery, Sci-Fi",9.0,"3,610"
The 100,(2014–2020),TV-14,41 min,"Drama, Mystery, Sci-Fi",7.699999809265137,"1,855"
The 100,(2014–2020),TV-14,42 min,"Drama, Mystery, Sci-Fi",8.100000381469727,"1,878"
The 100,(2014–2020),TV-14,42 min,"Drama, Mystery, Sci-Fi",7.599999904632568,"1,954"
The 100,(2014–2020),TV-14,42 min,"Drama, Mystery, Sci-Fi",7.599999904632568,"1,772"
The 100,(2014–2020),TV-14,41 min,"Drama, Mystery, Sci-Fi",4.800000190734863,"4,740"
The 100,(2014–2020),TV-14,42 min,"Drama, Mystery, Sci-Fi",6.099999904632568,"2,527"
The 100,(2014–2020),TV-14,42 min,"Drama, Mystery, Sci-Fi",6.400000095367432,"2,206"
The 100,(2014–2020),TV-14,43 min,"Drama, Mystery, Sci-Fi",6.699999809265137,"3,838"
Behind Her Eyes,(2021),TV-MA,50 min,"Drama, Mystery, Thriller",6.900000095367432,"1,359"
Lucifer,(2016–2021),TV-14,56 min,"Crime, Drama, Fantasy",8.399999618530273,"3,980"
Julie and the Phantoms,(2020),TV-G,38 min,"Adventure, Comedy, Drama",8.100000381469727,541
Julie and the Phantoms,(2020),TV-G,32 min,"Adventure, Comedy, Drama",8.600000381469727,500
Julie and the Phantoms,(2020),TV-G,28 min,"Adventure, Comedy, Drama",8.5,476
Julie and the Phantoms,(2020),TV-G,31 min,"Adventure, Comedy, Drama",8.199999809265137,467
Julie and the Phantoms,(2020),TV-G,30 min,"Adventure, Comedy, Drama",8.0,462
Julie and the Phantoms,(2020),TV-G,29 min,"Adventure, Comedy, Drama",8.600000381469727,474
Julie and the Phantoms,(2020),TV-G,27 min,"Adventure, Comedy, Drama",8.800000190734863,506
Julie and the Phantoms,(2020),TV-G,24 min,"Adventure, Comedy, Drama",9.199999809265137,595
Julie and the Phantoms,(2020),TV-G,35 min,"Adventure, Comedy, Drama",9.100000381469727,546
13 Reasons Why,(2017–2020),TV-MA,58 min,"Drama, Mystery, Thriller",5.699999809265137,"1,743"
The Umbrella Academy,(2019–2023),TV-14,48 min,"Action, Adventure, Comedy",8.199999809265137,"3,869"
BattleBots,(2015– ),TV-PG,83 min,"Action, Game-Show, Reality-TV",8.0,15
BattleBots,(2015– ),TV-PG,83 min,"Action, Game-Show, Reality-TV",8.600000381469727,16
Freud,(2020– ),TV-MA,57 min,"Crime, Thriller",6.800000190734863,546
Freud,(2020– ),TV-MA,55 min,"Crime, Thriller",7.300000190734863,422
Freud,(2020– ),TV-MA,56 min,"Crime, Thriller",7.0,367
Freud,(2020– ),TV-MA,51 min,"Crime, Thriller",6.900000095367432,342
Freud,(2020– ),TV-MA,55 min,"Crime, Thriller",6.800000190734863,329
Freud,(2020– ),TV-MA,49 min,"Crime, Thriller",6.900000095367432,298
Freud,(2020– ),TV-MA,44 min,"Crime, Thriller",7.099999904632568,311
Freud,(2020– ),TV-MA,53 min,"Crime, Thriller",7.099999904632568,320
Grand Army,(2020),TV-MA,49 min,Drama,7.199999809265137,128
Grand Army,(2020),TV-MA,49 min,Drama,7.199999809265137,130
Grand Army,(2020),TV-MA,71 min,Drama,8.100000381469727,170
Valeria,(2020– ),TV-MA,47 min,"Adventure, Comedy, Drama",7.300000190734863,114
Valeria,(2020– ),TV-MA,41 min,"Adventure, Comedy, Drama",7.400000095367432,93
Valeria,(2020– ),TV-MA,43 min,"Adventure, Comedy, Drama",7.599999904632568,92
The Politician,(2019– ),TV-MA,50 min,"Comedy, Drama",7.900000095367432,578
Cannon Busters,(2019– ),TV-MA,,"Animation, Fantasy",6.900000095367432,71
Cannon Busters,(2019– ),TV-MA,,"Animation, Fantasy",7.0,52
Cannon Busters,(2019– ),TV-MA,,"Animation, Fantasy",7.099999904632568,46
Cannon Busters,(2019– ),TV-MA,,"Animation, Fantasy",7.199999809265137,45
Cannon Busters,(2019– ),TV-MA,,"Animation, Fantasy",7.199999809265137,36
Cannon Busters,(2019– ),TV-MA,,"Animation, Fantasy",7.400000095367432,35
Behind Her Eyes,(2021),TV-MA,49 min,"Drama, Mystery, Thriller",7.099999904632568,"1,180"
Behind Her Eyes,(2021),TV-MA,50 min,"Drama, Mystery, Thriller",7.099999904632568,"1,117"
Behind Her Eyes,(2021),TV-MA,53 min,"Drama, Mystery, Thriller",7.400000095367432,"1,097"
Behind Her Eyes,(2021),TV-MA,46 min,"Drama, Mystery, Thriller",7.5,"1,116"
Behind Her Eyes,(2021),TV-MA,50 min,"Drama, Mystery, Thriller",8.0,"1,666"
Anne with an E,(2017–2019),TV-PG,44 min,"Drama, Family",8.800000190734863,"1,627"
Anne with an E,(2017–2019),TV-PG,44 min,"Drama, Family",8.899999618530273,"1,655"
Dare Me,(2019–2020),TV-MA,45 min,"Crime, Mystery, Thriller",7.199999809265137,245
Dare Me,(2019–2020),TV-MA,42 min,"Crime, Mystery, Thriller",7.0,215
BattleBots,(2015– ),TV-PG,83 min,"Action, Game-Show, Reality-TV",8.5,16
Dare Me,(2019–2020),TV-MA,41 min,"Crime, Mystery, Thriller",7.900000095367432,228
The Worst Witch,(2017– ),TV-Y7,,"Family, Fantasy",8.0,29
Dare Me,(2019–2020),TV-MA,43 min,"Crime, Mystery, Thriller",7.300000190734863,182
Dare Me,(2019–2020),TV-MA,42 min,"Crime, Mystery, Thriller",7.599999904632568,198
Dare Me,(2019–2020),TV-MA,42 min,"Crime, Mystery, Thriller",7.099999904632568,181
Dare Me,(2019–2020),TV-MA,43 min,"Crime, Mystery, Thriller",7.400000095367432,167
Dare Me,(2019–2020),TV-MA,42 min,"Crime, Mystery, Thriller",7.300000190734863,183
The Chestnut Man,(2021– ),TV-MA,57 min,"Crime, Drama, Mystery",7.400000095367432,"1,183"
Love Alarm,(2019–2021),TV-MA,50 min,"Comedy, Drama, Romance",7.800000190734863,103
Love Alarm,(2019–2021),TV-MA,49 min,"Comedy, Drama, Romance",8.300000190734863,98
Love Alarm,(2019–2021),TV-MA,48 min,"Comedy, Drama, Romance",8.199999809265137,85
Love Alarm,(2019–2021),TV-MA,51 min,"Comedy, Drama, Romance",7.900000095367432,80
Love Alarm,(2019–2021),TV-MA,49 min,"Comedy, Drama, Romance",7.699999809265137,83
Love Alarm,(2019–2021),TV-MA,47 min,"Comedy, Drama, Romance",7.699999809265137,80
Love Alarm,(2019–2021),TV-MA,41 min,"Comedy, Drama, Romance",7.0,90
Hero Mask,(2018–2019),TV-14,24 min,"Animation, Action, Crime",6.599999904632568,15
Hero Mask,(2018–2019),TV-14,24 min,"Animation, Action, Crime",6.099999904632568,16
Hero Mask,(2018–2019),TV-14,24 min,"Animation, Action, Crime",6.5,12
Hero Mask,(2018–2019),TV-14,24 min,"Animation, Action, Crime",6.599999904632568,12
Hero Mask,(2018–2019),TV-14,24 min,"Animation, Action, Crime",6.599999904632568,11
Hero Mask,(2018–2019),TV-14,24 min,"Animation, Action, Crime",6.5,11
Hero Mask,(2018–2019),TV-14,24 min,"Animation, Action, Crime",6.699999809265137,11
Hero Mask,(2018–2019),TV-14,24 min,"Animation, Action, Crime",6.5,11
Hero Mask,(2018–2019),TV-14,24 min,"Animation, Action, Crime",6.699999809265137,10
Big Mouth,(2017– ),TV-MA,27 min,"Animation, Comedy, Romance",7.599999904632568,857
Big Mouth,(2017– ),TV-MA,27 min,"Animation, Comedy, Romance",7.800000190734863,613
Marianne,(2019),TV-MA,52 min,"Drama, Horror, Mystery",7.699999809265137,822
Marianne,(2019),TV-MA,,"Drama, Horror, Mystery",7.199999809265137,668
Marianne,(2019),TV-MA,,"Drama, Horror, Mystery",7.5,595
Marianne,(2019),TV-MA,,"Drama, Horror, Mystery",7.699999809265137,555
Marianne,(2019),TV-MA,,"Drama, Horror, Mystery",8.100000381469727,563
Marianne,(2019),TV-MA,,"Drama, Horror, Mystery",7.699999809265137,500
Marianne,(2019),TV-MA,,"Drama, Horror, Mystery",7.5,484
Marianne,(2019),TV-MA,,"Drama, Horror, Mystery",7.699999809265137,503
The Gift,(2019–2021),TV-MA,,"Drama, Fantasy, Mystery",7.199999809265137,337
The Gift,(2019–2021),TV-MA,,"Drama, Fantasy, Mystery",7.300000190734863,374
Titans,(2018– ),TV-MA,50 min,"Action, Adventure, Crime",5.599999904632568,"3,492"
Riverdale,(2017– ),TV-14,42 min,"Crime, Drama, Mystery",6.699999809265137,"1,010"
Riverdale,(2017– ),TV-14,42 min,"Crime, Drama, Mystery",7.5,964
BattleBots,(2015– ),TV-PG,83 min,"Action, Game-Show, Reality-TV",8.399999618530273,16
Young Wallander,(2020– ),TV-MA,,"Crime, Drama, Mystery",7.199999809265137,542
Inside Bill's Brain: Decoding Bill Gates,(2019),TV-14,,Documentary,7.900000095367432,517
Power Rangers Beast Morphers,(2019–2020),TV-Y7,,"Action, Adventure, Comedy",8.699999809265137,30
Power Rangers Beast Morphers,(2019–2020),TV-Y7,,"Action, Adventure, Comedy",9.0,30
Power Rangers Beast Morphers,(2019–2020),TV-Y7,,"Action, Adventure, Comedy",8.699999809265137,33
Power Rangers Beast Morphers,(2019–2020),TV-Y7,,"Action, Adventure, Comedy",7.0,33
Ginny & Georgia,(2021– ),TV-MA,51 min,"Comedy, Drama",7.400000095367432,641
Unsolved Mysteries,(2020– ),TV-MA,36 min,"Documentary, Crime, Mystery",7.0,604
Unsolved Mysteries,(2020– ),TV-MA,53 min,"Documentary, Crime, Mystery",7.800000190734863,"1,522"
Unsolved Mysteries,(2020– ),TV-MA,52 min,"Documentary, Crime, Mystery",7.099999904632568,"1,256"
Unsolved Mysteries,(2020– ),TV-MA,45 min,"Documentary, Crime, Mystery",8.100000381469727,"1,318"
Unsolved Mysteries,(2020– ),TV-MA,47 min,"Documentary, Crime, Mystery",6.800000190734863,749
The Irregulars,(2021),TV-14,58 min,"Crime, Drama, Fantasy",6.300000190734863,778
The Irregulars,(2021),TV-14,49 min,"Crime, Drama, Fantasy",6.800000190734863,572
Toy Boy,(2019– ),TV-MA,,"Action, Adventure, Crime",7.300000190734863,197
Toy Boy,(2019– ),TV-MA,,"Action, Adventure, Crime",7.400000095367432,186
Toy Boy,(2019– ),TV-MA,,"Action, Adventure, Crime",7.199999809265137,175
The House of Flowers,(2018–2020),TV-MA,36 min,"Comedy, Drama",6.5,130
The House of Flowers,(2018–2020),TV-MA,33 min,"Comedy, Drama",7.800000190734863,144
Jack Whitehall: Travels with My Father,(2017–2021),TV-MA,50 min,"Documentary, Comedy",7.300000190734863,154
Ginny & Georgia,(2021– ),TV-MA,50 min,"Comedy, Drama",7.599999904632568,719
Rhythm + Flow,(2019– ),TV-MA,,"Music, Reality-TV",7.800000190734863,95
Rhythm + Flow,(2019– ),TV-MA,,"Music, Reality-TV",7.099999904632568,82
Rhythm + Flow,(2019– ),TV-MA,,"Music, Reality-TV",7.400000095367432,80
Rhythm + Flow,(2019– ),TV-MA,,"Music, Reality-TV",8.300000190734863,80
Rhythm + Flow,(2019– ),TV-MA,,"Music, Reality-TV",7.800000190734863,60
Rhythm + Flow,(2019– ),TV-MA,,"Music, Reality-TV",8.0,59
Rhythm + Flow,(2019– ),TV-MA,,"Music, Reality-TV",8.600000381469727,59
Rhythm + Flow,(2019– ),TV-MA,,"Music, Reality-TV",9.0,71
Jupiter's Legacy,(2021),TV-MA,48 min,"Action, Adventure, Drama",7.0,"1,190"
Jupiter's Legacy,(2021),TV-MA,44 min,"Action, Adventure, Drama",7.199999809265137,"1,170"
Jupiter's Legacy,(2021),TV-MA,36 min,"Action, Adventure, Drama",7.199999809265137,"1,238"
Jupiter's Legacy,(2021),TV-MA,56 min,"Action, Adventure, Drama",7.699999809265137,"1,264"
Grace and Frankie,(2015–2022),TV-MA,28 min,Comedy,7.599999904632568,344
Grace and Frankie,(2015–2022),TV-MA,32 min,Comedy,8.899999618530273,458
Ginny & Georgia,(2021– ),TV-MA,58 min,"Comedy, Drama",7.5,873
Power Rangers Beast Morphers,(2019–2020),TV-Y7,,"Action, Adventure, Comedy",7.300000190734863,34
Super Monsters,(2017– ),TV-Y,24 min,"Animation, Adventure, Comedy",5.900000095367432,52
Jack Whitehall: Travels with My Father,(2017–2021),TV-MA,60 min,"Documentary, Comedy",7.699999809265137,139
Workin' Moms,(2017–2023),TV-MA,,"Comedy, Drama",7.300000190734863,97
Workin' Moms,(2017–2023),TV-MA,,"Comedy, Drama",7.699999809265137,92
Workin' Moms,(2017–2023),TV-MA,,"Comedy, Drama",7.5,89
Workin' Moms,(2017–2023),TV-MA,,"Comedy, Drama",7.699999809265137,108
The Irregulars,(2021),TV-14,52 min,"Crime, Drama, Fantasy",7.0,519
The Irregulars,(2021),TV-14,51 min,"Crime, Drama, Fantasy",7.0,472
The Irregulars,(2021),TV-14,56 min,"Crime, Drama, Fantasy",7.0,440
The Irregulars,(2021),TV-14,53 min,"Crime, Drama, Fantasy",6.800000190734863,409
The Irregulars,(2021),TV-14,49 min,"Crime, Drama, Fantasy",7.0,408
The Irregulars,(2021),TV-14,55 min,"Crime, Drama, Fantasy",7.0,431
The Serpent,(2021),TV-MA,59 min,"Crime, Drama, Thriller",7.199999809265137,"1,127"
Workin' Moms,(2017–2023),TV-MA,,"Comedy, Drama",7.599999904632568,91
Riverdale,(2017– ),TV-14,41 min,"Crime, Drama, Mystery",7.199999809265137,885
Brews Brothers,(2020),TV-MA,,"Comedy, Drama",5.400000095367432,107
The Big Show Show,(2020),TV-G,27 min,Comedy,6.5,170
The Big Show Show,(2020),TV-G,25 min,Comedy,6.900000095367432,133
The Big Show Show,(2020),TV-G,27 min,Comedy,6.800000190734863,123
The Big Show Show,(2020),TV-G,26 min,Comedy,6.900000095367432,118
The Big Show Show,(2020),TV-G,26 min,Comedy,7.099999904632568,115
The Big Show Show,(2020),TV-G,25 min,Comedy,7.300000190734863,116
The Big Show Show,(2020),TV-G,26 min,Comedy,7.599999904632568,104
The Big Show Show,(2020),TV-G,28 min,Comedy,7.5,109
Dead to Me,(2019–2022),TV-MA,32 min,"Comedy, Crime, Drama",7.599999904632568,"1,181"
Dead to Me,(2019–2022),TV-MA,30 min,"Comedy, Crime, Drama",7.599999904632568,"1,149"
Dead to Me,(2019–2022),TV-MA,31 min,"Comedy, Crime, Drama",7.699999809265137,"1,147"
Dead to Me,(2019–2022),TV-MA,34 min,"Comedy, Crime, Drama",7.800000190734863,"1,100"
Dead to Me,(2019–2022),TV-MA,32 min,"Comedy, Crime, Drama",8.100000381469727,"1,149"
Dead to Me,(2019–2022),TV-MA,34 min,"Comedy, Crime, Drama",7.900000095367432,"1,094"
Dead to Me,(2019–2022),TV-MA,34 min,"Comedy, Crime, Drama",7.900000095367432,"1,076"
Dead to Me,(2019–2022),TV-MA,32 min,"Comedy, Crime, Drama",8.699999809265137,"1,267"
Dead to Me,(2019–2022),TV-MA,34 min,"Comedy, Crime, Drama",8.600000381469727,"1,322"
"The Mind, Explained",(2019– ),TV-14,,Documentary,7.699999809265137,450
"The Mind, Explained",(2019– ),TV-14,19 min,Documentary,7.599999904632568,385
"The Mind, Explained",(2019– ),TV-14,21 min,Documentary,7.699999809265137,363
"The Mind, Explained",(2019– ),TV-14,,Documentary,7.699999809265137,352
"The Mind, Explained",(2019– ),TV-14,,Documentary,8.0,371
BattleBots,(2015– ),TV-PG,83 min,"Action, Game-Show, Reality-TV",8.800000190734863,18
High Seas,(2019–2020),TV-MA,,"Crime, Drama, Mystery",7.300000190734863,116
High Seas,(2019–2020),TV-MA,,"Crime, Drama, Mystery",6.699999809265137,134
Lucifer,(2016–2021),TV-14,53 min,"Crime, Drama, Fantasy",9.199999809265137,"4,474"
Brews Brothers,(2020),TV-MA,,"Comedy, Drama",6.199999809265137,68
Brews Brothers,(2020),TV-MA,,"Comedy, Drama",6.400000095367432,62
Brews Brothers,(2020),TV-MA,,"Comedy, Drama",6.0,65
Brews Brothers,(2020),TV-MA,,"Comedy, Drama",6.800000190734863,51
Brews Brothers,(2020),TV-MA,,"Comedy, Drama",6.900000095367432,56
Brews Brothers,(2020),TV-MA,,"Comedy, Drama",5.900000095367432,57
Brews Brothers,(2020),TV-MA,,"Comedy, Drama",6.599999904632568,48
The Worst Witch,(2017– ),TV-Y7,,"Family, Fantasy",8.199999809265137,32
Inside Bill's Brain: Decoding Bill Gates,(2019),TV-14,,Documentary,7.900000095367432,455
Inside Bill's Brain: Decoding Bill Gates,(2019),TV-14,,Documentary,7.900000095367432,415
The Worst Witch,(2017– ),TV-Y7,,"Family, Fantasy",8.600000381469727,35
The Worst Witch,(2017– ),TV-Y7,,"Family, Fantasy",8.100000381469727,28
Fate: The Winx Saga,(2021– ),TV-MA,53 min,"Action, Adventure, Drama",7.0,"1,357"
Fate: The Winx Saga,(2021– ),TV-MA,48 min,"Action, Adventure, Drama",7.199999809265137,"1,152"
Fate: The Winx Saga,(2021– ),TV-MA,51 min,"Action, Adventure, Drama",7.400000095367432,"1,115"
Fate: The Winx Saga,(2021– ),TV-MA,47 min,"Action, Adventure, Drama",7.400000095367432,"1,066"
"Breakfast, Lunch & Dinner",(2019– ),,,Documentary,6.199999809265137,66
Fate: The Winx Saga,(2021– ),TV-MA,50 min,"Action, Adventure, Drama",7.5,"1,097"
Fate: The Winx Saga,(2021– ),TV-MA,53 min,"Action, Adventure, Drama",7.900000095367432,"1,304"
The Innocent,(2021),TV-MA,51 min,"Crime, Drama, Mystery",7.699999809265137,951
The Innocent,(2021),TV-MA,49 min,"Crime, Drama, Mystery",7.900000095367432,885
The Innocent,(2021),TV-MA,58 min,"Crime, Drama, Mystery",7.900000095367432,787
The Innocent,(2021),TV-MA,58 min,"Crime, Drama, Mystery",8.0,781
The Innocent,(2021),TV-MA,66 min,"Crime, Drama, Mystery",8.0,800
The Innocent,(2021),TV-MA,57 min,"Crime, Drama, Mystery",8.0,753
The Innocent,(2021),TV-MA,54 min,"Crime, Drama, Mystery",8.0,744
The Innocent,(2021),TV-MA,71 min,"Crime, Drama, Mystery",8.100000381469727,803
Vagabond,(2019),,,"Action, Mystery, Thriller",8.5,232
Vagabond,(2019),,,"Action, Mystery, Thriller",8.399999618530273,184
BattleBots,(2015– ),TV-PG,83 min,"Action, Game-Show, Reality-TV",8.399999618530273,20
BattleBots,(2015– ),TV-PG,83 min,"Action, Game-Show, Reality-TV",7.900000095367432,17
My Next Guest Needs No Introduction with David Letterman,(2018– ),TV-MA,61 min,Talk-Show,8.800000190734863,"1,329"
Mythomaniac,(2019–2021),,41 min,Drama,6.800000190734863,59
Mythomaniac,(2019–2021),,45 min,Drama,7.199999809265137,46
Mythomaniac,(2019–2021),,46 min,Drama,7.5,40
Mythomaniac,(2019–2021),,44 min,Drama,7.199999809265137,35
Mythomaniac,(2019–2021),,44 min,Drama,7.300000190734863,32
Mythomaniac,(2019–2021),,54 min,Drama,7.0,35
The Politician,(2019– ),TV-MA,37 min,"Comedy, Drama",8.0,489
Hollywood,(2020),TV-MA,51 min,"Drama, History",7.900000095367432,"1,511"
Vagabond,(2019),,,"Action, Mystery, Thriller",8.399999618530273,167
Vagabond,(2019),,,"Action, Mystery, Thriller",8.600000381469727,158
BoJack Horseman,(2014–2020),TV-MA,26 min,"Animation, Comedy, Drama",8.5,"3,166"
BoJack Horseman,(2014–2020),TV-MA,26 min,"Animation, Comedy, Drama",8.0,"2,919"
BoJack Horseman,(2014–2020),TV-MA,26 min,"Animation, Comedy, Drama",9.0,"3,450"
BoJack Horseman,(2014–2020),TV-MA,26 min,"Animation, Comedy, Drama",8.0,"2,665"
BoJack Horseman,(2014–2020),TV-MA,26 min,"Animation, Comedy, Drama",8.100000381469727,"2,717"
BoJack Horseman,(2014–2020),TV-MA,27 min,"Animation, Comedy, Drama",9.300000190734863,"4,161"
BoJack Horseman,(2014–2020),TV-MA,26 min,"Animation, Comedy, Drama",8.5,"2,962"
BoJack Horseman,(2014–2020),TV-MA,26 min,"Animation, Comedy, Drama",8.300000190734863,"2,780"
BoJack Horseman,(2014–2020),TV-MA,26 min,"Animation, Comedy, Drama",8.600000381469727,"2,734"
BoJack Horseman,(2014–2020),TV-MA,26 min,"Animation, Comedy, Drama",8.899999618530273,"3,200"
BoJack Horseman,(2014–2020),TV-MA,26 min,"Animation, Comedy, Drama",8.600000381469727,"2,752"
BoJack Horseman,(2014–2020),TV-MA,26 min,"Animation, Comedy, Drama",8.899999618530273,"3,112"
BoJack Horseman,(2014–2020),TV-MA,26 min,"Animation, Comedy, Drama",9.199999809265137,"3,362"
BoJack Horseman,(2014–2020),TV-MA,26 min,"Animation, Comedy, Drama",9.899999618530273,"16,066"
BoJack Horseman,(2014–2020),TV-MA,27 min,"Animation, Comedy, Drama",9.5,"6,230"
Toy Boy,(2019– ),TV-MA,,"Action, Adventure, Crime",7.300000190734863,168
Toy Boy,(2019– ),TV-MA,,"Action, Adventure, Crime",7.5,167
Toy Boy,(2019– ),TV-MA,,"Action, Adventure, Crime",7.300000190734863,166
The Good Place,(2016–2020),TV-PG,22 min,"Comedy, Drama, Fantasy",7.300000190734863,"1,871"
The Good Place,(2016–2020),TV-PG,22 min,"Comedy, Drama, Fantasy",8.199999809265137,"1,937"
The Good Place,(2016–2020),TV-PG,22 min,"Comedy, Drama, Fantasy",8.399999618530273,"1,983"
Dynasty,(2017–2022),TV-14,42 min,Drama,7.699999809265137,453
Black Lightning,(2017–2021),TV-14,42 min,"Action, Drama, Sci-Fi",6.699999809265137,391
Hollywood,(2020),TV-MA,44 min,"Drama, History",7.699999809265137,"1,526"
Hollywood,(2020),TV-MA,57 min,"Drama, History",7.900000095367432,"1,463"
Hollywood,(2020),TV-MA,47 min,"Drama, History",7.900000095367432,"1,408"
Hollywood,(2020),TV-MA,56 min,"Drama, History",8.0,"1,393"
Hollywood,(2020),TV-MA,48 min,"Drama, History",8.199999809265137,"1,430"
Good Girls,(2018–2021),TV-14,41 min,"Comedy, Crime, Drama",7.099999904632568,452
Anne with an E,(2017–2019),TV-PG,44 min,"Drama, Family",9.199999809265137,"1,995"
Stranger Things,(2016– ),TV-14,78 min,"Drama, Fantasy, Horror",8.100000381469727,"20,825"
Tiny House Nation,(2014– ),TV-PG,41 min,Reality-TV,7.300000190734863,25
Tiny House Nation,(2014– ),TV-PG,41 min,Reality-TV,7.400000095367432,24
Tiny House Nation,(2014– ),TV-PG,42 min,Reality-TV,7.099999904632568,22
Tiny House Nation,(2014– ),TV-PG,41 min,Reality-TV,6.5,25
Tiny House Nation,(2014– ),TV-PG,41 min,Reality-TV,8.0,26
Tiny House Nation,(2014– ),TV-PG,40 min,Reality-TV,7.099999904632568,22
Living Undocumented,(2019– ),,,Documentary,6.199999809265137,42
Toy Boy,(2019– ),TV-MA,,"Action, Adventure, Crime",7.300000190734863,166
Toy Boy,(2019– ),TV-MA,,"Action, Adventure, Crime",7.400000095367432,160
Toy Boy,(2019– ),TV-MA,,"Action, Adventure, Crime",7.300000190734863,161
Toy Boy,(2019– ),TV-MA,,"Action, Adventure, Crime",7.300000190734863,162
Toy Boy,(2019– ),TV-MA,,"Action, Adventure, Crime",7.199999809265137,163
Toy Boy,(2019– ),TV-MA,,"Action, Adventure, Crime",6.599999904632568,228
Lucifer,(2016–2021),TV-14,54 min,"Crime, Drama, Fantasy",8.399999618530273,"3,837"
Living Undocumented,(2019– ),,,Documentary,6.300000190734863,34
Living Undocumented,(2019– ),,,Documentary,5.900000095367432,31
Living Undocumented,(2019– ),,,Documentary,5.900000095367432,30
Living Undocumented,(2019– ),,,Documentary,5.900000095367432,32
Riverdale,(2017– ),TV-14,42 min,"Crime, Drama, Mystery",7.0,855
Riverdale,(2017– ),TV-14,42 min,"Crime, Drama, Mystery",7.400000095367432,885
Black Lightning,(2017–2021),TV-14,42 min,"Action, Drama, Sci-Fi",7.300000190734863,405
Dynasty,(2017–2022),TV-14,42 min,Drama,7.699999809265137,419
Sneakerheads,(2020),TV-MA,,Comedy,6.5,57
Sneakerheads,(2020),TV-MA,,Comedy,6.800000190734863,53
Sneakerheads,(2020),TV-MA,,Comedy,6.699999809265137,51
Sneakerheads,(2020),TV-MA,,Comedy,6.400000095367432,43
Sneakerheads,(2020),TV-MA,,Comedy,6.5,41
Sneakerheads,(2020),TV-MA,,Comedy,6.5,41
We Are the Wave,(2019– ),,48 min,Drama,6.599999904632568,162
We Are the Wave,(2019– ),,45 min,Drama,6.400000095367432,125
We Are the Wave,(2019– ),,49 min,Drama,6.599999904632568,107
Explained,(2018– ),TV-MA,,Documentary,8.0,378
Vagabond,(2019),,,"Action, Mystery, Thriller",8.600000381469727,145
Vagabond,(2019),,,"Action, Mystery, Thriller",8.800000190734863,156
Power Rangers Beast Morphers,(2019–2020),TV-Y7,,"Action, Adventure, Comedy",8.800000190734863,43
Power Rangers Beast Morphers,(2019–2020),TV-Y7,,"Action, Adventure, Comedy",8.5,33
Power Rangers Beast Morphers,(2019–2020),TV-Y7,,"Action, Adventure, Comedy",8.300000190734863,34
Beastars,(2019– ),TV-MA,23 min,"Animation, Crime, Drama",7.599999904632568,511
Unnatural Selection,(2019– ),TV-MA,70 min,Documentary,7.599999904632568,127
Unnatural Selection,(2019– ),TV-MA,64 min,Documentary,7.199999809265137,94
Unnatural Selection,(2019– ),TV-MA,62 min,Documentary,7.300000190734863,87
Unnatural Selection,(2019– ),TV-MA,68 min,Documentary,7.5,87
Anne with an E,(2017–2019),TV-PG,44 min,"Drama, Family",8.899999618530273,"1,718"
Servant of the People,(2015–2019),TV-MA,,Comedy,7.400000095367432,52
The Worst Witch,(2017– ),TV-Y7,28 min,"Family, Fantasy",8.100000381469727,29
The Worst Witch,(2017– ),TV-Y7,25 min,"Family, Fantasy",8.199999809265137,30
The Worst Witch,(2017– ),TV-Y7,,"Family, Fantasy",8.300000190734863,30
The Sinner,(2017–2021),TV-MA,43 min,"Crime, Drama, Mystery",6.699999809265137,"1,687"
Rhythm + Flow,(2019– ),TV-MA,,"Music, Reality-TV",7.400000095367432,66
Ginny & Georgia,(2021– ),TV-MA,50 min,"Comedy, Drama",7.5,675
Lucifer,(2016–2021),TV-14,55 min,"Crime, Drama, Fantasy",6.400000095367432,"5,073"
Cable Girls,(2017–2020),TV-MA,,Drama,7.800000190734863,77
Queen Sono,(2020–2021),TV-MA,,"Action, Crime, Drama",6.800000190734863,63
Rhythm + Flow,(2019– ),TV-MA,,"Music, Reality-TV",8.199999809265137,74
Explained,(2018– ),TV-MA,,Documentary,8.0,349
Vagabond,(2019),,,"Action, Mystery, Thriller",8.5,140
Vagabond,(2019),,,"Action, Mystery, Thriller",8.800000190734863,141
The Drew Barrymore Show,(2020– ),TV-PG,44 min,Talk-Show,6.0,19
The Sinner,(2017–2021),TV-MA,45 min,"Crime, Drama, Mystery",7.099999904632568,"1,720"
Dynasty,(2017–2022),TV-PG,42 min,Drama,7.099999904632568,521
"Breakfast, Lunch & Dinner",(2019– ),,,Documentary,7.5,136
Unsolved Mysteries,(2020– ),TV-MA,47 min,"Documentary, Crime, Mystery",5.099999904632568,679
Anne with an E,(2017–2019),TV-PG,44 min,"Drama, Family",9.100000381469727,"1,776"
The Last Kingdom,(2015–2022),TV-14,51 min,"Action, Drama, History",9.300000190734863,"2,846"
Good Girls,(2018–2021),TV-14,42 min,"Comedy, Crime, Drama",7.900000095367432,469
Lucifer,(2016–2021),TV-14,55 min,"Crime, Drama, Fantasy",8.699999809265137,"3,831"
Explained,(2018– ),TV-MA,,Documentary,7.0,297
Scams,(2019– ),,,"Action, Crime, Drama",6.800000190734863,9
Scams,(2019– ),,,"Action, Crime, Drama",,
Scams,(2019– ),,,"Action, Crime, Drama",,
Dynasty,(2017–2022),TV-14,42 min,Drama,7.599999904632568,429
The House of Flowers,(2018–2020),TV-MA,32 min,"Comedy, Drama",6.5,161
The House of Flowers,(2018–2020),TV-MA,31 min,"Comedy, Drama",6.699999809265137,149
The House of Flowers,(2018–2020),TV-MA,31 min,"Comedy, Drama",6.400000095367432,147
The House of Flowers,(2018–2020),TV-MA,29 min,"Comedy, Drama",6.5,137
The House of Flowers,(2018–2020),TV-MA,29 min,"Comedy, Drama",6.400000095367432,130
The House of Flowers,(2018–2020),TV-MA,33 min,"Comedy, Drama",6.800000190734863,128
Vagabond,(2019),,,"Action, Mystery, Thriller",8.699999809265137,131
Vagabond,(2019),,,"Action, Mystery, Thriller",8.800000190734863,139
Barbarians,(2020– ),TV-MA,49 min,"Action, Adventure, Drama",8.0,"1,082"
Barbarians,(2020– ),TV-MA,46 min,"Action, Adventure, Drama",7.300000190734863,843
Top Gear,(2002– ),TV-PG,51 min,"Adventure, Comedy, Reality-TV",8.199999809265137,245
Snowpiercer,(2020–2023),TV-MA,47 min,"Action, Drama, Sci-Fi",7.699999809265137,"1,444"
The Haunting of Bly Manor,(2020),TV-MA,56 min,"Drama, Horror, Mystery",7.400000095367432,"3,890"
Mortel,(2019–2021),TV-MA,49 min,"Crime, Drama, Fantasy",7.0,73
She-Ra and the Princesses of Power,(2018–2020),TV-Y7,24 min,"Animation, Action, Adventure",8.0,"1,017"
She-Ra and the Princesses of Power,(2018–2020),TV-Y7,24 min,"Animation, Action, Adventure",7.900000095367432,996
She-Ra and the Princesses of Power,(2018–2020),TV-Y7,24 min,"Animation, Action, Adventure",7.699999809265137,988
The Sinner,(2017–2021),TV-MA,44 min,"Crime, Drama, Mystery",7.0,"1,703"
Snowpiercer,(2020–2023),TV-MA,46 min,"Action, Drama, Sci-Fi",8.199999809265137,"1,472"
Snowpiercer,(2020–2023),TV-MA,47 min,"Action, Drama, Sci-Fi",7.199999809265137,988
Snowpiercer,(2020–2023),TV-MA,48 min,"Action, Drama, Sci-Fi",7.699999809265137,"1,108"
Snowpiercer,(2020–2023),TV-MA,47 min,"Action, Drama, Sci-Fi",7.699999809265137,"1,012"
Snowpiercer,(2020–2023),TV-MA,47 min,"Action, Drama, Sci-Fi",8.100000381469727,"1,210"
Ghost in the Shell SAC_2045,(2020– ),TV-14,25 min,"Animation, Action, Crime",6.199999809265137,162
Snowpiercer,(2020–2023),TV-MA,48 min,"Action, Drama, Sci-Fi",7.5,"1,227"
Snowpiercer,(2020–2023),TV-MA,45 min,"Action, Drama, Sci-Fi",7.5,"1,149"
Snowpiercer,(2020–2023),TV-MA,47 min,"Action, Drama, Sci-Fi",7.099999904632568,"1,096"
Explained,(2018– ),TV-MA,,Documentary,7.5,331
The Politician,(2019– ),TV-MA,44 min,"Comedy, Drama",7.800000190734863,518
The Politician,(2019– ),TV-MA,41 min,"Comedy, Drama",7.800000190734863,515
The Politician,(2019– ),TV-MA,28 min,"Comedy, Drama",8.600000381469727,584
The Politician,(2019– ),TV-MA,35 min,"Comedy, Drama",8.0,473
The Politician,(2019– ),TV-MA,44 min,"Comedy, Drama",8.300000190734863,559
Snowpiercer,(2020–2023),TV-MA,48 min,"Action, Drama, Sci-Fi",7.199999809265137,"1,019"
The Stranded,(2019),TV-MA,46 min,"Adventure, Drama, Mystery",7.0,74
Good Girls,(2018–2021),TV-14,42 min,"Comedy, Crime, Drama",7.699999809265137,428
Stranger Things,(2016– ),TV-14,77 min,"Drama, Fantasy, Horror",8.100000381469727,"18,101"
Stranger Things,(2016– ),TV-14,63 min,"Drama, Fantasy, Horror",8.300000190734863,"17,417"
Stranger Things,(2016– ),TV-14,78 min,"Drama, Fantasy, Horror",9.399999618530273,"32,816"
Stranger Things,(2016– ),TV-14,76 min,"Drama, Fantasy, Horror",8.100000381469727,"16,606"
Stranger Things,(2016– ),TV-14,75 min,"Drama, Fantasy, Horror",8.5,"16,937"
Stranger Things,(2016– ),TV-14,98 min,"Drama, Fantasy, Horror",9.600000381469727,"36,276"
Stranger Things,(2016– ),TV-14,85 min,"Drama, Fantasy, Horror",8.600000381469727,"18,702"
The Salisbury Poisonings,(2020),TV-14,56 min,"Drama, History, Thriller",7.5,310
The Salisbury Poisonings,(2020),TV-14,59 min,"Drama, History, Thriller",7.199999809265137,276
The Salisbury Poisonings,(2020),TV-14,59 min,"Drama, History, Thriller",7.099999904632568,248
The Dragon Prince,(2018– ),TV-Y7,,"Animation, Action, Adventure",8.399999618530273,557
Vagabond,(2019),,,"Action, Mystery, Thriller",8.600000381469727,135
Vagabond,(2019),,,"Action, Mystery, Thriller",9.300000190734863,187
Avatar: The Last Airbender,(2005–2008),TV-Y7,25 min,"Animation, Action, Adventure",9.5,"4,740"
The Serpent,(2021),TV-MA,58 min,"Crime, Drama, Thriller",7.400000095367432,916
The Serpent,(2021),TV-MA,58 min,"Crime, Drama, Thriller",8.0,903
The Serpent,(2021),TV-MA,58 min,"Crime, Drama, Thriller",7.699999809265137,816
The Serpent,(2021),TV-MA,55 min,"Crime, Drama, Thriller",7.800000190734863,802
The Serpent,(2021),TV-MA,56 min,"Crime, Drama, Thriller",7.5,750
The Serpent,(2021),TV-MA,55 min,"Crime, Drama, Thriller",7.800000190734863,724
Hi Score Girl,(2018–2019),TV-PG,25 min,"Animation, Comedy, Romance",7.800000190734863,59
Dynasty,(2017–2022),TV-PG,42 min,Drama,7.800000190734863,433
The Umbrella Academy,(2019–2023),TV-14,47 min,"Action, Adventure, Comedy",8.5,"3,734"
The Umbrella Academy,(2019–2023),TV-14,40 min,"Action, Adventure, Comedy",8.699999809265137,"3,929"
Johnny Test,(2005–2014),TV-Y7,23 min,"Animation, Action, Adventure",5.800000190734863,32
Virgin River,(2019– ),TV-14,45 min,"Drama, Romance",7.599999904632568,497
Virgin River,(2019– ),TV-14,44 min,"Drama, Romance",7.400000095367432,425
Virgin River,(2019– ),TV-14,44 min,"Drama, Romance",7.599999904632568,481
Virgin River,(2019– ),TV-14,43 min,"Drama, Romance",7.400000095367432,419
Virgin River,(2019– ),TV-14,48 min,"Drama, Romance",7.400000095367432,393
Grace and Frankie,(2015–2022),TV-MA,28 min,Comedy,7.599999904632568,347
Jamtara: Sabka Number Ayega,(2020– ),,34 min,Crime,7.400000095367432,158
13 Reasons Why,(2017–2020),TV-MA,59 min,"Drama, Mystery, Thriller",5.099999904632568,"1,868"
The Dragon Prince,(2018– ),TV-Y7,,"Animation, Action, Adventure",8.300000190734863,525
Super Monsters,(2017– ),TV-Y,23 min,"Animation, Adventure, Comedy",4.800000190734863,68
Anne with an E,(2017–2019),TV-PG,44 min,"Drama, Family",9.5,"2,488"
The Dragon Prince,(2018– ),TV-Y7,,"Animation, Action, Adventure",8.5,529
The Boondocks,(2005–2014),TV-MA,21 min,"Animation, Action, Comedy",8.699999809265137,387
The Dragon Prince,(2018– ),TV-Y7,,"Animation, Action, Adventure",8.300000190734863,522
Lucifer,(2016–2021),TV-14,56 min,"Crime, Drama, Fantasy",8.699999809265137,"3,832"
The Dragon Prince,(2018– ),TV-Y7,,"Animation, Action, Adventure",8.600000381469727,540
Hi Score Girl,(2018–2019),TV-PG,25 min,"Animation, Comedy, Romance",7.099999904632568,50
The Minions of Midas,(2020),TV-MA,49 min,"Crime, Drama, Thriller",7.099999904632568,175
The Minions of Midas,(2020),TV-MA,53 min,"Crime, Drama, Thriller",6.900000095367432,147
The Minions of Midas,(2020),TV-MA,51 min,"Crime, Drama, Thriller",6.900000095367432,136
The Minions of Midas,(2020),TV-MA,55 min,"Crime, Drama, Thriller",6.800000190734863,120
The Minions of Midas,(2020),TV-MA,51 min,"Crime, Drama, Thriller",6.900000095367432,132
The Minions of Midas,(2020),TV-MA,57 min,"Crime, Drama, Thriller",6.400000095367432,133
Explained,(2018– ),TV-MA,,Documentary,7.199999809265137,291
Magic for Humans,(2018– ),TV-PG,,"Comedy, Reality-TV",7.099999904632568,85
Magic for Humans,(2018– ),TV-PG,,"Comedy, Reality-TV",7.5,74
Magic for Humans,(2018– ),TV-PG,,"Comedy, Reality-TV",7.5,70
Magic for Humans,(2018– ),TV-PG,,"Comedy, Reality-TV",7.5,67
Magic for Humans,(2018– ),TV-PG,,"Comedy, Reality-TV",7.5,62
Magic for Humans,(2018– ),TV-PG,,"Comedy, Reality-TV",8.0,76
Cable Girls,(2017–2020),TV-MA,,Drama,7.599999904632568,103
Cable Girls,(2017–2020),TV-MA,,Drama,7.599999904632568,98
Cable Girls,(2017–2020),TV-MA,,Drama,7.5,99
Cable Girls,(2017–2020),TV-MA,,Drama,7.599999904632568,116
Cable Girls,(2017–2020),TV-MA,,Drama,7.599999904632568,84
Cable Girls,(2017–2020),TV-MA,,Drama,7.599999904632568,77
Cable Girls,(2017–2020),TV-MA,,Drama,7.900000095367432,83
Cable Girls,(2017–2020),TV-MA,,Drama,5.900000095367432,163
Inventing Anna,(2022),TV-MA,65 min,Drama,6.699999809265137,"1,300"
Inventing Anna,(2022),TV-MA,68 min,Drama,7.099999904632568,"1,081"
Inventing Anna,(2022),TV-MA,65 min,Drama,7.099999904632568,946
Inventing Anna,(2022),TV-MA,59 min,Drama,7.300000190734863,945
Inventing Anna,(2022),TV-MA,75 min,Drama,7.300000190734863,913
Inventing Anna,(2022),TV-MA,60 min,Drama,7.400000095367432,936
Inventing Anna,(2022),TV-MA,60 min,Drama,7.199999809265137,869
Inventing Anna,(2022),TV-MA,73 min,Drama,6.599999904632568,922
Inventing Anna,(2022),TV-MA,83 min,Drama,6.800000190734863,916
Dynasty,(2017–2022),TV-PG,42 min,Drama,7.800000190734863,424
Pokémon,(1997– ),TV-Y7-FV,25 min,"Animation, Action, Adventure",8.199999809265137,191
The Dragon Prince,(2018– ),TV-Y7,,"Animation, Action, Adventure",8.600000381469727,528
High Seas,(2019–2020),TV-MA,,"Crime, Drama, Mystery",7.400000095367432,120
High Seas,(2019–2020),TV-MA,,"Crime, Drama, Mystery",7.199999809265137,104
Vagabond,(2019),,,"Action, Mystery, Thriller",8.600000381469727,122
The Stranded,(2019),TV-MA,46 min,"Adventure, Drama, Mystery",6.800000190734863,53
The Stranded,(2019),TV-MA,47 min,"Adventure, Drama, Mystery",6.900000095367432,51
The Stranded,(2019),TV-MA,53 min,"Adventure, Drama, Mystery",7.0,52
The Stranded,(2019),TV-MA,53 min,"Adventure, Drama, Mystery",6.800000190734863,50
The Stranded,(2019),TV-MA,46 min,"Adventure, Drama, Mystery",7.099999904632568,51
The House of Flowers,(2018–2020),TV-MA,35 min,"Comedy, Drama",7.5,296
The Dragon Prince,(2018– ),TV-Y7,,"Animation, Action, Adventure",8.899999618530273,555
Vagabond,(2019),,,"Action, Mystery, Thriller",8.300000190734863,119
Vagabond,(2019),,,"Action, Mystery, Thriller",8.699999809265137,128
Vagabond,(2019),,,"Action, Mystery, Thriller",7.800000190734863,169
Top Gear,(2002– ),TV-PG,50 min,"Adventure, Comedy, Reality-TV",8.699999809265137,317
The Devil Next Door,(2019),TV-MA,44 min,"Documentary, Crime, History",7.599999904632568,467
The Devil Next Door,(2019),TV-MA,44 min,"Documentary, Crime, History",7.599999904632568,423
The Devil Next Door,(2019),TV-MA,52 min,"Documentary, Crime, History",7.5,407
The Devil Next Door,(2019),TV-MA,45 min,"Documentary, Crime, History",7.699999809265137,394
The Devil Next Door,(2019),TV-MA,47 min,"Documentary, Crime, History",7.699999809265137,385
Johnny Test,(2005–2014),TV-Y7,23 min,"Animation, Action, Adventure",6.099999904632568,30
The Dragon Prince,(2018– ),TV-Y7,,"Animation, Action, Adventure",9.0,588
Unsolved Mysteries,(2020– ),TV-MA,39 min,"Documentary, Crime, Mystery",5.800000190734863,"1,159"
The Worst Witch,(2017– ),TV-Y7,25 min,"Family, Fantasy",8.100000381469727,30
The Worst Witch,(2017– ),TV-Y7,,"Family, Fantasy",8.100000381469727,30
The Worst Witch,(2017– ),TV-Y7,,"Family, Fantasy",8.300000190734863,28
The Worst Witch,(2017– ),TV-Y7,,"Family, Fantasy",8.300000190734863,28
The Boondocks,(2005–2014),TV-MA,20 min,"Animation, Action, Comedy",8.100000381469727,300
The Boondocks,(2005–2014),TV-MA,22 min,"Animation, Action, Comedy",7.800000190734863,324
Jamtara: Sabka Number Ayega,(2020– ),,23 min,Crime,7.199999809265137,102
Johnny Test,(2005–2014),TV-Y7,23 min,"Animation, Action, Adventure",5.900000095367432,28
She-Ra and the Princesses of Power,(2018–2020),TV-Y7,24 min,"Animation, Action, Adventure",8.100000381469727,983
She-Ra and the Princesses of Power,(2018–2020),TV-Y7,24 min,"Animation, Action, Adventure",7.900000095367432,983
She-Ra and the Princesses of Power,(2018–2020),TV-Y7,24 min,"Animation, Action, Adventure",8.600000381469727,"1,031"
She-Ra and the Princesses of Power,(2018–2020),TV-Y7,24 min,"Animation, Action, Adventure",8.600000381469727,"1,034"
She-Ra and the Princesses of Power,(2018–2020),TV-Y7,24 min,"Animation, Action, Adventure",7.599999904632568,992
She-Ra and the Princesses of Power,(2018–2020),TV-Y7,24 min,"Animation, Action, Adventure",9.199999809265137,"1,184"
She-Ra and the Princesses of Power,(2018–2020),TV-Y7,24 min,"Animation, Action, Adventure",8.600000381469727,"1,027"
She-Ra and the Princesses of Power,(2018–2020),TV-Y7,24 min,"Animation, Action, Adventure",8.5,"1,007"
She-Ra and the Princesses of Power,(2018–2020),TV-Y7,24 min,"Animation, Action, Adventure",8.800000190734863,"1,072"
She-Ra and the Princesses of Power,(2018–2020),TV-Y7,24 min,"Animation, Action, Adventure",9.100000381469727,"1,106"
Barbarians,(2020– ),TV-MA,48 min,"Action, Adventure, Drama",7.300000190734863,861
Barbarians,(2020– ),TV-MA,43 min,"Action, Adventure, Drama",7.400000095367432,929
Barbarians,(2020– ),TV-MA,41 min,"Action, Adventure, Drama",7.300000190734863,982
Barbarians,(2020– ),TV-MA,52 min,"Action, Adventure, Drama",7.300000190734863,"1,147"
The Dragon Prince,(2018– ),TV-Y7,,"Animation, Action, Adventure",9.399999618530273,886
Jamtara: Sabka Number Ayega,(2020– ),,27 min,Crime,7.0,104
Disenchantment,(2018– ),TV-14,,"Animation, Action, Adventure",7.400000095367432,523
Disenchantment,(2018– ),TV-14,,"Animation, Action, Adventure",7.599999904632568,497
Disenchantment,(2018– ),TV-14,,"Animation, Action, Adventure",7.400000095367432,472
Disenchantment,(2018– ),TV-14,,"Animation, Action, Adventure",7.199999809265137,444
Disenchantment,(2018– ),TV-14,,"Animation, Action, Adventure",7.0,438
Disenchantment,(2018– ),TV-14,,"Animation, Action, Adventure",7.300000190734863,433
Disenchantment,(2018– ),TV-14,,"Animation, Action, Adventure",7.400000095367432,411
Disenchantment,(2018– ),TV-14,,"Animation, Action, Adventure",7.300000190734863,402
Disenchantment,(2018– ),TV-14,,"Animation, Action, Adventure",7.199999809265137,393
Disenchantment,(2018– ),TV-14,,"Animation, Action, Adventure",7.599999904632568,433
On My Block,(2018–2021),TV-14,28 min,"Comedy, Drama",7.599999904632568,211
Mr. Iglesias,(2019–2020),TV-14,26 min,Comedy,7.300000190734863,122
Explained,(2018– ),TV-MA,,Documentary,8.5,517
The Sinner,(2017–2021),TV-MA,45 min,"Crime, Drama, Mystery",6.5,"1,597"
Ginny & Georgia,(2021– ),TV-MA,54 min,"Comedy, Drama",7.400000095367432,640
Ginny & Georgia,(2021– ),TV-MA,54 min,"Comedy, Drama",7.699999809265137,623
Ginny & Georgia,(2021– ),TV-MA,55 min,"Comedy, Drama",7.599999904632568,599
Ginny & Georgia,(2021– ),TV-MA,55 min,"Comedy, Drama",7.800000190734863,644
Ginny & Georgia,(2021– ),TV-MA,56 min,"Comedy, Drama",7.800000190734863,677
Ginny & Georgia,(2021– ),TV-MA,54 min,"Comedy, Drama",7.5,701
Hi Score Girl,(2018–2019),TV-PG,25 min,"Animation, Comedy, Romance",7.599999904632568,49
Young Wallander,(2020– ),TV-MA,,"Crime, Drama, Mystery",7.099999904632568,442
Johnny Test,(2005–2014),TV-Y7,23 min,"Animation, Action, Adventure",6.099999904632568,34
The Stranded,(2019),TV-MA,50 min,"Adventure, Drama, Mystery",7.099999904632568,56
Young Wallander,(2020– ),TV-MA,,"Crime, Drama, Mystery",7.400000095367432,431
Selena: The Series,(2020–2021),TV-PG,40 min,"Biography, Drama, Music",7.0,204
Selena: The Series,(2020–2021),TV-PG,37 min,"Biography, Drama, Music",7.199999809265137,176
Selena: The Series,(2020–2021),TV-PG,36 min,"Biography, Drama, Music",7.5,161
Avatar: The Last Airbender,(2005–2008),TV-Y7,30 min,"Animation, Action, Adventure",7.599999904632568,"3,726"
Selena: The Series,(2020–2021),TV-PG,37 min,"Biography, Drama, Music",7.300000190734863,155
Selena: The Series,(2020–2021),TV-PG,40 min,"Biography, Drama, Music",7.5,148
Selena: The Series,(2020–2021),TV-PG,36 min,"Biography, Drama, Music",7.199999809265137,149
Astronomy Club,(2019),TV-MA,,Comedy,6.199999809265137,46
The Witcher,(2019– ),TV-MA,63 min,"Action, Adventure, Drama",8.5,"12,944"
Baby,(2018–2020),TV-MA,51 min,Drama,7.300000190734863,119
Queen Sono,(2020–2021),TV-MA,,"Action, Crime, Drama",6.800000190734863,78
Queen Sono,(2020–2021),TV-MA,,"Action, Crime, Drama",6.699999809265137,69
Queen Sono,(2020–2021),TV-MA,,"Action, Crime, Drama",6.800000190734863,62
Queen Sono,(2020–2021),TV-MA,,"Action, Crime, Drama",6.599999904632568,63
Black Lightning,(2017–2021),TV-14,41 min,"Action, Drama, Sci-Fi",6.800000190734863,385
Sky Rojo,(2021–2022),TV-MA,28 min,"Action, Adventure, Crime",6.900000095367432,458
Lucifer,(2016–2021),TV-14,55 min,"Crime, Drama, Fantasy",8.899999618530273,"3,869"
Lucifer,(2016–2021),TV-14,61 min,"Crime, Drama, Fantasy",9.300000190734863,"5,350"
Lucifer,(2016–2021),TV-14,55 min,"Crime, Drama, Fantasy",8.300000190734863,"3,319"
Lucifer,(2016–2021),TV-14,53 min,"Crime, Drama, Fantasy",8.300000190734863,"2,836"
Lucifer,(2016–2021),TV-14,58 min,"Crime, Drama, Fantasy",8.199999809265137,"3,643"
Lucifer,(2016–2021),TV-14,61 min,"Crime, Drama, Fantasy",8.100000381469727,"2,736"
Lucifer,(2016–2021),TV-14,59 min,"Crime, Drama, Fantasy",8.699999809265137,"2,927"
Lucifer,(2016–2021),TV-14,63 min,"Crime, Drama, Fantasy",9.199999809265137,"3,929"
Hi Score Girl,(2018–2019),TV-PG,25 min,"Animation, Comedy, Romance",7.800000190734863,47
Explained,(2018– ),TV-MA,,Documentary,8.100000381469727,334
Riverdale,(2017– ),TV-14,42 min,"Crime, Drama, Mystery",7.599999904632568,904
Hi Score Girl,(2018–2019),TV-PG,25 min,"Animation, Comedy, Romance",7.699999809265137,45
Dynasty,(2017–2022),TV-14,42 min,Drama,8.300000190734863,448
Young Wallander,(2020– ),TV-MA,,"Crime, Drama, Mystery",7.300000190734863,400
Young Wallander,(2020– ),TV-MA,,"Crime, Drama, Mystery",7.300000190734863,397
Young Wallander,(2020– ),TV-MA,,"Crime, Drama, Mystery",7.199999809265137,413
The House of Flowers,(2018–2020),TV-MA,30 min,"Comedy, Drama",8.300000190734863,74
Hey Duggee,(2014– ),TV-Y,8 min,"Animation, Comedy, Family",,
Fast & Furious Spy Racers,(2019–2021),TV-Y7,,"Animation, Action, Adventure",6.599999904632568,138
Dash & Lily,(2020),TV-14,23 min,"Comedy, Drama, Romance",7.599999904632568,393
Dash & Lily,(2020),TV-14,23 min,"Comedy, Drama, Romance",7.699999809265137,359
Dash & Lily,(2020),TV-14,25 min,"Comedy, Drama, Romance",7.599999904632568,319
Dash & Lily,(2020),TV-14,27 min,"Comedy, Drama, Romance",7.800000190734863,309
Dash & Lily,(2020),TV-14,27 min,"Comedy, Drama, Romance",7.5,305
Dash & Lily,(2020),TV-14,25 min,"Comedy, Drama, Romance",7.800000190734863,298
Dash & Lily,(2020),TV-14,25 min,"Comedy, Drama, Romance",7.699999809265137,299
Dash & Lily,(2020),TV-14,27 min,"Comedy, Drama, Romance",8.0,325
The Bonfire of Destiny,(2019),TV-MA,47 min,"Drama, History",7.900000095367432,190
The Bonfire of Destiny,(2019),TV-MA,55 min,"Drama, History",7.5,131
Ethos,(2020),TV-MA,49 min,"Drama, Thriller",8.399999618530273,835
The Boondocks,(2005–2014),TV-MA,23 min,"Animation, Action, Comedy",7.800000190734863,321
The Bonfire of Destiny,(2019),TV-MA,49 min,"Drama, History",7.300000190734863,118
Money Heist,(2017–2021),TV-MA,52 min,"Action, Crime, Drama",7.300000190734863,"7,140"
The Umbrella Academy,(2019–2023),TV-14,50 min,"Action, Adventure, Comedy",8.300000190734863,"3,636"
The Umbrella Academy,(2019–2023),TV-14,47 min,"Action, Adventure, Comedy",8.399999618530273,"3,771"
The Umbrella Academy,(2019–2023),TV-14,49 min,"Action, Adventure, Comedy",8.899999618530273,"4,975"
Riverdale,(2017– ),TV-14,42 min,"Crime, Drama, Mystery",7.199999809265137,829
Mortel,(2019–2021),TV-MA,45 min,"Crime, Drama, Fantasy",7.900000095367432,55
Mortel,(2019–2021),TV-MA,49 min,"Crime, Drama, Fantasy",6.900000095367432,52
Mortel,(2019–2021),TV-MA,49 min,"Crime, Drama, Fantasy",7.300000190734863,53
Mortel,(2019–2021),TV-MA,54 min,"Crime, Drama, Fantasy",7.300000190734863,53
Black Lightning,(2017–2021),TV-14,42 min,"Action, Drama, Sci-Fi",7.199999809265137,389
Explained,(2018– ),TV-MA,,Documentary,7.199999809265137,291
Mortel,(2019–2021),TV-MA,46 min,"Crime, Drama, Fantasy",7.800000190734863,53
Holiday Secrets,(2019),,37 min,Drama,6.199999809265137,48
Holiday Secrets,(2019),,34 min,Drama,6.5,39
The Hookup Plan,(2018–2022),TV-MA,,"Comedy, Romance",6.300000190734863,43
The Hookup Plan,(2018–2022),TV-MA,,"Comedy, Romance",6.599999904632568,44
The Hookup Plan,(2018–2022),TV-MA,,"Comedy, Romance",6.900000095367432,46
Holiday Secrets,(2019),,42 min,Drama,6.900000095367432,43
Narcoworld: Dope Stories,(2019– ),TV-MA,47 min,"Documentary, Crime",7.0,49
Narcoworld: Dope Stories,(2019– ),TV-MA,39 min,"Documentary, Crime",7.0,34
Narcoworld: Dope Stories,(2019– ),TV-MA,37 min,"Documentary, Crime",7.5,29
Narcoworld: Dope Stories,(2019– ),TV-MA,38 min,"Documentary, Crime",6.800000190734863,30
Kevin Hart: Don't F**k This Up,(2019),TV-MA,,Documentary,6.5,107
Kevin Hart: Don't F**k This Up,(2019),TV-MA,,Documentary,6.5,99
Kevin Hart: Don't F**k This Up,(2019),TV-MA,,Documentary,6.5,99
Kevin Hart: Don't F**k This Up,(2019),TV-MA,,Documentary,6.400000095367432,96
Kevin Hart: Don't F**k This Up,(2019),TV-MA,,Documentary,6.599999904632568,96
Kevin Hart: Don't F**k This Up,(2019),TV-MA,,Documentary,6.599999904632568,93
Avatar: The Last Airbender,(2005–2008),TV-Y7,22 min,"Animation, Action, Adventure",9.399999618530273,"4,138"
Hi Score Girl,(2018–2019),TV-PG,25 min,"Animation, Comedy, Romance",7.400000095367432,44
Black Lightning,(2017–2021),TV-14,41 min,"Action, Drama, Sci-Fi",7.199999809265137,465
Don't F**k with Cats: Hunting an Internet Killer,(2019),TV-MA,66 min,"Documentary, Crime",8.300000190734863,"1,500"
Don't F**k with Cats: Hunting an Internet Killer,(2019),TV-MA,57 min,"Documentary, Crime",8.300000190734863,"1,381"
Don't F**k with Cats: Hunting an Internet Killer,(2019),TV-MA,64 min,"Documentary, Crime",8.199999809265137,"1,350"
Pokémon,(1997– ),TV-Y7-FV,,"Animation, Action, Adventure",7.900000095367432,124
Hey Duggee,(2014– ),TV-Y,8 min,"Animation, Comedy, Family",,
Dynasty,(2017–2022),TV-14,42 min,Drama,8.0,425
Top Gear,(2002– ),TV-PG,50 min,"Adventure, Comedy, Reality-TV",8.300000190734863,244
Avatar: The Last Airbender,(2005–2008),TV-Y7,22 min,"Animation, Action, Adventure",9.100000381469727,"3,856"
Jamtara: Sabka Number Ayega,(2020– ),,25 min,Crime,7.099999904632568,103
Johnny Test,(2005–2014),TV-Y7,23 min,"Animation, Action, Adventure",5.800000190734863,24
Brand New Cherry Flavor,(2021),TV-MA,51 min,"Drama, Horror, Mystery",7.199999809265137,648
Brand New Cherry Flavor,(2021),TV-MA,41 min,"Drama, Horror, Mystery",7.199999809265137,524
Explained,(2018– ),TV-MA,,Documentary,7.400000095367432,304
The Flash,(2014–2023),TV-PG,42 min,"Action, Adventure, Drama",7.0,"1,582"
The Flash,(2014–2023),TV-PG,42 min,"Action, Adventure, Drama",7.5,"1,574"
Oni: Thunder God's Tale,(2022– ),TV-Y7,,"Animation, Action, Adventure",,
Bordertown,(2016–2020),TV-MA,56 min,"Crime, Drama, Mystery",7.5,159
Bordertown,(2016–2020),TV-MA,60 min,"Crime, Drama, Mystery",7.099999904632568,174
Bordertown,(2016–2020),TV-MA,59 min,"Crime, Drama, Mystery",7.199999809265137,158
Bordertown,(2016–2020),TV-MA,58 min,"Crime, Drama, Mystery",7.099999904632568,152
Bordertown,(2016–2020),TV-MA,59 min,"Crime, Drama, Mystery",7.0,146
Bordertown,(2016–2020),TV-MA,60 min,"Crime, Drama, Mystery",7.400000095367432,147
Bordertown,(2016–2020),TV-MA,60 min,"Crime, Drama, Mystery",7.599999904632568,149
Bordertown,(2016–2020),TV-MA,57 min,"Crime, Drama, Mystery",7.699999809265137,131
Bordertown,(2016–2020),TV-MA,60 min,"Crime, Drama, Mystery",7.900000095367432,170
Sugar Rush Christmas,(2019– ),TV-PG,,Reality-TV,6.5,45
Sugar Rush Christmas,(2019– ),TV-PG,,Reality-TV,6.699999809265137,38
Sugar Rush Christmas,(2019– ),TV-PG,,Reality-TV,6.5,34
Sugar Rush Christmas,(2019– ),TV-PG,,Reality-TV,6.800000190734863,31
Sugar Rush Christmas,(2019– ),TV-PG,,Reality-TV,6.300000190734863,30
Sugar Rush Christmas,(2019– ),TV-PG,,Reality-TV,6.5,29
Avatar: The Last Airbender,(2005–2008),TV-Y7,25 min,"Animation, Action, Adventure",8.899999618530273,"3,733"
Hi Score Girl,(2018–2019),TV-PG,25 min,"Animation, Comedy, Romance",7.800000190734863,43
Brand New Cherry Flavor,(2021),TV-MA,36 min,"Drama, Horror, Mystery",7.300000190734863,478
Brand New Cherry Flavor,(2021),TV-MA,47 min,"Drama, Horror, Mystery",7.5,471
Brand New Cherry Flavor,(2021),TV-MA,40 min,"Drama, Horror, Mystery",7.400000095367432,430
Brand New Cherry Flavor,(2021),TV-MA,41 min,"Drama, Horror, Mystery",7.199999809265137,416
Brand New Cherry Flavor,(2021),TV-MA,42 min,"Drama, Horror, Mystery",6.5,463
Brand New Cherry Flavor,(2021),TV-MA,44 min,"Drama, Horror, Mystery",7.300000190734863,405
Virgin River,(2019– ),TV-14,45 min,"Drama, Romance",7.599999904632568,383
Virgin River,(2019– ),TV-14,40 min,"Drama, Romance",7.5,390
Virgin River,(2019– ),TV-14,41 min,"Drama, Romance",7.599999904632568,376
Virgin River,(2019– ),TV-14,44 min,"Drama, Romance",7.900000095367432,402
Virgin River,(2019– ),TV-14,45 min,"Drama, Romance",8.199999809265137,485
Hollywood Insider,(2018– ),,,Talk-Show,,
Hollywood Insider,(2018– ),,,Talk-Show,,
The Confession Killer,(2019),TV-14,45 min,"Documentary, Crime",7.199999809265137,375
The Confession Killer,(2019),TV-14,50 min,"Documentary, Crime",7.400000095367432,341
The Confession Killer,(2019),TV-14,49 min,"Documentary, Crime",7.5,321
The Confession Killer,(2019),TV-14,46 min,"Documentary, Crime",7.599999904632568,304
The Confession Killer,(2019),TV-14,50 min,"Documentary, Crime",7.5,295
Top Gear,(2002– ),TV-PG,52 min,"Adventure, Comedy, Reality-TV",9.100000381469727,630
Lupin,(2021– ),TV-MA,47 min,"Action, Crime, Drama",7.800000190734863,"3,771"
Chocolate,(2019–2020),,,"Drama, Romance",8.100000381469727,22
Chocolate,(2019–2020),,,"Drama, Romance",7.800000190734863,19
Chocolate,(2019–2020),,,"Drama, Romance",8.199999809265137,13
Chocolate,(2019–2020),,,"Drama, Romance",8.300000190734863,15
Chocolate,(2019–2020),,,"Drama, Romance",8.199999809265137,14
Chocolate,(2019–2020),,,"Drama, Romance",8.5,14
Chocolate,(2019–2020),,,"Drama, Romance",8.0,14
Chocolate,(2019–2020),,,"Drama, Romance",8.0,14
Riverdale,(2017– ),TV-14,42 min,"Crime, Drama, Mystery",7.0,779
The Bonfire of Destiny,(2019),TV-MA,53 min,"Drama, History",7.599999904632568,112
The Bonfire of Destiny,(2019),TV-MA,48 min,"Drama, History",7.5,110
Undercover,(2019– ),TV-MA,49 min,"Crime, Drama, Thriller",7.699999809265137,346
Undercover,(2019– ),TV-MA,49 min,"Crime, Drama, Thriller",7.199999809265137,331
Undercover,(2019– ),TV-MA,50 min,"Crime, Drama, Thriller",7.5,336
Undercover,(2019– ),TV-MA,51 min,"Crime, Drama, Thriller",7.699999809265137,321
Undercover,(2019– ),TV-MA,46 min,"Crime, Drama, Thriller",7.5,391
Halston,(2021),TV-MA,46 min,"Biography, Drama",7.5,795
Unsolved Mysteries,(2020– ),TV-MA,49 min,"Documentary, Crime, Mystery",7.599999904632568,931
Unsolved Mysteries,(2020– ),TV-MA,43 min,"Documentary, Crime, Mystery",7.300000190734863,772
Unsolved Mysteries,(2020– ),TV-MA,46 min,"Documentary, Crime, Mystery",7.099999904632568,"1,002"
Jamtara: Sabka Number Ayega,(2020– ),,30 min,Crime,7.199999809265137,102
Clickbait,(2021),TV-MA,42 min,"Crime, Drama, Mystery",7.300000190734863,"1,281"
Pokémon,(1997– ),TV-Y,22 min,"Animation, Action, Adventure",6.699999809265137,79
Jamtara: Sabka Number Ayega,(2020– ),,25 min,Crime,7.199999809265137,104
Astronomy Club,(2019),TV-MA,,Comedy,6.599999904632568,37
Astronomy Club,(2019),TV-MA,,Comedy,6.5,33
Astronomy Club,(2019),TV-MA,,Comedy,7.0,31
Astronomy Club,(2019),TV-MA,,Comedy,6.5,28
Astronomy Club,(2019),TV-MA,,Comedy,6.599999904632568,27
Virgin River,(2019– ),TV-14,45 min,"Drama, Romance",7.900000095367432,627
Hi Score Girl,(2018–2019),TV-PG,25 min,"Animation, Comedy, Romance",8.0,45
Lugar de Mulher,(2019– ),,16 min,Comedy,6.0,7
Riverdale,(2017– ),TV-14,42 min,"Crime, Drama, Mystery",7.099999904632568,794
Top Gear,(2002– ),TV-PG,51 min,"Adventure, Comedy, Reality-TV",8.399999618530273,251
Hit & Run,(2021),TV-MA,,"Action, Crime, Drama",7.300000190734863,209
Good Girls,(2018–2021),TV-14,42 min,"Comedy, Crime, Drama",7.599999904632568,421
Money Heist,(2017–2021),TV-MA,44 min,"Action, Crime, Drama",7.0,"6,554"
Money Heist,(2017–2021),TV-MA,42 min,"Action, Crime, Drama",7.0,"6,418"
Money Heist,(2017–2021),TV-MA,53 min,"Action, Crime, Drama",7.400000095367432,"6,317"
Money Heist,(2017–2021),TV-MA,42 min,"Action, Crime, Drama",6.800000190734863,"7,098"
Money Heist,(2017–2021),TV-MA,45 min,"Action, Crime, Drama",7.099999904632568,"7,295"
Money Heist,(2017–2021),TV-MA,52 min,"Action, Crime, Drama",8.100000381469727,"6,976"
Chocolate,(2019–2020),,,"Drama, Romance",8.699999809265137,11
Chocolate,(2019–2020),,,"Drama, Romance",9.0,11
Chocolate,(2019–2020),,,"Drama, Romance",8.899999618530273,12
Chocolate,(2019–2020),,,"Drama, Romance",8.699999809265137,11
Chocolate,(2019–2020),,,"Drama, Romance",9.100000381469727,13
Chocolate,(2019–2020),,,"Drama, Romance",8.800000190734863,11
Chocolate,(2019–2020),,,"Drama, Romance",8.899999618530273,12
Chocolate,(2019–2020),,,"Drama, Romance",8.800000190734863,12
Good Girls,(2018–2021),TV-14,42 min,"Comedy, Crime, Drama",7.800000190734863,401
The Bonfire of Destiny,(2019),TV-MA,48 min,"Drama, History",7.5,110
The Bonfire of Destiny,(2019),TV-MA,54 min,"Drama, History",7.699999809265137,109
Age of Samurai: Battle for Japan,(2021– ),TV-MA,43 min,"Documentary, Action, Adventure",7.400000095367432,251
Age of Samurai: Battle for Japan,(2021– ),TV-MA,42 min,"Documentary, Action, Adventure",7.400000095367432,209
Age of Samurai: Battle for Japan,(2021– ),TV-MA,42 min,"Documentary, Action, Adventure",7.599999904632568,198
Age of Samurai: Battle for Japan,(2021– ),TV-MA,43 min,"Documentary, Action, Adventure",7.400000095367432,188
Age of Samurai: Battle for Japan,(2021– ),TV-MA,43 min,"Documentary, Action, Adventure",7.400000095367432,174
Age of Samurai: Battle for Japan,(2021– ),TV-MA,44 min,"Documentary, Action, Adventure",7.400000095367432,168
Vikings,(2013–2020),TV-MA,,"Action, Adventure, Drama",7.5,262
Money Heist,(2017–2021),TV-MA,60 min,"Action, Crime, Drama",8.199999809265137,"8,437"
Winning Time: The Rise of the Lakers Dynasty,(2022– ),TV-MA,59 min,"Biography, Drama, Sport",8.199999809265137,"1,307"
Unstoppable,(2020– ),,,"Comedy, Drama",8.399999618530273,41
The Circle,(2020– ),TV-MA,63 min,"Game-Show, Reality-TV",7.400000095367432,216
A Suitable Boy,(2020),TV-14,58 min,"Drama, Romance",6.300000190734863,172
Jamtara: Sabka Number Ayega,(2020– ),,23 min,Crime,6.800000190734863,106
Black Summer,(2019–2021),TV-MA,44 min,"Action, Drama, Horror",7.5,"1,075"
Johnny Test,(2005–2014),TV-Y7,23 min,"Animation, Action, Adventure",5.599999904632568,26
Star Trek: Discovery,(2017– ),TV-14,47 min,"Action, Adventure, Drama",5.699999809265137,"3,268"
The Upshaws,(2021– ),TV-14,,"Comedy, Family",6.400000095367432,97
The Lord of the Rings: The Fellowship of the Ring,(2001),PG-13,178 min,"Action, Adventure, Drama",8.800000190734863,"1,844,075"
Blonde,(2022),NC-17,166 min,"Biography, Drama, Mystery",6.300000190734863,935
Blonde,(2022),NC-17,166 min,"Biography, Drama, Mystery",6.300000190734863,944
Ófærð,(2015– ),TV-14,60 min,"Crime, Drama, Mystery",8.0,"21,642"
The Last Kingdom,(2015–2022),TV-MA,60 min,"Action, Drama, History",8.5,"136,939"
Vikings,(2013–2020),TV-MA,44 min,"Action, Adventure, Drama",8.5,"524,642"
Never Have I Ever,(2020–2023),TV-14,30 min,"Comedy, Drama",7.900000095367432,"56,218"
Lucifer,(2016–2021),TV-14,42 min,"Crime, Drama, Fantasy",8.100000381469727,"318,933"
No Limit,(2022),TV-MA,118 min,"Drama, Romance, Sport",5.800000190734863,"1,697"
The Sandman,(2022– ),TV-MA,45 min,"Drama, Fantasy, Horror",7.800000190734863,"116,393"
Me Time,(2022),R,101 min,Comedy,5.0,"26,101"
Friends,(1994–2004),TV-14,22 min,"Comedy, Romance",8.899999618530273,"979,428"
Outlander,(2014– ),TV-MA,60 min,"Drama, Fantasy, Romance",8.399999618530273,"158,271"
End of the Road,(II) (2022),R,89 min,"Action, Crime, Drama",4.699999809265137,"5,132"
Gilmore Girls,(2000–2007),TV-PG,44 min,"Comedy, Drama",8.199999809265137,"124,089"
Fate: The Winx Saga,(2021– ),TV-MA,,"Action, Adventure, Drama",6.900000095367432,"43,185"
NCIS,(2003– ),TV-14,60 min,"Action, Crime, Drama",7.800000190734863,"145,896"
The Witcher,(2019– ),TV-MA,60 min,"Action, Adventure, Drama",8.199999809265137,"481,841"
Modern Family,(2009–2020),TV-PG,22 min,"Comedy, Drama, Romance",8.5,"423,968"
Love in the Villa,(2022),TV-14,114 min,"Comedy, Romance",5.300000190734863,"7,054"
Do Revenge,(2022),TV-MA,118 min,Comedy,6.400000095367432,"13,527"
I Came By,(2022),TV-MA,110 min,Thriller,6.099999904632568,"16,247"
Squid Game,(2021– ),TV-MA,55 min,"Action, Drama, Mystery",8.0,"435,164"
Glass Onion: A Knives Out Mystery,(2022),PG-13,139 min,"Crime, Drama, Mystery",8.100000381469727,548
Echoes,(2022),TV-MA,326 min,"Drama, Mystery, Thriller",5.900000095367432,"9,383"
The Gray Man,(2022),PG-13,122 min,"Action, Thriller",6.5,"172,166"
Black Mirror,(2011–2019),TV-MA,60 min,"Drama, Mystery, Sci-Fi",8.800000190734863,"535,785"
Stranger Things,(2016– ),TV-14,51 min,"Drama, Fantasy, Horror",8.699999809265137,"1,149,902"
The Blacklist,(2013– ),TV-14,43 min,"Crime, Drama, Mystery",8.0,"245,592"
American Horror Story,(2011– ),TV-MA,60 min,"Drama, Horror, Sci-Fi",8.0,"312,974"
Breaking Bad,(2008–2013),TV-MA,49 min,"Crime, Drama, Thriller",9.5,"1,831,359"
The Imperfects,(2022– ),TV-MA,45 min,"Action, Adventure, Drama",6.300000190734863,"3,130"
The Walking Dead,(2010–2022),TV-MA,44 min,"Drama, Horror, Thriller",8.100000381469727,"970,067"
The Crown,(2016– ),TV-MA,58 min,"Biography, Drama, History",8.699999809265137,"199,898"
Supernatural,(2005–2020),TV-14,44 min,"Drama, Fantasy, Horror",8.399999618530273,"439,601"
Devil in Ohio,(2022),TV-MA,356 min,"Drama, Horror, Mystery",5.900000095367432,"9,786"
