show_id,type,title,country,date_added,release_year,rating,duration,listed_in
s1,TV Show,3%,Brazil,2020-08-14,2020,TV-MA,4 Seasons,"International TV Shows, TV Dramas, TV Sci-Fi & Fantasy"
s6,TV Show,46,Turkey,2017-07-01,2016,TV-MA,1 Season,"International TV Shows, TV Dramas, TV Mysteries"
s12,TV Show,1983,"Poland, United States",2018-11-30,2018,TV-MA,1 Season,"Crime TV Shows, International TV Shows, TV Dramas"
s13,TV Show,1994,Mexico,2019-05-17,2019,TV-MA,1 Season,"Crime TV Shows, Docuseries, International TV Shows"
s17,TV Show,Feb-09,,2019-03-20,2018,TV-14,1 Season,"International TV Shows, TV Dramas"
s25,TV Show,?SAINT SEIYA: Knights of the Zodiac,Japan,2020-01-23,2020,TV-14,2 Seasons,"Anime Series, International TV Shows"
s27,TV Show,(Un)Well,United States,2020-08-12,2020,TV-MA,1 Season,Reality TV
s30,TV Show,#blackAF,United States,2020-04-17,2020,TV-MA,1 Season,TV Comedies
s39,TV Show,???????????????????,,2019-03-30,2016,TV-14,1 Season,"International TV Shows, Romantic TV Shows, TV Comedies"
s46,TV Show,Subat,Turkey,2017-01-17,2013,TV-MA,1 Season,"Crime TV Shows, International TV Shows, TV Dramas"
s52,TV Show,100 Days My Prince,South Korea,2020-12-07,2018,TV-14,1 Season,"International TV Shows, Romantic TV Shows, TV Dramas"
s54,TV Show,100 Humans,United States,2020-03-13,2020,TV-14,1 Season,"Docuseries, Science & Nature TV"
s59,TV Show,100% Hotter,United Kingdom,2019-11-01,2017,TV-14,1 Season,"British TV Shows, International TV Shows, Reality TV"
s62,TV Show,12 Years Promise,South Korea,2017-05-22,2014,TV-14,1 Season,"International TV Shows, Korean TV Shows, Romantic TV Shows"
s64,TV Show,13 Reasons Why,United States,2020-06-05,2020,TV-MA,4 Seasons,"Crime TV Shows, TV Dramas, TV Mysteries"
s65,TV Show,13 Reasons Why: Beyond the Reasons,United States,2019-08-23,2019,TV-MA,3 Seasons,"Crime TV Shows, Docuseries"
s81,TV Show,20 Minutes,Turkey,2017-08-15,2013,TV-MA,1 Season,"Crime TV Shows, International TV Shows, TV Dramas"
s86,TV Show,21 Again,United Kingdom,2020-07-01,2019,TV-MA,1 Season,"British TV Shows, Reality TV"
s87,TV Show,21 Sarfarosh: Saragarhi 1897,India,2018-12-01,2018,TV-14,1 Season,"International TV Shows, TV Dramas"
s88,TV Show,21 Thunder,Canada,2018-03-01,2017,TV-MA,1 Season,"Crime TV Shows, International TV Shows, TV Dramas"
s96,TV Show,28 Moons,South Korea,2017-06-10,2016,TV-PG,1 Season,"International TV Shows, Korean TV Shows, Romantic TV Shows"
s109,TV Show,3Below: Tales of Arcadia,United States,2019-07-12,2019,TV-Y7,2 Seasons,"Kids' TV, TV Action & Adventure, TV Sci-Fi & Fantasy"
s112,TV Show,44 Cats,Italy,2020-10-01,2018,TV-Y7,2 Seasons,Kids' TV
s113,TV Show,45 rpm,Spain,2019-08-16,2019,TV-MA,1 Season,"International TV Shows, Romantic TV Shows, Spanish-Language TV Shows"
s131,TV Show,60 Days In,United States,2020-11-01,2019,TV-MA,1 Season,Reality TV
s133,TV Show,7 (Seven),India,2019-07-30,2019,TV-14,1 Season,TV Shows
s135,TV Show,7 Days Out,United States,2018-12-21,2018,TV-PG,1 Season,Docuseries
s138,TV Show,72 Cutest Animals,Australia,2016-06-01,2016,TV-PG,1 Season,"Docuseries, International TV Shows, Science & Nature TV"
s139,TV Show,72 Dangerous Animals: Asia,Australia,2018-08-10,2018,TV-14,1 Season,"Docuseries, International TV Shows, Science & Nature TV"
s140,TV Show,72 Dangerous Animals: Latin America,"Australia, United States",2017-12-22,2017,TV-14,1 Season,"Docuseries, International TV Shows, Science & Nature TV"
s141,TV Show,72 Dangerous Places to Live,Australia,2016-06-01,2016,TV-PG,1 Season,"Docuseries, International TV Shows, Science & Nature TV"
s142,TV Show,7SEEDS,,2020-03-26,2020,TV-MA,2 Seasons,"Anime Series, International TV Shows"
s143,TV Show,9 Months That Made You,United States,2017-03-01,2016,TV-PG,1 Season,"British TV Shows, Docuseries, Science & Nature TV"
s153,TV Show,A Boy Name Flora A,Taiwan,2017-09-01,2017,TV-MA,1 Season,"International TV Shows, TV Comedies, TV Dramas"
s181,TV Show,A Good Wife,Taiwan,2017-01-01,2013,TV-14,1 Season,"International TV Shows, Romantic TV Shows, TV Dramas"
s189,TV Show,A House of Blocks,Taiwan,2017-09-01,2017,TV-PG,1 Season,"International TV Shows, TV Dramas, TV Horror"
s192,TV Show,A Korean Odyssey,South Korea,2019-03-05,2017,TV-MA,1 Season,"International TV Shows, Korean TV Shows, Romantic TV Shows"
s196,TV Show,A Lion in the House,United States,2020-11-10,2006,TV-14,1 Season,TV Shows
s198,TV Show,A Little Help with Carol Burnett,United States,2018-05-04,2018,TV-G,1 Season,"Stand-Up Comedy & Talk Shows, TV Comedies"
s199,TV Show,A Little Thing Called First Love,China,2019-10-26,2019,TV-G,1 Season,"International TV Shows, Romantic TV Shows, Teen TV Shows"
s200,TV Show,A Love So Beautiful,South Korea,2020-12-28,2020,TV-PG,1 Season,"International TV Shows, Romantic TV Shows, TV Comedies"
s203,TV Show,A Man Called God,South Korea,2019-03-12,2010,TV-14,1 Season,"Crime TV Shows, International TV Shows, Korean TV Shows"
s214,TV Show,A Perfect Crime,Germany,2020-09-25,2020,TV-14,1 Season,"Crime TV Shows, Docuseries, International TV Shows"
s219,TV Show,A Queen Is Born,Brazil,2020-11-11,2020,TV-14,1 Season,"International TV Shows, Reality TV"
s226,TV Show,A Series of Unfortunate Events,United States,2019-01-01,2019,TV-PG,3 Seasons,"Kids' TV, TV Action & Adventure, TV Comedies"
s236,TV Show,A Taiwanese Tale of Two Cities,Taiwan,2019-01-27,2018,TV-MA,1 Season,"International TV Shows, TV Dramas"
s240,TV Show,A Thousand Goodnights,Taiwan,2019-06-01,2019,TV-14,1 Season,"International TV Shows, TV Dramas"
s242,TV Show,A Touch of Green,Taiwan,2020-07-01,2016,TV-MA,1 Season,"International TV Shows, TV Dramas"
s249,TV Show,A Very Secret Service,France,2018-07-30,2018,TV-MA,2 Seasons,"International TV Shows, TV Comedies"
s257,TV Show,A Year In Space,United States,2019-11-01,2015,TV-PG,1 Season,"Docuseries, International TV Shows, Science & Nature TV"
s259,TV Show,A Young Doctor's Notebook and Other Stories,United Kingdom,,2013,TV-MA,2 Seasons,"British TV Shows, TV Comedies, TV Dramas"
s260,TV Show,A.D. Kingdom and Empire,United States,2017-12-15,2015,TV-14,1 Season,TV Dramas
s261,TV Show,A.I.C.O.,Japan,2018-03-09,2018,TV-14,1 Season,"Anime Series, International TV Shows"
s277,TV Show,Abby Hatcher,"United States, Canada",2020-07-01,2019,TV-Y,1 Season,Kids' TV
s285,TV Show,Abnormal Summit,South Korea,2017-08-04,2017,TV-PG,2 Seasons,"International TV Shows, Korean TV Shows, Stand-Up Comedy & Talk Shows"
s289,TV Show,Abstract: The Art of Design,United States,2019-09-25,2019,TV-14,2 Seasons,Docuseries
s290,TV Show,Absurd Planet,United States,2020-04-22,2020,TV-PG,1 Season,"Docuseries, Science & Nature TV, TV Comedies"
s291,TV Show,Abyss,South Korea,2019-05-07,2019,TV-14,1 Season,"Crime TV Shows, International TV Shows, Korean TV Shows"
s295,TV Show,Accidentally in Love,China,2018-10-19,2018,TV-14,1 Season,"International TV Shows, Romantic TV Shows, TV Comedies"
s304,TV Show,Ad Vitam,France,2019-11-01,2018,TV-MA,1 Season,"Crime TV Shows, International TV Shows, TV Dramas"
s307,TV Show,Adam Ruins Everything,United States,2018-09-30,2018,TV-14,1 Season,TV Comedies
s320,TV Show,Afflicted,United States,2018-08-10,2018,TV-MA,1 Season,"Docuseries, Reality TV, Science & Nature TV"
s322,TV Show,Africa,United Kingdom,2016-04-28,2013,TV-PG,1 Season,"British TV Shows, Docuseries, International TV Shows"
s323,TV Show,Afronta! Facing It!,Brazil,2020-10-31,2017,TV-PG,1 Season,"Docuseries, International TV Shows"
s325,TV Show,After Life,United Kingdom,2020-04-24,2020,TV-MA,2 Seasons,"British TV Shows, International TV Shows, TV Comedies"
s334,TV Show,Against the Tide,Singapore,2017-07-01,2014,TV-14,1 Season,"Crime TV Shows, International TV Shows, TV Dramas"
s336,TV Show,Age Gap Love,United Kingdom,2019-07-12,2017,TV-MA,1 Season,"British TV Shows, Reality TV, Romantic TV Shows"
s337,TV Show,Age of Glory,,2017-08-14,2010,TV-MA,2 Seasons,"International TV Shows, Romantic TV Shows, TV Dramas"
s338,TV Show,Age of Rebellion,Taiwan,2018-09-01,2018,TV-MA,1 Season,"Crime TV Shows, International TV Shows, TV Dramas"
s339,TV Show,Age of Tanks,"Germany, France, Russia",2018-11-10,2017,TV-PG,1 Season,"Docuseries, International TV Shows, Science & Nature TV"
s340,TV Show,Agent,"Mauritius, South Africa",2019-12-20,2019,TV-MA,1 Season,"International TV Shows, TV Dramas"
s341,TV Show,Agent Raghav,India,2017-04-15,2015,TV-14,1 Season,"Crime TV Shows, International TV Shows, TV Action & Adventure"
s342,TV Show,Aggretsuko,Japan,2020-08-27,2020,TV-14,3 Seasons,"Anime Series, International TV Shows"
s349,TV Show,Ainori Love Wagon: African Journey,Japan,2020-01-30,2019,TV-14,1 Season,"International TV Shows, Reality TV, Romantic TV Shows"
s350,TV Show,Ainori Love Wagon: Asian Journey,Japan,2019-03-28,2018,TV-MA,2 Seasons,"International TV Shows, Reality TV, Romantic TV Shows"
s351,TV Show,Ainsley Eats the Streets,United Kingdom,2019-07-12,2014,TV-PG,1 Season,"British TV Shows, Docuseries, International TV Shows"
s358,TV Show,AJ and the Queen,United States,2020-01-10,2020,TV-14,1 Season,"TV Comedies, TV Dramas"
s360,TV Show,Ajaibnya Cinta,,2017-10-13,2015,TV-PG,1 Season,"International TV Shows, TV Dramas"
s361,TV Show,AJIN: Demi-Human,Japan,2016-12-27,2016,TV-MA,2 Seasons,"Anime Series, International TV Shows"
s364,TV Show,Akame ga Kill!,Japan,2020-03-01,2014,TV-14,1 Season,"Anime Series, Crime TV Shows, International TV Shows"
s365,TV Show,Akbar Birbal,India,2020-03-31,2019,TV-G,1 Season,"Kids' TV, TV Comedies, TV Dramas"
s366,TV Show,Akulah Balqis,,2017-11-03,2015,TV-14,1 Season,"International TV Shows, TV Dramas"
s368,TV Show,Al Hayba,Lebanon,2018-09-15,2017,TV-14,1 Season,"Crime TV Shows, International TV Shows, TV Dramas"
s381,TV Show,Alexa & Katie,United States,2020-06-13,2020,TV-G,4 Seasons,"Kids' TV, TV Comedies"
s390,TV Show,Alias Grace,Canada,2017-11-03,2017,TV-MA,1 Season,"Crime TV Shows, International TV Shows, TV Dramas"
s394,TV Show,Alice in Borderland,Japan,2020-12-10,2020,TV-MA,1 Season,"International TV Shows, TV Action & Adventure, TV Mysteries"
s397,TV Show,Alien TV,,2020-08-21,2020,TV-Y7,1 Season,"Kids' TV, TV Comedies"
s399,TV Show,Alien Worlds,United Kingdom,2020-12-02,2020,TV-PG,1 Season,"British TV Shows, Docuseries, International TV Shows"
s405,TV Show,All About the Washingtons,United States,2018-08-10,2018,TV-PG,1 Season,TV Comedies
s406,TV Show,All American,United States,2020-03-17,2019,TV-14,2 Seasons,"TV Dramas, Teen TV Shows"
s410,TV Show,All For Love,Colombia,2020-06-26,2020,TV-MA,1 Season,"International TV Shows, Romantic TV Shows, Spanish-Language TV Shows"
s412,TV Show,All Hail King Julien,United States,2017-12-01,2017,TV-Y7,5 Seasons,"Kids' TV, TV Comedies"
s413,TV Show,All Hail King Julien: Exiled,,2017-05-12,2017,TV-Y7,1 Season,"Kids' TV, TV Action & Adventure, TV Comedies"
s427,TV Show,Almost Happy,Argentina,2020-05-02,2020,TV-MA,1 Season,"International TV Shows, Spanish-Language TV Shows, TV Comedies"
s429,TV Show,Alone,,2020-06-02,2019,TV-14,1 Season,Reality TV
s435,TV Show,Alphablocks,United Kingdom,2020-05-25,2014,TV-Y,5 Seasons,Kids' TV
s438,TV Show,Altered Carbon,United States,2020-02-27,2020,TV-MA,2 Seasons,"Crime TV Shows, TV Action & Adventure, TV Dramas"
s441,TV Show,Always a Witch,Colombia,2020-02-28,2019,TV-14,2 Seasons,"International TV Shows, Spanish-Language TV Shows, TV Comedies"
s450,TV Show,Amazing Interiors,United Kingdom,2018-07-20,2018,TV-PG,1 Season,"British TV Shows, International TV Shows, Reality TV"
s452,TV Show,America's Book of Secrets,United States,2019-09-15,2014,TV-14,1 Season,Docuseries
s453,TV Show,America's Next Top Model,United States,2020-11-15,2013,TV-14,2 Seasons,Reality TV
s458,TV Show,American Crime,United States,2017-05-30,2017,TV-MA,3 Seasons,"Crime TV Shows, TV Dramas"
s459,TV Show,American Crime Story: The People v. O.J. Simpson,United States,2019-03-06,2016,TV-MA,1 Season,"Crime TV Shows, TV Dramas"
s461,TV Show,American Experience: The Circus,United States,2019-05-02,2018,TV-PG,1 Season,Docuseries
s469,TV Show,American Horror Story,United States,2020-11-13,2019,TV-MA,9 Seasons,"TV Horror, TV Mysteries, TV Thrillers"
s472,TV Show,American Odyssey,United States,2016-04-05,2015,TV-14,1 Season,"TV Dramas, TV Thrillers"
s476,TV Show,American Vandal,United States,2018-09-14,2018,TV-MA,2 Seasons,"Crime TV Shows, TV Comedies, Teen TV Shows"
s479,TV Show,AMO,Philippines,2018-04-09,2017,TV-MA,1 Season,"International TV Shows, TV Dramas"
s495,TV Show,An Innocent Mistake,Taiwan,2017-01-01,2012,TV-14,1 Season,"International TV Shows, Romantic TV Shows, TV Dramas"
s505,TV Show,Ancient Aliens,United States,2019-09-17,2018,TV-14,1 Season,"Docuseries, Science & Nature TV"
s516,TV Show,Angel 'N' Devil,Taiwan,2019-04-30,2014,TV-14,1 Season,"International TV Shows, TV Action & Adventure, TV Comedies"
s517,TV Show,Angel Beats!,Japan,2019-07-15,2010,TV-PG,1 Season,"Anime Series, International TV Shows"
s524,TV Show,Angry Birds,Finland,2019-03-16,2018,TV-Y7,3 Seasons,"Kids' TV, TV Comedies"
s532,TV Show,Anitta: Made In Honório,Brazil,2020-12-16,2020,TV-MA,1 Season,"Docuseries, International TV Shows"
s534,TV Show,Anjaan: Rural Myths,India,2018-12-15,2018,TV-14,1 Season,"International TV Shows, TV Horror, TV Thrillers"
s535,TV Show,Anjaan: Special Crimes Unit,India,2018-05-01,2018,TV-14,1 Season,"International TV Shows, TV Horror, TV Mysteries"
s540,TV Show,Anne with an E,Canada,2020-01-03,2019,TV-PG,3 Seasons,"International TV Shows, TV Dramas, Teen TV Shows"
s541,TV Show,Anohana: The Flower We Saw That Day,Japan,2019-07-15,2011,TV-14,1 Season,"Anime Series, International TV Shows, Teen TV Shows"
s544,TV Show,Another Life,United States,2019-07-25,2019,TV-MA,1 Season,"TV Action & Adventure, TV Dramas, TV Mysteries"
s545,TV Show,Another Miss Oh,South Korea,2019-10-16,2016,TV-MA,1 Season,"International TV Shows, Korean TV Shows, Romantic TV Shows"
s546,TV Show,Answer for Heaven,,2019-06-27,2019,TV-MA,1 Season,"Crime TV Shows, International TV Shows, TV Comedies"
s550,TV Show,Anthony Bourdain: Parts Unknown,United States,,2018,TV-PG,5 Seasons,Docuseries
s557,TV Show,????????,Japan,2018-12-23,2012,TV-Y7,2 Seasons,"Anime Series, Kids' TV"
s559,TV Show,Apache: The Life of Carlos Tevez,Argentina,2019-08-16,2019,TV-MA,1 Season,"Crime TV Shows, International TV Shows, Spanish-Language TV Shows"
s560,TV Show,Apaches,Spain,2017-09-08,2016,TV-MA,1 Season,"Crime TV Shows, International TV Shows, Spanish-Language TV Shows"
s566,TV Show,Aquarius,United States,2017-06-16,2016,TV-MA,2 Seasons,"Crime TV Shows, TV Dramas"
s570,TV Show,ARASHI's Diary -Voyage-,Japan,2019-12-31,2019,TV-PG,1 Season,"Docuseries, International TV Shows"
s571,TV Show,Archibald's Next Big Thing,,2020-03-20,2020,TV-Y7,2 Seasons,"Kids' TV, TV Comedies"
s575,TV Show,Are You The One,United States,2020-12-01,2014,TV-14,2 Seasons,Reality TV
s576,TV Show,Ares,Netherlands,2020-01-17,2020,TV-MA,1 Season,"International TV Shows, TV Dramas, TV Horror"
s577,TV Show,Argon,South Korea,2017-11-22,2017,TV-MA,1 Season,"International TV Shows, Korean TV Shows, TV Dramas"
s579,TV Show,Ari Shaffir: Double Negative,United States,2017-07-18,2017,TV-MA,1 Season,Stand-Up Comedy & Talk Shows
s584,TV Show,Arrested Development,United States,2018-05-29,2019,TV-MA,5 Seasons,TV Comedies
s585,TV Show,Arrow,United States,2020-02-05,2019,TV-14,8 Seasons,"Crime TV Shows, TV Action & Adventure"
s587,TV Show,Arthdal Chronicles,South Korea,2019-06-02,2019,TV-MA,1 Season,"International TV Shows, Korean TV Shows, TV Action & Adventure"
s596,TV Show,Ash vs. Evil Dead,United States,2019-04-29,2018,TV-MA,3 Seasons,"TV Action & Adventure, TV Comedies, TV Horror"
s597,TV Show,Ashes of Love,China,2018-12-16,2018,TV-14,1 Season,"International TV Shows, Romantic TV Shows, TV Comedies"
s598,TV Show,Ask the Doctor,Australia,2018-10-19,2017,TV-PG,1 Season,"Docuseries, International TV Shows, Science & Nature TV"
s599,TV Show,Ask the StoryBots,United States,2019-08-02,2019,TV-Y,3 Seasons,Kids' TV
s604,TV Show,Astronomy Club: The Sketch Show,United States,2019-12-06,2019,TV-MA,1 Season,TV Comedies
s610,TV Show,At the Dolphin Bay,Taiwan,2019-11-15,2003,TV-14,1 Season,"International TV Shows, Romantic TV Shows"
s611,TV Show,Atelier,Japan,2015-12-01,2015,TV-PG,1 Season,"International TV Shows, TV Dramas"
s616,TV Show,Atomic Puppet,"Canada, France",2017-12-01,2016,TV-Y7,1 Season,"Crime TV Shows, Kids' TV, TV Comedies"
s617,TV Show,Attack on Titan,Japan,2019-02-24,2013,TV-MA,1 Season,"Anime Series, International TV Shows"
s620,TV Show,Atypical,United States,2019-11-01,2019,TV-14,3 Seasons,"TV Comedies, TV Dramas, Teen TV Shows"
s622,TV Show,Aunty Donna's Big Ol' House of Fun,Australia,2020-11-11,2020,TV-MA,1 Season,TV Comedies
s625,TV Show,Aussie Gold Hunters,Australia,2017-08-01,2016,TV-MA,1 Season,"Docuseries, International TV Shows, Reality TV"
s631,TV Show,Autumn's Concerto,Taiwan,2016-08-01,2009,TV-14,1 Season,"International TV Shows, Romantic TV Shows, TV Dramas"
s633,TV Show,Avatar: The Last Airbender,United States,2020-05-15,2007,TV-Y7,3 Seasons,"Classic & Cult TV, Kids' TV, TV Action & Adventure"
s640,TV Show,Awake: The Million Dollar Game,United States,2019-06-14,2019,TV-PG,1 Season,Reality TV
s641,TV Show,Away,United States,2020-09-04,2020,TV-14,1 Season,"Romantic TV Shows, TV Dramas, TV Sci-Fi & Fantasy"
s642,TV Show,Away From Home,,2019-05-08,2015,TV-PG,1 Season,"International TV Shows, TV Dramas"
s652,TV Show,B: The Beginning,Japan,2018-03-02,2018,TV-MA,1 Season,"Anime Series, Crime TV Shows, International TV Shows"
s780,TV Show,Be-Be-Bears,Russia,2018-08-29,2018,TV-Y,1 Season,Kids' TV
s668,TV Show,Babies,United States,2020-06-19,2020,TV-14,2 Seasons,"Docuseries, Science & Nature TV"
s669,TV Show,Baby,Italy,2020-09-16,2020,TV-MA,3 Seasons,"International TV Shows, TV Dramas, Teen TV Shows"
s670,TV Show,Baby Ballroom,United Kingdom,2018-07-10,2018,TV-MA,2 Seasons,"British TV Shows, International TV Shows, Reality TV"
s673,TV Show,Babylon Berlin,Germany,2020-03-01,2020,TV-MA,3 Seasons,"Crime TV Shows, International TV Shows, TV Dramas"
s677,TV Show,Back Street Girls -GOKUDOLS-,Japan,2018-12-12,2018,TV-MA,1 Season,"Anime Series, International TV Shows"
s678,TV Show,Back to 1989,Taiwan,2016-12-01,2016,TV-PG,1 Season,"International TV Shows, Romantic TV Shows, TV Comedies"
s681,TV Show,Back with the Ex,,2019-01-11,2018,TV-MA,1 Season,"International TV Shows, Reality TV, Romantic TV Shows"
s686,TV Show,Bad Blood,Canada,2019-05-31,2019,TV-MA,2 Seasons,"Crime TV Shows, TV Dramas"
s687,TV Show,Bad Boy Billionaires: India,India,2020-10-05,2020,TV-14,1 Season,"British TV Shows, Docuseries, International TV Shows"
s691,TV Show,Bad Education,United Kingdom,2018-12-15,2014,TV-MA,3 Seasons,"British TV Shows, TV Comedies"
s694,TV Show,Bad Guys,South Korea,2019-08-08,2014,TV-MA,1 Season,"Crime TV Shows, International TV Shows, Korean TV Shows"
s695,TV Show,Bad Guys: Vile City,South Korea,2018-03-08,2018,TV-MA,1 Season,"Crime TV Shows, International TV Shows, Korean TV Shows"
s699,TV Show,Badalte Rishton Ki Dastaan,India,2017-04-01,2013,TV-14,1 Season,"International TV Shows, TV Dramas"
s703,TV Show,Baewatch: Parental Guidance,,2020-08-22,2019,TV-MA,1 Season,"British TV Shows, Reality TV, Romantic TV Shows"
s704,TV Show,BAKI,Japan,2020-06-04,2020,TV-MA,3 Seasons,"Anime Series, International TV Shows"
s705,TV Show,Bakugan: Armored Alliance,,2020-11-06,2020,TV-Y7,1 Season,"Anime Series, Kids' TV"
s706,TV Show,Bakugan: Battle Planet,"Japan, Canada, United States",2020-11-06,2018,TV-PG,1 Season,"Anime Series, Kids' TV"
s707,TV Show,Bal Ganesh,,2020-03-31,2019,TV-Y7,1 Season,Kids' TV
s708,TV Show,Bala Loca,Chile,2017-04-01,2016,TV-MA,1 Season,"International TV Shows, Spanish-Language TV Shows, TV Dramas"
s721,TV Show,Bangkok Bachelors,,2018-06-04,2016,TV-MA,1 Season,"International TV Shows, Romantic TV Shows, TV Comedies"
s722,TV Show,Bangkok Buddies,Thailand,2019-11-20,2019,TV-MA,1 Season,"International TV Shows, TV Comedies, TV Dramas"
s724,TV Show,Bangkok Love Stories: Hey You!,,2019-03-08,2018,TV-14,1 Season,"International TV Shows, Romantic TV Shows, TV Dramas"
s725,TV Show,Bangkok Love Stories: Innocence,Thailand,2019-07-31,2018,TV-14,1 Season,"International TV Shows, Romantic TV Shows, TV Dramas"
s726,TV Show,Bangkok Love Stories: Objects of Affection,Thailand,2019-07-02,2019,TV-14,1 Season,"International TV Shows, Romantic TV Shows, TV Dramas"
s727,TV Show,Bangkok Love Stories: Plead,Thailand,2019-07-02,2019,TV-14,1 Season,"International TV Shows, Romantic TV Shows, TV Dramas"
s732,TV Show,Barbarians,Germany,2020-10-23,2020,TV-MA,1 Season,"International TV Shows, TV Action & Adventure, TV Dramas"
s736,TV Show,Barbie Dreamhouse Adventures,"United States, Canada",2019-02-14,2018,TV-Y,3 Seasons,Kids' TV
s737,TV Show,Barbie Dreamhouse Adventures: Go Team Roberts,,2020-03-21,2020,TV-Y,2 Seasons,Kids' TV
s741,TV Show,Barbie Life in the Dreamhouse,"United States, Canada",2017-07-01,2012,TV-Y,1 Season,"Kids' TV, TV Comedies"
s751,TV Show,Bard of Blood,India,2019-09-27,2019,TV-MA,1 Season,"International TV Shows, TV Action & Adventure, TV Dramas"
s760,TV Show,Basketball or Nothing,United States,2019-08-02,2019,TV-PG,1 Season,"Docuseries, Reality TV"
s761,TV Show,Bat Pat,Italy,2017-12-31,2016,TV-Y,1 Season,Kids' TV
s762,TV Show,Bates Motel,United States,2018-02-20,2017,TV-MA,5 Seasons,"Crime TV Shows, TV Dramas, TV Horror"
s767,TV Show,Battle Creek,United States,2015-12-31,2015,TV-14,1 Season,"Crime TV Shows, TV Comedies, TV Dramas"
s769,TV Show,Battlefield Recovery,United Kingdom,2016-08-01,2016,TV-PG,1 Season,"British TV Shows, Docuseries, Reality TV"
s770,TV Show,Battlefish,,2018-09-21,2018,TV-MA,1 Season,"Reality TV, Science & Nature TV, TV Action & Adventure"
s778,TV Show,Be with Me,Taiwan,2016-10-01,2015,TV-PG,1 Season,"International TV Shows, Romantic TV Shows, TV Dramas"
s779,TV Show,Be with You,Taiwan,2016-10-01,2015,TV-14,1 Season,"International TV Shows, Romantic TV Shows, TV Dramas"
s784,TV Show,Beast Legends,Canada,2019-02-01,2010,TV-PG,1 Season,Docuseries
s785,TV Show,BEASTARS,Japan,2020-03-13,2019,TV-MA,1 Season,"Anime Series, International TV Shows"
s787,TV Show,Beat Bugs,"Australia, Canada",2019-07-21,2018,TV-Y,3 Seasons,Kids' TV
s789,TV Show,Beating Again,South Korea,2017-05-22,2015,TV-14,1 Season,"International TV Shows, Korean TV Shows, Romantic TV Shows"
s792,TV Show,Beauty & the Beast,Canada,2016-09-19,2016,TV-14,4 Seasons,"Crime TV Shows, Romantic TV Shows, TV Dramas"
s794,TV Show,Beauty and the Bitches,,2019-04-23,2016,TV-MA,2 Seasons,"International TV Shows, Romantic TV Shows, TV Comedies"
s798,TV Show,Because This Is My First Life,South Korea,2020-01-01,2017,TV-14,1 Season,"International TV Shows, Korean TV Shows, Romantic TV Shows"
s801,TV Show,Becoming Champions,Mexico,2018-08-01,2018,TV-G,1 Season,"Docuseries, International TV Shows"
s1047,TV Show,Border Patrol,,2019-10-02,2016,TV-PG,1 Season,Reality TV
s806,TV Show,Before 30,Nigeria,2020-11-24,2015,TV-MA,1 Season,"International TV Shows, Romantic TV Shows, TV Comedies"
s812,TV Show,Behind Enemy Lines,United States,2016-08-15,2001,TV-14,1 Season,"British TV Shows, Docuseries"
s815,TV Show,Behind the Newsroom,,2018-09-14,2015,TV-MA,1 Season,"International TV Shows, Romantic TV Shows, TV Dramas"
s816,TV Show,Behzat Ç.,Turkey,2017-05-19,2010,TV-MA,1 Season,"Crime TV Shows, International TV Shows, TV Dramas"
s820,TV Show,Being Mary Jane: The Series,United States,2017-07-01,2016,TV-14,4 Seasons,"Romantic TV Shows, TV Dramas"
s826,TV Show,Bella and the Bulldogs,United States,2019-11-02,2015,TV-G,1 Season,"Kids' TV, TV Comedies"
s829,TV Show,Ben & Holly's Little Kingdom,United Kingdom,2020-03-15,2009,TV-Y,1 Season,Kids' TV
s830,TV Show,Ben 10,United States,2018-09-30,2016,TV-Y7,1 Season,Kids' TV
s850,TV Show,Best Leftovers Ever!,United States,2020-12-30,2020,TV-G,1 Season,Reality TV
s851,TV Show,Best Lover,"South Korea, China",2018-02-23,2016,TV-14,1 Season,"International TV Shows, Romantic TV Shows, TV Comedies"
s856,TV Show,Best.Worst.Weekend.Ever.,United States,2018-10-19,2018,TV-PG,1 Season,"Kids' TV, TV Comedies"
s857,TV Show,Betaal,India,2020-05-24,2020,TV-MA,1 Season,"International TV Shows, TV Action & Adventure, TV Horror"
s859,TV Show,Better Call Saul,United States,2020-02-09,2018,TV-MA,4 Seasons,"Crime TV Shows, TV Comedies, TV Dramas"
s860,TV Show,Better Than Us,Russia,2019-08-16,2019,TV-MA,1 Season,"Crime TV Shows, International TV Shows, TV Dramas"
s863,TV Show,Between,Canada,2016-07-01,2016,TV-14,2 Seasons,"International TV Shows, TV Dramas, TV Mysteries"
s869,TV Show,Beyblade Burst,Japan,2017-10-01,2016,TV-Y7,1 Season,"Anime Series, Kids' TV"
s870,TV Show,Beyblade Burst Evolution,,2018-11-15,2017,TV-Y,1 Season,"Anime Series, Kids' TV"
s871,TV Show,Beyblade Burst Rise,Japan,2020-11-15,2019,TV-Y7,1 Season,"Anime Series, Kids' TV"
s872,TV Show,Beyblade Burst Turbo,,2019-10-10,2018,TV-Y7,1 Season,"Anime Series, Kids' TV"
s873,TV Show,Beyblade: Metal Fusion,Japan,2017-12-15,2009,TV-Y7,1 Season,"Anime Series, Kids' TV"
s877,TV Show,Beyond Stranger Things,United States,2017-10-27,2017,TV-14,1 Season,"Stand-Up Comedy & Talk Shows, TV Mysteries, TV Sci-Fi & Fantasy"
s880,TV Show,Bh Se Bhade,India,2018-04-01,2013,TV-PG,1 Season,"International TV Shows, TV Comedies"
s881,TV Show,Bhaag Beanie Bhaag,India,2020-12-04,2020,TV-MA,1 Season,"International TV Shows, Romantic TV Shows, TV Comedies"
s882,TV Show,Bhaage Re Mann,India,2017-04-15,2015,TV-14,1 Season,"International TV Shows, Romantic TV Shows, TV Dramas"
s899,TV Show,Bibik-Bibikku,,2019-05-08,2016,TV-PG,1 Season,"International TV Shows, TV Comedies"
s900,TV Show,Big Bad Beetleborgs,"United States, France, Japan",2016-01-01,1997,TV-G,2 Seasons,"Kids' TV, TV Comedies"
s903,TV Show,"Big Dreams, Small Spaces",United Kingdom,2019-07-26,2017,TV-G,3 Seasons,"British TV Shows, International TV Shows, Reality TV"
s907,TV Show,Big Mouth,United States,2020-12-04,2020,TV-MA,4 Seasons,TV Comedies
s925,TV Show,Bill Nye Saves the World,United States,2018-05-11,2018,TV-14,3 Seasons,Stand-Up Comedy & Talk Shows
s930,TV Show,Billy on the Street,United States,2019-11-01,2016,TV-14,4 Seasons,"International TV Shows, Reality TV, TV Comedies"
s932,TV Show,Biohackers,Germany,2020-08-20,2020,TV-MA,1 Season,"International TV Shows, TV Dramas, TV Sci-Fi & Fantasy"
s941,TV Show,Bitten,Canada,2016-05-26,2016,TV-MA,3 Seasons,"International TV Shows, TV Dramas, TV Horror"
s942,TV Show,Bitter Daisies,Spain,2019-03-29,2018,TV-MA,1 Season,"Crime TV Shows, International TV Shows, TV Dramas"
s948,TV Show,Black Butler,Japan,2020-09-30,2010,TV-MA,3 Seasons,"Anime Series, International TV Shows"
s949,TV Show,Black Crows,"Saudi Arabia, Syria, Egypt, Lebanon, Kuwait",2018-04-30,2017,TV-14,1 Season,"International TV Shows, TV Dramas"
s950,TV Show,Black Earth Rising,United Kingdom,2019-01-25,2018,TV-MA,1 Season,"British TV Shows, International TV Shows, TV Dramas"
s953,TV Show,Black Heart,Turkey,2018-10-12,2014,TV-14,1 Season,"Crime TV Shows, International TV Shows, TV Dramas"
s954,TV Show,Black Ink Crew New York,United States,2020-12-15,2014,TV-14,2 Seasons,Reality TV
s955,TV Show,Black Lightning,United States,2020-03-17,2019,TV-14,3 Seasons,"TV Action & Adventure, TV Dramas, TV Sci-Fi & Fantasy"
s957,TV Show,Black Mirror,United Kingdom,2019-06-05,2019,TV-MA,5 Seasons,"British TV Shows, International TV Shows, TV Dramas"
s959,TV Show,Black Money Love,Turkey,2019-10-15,2014,TV-MA,1 Season,"Crime TV Shows, International TV Shows, TV Dramas"
s966,TV Show,Black Spot,"France, Belgium",2019-06-14,2019,TV-MA,2 Seasons,"Crime TV Shows, International TV Shows, TV Dramas"
s967,TV Show,Black Summer,"Canada, United States",2019-04-11,2019,TV-MA,1 Season,"TV Action & Adventure, TV Dramas, TV Horror"
s973,TV Show,Blazing Transfer Students,Japan,2017-11-10,2017,TV-MA,1 Season,"International TV Shows, TV Action & Adventure, TV Comedies"
s974,TV Show,Bleach,Japan,2020-04-21,2006,TV-14,5 Seasons,"Anime Series, International TV Shows"
s981,TV Show,Bling Empire,,2021-01-15,2021,TV-MA,1 Season,Reality TV
s985,TV Show,Blood & Treasures,Thailand,2018-07-14,2016,TV-14,1 Season,"International TV Shows, TV Dramas, TV Sci-Fi & Fantasy"
s986,TV Show,Blood & Water,South Africa,2020-05-20,2020,TV-MA,1 Season,"International TV Shows, TV Dramas, TV Mysteries"
s989,TV Show,Blood of Zeus,United States,2020-10-27,2020,TV-MA,1 Season,Anime Series
s990,TV Show,Blood Pact,Brazil,2018-10-10,2018,TV-MA,1 Season,"Crime TV Shows, International TV Shows, TV Dramas"
s992,TV Show,Bloodline,United States,2017-05-26,2017,TV-MA,3 Seasons,"TV Dramas, TV Mysteries, TV Thrillers"
s993,TV Show,Bloodride,Norway,2020-03-13,2020,TV-MA,1 Season,"International TV Shows, TV Horror, TV Mysteries"
s995,TV Show,Blown Away,Canada,2019-07-12,2019,TV-14,1 Season,"International TV Shows, Reality TV"
s996,TV Show,Blue Exorcist,Japan,2020-09-01,2017,TV-MA,2 Seasons,"Anime Series, International TV Shows"
s1001,TV Show,Blue Planet II,United Kingdom,2018-12-03,2017,TV-G,1 Season,"British TV Shows, Docuseries, Science & Nature TV"
s1007,TV Show,BNA,Japan,2020-06-30,2020,TV-14,1 Season,"Anime Series, International TV Shows"
s1011,TV Show,Bo on the Go!,Canada,2019-03-21,2007,TV-Y,1 Season,Kids' TV
s1013,TV Show,Bob Ross: Beauty Is Everywhere,,2016-06-01,1991,TV-G,1 Season,TV Shows
s1019,TV Show,Bobby Kennedy for President,,2018-04-27,2018,TV-MA,1 Season,Docuseries
s1022,TV Show,Boca Juniors Confidential,,2018-09-14,2018,TV-PG,1 Season,"Docuseries, International TV Shows, Spanish-Language TV Shows"
s1026,TV Show,BoJack Horseman,United States,2019-10-25,2020,TV-MA,6 Seasons,TV Comedies
s1029,TV Show,Bolívar,Colombia,2019-06-21,2019,TV-MA,1 Season,"International TV Shows, Romantic TV Shows, Spanish-Language TV Shows"
s1040,TV Show,Bondi Rescue,Australia,2019-11-01,2016,TV-PG,1 Season,Reality TV
s1041,TV Show,BONDING,United States,2019-09-22,2019,TV-MA,1 Season,"TV Comedies, TV Dramas"
s1043,TV Show,Bonus Family,Sweden,2019-07-12,2019,TV-MA,3 Seasons,"International TV Shows, TV Dramas"
s1044,TV Show,Booba,Russia,2020-01-16,2019,TV-Y7,3 Seasons,"Kids' TV, TV Comedies"
s1045,TV Show,Bookmarks,United States,2020-09-01,2020,TV-Y,1 Season,Kids' TV
s1048,TV Show,Border Security: America's Front Line,Canada,2020-01-01,2018,TV-14,1 Season,"Crime TV Shows, International TV Shows, Reality TV"
s1049,TV Show,Borderline,United Kingdom,2017-12-02,2017,TV-14,2 Seasons,"British TV Shows, TV Comedies"
s1050,TV Show,Borderliner,"Norway, Germany, Sweden",2018-03-06,2017,TV-MA,1 Season,"Crime TV Shows, International TV Shows, TV Dramas"
s1051,TV Show,Bordertown,"Finland, France",2020-05-11,2019,TV-MA,3 Seasons,"Crime TV Shows, International TV Shows, TV Dramas"
s1052,TV Show,Borgen,Denmark,2020-09-01,2012,TV-MA,3 Seasons,"International TV Shows, TV Dramas"
s1053,TV Show,Borges,Brazil,2018-06-25,2018,TV-MA,1 Season,"International TV Shows, TV Comedies"
s1062,TV Show,Botched Up Bodies,United Kingdom,2019-10-02,2013,TV-MA,1 Season,"British TV Shows, Docuseries, International TV Shows"
s1063,TV Show,Bottersnikes & Gumbles,"United States, United Kingdom, Australia",2017-03-24,2017,TV-Y7,2 Seasons,"British TV Shows, Kids' TV"
s1065,TV Show,Bountiful Blessings,Singapore,2017-08-01,2011,TV-14,1 Season,"International TV Shows, TV Dramas, TV Sci-Fi & Fantasy"
s1071,TV Show,Boys Over Flowers,South Korea,2020-05-16,2009,TV-14,1 Season,"International TV Shows, Korean TV Shows, Romantic TV Shows"
s1074,TV Show,Brain Games,United States,2019-03-15,2016,TV-G,3 Seasons,"Docuseries, Science & Nature TV"
s1076,TV Show,Brainchild,,2018-11-02,2018,TV-G,1 Season,Kids' TV
s1080,TV Show,Brave Miss World,"United States, Israel, Italy, South Africa",2018-02-17,2013,TV-14,1 Season,"Crime TV Shows, Docuseries"
s1083,TV Show,Braxton Family Values,United States,2020-02-15,2014,TV-PG,2 Seasons,Reality TV
s1084,TV Show,Bread Barbershop,,2020-08-15,2020,TV-Y,1 Season,"Kids' TV, TV Comedies"
s1086,TV Show,BREAK IT ALL: The History of Rock in Latin America,,2020-12-16,2020,TV-MA,1 Season,"Docuseries, Spanish-Language TV Shows"
s1089,TV Show,"Breakfast, Lunch & Dinner",United States,2019-10-23,2019,TV-MA,1 Season,Docuseries
s1090,TV Show,Breaking Bad,United States,2013-08-02,2013,TV-MA,5 Seasons,"Crime TV Shows, TV Dramas, TV Thrillers"
s1093,TV Show,Breakout,,2017-07-01,2010,TV-14,1 Season,"International TV Shows, TV Dramas"
s1096,TV Show,Brews Brothers,United States,2020-04-10,2020,TV-MA,1 Season,TV Comedies
s1101,TV Show,Bridgerton,United States,2020-12-25,2020,TV-MA,1 Season,"Romantic TV Shows, TV Dramas"
s1104,TV Show,Bright: The Music Videos,,2017-11-23,2017,TV-MA,1 Season,TV Shows
s1106,TV Show,"Bring It On, Ghost",South Korea,2019-10-30,2016,TV-14,1 Season,"International TV Shows, Korean TV Shows, Romantic TV Shows"
s1108,TV Show,Bringing Sexy Back,,2019-10-02,2015,TV-14,1 Season,"International TV Shows, Reality TV"
s1109,TV Show,Broadchurch,United Kingdom,2017-11-27,2017,TV-MA,3 Seasons,"British TV Shows, Crime TV Shows, International TV Shows"
s1110,TV Show,Broken,United States,2019-11-27,2019,TV-14,1 Season,Docuseries
s1111,TV Show,Bromance,Taiwan,2016-12-01,2015,TV-PG,1 Season,"International TV Shows, Romantic TV Shows, TV Comedies"
s1116,TV Show,Brotherhood,Brazil,2019-10-25,2019,TV-MA,1 Season,"Crime TV Shows, International TV Shows, TV Dramas"
s1119,TV Show,Brown Nation,United States,2016-11-15,2016,TV-14,1 Season,TV Comedies
s1125,TV Show,Buddha,,2018-04-01,2013,TV-PG,1 Season,"International TV Shows, TV Dramas"
s1126,TV Show,Buddi,"United Kingdom, China",2020-09-11,2020,TV-Y,2 Seasons,"British TV Shows, Kids' TV"
s1128,TV Show,Buddy Thunderstruck,United States,2017-03-10,2017,TV-Y7,1 Season,"Kids' TV, TV Comedies"
s1139,TV Show,Bumping Mics with Jeff Ross & Dave Attell,United States,2018-11-27,2018,TV-MA,1 Season,"Stand-Up Comedy & Talk Shows, TV Comedies"
s1140,TV Show,Bunk'd,United States,2020-08-24,2020,TV-G,4 Seasons,"Kids' TV, TV Comedies"
s1141,TV Show,"Bure Kaam Bura Natija, Kyun Bhai Chacha Haan Bhatija",,2018-03-31,2017,TV-PG,1 Season,Kids' TV
s1145,TV Show,Burned Cocoon,Turkey,2017-04-01,2005,TV-MA,1 Season,"International TV Shows, TV Dramas"
s1149,TV Show,Burnistoun,United Kingdom,2019-10-01,2012,TV-MA,2 Seasons,"British TV Shows, TV Comedies"
s1151,TV Show,Busted!,South Korea,2019-11-08,2019,TV-14,2 Seasons,"Crime TV Shows, International TV Shows, Korean TV Shows"
s1163,TV Show,Cabins in the Wild with Dick Strawbridge,United Kingdom,2018-09-15,2017,TV-PG,1 Season,"British TV Shows, International TV Shows, Reality TV"
s1164,TV Show,Cable Girls,Spain,2020-07-03,2019,TV-MA,6 Seasons,"International TV Shows, Romantic TV Shows, Spanish-Language TV Shows"
s1166,TV Show,Cagaster of an Insect Cage,Japan,2020-02-06,2020,TV-MA,1 Season,"Anime Series, International TV Shows"
s1169,TV Show,Cain and Abel,South Korea,2019-03-12,2009,TV-MA,1 Season,"International TV Shows, Korean TV Shows, Romantic TV Shows"
s1174,TV Show,Calico Critters,,2018-11-01,2018,TV-Y,1 Season,Kids' TV
s1175,TV Show,Calico Critters Mini Episodes Clover,,2020-03-01,2020,TV-Y,1 Season,Kids' TV
s1179,TV Show,Caliphate,Sweden,2020-03-18,2020,TV-MA,1 Season,"International TV Shows, TV Dramas"
s1180,TV Show,Call Me Francis,Italy,2016-12-16,2016,TV-14,1 Season,"International TV Shows, Spanish-Language TV Shows, TV Dramas"
s1181,TV Show,Call My Agent!,France,2019-01-04,2018,TV-MA,3 Seasons,"International TV Shows, TV Comedies, TV Dramas"
s1182,TV Show,Call the Midwife,United Kingdom,2020-09-15,2020,TV-MA,9 Seasons,"British TV Shows, International TV Shows, TV Dramas"
s1185,TV Show,Camarón Revolution,,2018-07-18,2018,TV-14,1 Season,"Docuseries, International TV Shows, Spanish-Language TV Shows"
s1187,TV Show,Camelia la Texana,"Mexico, United States",2017-02-01,2014,TV-14,1 Season,"Crime TV Shows, Romantic TV Shows, Spanish-Language TV Shows"
s1190,TV Show,Camp X,Canada,2019-02-01,2014,TV-MA,1 Season,Docuseries
s1192,TV Show,Can We Get Married?,South Korea,2017-05-22,2012,TV-14,1 Season,"International TV Shows, Korean TV Shows, Romantic TV Shows"
s1193,TV Show,Can You Hear Me?,Canada,2020-11-02,2020,TV-MA,2 Seasons,"International TV Shows, TV Comedies, TV Dramas"
s1194,TV Show,"Can't Cope, Won't Cope",Ireland,2020-05-28,2018,TV-MA,2 Seasons,"TV Comedies, TV Dramas"
s1199,TV Show,Candy Online,Taiwan,2019-11-17,2019,TV-MA,1 Season,"International TV Shows, TV Dramas, Teen TV Shows"
s1202,TV Show,Cannabis,France,2016-12-15,2016,TV-MA,1 Season,"Crime TV Shows, International TV Shows, TV Dramas"
s1203,TV Show,Cannon Busters,"United States, Japan",2019-08-15,2019,TV-MA,1 Season,"Anime Series, International TV Shows"
s1209,TV Show,Captive,United Kingdom,2016-12-09,2016,TV-MA,1 Season,"Crime TV Shows, Docuseries"
s1210,TV Show,Car Masters: Rust to Riches,,2020-03-27,2020,TV-PG,2 Seasons,Reality TV
s1213,TV Show,Cardcaptor Sakura,Japan,2020-06-01,1999,TV-Y7,2 Seasons,"Anime Series, International TV Shows"
s1214,TV Show,Care Bears & Cousins,United States,2016-02-05,2016,TV-Y,2 Seasons,Kids' TV
s1215,TV Show,Care Bears: Welcome to Care-a-Lot,United States,2019-08-02,2012,TV-Y,1 Season,Kids' TV
s1222,TV Show,Carmel: Who Killed Maria Marta?,Argentina,2020-11-05,2020,TV-14,1 Season,"Crime TV Shows, Docuseries, International TV Shows"
s1223,TV Show,Carmen Sandiego,United States,2021-01-15,2021,TV-Y7,4 Seasons,"Kids' TV, TV Thrillers"
s1226,TV Show,CAROLE & TUESDAY,Japan,2019-12-24,2019,TV-MA,2 Seasons,"Anime Series, International TV Shows, Teen TV Shows"
s1232,TV Show,Case,Iceland,2016-11-09,2015,TV-MA,1 Season,"Crime TV Shows, International TV Shows, TV Dramas"
s1234,TV Show,Case Closed,Japan,2019-01-04,2015,TV-14,1 Season,"Anime Series, Crime TV Shows, TV Thrillers"
s1239,TV Show,Castle and Castle,Nigeria,2020-02-14,2018,TV-MA,1 Season,"International TV Shows, TV Dramas"
s1240,TV Show,Castle of Stars,,2018-09-07,2015,TV-MA,1 Season,"International TV Shows, Romantic TV Shows, TV Comedies"
s1241,TV Show,Castlevania,United States,2020-03-05,2020,TV-MA,3 Seasons,"Anime Series, TV Horror, TV Thrillers"
s1247,TV Show,Cathedral of the Sea,Spain,2018-08-31,2017,TV-MA,1 Season,"International TV Shows, Spanish-Language TV Shows, TV Dramas"
s1250,TV Show,Caught on Camera,United Kingdom,2016-08-15,2015,TV-MA,3 Seasons,"British TV Shows, Crime TV Shows, Docuseries"
s1254,TV Show,Cells at Work!,Japan,2020-01-01,2018,TV-PG,1 Season,"Anime Series, Teen TV Shows"
s1265,TV Show,Challenger,United States,2020-09-16,2020,TV-14,1 Season,"Docuseries, Science & Nature TV"
s1269,TV Show,Chambers,United States,2019-04-26,2019,TV-MA,1 Season,"TV Horror, TV Mysteries, Teen TV Shows"
s1271,TV Show,Champions,United States,2019-03-08,2018,TV-14,1 Season,TV Comedies
s1278,TV Show,Charité,Germany,2018-04-19,2017,TV-MA,1 Season,"International TV Shows, TV Dramas"
s1279,TV Show,Charité at War,,2019-06-15,2019,TV-MA,1 Season,"International TV Shows, TV Dramas"
s1283,TV Show,Charlie's Colorforms City,United States,2019-03-22,2019,TV-Y,1 Season,Kids' TV
s1285,TV Show,Charmed,United States,2020-05-09,2019,TV-14,2 Seasons,"TV Dramas, TV Sci-Fi & Fantasy"
s1290,TV Show,Chasing Cameron,United States,2016-12-27,2016,TV-14,1 Season,"Reality TV, Teen TV Shows"
s1292,TV Show,Chasing Monsters,Canada,2017-12-15,2016,TV-PG,2 Seasons,"Docuseries, Reality TV, Science & Nature TV"
s1297,TV Show,Cheapest Weddings,Australia,2017-12-01,2016,TV-14,1 Season,"International TV Shows, Reality TV"
s1298,TV Show,Check The Store Next Door: The Next Chapter,Indonesia,2020-12-02,2020,TV-14,2 Seasons,"International TV Shows, TV Comedies, TV Dramas"
s1299,TV Show,Cheer,United States,2020-01-08,2020,TV-MA,1 Season,"Docuseries, Reality TV, Teen TV Shows"
s1300,TV Show,Cheer Squad,United States,2017-03-14,2016,TV-PG,1 Season,"Reality TV, Teen TV Shows"
s1301,TV Show,Cheers,United States,2017-07-01,1992,TV-PG,11 Seasons,"Classic & Cult TV, TV Comedies"
s1302,TV Show,Cheese in the Trap,South Korea,2019-10-01,2016,TV-14,1 Season,"International TV Shows, Korean TV Shows, Romantic TV Shows"
s1304,TV Show,Chef & My Fridge,South Korea,2017-08-04,2017,TV-PG,2 Seasons,"International TV Shows, Korean TV Shows, Reality TV"
s1305,TV Show,Chef's Table,United States,2019-02-22,2019,TV-MA,6 Seasons,"Docuseries, Reality TV"
s1306,TV Show,Chef's Table: BBQ,United States,2020-09-02,2020,TV-14,1 Season,"Docuseries, Reality TV"
s1307,TV Show,Chef's Table: France,,2016-09-02,2016,TV-14,1 Season,Docuseries
s1308,TV Show,Chelsea,United States,2017-04-14,2017,TV-MA,2 Seasons,"Stand-Up Comedy & Talk Shows, TV Comedies"
s1309,TV Show,Chelsea Does,United States,2016-01-23,2016,TV-MA,1 Season,"Docuseries, Science & Nature TV"
s1314,TV Show,Cheuk Wan-Chi: Two Night Stand,,2017-12-15,2015,TV-MA,1 Season,"International TV Shows, Stand-Up Comedy & Talk Shows, TV Comedies"
s1315,TV Show,Chewin' the Fat,United Kingdom,2016-10-01,1999,TV-14,1 Season,"British TV Shows, TV Comedies"
s1316,TV Show,Chewing Gum,United Kingdom,2017-04-04,2017,TV-MA,2 Seasons,"British TV Shows, International TV Shows, Romantic TV Shows"
s1317,TV Show,Chhota Bheem,India,2019-07-11,2019,TV-Y,1 Season,Kids' TV
s1322,TV Show,Chhota Bheem Kung Fu Dhamaka Series,,2020-01-01,2019,TV-Y7,1 Season,Kids' TV
s1324,TV Show,Chicago Typewriter,South Korea,2019-10-01,2017,TV-14,1 Season,"International TV Shows, Korean TV Shows, Romantic TV Shows"
s1327,TV Show,Chicken Soup for the Soul's Being Dad,United States,2018-08-27,2018,TV-MA,1 Season,Docuseries
s1329,TV Show,Chico Bon Bon: Monkey with a Tool Belt,United States,2020-10-27,2020,TV-Y,4 Seasons,Kids' TV
s1331,TV Show,Chief of Staff,South Korea,2019-11-12,2019,TV-14,2 Seasons,"International TV Shows, Korean TV Shows, TV Dramas"
s1333,TV Show,Children of Adam,Lebanon,2020-12-12,2020,TV-14,1 Season,"International TV Shows, TV Dramas, TV Thrillers"
s1336,TV Show,Children of the Whales,Japan,2018-03-13,2017,TV-14,1 Season,"Anime Series, International TV Shows"
s1337,TV Show,Chill with Bob Ross,,2016-12-01,1994,TV-G,1 Season,TV Shows
s1339,TV Show,Chilling Adventures of Sabrina,United States,2020-12-31,2020,TV-14,4 Seasons,"TV Horror, TV Mysteries, TV Sci-Fi & Fantasy"
s1342,TV Show,Chip and Potato,"United Kingdom, Canada",2019-11-29,2019,TV-Y,2 Seasons,Kids' TV
s1347,TV Show,Chocolate,South Korea,2019-11-30,2019,TV-14,1 Season,"International TV Shows, Korean TV Shows, Romantic TV Shows"
s1351,TV Show,Chosen,China,2019-10-17,2019,TV-14,2 Seasons,"Crime TV Shows, International TV Shows, TV Action & Adventure"
s1360,TV Show,Christiane Amanpour: Sex & Love Around the World,United States,2018-09-30,2018,TV-MA,1 Season,Docuseries
s1377,TV Show,"ChuChu TV Kids Songs, Learning Videos & Bedtime Stories",,2019-10-18,2019,TV-Y,1 Season,Kids' TV
s1378,TV Show,ChuChu TV Nursery Rhymes & Kids Songs (Hindi),India,2020-04-18,2019,TV-Y,1 Season,Kids' TV
s1383,TV Show,Chuck Chicken,Malaysia,2017-11-15,2017,TV-Y7,1 Season,Kids' TV
s1387,TV Show,Churchill’s Secret Agents: The New Recruits,United Kingdom,2018-06-29,2018,TV-MA,1 Season,"British TV Shows, International TV Shows, Reality TV"
s1390,TV Show,Cinderella and the Four Knights,South Korea,2019-12-15,2016,TV-PG,1 Season,"International TV Shows, Korean TV Shows, Romantic TV Shows"
s1391,TV Show,Cinta 100KG,,2019-05-08,2016,TV-14,1 Season,"International TV Shows, Romantic TV Shows, TV Dramas"
s1392,TV Show,Cinta Iris,,2019-05-08,2015,TV-PG,1 Season,"International TV Shows, Romantic TV Shows, TV Dramas"
s1393,TV Show,Cinta Si Wedding Planner,,2019-05-08,2015,TV-14,1 Season,"International TV Shows, Romantic TV Shows, TV Dramas"
s1394,TV Show,Cinta Teruna Kimchi,,2019-05-08,2016,TV-PG,1 Season,"International TV Shows, TV Dramas"
s1400,TV Show,City in the Sky,United Kingdom,2017-10-01,2016,TV-PG,1 Season,"British TV Shows, Docuseries, Science & Nature TV"
s1405,TV Show,Civilizations,United Kingdom,2018-10-01,2018,TV-14,1 Season,"British TV Shows, Docuseries"
s1407,TV Show,CLANNAD,Japan,2019-11-01,2008,TV-PG,2 Seasons,"Anime Series, Teen TV Shows"
s1413,TV Show,Classic Legends,India,2017-05-15,2012,TV-PG,1 Season,"Docuseries, International TV Shows"
s1414,TV Show,Cleo & Cuquin,Spain,2020-07-01,2020,TV-Y,2 Seasons,Kids' TV
s1416,TV Show,Cleverman,"Australia, New Zealand, United States",2020-09-05,2017,TV-MA,1 Season,"TV Dramas, TV Sci-Fi & Fantasy, TV Thrillers"
s1418,TV Show,Click for Murder,United Kingdom,2017-09-17,2017,TV-14,1 Season,"British TV Shows, Crime TV Shows, Docuseries"
s1423,TV Show,Close Your Eyes Before It’s Dark,Taiwan,2017-08-01,2016,TV-14,1 Season,"Crime TV Shows, International TV Shows, TV Dramas"
s1431,TV Show,Club de Cuervos Presents: The Ballad of Hugo Sánchez,United States,2018-06-18,2018,TV-MA,1 Season,"International TV Shows, Spanish-Language TV Shows, TV Comedies"
s1432,TV Show,Club Friday The Series 6,,2019-03-09,2015,TV-MA,9 Seasons,"International TV Shows, Romantic TV Shows, TV Dramas"
s1433,TV Show,Club Friday The Series 7,,2018-06-18,2016,TV-MA,7 Seasons,"International TV Shows, Romantic TV Shows, TV Dramas"
s1434,TV Show,Club Friday The Series 8,,2019-02-02,2017,TV-MA,8 Seasons,"International TV Shows, Romantic TV Shows, TV Comedies"
s1435,TV Show,Club Friday To Be Continued - Friend & Enemy,,2018-04-20,2016,TV-MA,1 Season,"International TV Shows, Romantic TV Shows, TV Dramas"
s1436,TV Show,Club Friday To Be Continued - My Beautiful Tomboy,,2018-04-13,2016,TV-MA,1 Season,"International TV Shows, Romantic TV Shows, TV Comedies"
s1437,TV Show,Club Friday To Be Continued - The Promise,,2018-04-20,2016,TV-MA,1 Season,"International TV Shows, Romantic TV Shows, TV Dramas"
s1438,TV Show,Club of Crows,Mexico,2019-01-25,2019,TV-MA,4 Seasons,"International TV Shows, Spanish-Language TV Shows, TV Comedies"
s1440,TV Show,Coach Snoop,United States,2018-02-02,2018,TV-MA,1 Season,"Docuseries, Reality TV"
s1441,TV Show,Cobra Kai,United States,2021-01-01,2021,TV-14,3 Seasons,"TV Action & Adventure, TV Dramas"
s1442,TV Show,Cocaine,United Kingdom,2016-08-01,2005,TV-14,1 Season,"British TV Shows, Crime TV Shows, Docuseries"
s1443,TV Show,Cocaine Coast,Spain,2018-08-03,2018,TV-MA,1 Season,"Crime TV Shows, International TV Shows, Spanish-Language TV Shows"
s1445,TV Show,Cocomelon,United States,2020-12-18,2020,TV-Y,2 Seasons,Kids' TV
s1446,TV Show,Cocomong,United States,2019-12-15,2015,TV-Y,2 Seasons,"Kids' TV, Korean TV Shows"
s1448,TV Show,Code Geass: Lelouch of the Rebellion,Japan,2019-05-01,2008,TV-MA,2 Seasons,"Anime Series, International TV Shows"
s1449,TV Show,Code Lyoko,"France, Belgium",2020-10-01,2007,TV-Y7,4 Seasons,Kids' TV
s1455,TV Show,Cold Case Files,United States,2019-09-15,2017,TV-14,1 Season,"Crime TV Shows, Docuseries"
s1456,TV Show,Cold Case Files Classic,United States,2020-09-15,1999,TV-MA,1 Season,"Crime TV Shows, Docuseries"
s1463,TV Show,Collateral,"United Kingdom, United States",2018-03-09,2018,TV-MA,1 Season,"British TV Shows, Crime TV Shows, International TV Shows"
s1464,TV Show,College Romance,India,2019-10-01,2018,TV-MA,1 Season,"International TV Shows, Romantic TV Shows, TV Comedies"
s1466,TV Show,Colony,United States,2019-05-02,2018,TV-14,3 Seasons,"TV Action & Adventure, TV Dramas, TV Sci-Fi & Fantasy"
s1467,TV Show,Color of Woman,South Korea,2016-12-15,2012,TV-PG,1 Season,"International TV Shows, Korean TV Shows, Romantic TV Shows"
s1471,TV Show,Comedians in Cars Getting Coffee,United States,2019-07-19,2019,TV-14,6 Seasons,"Stand-Up Comedy & Talk Shows, TV Comedies"
s1472,TV Show,COMEDIANS of the world,United States,2019-01-01,2019,TV-MA,13 Seasons,"Stand-Up Comedy & Talk Shows, TV Comedies"
s1473,TV Show,Comedy Bang! Bang!,United States,2016-12-28,2016,TV-14,5 Seasons,"Stand-Up Comedy & Talk Shows, TV Comedies"
s1474,TV Show,Comedy High School,,2018-07-01,2018,TV-14,1 Season,"International TV Shows, TV Comedies"
s1476,TV Show,Community,United States,2020-04-01,2015,TV-14,6 Seasons,TV Comedies
s1480,TV Show,Conan Without Borders,United States,2018-12-31,2018,TV-14,1 Season,"Docuseries, TV Comedies"
s1484,TV Show,Connected,United Kingdom,2020-08-02,2020,TV-14,1 Season,"Docuseries, Science & Nature TV"
s1488,TV Show,Conspiracy,United Kingdom,2016-09-01,2015,TV-14,1 Season,"British TV Shows, Docuseries"
s1489,TV Show,Containment,United States,2016-10-21,2016,TV-MA,1 Season,"TV Dramas, TV Thrillers"
s1491,TV Show,Control Z,Mexico,2020-05-22,2020,TV-MA,1 Season,"International TV Shows, Spanish-Language TV Shows, TV Dramas"
s1492,TV Show,Conversations with a Killer: The Ted Bundy Tapes,United States,2019-01-24,2019,TV-MA,1 Season,"Crime TV Shows, Docuseries"
s1495,TV Show,Cooked,United States,2016-02-19,2016,TV-14,1 Season,Docuseries
s1496,TV Show,Cooked with Cannabis,United States,2020-04-20,2020,TV-MA,1 Season,Reality TV
s1497,TV Show,Cooking on High,United States,2018-06-22,2018,TV-MA,1 Season,Reality TV
s1504,TV Show,"Coronavirus, Explained",United States,2020-04-26,2020,TV-PG,1 Season,"Docuseries, Science & Nature TV"
s1509,TV Show,Country Ever After,United States,2020-11-06,2020,TV-PG,1 Season,Reality TV
s1512,TV Show,Court Justice,Australia,2019-10-02,2017,TV-MA,1 Season,"Crime TV Shows, Docuseries, International TV Shows"
s1519,TV Show,Crash Landing on You,South Korea,2019-12-15,2019,TV-14,1 Season,"International TV Shows, Korean TV Shows, Romantic TV Shows"
s1520,TV Show,Crashing,United Kingdom,2017-06-02,2016,TV-MA,1 Season,"British TV Shows, International TV Shows, Romantic TV Shows"
s1523,TV Show,Crazy Delicious,United Kingdom,2020-06-24,2020,TV-PG,1 Season,"British TV Shows, International TV Shows, Reality TV"
s1524,TV Show,Crazy Ex-Girlfriend,United States,2019-04-13,2019,TV-MA,4 Seasons,"Romantic TV Shows, TV Comedies"
s1526,TV Show,"Crazy, Lovely, Cool",Nigeria,2019-12-15,2018,TV-MA,1 Season,"International TV Shows, TV Dramas"
s1527,TV Show,Crazyhead,United Kingdom,2016-12-16,2016,TV-MA,1 Season,"British TV Shows, International TV Shows, TV Comedies"
s1530,TV Show,Creators,Argentina,2018-11-01,2015,TV-Y,2 Seasons,"Kids' TV, Spanish-Language TV Shows"
s1533,TV Show,Creeped Out,"United Kingdom, Canada",2019-10-04,2019,TV-PG,2 Seasons,"British TV Shows, Kids' TV, TV Thrillers"
s1534,TV Show,Cricket Fever: Mumbai Indians,India,2019-03-01,2019,TV-MA,1 Season,"Docuseries, International TV Shows"
s1535,TV Show,Crime Diaries: Night Out,Mexico,2019-05-03,2019,TV-MA,1 Season,"Crime TV Shows, International TV Shows, Spanish-Language TV Shows"
s1536,TV Show,Crime Diaries: The Candidate,Mexico,2019-03-22,2019,TV-MA,1 Season,"Crime TV Shows, International TV Shows, Spanish-Language TV Shows"
s1537,TV Show,Crime Time,France,2019-01-31,2017,TV-MA,1 Season,"Crime TV Shows, International TV Shows, TV Action & Adventure"
s1538,TV Show,Criminal Minds,"United States, Canada",2017-06-30,2017,TV-14,12 Seasons,"Crime TV Shows, TV Dramas, TV Mysteries"
s1539,TV Show,Criminal: France,,2019-09-20,2019,TV-MA,1 Season,"Crime TV Shows, International TV Shows, TV Dramas"
s1540,TV Show,Criminal: Germany,Germany,2019-09-20,2019,TV-MA,1 Season,"Crime TV Shows, International TV Shows, TV Dramas"
s1541,TV Show,Criminal: Spain,Spain,2019-09-20,2019,TV-MA,1 Season,"Crime TV Shows, International TV Shows, Spanish-Language TV Shows"
s1542,TV Show,Criminal: UK,"United Kingdom, France, Germany, Spain",2020-09-16,2020,TV-MA,2 Seasons,"British TV Shows, Crime TV Shows, International TV Shows"
s1550,TV Show,Cuckoo,United Kingdom,2019-04-19,2019,TV-MA,5 Seasons,"British TV Shows, International TV Shows, TV Comedies"
s1554,TV Show,Cupcake & Dino - General Services,"Canada, Brazil",2019-05-03,2019,TV-Y7,2 Seasons,"Kids' TV, TV Comedies"
s1555,TV Show,Curon,Italy,2020-06-10,2020,TV-MA,1 Season,"International TV Shows, TV Dramas, TV Horror"
s1556,TV Show,Cursed,"United Kingdom, Australia",2020-07-17,2020,TV-MA,1 Season,"TV Action & Adventure, TV Dramas, TV Sci-Fi & Fantasy"
s1561,TV Show,Cyborg 009 VS Devilman,"Japan, United States",2016-04-01,2015,TV-MA,1 Season,"Anime Series, International TV Shows"
s1562,TV Show,Cyborg 009: Call of Justice,Japan,2017-02-10,2017,TV-14,1 Season,"Anime Series, International TV Shows"
s1566,TV Show,Déjà Vu,,2019-01-02,2013,TV-14,1 Season,"International TV Shows, Romantic TV Shows, TV Dramas"
s1567,TV Show,Dérè: An African Tale,,2020-08-15,2016,TV-PG,1 Season,"International TV Shows, Romantic TV Shows, TV Dramas"
s1578,TV Show,Dad's Army,United Kingdom,2018-03-31,1977,TV-PG,10 Seasons,"British TV Shows, Classic & Cult TV, TV Comedies"
s1585,TV Show,Damnation,United States,2018-11-07,2017,TV-MA,1 Season,"Crime TV Shows, TV Dramas"
s1587,TV Show,Dance & Sing with True,,2018-05-18,2018,TV-Y,1 Season,Kids' TV
s1588,TV Show,Dance Academy,Australia,2017-12-20,2013,TV-PG,1 Season,"International TV Shows, Romantic TV Shows, TV Dramas"
s1591,TV Show,Dancing Angels,,2018-04-27,2016,TV-PG,1 Season,"International TV Shows, Romantic TV Shows, TV Comedies"
s1592,TV Show,Dancing Queen,,2018-10-05,2018,TV-14,1 Season,Reality TV
s1595,TV Show,Dandy,Mexico,2018-03-31,2016,TV-MA,1 Season,"Crime TV Shows, International TV Shows, Spanish-Language TV Shows"
s1597,TV Show,Danger Mouse,United Kingdom,2016-11-09,2016,TV-Y7,2 Seasons,"British TV Shows, Kids' TV"
s1598,TV Show,Danger Mouse: Classic Collection,United Kingdom,2015-06-15,1992,TV-Y,10 Seasons,"British TV Shows, Kids' TV, TV Comedies"
s1600,TV Show,Dangerous Roads,United Kingdom,2019-02-01,2012,TV-MA,2 Seasons,"British TV Shows, Docuseries"
s1601,TV Show,Daniel Sloss: Live Shows,United States,2018-09-11,2018,TV-MA,1 Season,"Stand-Up Comedy & Talk Shows, TV Comedies"
s1609,TV Show,Dare Me,United States,2020-12-30,2019,TV-MA,1 Season,"Crime TV Shows, TV Dramas, TV Thrillers"
s1611,TV Show,Dark,"Germany, United States",2020-06-27,2020,TV-MA,3 Seasons,"Crime TV Shows, International TV Shows, TV Dramas"
s1614,TV Show,Dark Desire,Mexico,2020-07-15,2020,TV-MA,1 Season,"Crime TV Shows, International TV Shows, Spanish-Language TV Shows"
s1617,TV Show,Dark Matter,Canada,2017-09-25,2017,TV-PG,3 Seasons,"TV Sci-Fi & Fantasy, TV Thrillers"
s1620,TV Show,Dark Tourist,New Zealand,2018-07-20,2018,TV-MA,1 Season,"Docuseries, International TV Shows"
s1623,TV Show,Darr Sabko Lagta Hai,India,2018-03-01,2015,TV-MA,1 Season,"International TV Shows, TV Horror, TV Thrillers"
s1625,TV Show,DASH & LILY,United States,2020-11-10,2020,TV-14,1 Season,"Romantic TV Shows, TV Comedies, TV Dramas"
s1626,TV Show,Dating Around,,2020-06-12,2020,TV-MA,2 Seasons,"Reality TV, Romantic TV Shows"
s1627,TV Show,Dating Around: Brazil,Brazil,2020-07-10,2020,TV-14,1 Season,"International TV Shows, Reality TV, Romantic TV Shows"
s1628,TV Show,Daughters of Destiny,United States,2017-07-28,2017,TV-14,1 Season,Docuseries
s1630,TV Show,Dave Chappelle,United States,2017-03-21,2017,TV-MA,1 Season,"Stand-Up Comedy & Talk Shows, TV Comedies"
s1631,TV Show,Dave Chappelle: Equanimity & The Bird Revelation,United States,2017-12-31,2017,TV-MA,1 Season,"Stand-Up Comedy & Talk Shows, TV Comedies"
s1639,TV Show,Dawai Asmara,,2017-12-11,2016,TV-14,1 Season,"International TV Shows, TV Dramas"
s1640,TV Show,Dawn of the Croods,United States,2017-07-07,2017,TV-Y7,4 Seasons,Kids' TV
s1641,TV Show,Dawson's Creek,United States,2020-11-01,2002,TV-14,6 Seasons,"Romantic TV Shows, TV Dramas, Teen TV Shows"
s1642,TV Show,Day and Night,China,2018-03-23,2017,TV-MA,1 Season,"Crime TV Shows, International TV Shows, TV Dramas"
s1644,TV Show,Daybreak,United States,2019-10-24,2019,TV-MA,1 Season,"TV Action & Adventure, TV Comedies, TV Horror"
s1645,TV Show,Days We Stared at the Sun,Taiwan,2018-03-31,2017,TV-MA,2 Seasons,"International TV Shows, TV Dramas"
s1647,TV Show,DC Super Hero Girls,United States,2019-08-12,2019,TV-Y7,1 Season,Kids' TV
s1648,TV Show,DC's Legends of Tomorrow,United States,2020-06-10,2020,TV-14,5 Seasons,"TV Action & Adventure, TV Sci-Fi & Fantasy"
s1653,TV Show,Dead Set,United Kingdom,2016-09-01,2008,TV-MA,1 Season,"British TV Shows, TV Horror, TV Thrillers"
s1654,TV Show,Dead to Me,United States,2020-05-08,2020,TV-MA,2 Seasons,"TV Comedies, TV Dramas"
s1659,TV Show,Deadwind,"Finland, Germany",2020-07-01,2020,TV-MA,2 Seasons,"Crime TV Shows, International TV Shows, TV Dramas"
s1660,TV Show,Deaf U,United States,2020-10-09,2020,TV-MA,1 Season,Docuseries
s1665,TV Show,Dear My Friends,South Korea,2020-06-01,2016,TV-MA,1 Season,"International TV Shows, Korean TV Shows, TV Dramas"
s1667,TV Show,Dear White People,United States,2019-08-02,2019,TV-MA,3 Seasons,"TV Comedies, TV Dramas"
s1670,TV Show,Death by Magic,United States,2018-11-30,2018,TV-PG,1 Season,Reality TV
s1681,TV Show,Deep Undercover Collection,United States,2018-07-20,2017,TV-MA,3 Seasons,"Crime TV Shows, Docuseries"
s1682,TV Show,Deep Water,Australia,2017-07-01,2016,TV-MA,1 Season,"Crime TV Shows, International TV Shows, TV Dramas"
s1688,TV Show,Degrassi: Next Class,Canada,2017-07-07,2017,TV-14,4 Seasons,"International TV Shows, TV Dramas, Teen TV Shows"
s1692,TV Show,Delhi Crime,India,2019-03-22,2019,TV-MA,1 Season,"Crime TV Shows, International TV Shows, TV Dramas"
s1696,TV Show,DeMarcus Family Rules,United States,2020-08-19,2020,TV-14,1 Season,Reality TV
s1700,TV Show,Demon's Path,,2018-12-22,2018,TV-14,1 Season,"Crime TV Shows, International TV Shows, TV Dramas"
s1704,TV Show,Dennis and Gnasher Unleashed,United Kingdom,2019-05-15,2017,TV-Y,1 Season,"British TV Shows, Kids' TV, TV Comedies"
s1707,TV Show,Derek,United Kingdom,2019-04-05,2015,TV-MA,3 Seasons,"British TV Shows, International TV Shows, TV Comedies"
s1711,TV Show,Derry Girls,United Kingdom,2019-08-02,2019,TV-MA,2 Seasons,"British TV Shows, International TV Shows, TV Comedies"
s1712,TV Show,Designated Survivor,United States,2019-06-07,2019,TV-MA,3 Seasons,"Crime TV Shows, TV Dramas, TV Thrillers"
s1713,TV Show,Designated Survivor: 60 Days,South Korea,2019-07-02,2019,TV-14,1 Season,"International TV Shows, Korean TV Shows, TV Dramas"
s1721,TV Show,Detention,Taiwan,2020-12-05,2020,TV-MA,1 Season,"International TV Shows, TV Dramas, TV Horror"
s1729,TV Show,Devilman Crybaby,Japan,2018-01-05,2018,TV-MA,1 Season,"Anime Series, International TV Shows, TV Horror"
s1730,TV Show,Devlok with Devdutt Pattanaik,India,2018-10-15,2017,TV-PG,1 Season,International TV Shows
s1732,TV Show,Dexter,United States,2018-01-01,2013,TV-MA,8 Seasons,"Crime TV Shows, TV Dramas, TV Mysteries"
s1737,TV Show,Dharmakshetra,India,2018-07-05,2014,TV-PG,1 Season,"International TV Shows, TV Dramas, TV Sci-Fi & Fantasy"
s1739,TV Show,Dhia Sofea,Malaysia,2017-12-01,2015,TV-14,1 Season,"International TV Shows, TV Dramas"
s1743,TV Show,Diablero,Mexico,2020-01-31,2020,TV-MA,2 Seasons,"International TV Shows, Spanish-Language TV Shows, TV Action & Adventure"
s1744,TV Show,Diagnosis,United States,2019-08-16,2019,TV-14,1 Season,"Docuseries, Science & Nature TV"
s1745,TV Show,Diamond City,,2020-12-18,2019,TV-MA,1 Season,"Crime TV Shows, International TV Shows, TV Dramas"
s1746,TV Show,Diamond Lover,China,2017-07-07,2015,TV-PG,1 Season,"International TV Shows, Romantic TV Shows, TV Dramas"
s1766,TV Show,Dinner for Five,United States,2008-02-04,2007,TV-MA,1 Season,Stand-Up Comedy & Talk Shows
s1768,TV Show,Dino Girl Gauko,"United States, Japan",2020-03-20,2020,TV-Y7,2 Seasons,"Anime Series, Kids' TV"
s1769,TV Show,Dino Hunt,Canada,2017-08-04,2016,TV-G,1 Season,"Docuseries, Science & Nature TV"
s1770,TV Show,Dinosaur King,Japan,2018-06-02,2008,TV-Y7,2 Seasons,"Anime Series, Kids' TV"
s1771,TV Show,Dinotrux,United States,2017-08-18,2017,TV-Y7,5 Seasons,Kids' TV
s1772,TV Show,Dinotrux Supercharged,,2018-08-03,2018,TV-Y7,3 Seasons,Kids' TV
s1773,TV Show,Dirty John,United States,2019-11-25,2018,TV-MA,1 Season,"Crime TV Shows, TV Dramas, TV Mysteries"
s1774,TV Show,Dirty Money,United States,2020-03-11,2020,TV-MA,2 Seasons,"Crime TV Shows, Docuseries"
s1775,TV Show,Disappearance,Egypt,2019-03-08,2018,TV-MA,1 Season,"International TV Shows, TV Dramas, TV Mysteries"
s1781,TV Show,Disenchantment,United States,2021-01-15,2021,TV-14,3 Seasons,"TV Action & Adventure, TV Comedies, TV Sci-Fi & Fantasy"
s1782,TV Show,Disjointed,United States,2018-01-12,2018,TV-MA,2 Seasons,TV Comedies
s1785,TV Show,Diva Brides,,2019-10-02,2017,TV-MA,1 Season,"British TV Shows, Reality TV"
s1790,TV Show,Do Do Sol Sol La La Sol,South Korea,2020-10-08,2020,TV-14,1 Season,"International TV Shows, Romantic TV Shows, TV Comedies"
s1793,TV Show,Doctor Foster,United Kingdom,2018-03-31,2017,TV-MA,2 Seasons,"British TV Shows, International TV Shows, Romantic TV Shows"
s1795,TV Show,Documentary Now!,United States,2019-06-03,2019,TV-14,3 Seasons,TV Comedies
s1797,TV Show,Dogs,United States,2018-11-16,2018,TV-PG,1 Season,Docuseries
s1798,TV Show,Dogs of Berlin,Germany,2018-12-07,2018,TV-MA,1 Season,"Crime TV Shows, International TV Shows, TV Dramas"
s1800,TV Show,Dollar,Lebanon,2019-08-08,2019,TV-MA,1 Season,"International TV Shows, TV Dramas"
s1803,TV Show,Dolly Parton's Heartstrings,United States,2019-11-22,2019,TV-14,1 Season,TV Dramas
s1816,TV Show,Don't F**k with Cats: Hunting an Internet Killer,"United Kingdom, United States",2019-12-18,2019,TV-MA,1 Season,"Crime TV Shows, Docuseries"
s1827,TV Show,Doomsday Preppers,United States,2019-03-01,2013,TV-14,1 Season,"Reality TV, Science & Nature TV"
s1829,TV Show,Dope,United States,2019-06-28,2019,TV-MA,3 Seasons,"Crime TV Shows, Docuseries"
s1831,TV Show,Dorohedoro,Japan,2020-05-28,2020,TV-MA,1 Season,"Anime Series, International TV Shows"
s1840,TV Show,Down to Earth with Zac Efron,United States,2020-07-10,2020,TV-PG,1 Season,"Docuseries, Reality TV, Science & Nature TV"
s1845,TV Show,Dracula,United Kingdom,2020-01-04,2020,TV-14,1 Season,"British TV Shows, International TV Shows, TV Dramas"
s1846,TV Show,DRAGON PILOT: Hisone & Masotan,Japan,2018-09-21,2018,TV-14,1 Season,"Anime Series, International TV Shows"
s1849,TV Show,Dragon's Dogma,,2020-09-17,2020,TV-MA,1 Season,"Anime Series, International TV Shows"
s1857,TV Show,Dragons: Race to the Edge,United States,2018-02-16,2018,TV-Y7,6 Seasons,"Kids' TV, TV Action & Adventure"
s1858,TV Show,Dragons: Rescue Riders,United States,2020-02-07,2020,TV-Y,2 Seasons,"Kids' TV, TV Comedies"
s1862,TV Show,Dramaworld,"United States, South Korea, China",2016-05-23,2016,TV-14,1 Season,"Romantic TV Shows, TV Comedies, TV Dramas"
s1865,TV Show,Dream Home Makeover,United States,2021-01-01,2021,TV-G,2 Seasons,Reality TV
s1867,TV Show,DreamWorks Happy Holidays from Madagascar,United States,2020-10-02,2005,TV-PG,1 Season,"Kids' TV, TV Comedies"
s1868,TV Show,DreamWorks Holiday Classics,United States,2018-12-16,2011,TV-PG,1 Season,"Kids' TV, TV Comedies"
s1870,TV Show,DreamWorks How to Train Your Dragon Legends,United States,2020-01-20,2011,TV-PG,1 Season,"Kids' TV, TV Action & Adventure, TV Sci-Fi & Fantasy"
s1871,TV Show,DreamWorks Kung Fu Panda Awesome Secrets,United States,2019-07-01,2008,TV-PG,1 Season,"Kids' TV, TV Action & Adventure, TV Comedies"
s1872,TV Show,DreamWorks Shrek's Swamp Stories,United States,2020-02-17,2008,TV-PG,1 Season,"Kids' TV, TV Action & Adventure, TV Comedies"
s1873,TV Show,DreamWorks Spooky Stories,United States,2018-10-25,2009,TV-PG,1 Season,"Kids' TV, TV Comedies"
s1874,TV Show,DreamWorks Spooky Stories: Volume 2,,2020-04-24,2011,TV-PG,1 Season,"Kids' TV, TV Comedies"
s1876,TV Show,DRIFTING DRAGONS,Japan,2020-04-30,2020,TV-14,1 Season,"Anime Series, International TV Shows"
s1881,TV Show,Droppin' Cash: Los Angeles,United States,2019-08-28,2019,TV-MA,2 Seasons,Reality TV
s1882,TV Show,Drug Lords,United States,2018-07-10,2018,TV-MA,2 Seasons,"Crime TV Shows, Docuseries"
s1883,TV Show,Drug Squad: Costa del Sol,Spain,2019-10-25,2019,TV-MA,1 Season,"Crime TV Shows, International TV Shows, Spanish-Language TV Shows"
s1884,TV Show,"Drugs, Inc.",United States,2019-03-23,2015,TV-MA,1 Season,"Crime TV Shows, Docuseries"
s1891,TV Show,Dueños del paraíso,"United States, Chile",2017-02-25,2015,TV-14,1 Season,"Crime TV Shows, International TV Shows, Spanish-Language TV Shows"
s1898,TV Show,Durarara!!,Japan,2018-12-20,2016,TV-MA,1 Season,"Anime Series, Crime TV Shows, International TV Shows"
s1901,TV Show,Dynasty,United States,2020-05-23,2019,TV-14,3 Seasons,TV Dramas
s1906,TV Show,Earth to Luna!,Brazil,2020-04-10,2014,TV-Y,1 Season,Kids' TV
s1907,TV Show,Earth's Natural Wonders,United Kingdom,2017-03-01,2015,TV-PG,1 Season,"British TV Shows, Docuseries, Science & Nature TV"
s1908,TV Show,Earth's Natural Wonders: Life at the Extremes,,2018-10-01,2018,TV-14,1 Season,"British TV Shows, Docuseries, Science & Nature TV"
s1911,TV Show,Eastsiders,United States,2019-12-01,2018,TV-MA,4 Seasons,"TV Comedies, TV Dramas"
s1912,TV Show,Easy,United States,2019-05-10,2019,TV-MA,3 Seasons,"TV Comedies, TV Dramas"
s1914,TV Show,Easy Fortune Happy Life,Taiwan,2016-09-01,2009,TV-MA,1 Season,"International TV Shows, Romantic TV Shows, TV Comedies"
s1921,TV Show,Edgar Rice Burroughs' Tarzan and Jane,,2018-10-12,2018,TV-Y7,2 Seasons,"Crime TV Shows, Kids' TV"
s1924,TV Show,Edge of the Universe,United Kingdom,2016-08-01,2008,TV-G,1 Season,"British TV Shows, Docuseries, Science & Nature TV"
s1925,TV Show,Edha,Argentina,2018-03-16,2018,TV-MA,1 Season,"International TV Shows, Spanish-Language TV Shows, TV Dramas"
s1934,TV Show,Einsatzgruppen: The Nazi Death Squads,France,2016-11-10,2009,TV-MA,1 Season,"Docuseries, International TV Shows"
s1944,TV Show,El Barco,Spain,2017-07-01,2013,NR,3 Seasons,"International TV Shows, Romantic TV Shows, Spanish-Language TV Shows"
s1947,TV Show,El Cartel,Colombia,2018-08-24,2008,TV-MA,1 Season,"Crime TV Shows, International TV Shows, Spanish-Language TV Shows"
s1948,TV Show,El Cartel 2,Colombia,2018-08-24,2010,TV-MA,1 Season,"Crime TV Shows, International TV Shows, Spanish-Language TV Shows"
s1949,TV Show,El Chapo,"Mexico, United States",2018-07-27,2018,TV-MA,3 Seasons,"Crime TV Shows, Spanish-Language TV Shows, TV Action & Adventure"
s1950,TV Show,El Chavo,Mexico,2017-12-31,1979,TV-PG,1 Season,"Classic & Cult TV, Kids' TV, Spanish-Language TV Shows"
s1952,TV Show,El Clon,United States,2017-05-18,2010,TV-14,1 Season,"Romantic TV Shows, Spanish-Language TV Shows, TV Dramas"
s1955,TV Show,El desconocido,,2019-06-14,2019,TV-MA,2 Seasons,"Crime TV Shows, International TV Shows, Spanish-Language TV Shows"
s1956,TV Show,El Dragón: Return of a Warrior,Mexico,2020-04-17,2020,TV-MA,2 Seasons,"Crime TV Shows, International TV Shows, Spanish-Language TV Shows"
s1960,TV Show,El Marginal,Argentina,2019-09-27,2019,TV-MA,3 Seasons,"Crime TV Shows, International TV Shows, Spanish-Language TV Shows"
s1963,TV Show,El Reemplazante,Chile,2020-04-04,2013,TV-MA,2 Seasons,"International TV Shows, Spanish-Language TV Shows, TV Dramas"
s1964,TV Show,El señor de los Cielos,"United States, Mexico, Colombia",2020-04-30,2019,TV-MA,7 Seasons,"Crime TV Shows, International TV Shows, Spanish-Language TV Shows"
s1968,TV Show,El Vato,United States,2018-02-24,2017,TV-MA,2 Seasons,"International TV Shows, Spanish-Language TV Shows, TV Comedies"
s1979,TV Show,Elite,Spain,2020-03-13,2020,TV-MA,3 Seasons,"Crime TV Shows, International TV Shows, Spanish-Language TV Shows"
s1982,TV Show,Ellen DeGeneres: Relatable,United States,2018-12-18,2018,TV-MA,1 Season,"Stand-Up Comedy & Talk Shows, TV Comedies"
s1991,TV Show,Emily in Paris,United States,2020-10-02,2020,TV-MA,1 Season,"Romantic TV Shows, TV Comedies, TV Dramas"
s1992,TV Show,Emily's Wonder Lab,United States,2020-08-25,2020,TV-Y,1 Season,Kids' TV
s1995,TV Show,Emogenius,United States,2018-12-15,2017,TV-PG,1 Season,Reality TV
s1996,TV Show,Empire Games,"Czech Republic, United States",2018-10-05,2018,TV-14,1 Season,Docuseries
s1999,TV Show,Encerrados,,2018-06-18,2018,TV-MA,1 Season,"International TV Shows, Spanish-Language TV Shows, TV Comedies"
s2001,TV Show,Encounters with Evil,United Kingdom,2019-07-12,2016,TV-14,1 Season,"British TV Shows, Crime TV Shows, Docuseries"
s2004,TV Show,Enemigo íntimo,,2018-08-08,2018,TV-MA,1 Season,"Crime TV Shows, Spanish-Language TV Shows, TV Dramas"
s2006,TV Show,Engineering Girls,India,2019-10-01,2018,TV-MA,1 Season,"International TV Shows, TV Comedies"
s2011,TV Show,Entangled,South Korea,2017-08-01,2014,TV-14,1 Season,"International TV Shows, TV Dramas"
s2016,TV Show,Episodes,"United Kingdom, United States",2018-01-06,2017,TV-MA,5 Seasons,"Classic & Cult TV, TV Comedies"
s2018,TV Show,Equestria Girls: Tales of Canterlot High,"United States, Canada",2017-10-01,2017,TV-Y7,1 Season,"Kids' TV, TV Comedies"
s2020,TV Show,Equinox,"Denmark, United States",2020-12-30,2020,TV-MA,1 Season,"International TV Shows, TV Mysteries, TV Thrillers"
s2021,TV Show,Erased,Japan,2020-09-01,2016,TV-14,1 Season,"Anime Series, International TV Shows, TV Thrillers"
s2028,TV Show,Especial 20 años Fútbol de Primera,,2020-05-20,2020,TV-14,1 Season,"Docuseries, International TV Shows, Spanish-Language TV Shows"
s2031,TV Show,Eternal Love,China,2018-11-17,2017,TV-14,1 Season,"International TV Shows, Romantic TV Shows, TV Dramas"
s2033,TV Show,Ethos,Turkey,2020-11-12,2020,TV-MA,1 Season,"International TV Shows, TV Dramas"
s2034,TV Show,Eugenie Nights,Egypt,2019-03-11,2018,TV-14,1 Season,"International TV Shows, Romantic TV Shows, TV Dramas"
s2036,TV Show,Eurovision Song Contest,,2019-07-23,2019,TV-PG,1 Season,International TV Shows
s2045,TV Show,Ever After High,Canada,2020-08-06,2016,TV-Y7,5 Seasons,Kids' TV
s2049,TV Show,Everyday Miracles,United Kingdom,2017-08-01,2014,TV-PG,1 Season,"British TV Shows, Docuseries, International TV Shows"
s2051,TV Show,Everything Sucks!,United States,2018-02-16,2018,TV-14,1 Season,"TV Comedies, TV Dramas, Teen TV Shows"
s2052,TV Show,Evil,United States,2020-10-01,2019,TV-14,1 Season,TV Dramas
s2053,TV Show,Evil Genius,United States,2018-05-11,2018,TV-MA,1 Season,"Crime TV Shows, Docuseries, TV Mysteries"
s2057,TV Show,Ex-Boyfriend,China,2017-01-01,2011,TV-14,1 Season,"International TV Shows, Romantic TV Shows, TV Comedies"
s2058,TV Show,Examination of Conscience,Spain,2019-01-25,2019,TV-MA,1 Season,"Crime TV Shows, Docuseries, International TV Shows"
s2059,TV Show,Exclusive Edition,,2017-08-14,2008,TV-14,1 Season,"International TV Shows, TV Dramas"
s2062,TV Show,Exhibit A,United States,2019-06-28,2019,TV-MA,1 Season,"Crime TV Shows, Docuseries, Science & Nature TV"
s2069,TV Show,Explained,United States,2019-09-26,2019,TV-MA,2 Seasons,"Docuseries, Science & Nature TV"
s2073,TV Show,Extracurricular,South Korea,2020-04-29,2020,TV-MA,1 Season,"Crime TV Shows, International TV Shows, Korean TV Shows"
s2074,TV Show,Extras,"United Kingdom, United States",2017-03-31,2006,TV-MA,2 Seasons,"British TV Shows, TV Comedies"
s2075,TV Show,Extreme Engagement,,2019-07-12,2019,TV-MA,1 Season,"International TV Shows, Reality TV"
s2082,TV Show,Ezel,Turkey,2016-12-26,2009,TV-14,1 Season,"Crime TV Shows, International TV Shows, TV Dramas"
s2083,TV Show,????,,2018-04-27,2016,TV-14,1 Season,"International TV Shows, TV Dramas"
s2084,TV Show,F is for Family,"United States, France, Canada",2020-06-12,2020,TV-MA,4 Seasons,TV Comedies
s2088,TV Show,Fabulous Lives of Bollywood Wives,India,2020-11-27,2020,TV-MA,1 Season,"International TV Shows, Reality TV"
s2091,TV Show,Fairy Tail,Japan,2017-04-01,2009,TV-MA,1 Season,"Anime Series, International TV Shows"
s2093,TV Show,Fake or Fortune?,United Kingdom,2019-07-26,2015,TV-G,1 Season,"British TV Shows, Crime TV Shows, Docuseries"
s2097,TV Show,Fall in Love with Me,Taiwan,2016-10-01,2014,TV-14,1 Season,"International TV Shows, Romantic TV Shows, TV Comedies"
s2099,TV Show,Fallet,Sweden,2018-04-01,2017,TV-MA,1 Season,"Crime TV Shows, International TV Shows, TV Comedies"
s2101,TV Show,Falsa identidad,"Mexico, United States",2019-06-01,2018,TV-MA,1 Season,"Crime TV Shows, Spanish-Language TV Shows, TV Dramas"
s2103,TV Show,Familiar Wife,South Korea,2020-10-01,2018,TV-MA,1 Season,"International TV Shows, Romantic TV Shows, TV Dramas"
s2106,TV Show,Family Business,France,2020-09-11,2020,TV-MA,2 Seasons,"International TV Shows, TV Comedies, TV Dramas"
s2107,TV Show,Family Reunion,United States,2020-01-20,2020,TV-PG,2 Seasons,"Kids' TV, TV Comedies"
s2113,TV Show,Fangbone,Canada,2017-04-22,2016,TV-Y7,1 Season,"Kids' TV, TV Comedies"
s2117,TV Show,Fartsa,Russia,2017-08-01,2015,TV-14,1 Season,"Crime TV Shows, International TV Shows, TV Dramas"
s2118,TV Show,Fary : Hexagone,France,2020-04-16,2020,TV-MA,2 Seasons,"International TV Shows, Stand-Up Comedy & Talk Shows, TV Comedies"
s2121,TV Show,Fast & Furious Spy Racers,United States,2020-12-26,2020,TV-Y7,3 Seasons,Kids' TV
s2122,TV Show,Fastest Car,United States,2019-09-20,2019,TV-MA,2 Seasons,Reality TV
s2125,TV Show,Fatal Destiny,,2018-07-13,2016,TV-MA,1 Season,"Crime TV Shows, International TV Shows, TV Action & Adventure"
s2126,TV Show,Fate/Apocrypha,Japan,2017-11-07,2017,TV-MA,2 Seasons,"Anime Series, International TV Shows"
s2127,TV Show,Fate/EXTRA Last Encore,Japan,2018-10-30,2018,TV-MA,2 Seasons,"Anime Series, International TV Shows"
s2129,TV Show,Fate/stay night: Unlimited Blade Works,Japan,2018-12-20,2015,TV-14,2 Seasons,"Anime Series, International TV Shows"
s2130,TV Show,Fate/Zero,Japan,2019-06-15,2012,TV-MA,2 Seasons,"Anime Series, International TV Shows"
s2131,TV Show,Father Brown,United Kingdom,2018-03-31,2017,TV-14,6 Seasons,"British TV Shows, Crime TV Shows, TV Dramas"
s2135,TV Show,Fauda,Israel,2020-04-16,2020,TV-MA,3 Seasons,"Crime TV Shows, International TV Shows, TV Action & Adventure"
s2137,TV Show,Fear City: New York vs The Mafia,United States,2020-07-22,2020,TV-MA,1 Season,"Crime TV Shows, Docuseries"
s2138,TV Show,Fear Files... Har Mod Pe Darr,India,2017-06-01,2015,TV-MA,1 Season,"International TV Shows, TV Horror, TV Thrillers"
s2140,TV Show,Feel Good,United Kingdom,2020-03-20,2020,TV-MA,1 Season,"Romantic TV Shows, TV Comedies, TV Dramas"
s2143,TV Show,Felipe Esparza: Bad Decisions,United States,2020-09-01,2020,TV-MA,1 Season,"Stand-Up Comedy & Talk Shows, TV Comedies"
s2157,TV Show,Fifty: The Series,Nigeria,2020-02-07,2018,TV-14,2 Seasons,"International TV Shows, Romantic TV Shows, TV Dramas"
s2159,TV Show,FIGHTWORLD,,2018-10-12,2018,TV-MA,1 Season,Docuseries
s2161,TV Show,Filinta,Turkey,2017-04-15,2015,TV-14,2 Seasons,"Crime TV Shows, International TV Shows, TV Action & Adventure"
s2167,TV Show,FINAL FANTASY XIV Dad of Light,Japan,2017-09-01,2017,TV-PG,1 Season,"International TV Shows, TV Dramas"
s2169,TV Show,Find Yourself,,2020-01-29,2020,TV-14,1 Season,"International TV Shows, Romantic TV Shows, TV Comedies"
s2172,TV Show,Fire Chasers,United States,2017-09-08,2017,TV-MA,1 Season,"Docuseries, Science & Nature TV"
s2177,TV Show,Fireman Sam,United Kingdom,2020-10-15,2018,TV-Y,4 Seasons,"British TV Shows, Kids' TV"
s2181,TV Show,First and Last,,2018-09-07,2018,TV-MA,1 Season,Docuseries
s2187,TV Show,First Team: Juventus,United States,2018-07-06,2018,TV-PG,2 Seasons,"Docuseries, International TV Shows"
s2194,TV Show,Fit for Fashion,,2018-12-14,2015,TV-14,2 Seasons,"International TV Shows, Reality TV"
s2197,TV Show,Five Came Back,United States,2017-03-31,2017,TV-MA,1 Season,Docuseries
s2200,TV Show,Fix It and Finish It,United States,2018-07-20,2014,TV-G,3 Seasons,Reality TV
s2202,TV Show,Flaked,United States,2017-06-02,2017,TV-MA,2 Seasons,"TV Comedies, TV Dramas"
s2204,TV Show,Flavorful Origins,China,2020-11-20,2020,TV-G,3 Seasons,"Docuseries, International TV Shows"
s2207,TV Show,Flinch,United Kingdom,2019-05-03,2019,TV-PG,1 Season,Reality TV
s2208,TV Show,Flint Town,United States,2018-03-02,2018,TV-MA,1 Season,"Docuseries, Science & Nature TV"
s2210,TV Show,Floor Is Lava,United States,2020-06-19,2020,TV-PG,1 Season,Reality TV
s2211,TV Show,Flowering Heart,South Korea,2019-07-01,2016,TV-Y7,1 Season,"Kids' TV, Korean TV Shows"
s2212,TV Show,Flowers,United Kingdom,2018-12-15,2018,TV-MA,2 Seasons,"British TV Shows, International TV Shows, TV Comedies"
s2215,TV Show,Follow This,United States,2018-11-01,2018,TV-MA,3 Seasons,Docuseries
s2216,TV Show,Followers,Japan,2020-02-27,2020,TV-MA,1 Season,"International TV Shows, TV Dramas"
s2218,TV Show,Food Wars!: Shokugeki no Soma,Japan,2020-10-01,2016,TV-MA,2 Seasons,"Anime Series, International TV Shows, Teen TV Shows"
s2219,TV Show,Food: Delicious Science,,2017-10-01,2017,TV-PG,1 Season,"Docuseries, Science & Nature TV"
s2220,TV Show,Footprints in the Sand,United States,2017-10-16,2011,TV-14,1 Season,"International TV Shows, TV Dramas"
s2231,TV Show,For the Win,United States,2018-12-31,2017,TV-14,1 Season,Reality TV
s2236,TV Show,Forces of Nature,United Kingdom,2017-03-01,2016,TV-PG,1 Season,"British TV Shows, Docuseries, Science & Nature TV"
s2238,TV Show,Forensic Files,United States,2016-09-01,2011,TV-MA,9 Seasons,"Crime TV Shows, Docuseries, Science & Nature TV"
s2239,TV Show,Forest of Piano,Japan,2019-06-24,2019,TV-14,2 Seasons,"Anime Series, International TV Shows"
s2242,TV Show,Forged in Fire,United States,2020-11-01,2019,TV-14,1 Season,Reality TV
s2243,TV Show,Forget Me Not,United Kingdom,2017-09-18,2011,TV-MA,1 Season,"International TV Shows, TV Dramas"
s2247,TV Show,Formula 1: Drive to Survive,United Kingdom,2020-02-28,2020,TV-MA,2 Seasons,Docuseries
s2250,TV Show,Four Seasons in Havana,"Spain, Cuba",2016-12-09,2016,TV-MA,1 Season,"Crime TV Shows, International TV Shows, Spanish-Language TV Shows"
s2262,TV Show,Frank Elstner: Just One Last Question,Germany,2020-06-12,2020,TV-MA,1 Season,"International TV Shows, Stand-Up Comedy & Talk Shows"
s2264,TV Show,Frasier,United States,,2003,TV-PG,11 Seasons,"Classic & Cult TV, TV Comedies"
s2272,TV Show,Free Rein,United States,2019-07-06,2019,TV-G,3 Seasons,"British TV Shows, Kids' TV, TV Dramas"
s2283,TV Show,Frequency,United States,2017-09-04,2016,TV-14,1 Season,"Crime TV Shows, TV Dramas, TV Mysteries"
s2285,TV Show,Freud,"Austria, Germany",2020-03-23,2020,TV-MA,1 Season,"Crime TV Shows, International TV Shows, TV Dramas"
s2286,TV Show,Friday Night Tykes,United States,2018-01-17,2017,TV-PG,4 Seasons,"Docuseries, Reality TV"
s2289,TV Show,Friends,United States,,2003,TV-14,10 Seasons,"Classic & Cult TV, TV Comedies"
s2290,TV Show,Friends from College,United States,2019-01-11,2019,TV-MA,2 Seasons,"Romantic TV Shows, TV Comedies"
s2293,TV Show,From Dusk Till Dawn,United States,2016-12-05,2016,TV-MA,3 Seasons,"Classic & Cult TV, TV Action & Adventure, TV Horror"
s2299,TV Show,Frontier,Canada,2018-11-23,2018,TV-MA,3 Seasons,"International TV Shows, TV Action & Adventure, TV Dramas"
s2300,TV Show,Frozen Planet,"United Kingdom, United States, Spain, Germany, Greece, Canada",2016-01-28,2011,TV-PG,1 Season,"British TV Shows, Docuseries, International TV Shows"
s2305,TV Show,Fugitiva,Spain,2018-11-23,2018,TV-MA,1 Season,"Crime TV Shows, International TV Shows, Spanish-Language TV Shows"
s2307,TV Show,Fukrey Boyzzz,,2020-09-19,2020,TV-Y,1 Season,"Kids' TV, TV Comedies"
s2312,TV Show,Fuller House,United States,2019-12-06,2020,TV-PG,5 Seasons,TV Comedies
s2314,TV Show,Fullmetal Alchemist: Brotherhood,Japan,2018-01-01,2010,TV-14,5 Seasons,"Anime Series, International TV Shows"
s2321,TV Show,Futmalls.com,,2020-12-10,2020,TV-14,1 Season,"Crime TV Shows, International TV Shows, TV Dramas"
s2328,TV Show,Gabby's Dollhouse,,2021-01-05,2021,TV-Y,1 Season,Kids' TV
s2332,TV Show,Gabru: Hip Hop Revolution,India,2018-06-01,2018,TV-14,1 Season,"International TV Shows, TV Dramas"
s2338,TV Show,Galavant,United States,2016-09-07,2016,TV-PG,2 Seasons,"TV Action & Adventure, TV Comedies"
s2341,TV Show,GAME ON: A Comedy Crossover Event,United States,2020-08-10,2020,TV-G,1 Season,"Kids' TV, TV Comedies"
s2347,TV Show,Game Winning Hit,Taiwan,2016-09-01,2009,TV-MA,1 Season,"International TV Shows, TV Comedies, TV Dramas"
s2348,TV Show,Gameboys Level-Up Edition,,2020-12-30,2020,TV-14,1 Season,"International TV Shows, Romantic TV Shows, TV Comedies"
s2351,TV Show,Gangs of Hassepur,India,2017-04-15,2014,TV-PG,1 Season,"International TV Shows, Stand-Up Comedy & Talk Shows, TV Comedies"
s2360,TV Show,Gargantia on the Verdurous Planet,Japan,2016-12-01,2013,,1 Season,"Anime Series, International TV Shows"
s2361,TV Show,Garth Brooks: The Road I’m On,United States,2020-06-02,2019,TV-PG,1 Season,Docuseries
s2374,TV Show,Genius of the Ancient World,United Kingdom,2017-08-01,2015,TV-PG,1 Season,"British TV Shows, Docuseries, International TV Shows"
s2375,TV Show,Genius of the Modern World,United Kingdom,2017-08-01,2016,TV-PG,1 Season,"British TV Shows, Docuseries, International TV Shows"
s2376,TV Show,Gentefied,United States,2020-02-21,2020,TV-MA,1 Season,"TV Comedies, TV Dramas"
s2377,TV Show,Gentlemen and Gangsters,Sweden,2016-06-01,2016,TV-MA,1 Season,"Crime TV Shows, International TV Shows, Romantic TV Shows"
s2381,TV Show,Geronimo Stilton,"Italy, Canada, France",2017-12-31,2011,TV-Y,1 Season,"Kids' TV, TV Comedies"
s2382,TV Show,Get Even,United Kingdom,2020-07-31,2020,TV-PG,1 Season,"British TV Shows, Crime TV Shows, International TV Shows"
s2386,TV Show,Get Organized with The Home Edit,United States,2020-09-09,2020,TV-PG,1 Season,Reality TV
s2388,TV Show,Get Shorty,United States,2018-11-01,2017,TV-MA,1 Season,"Crime TV Shows, TV Comedies, TV Dramas"
s2396,TV Show,Ghost in the Shell: SAC_2045,"Japan, United States",2020-04-23,2020,TV-14,1 Season,"Anime Series, Crime TV Shows, International TV Shows"
s2403,TV Show,Ghost Town Gold,United States,2019-10-02,2012,TV-14,1 Season,Reality TV
s2407,TV Show,GHOUL,India,2018-08-24,2018,TV-MA,1 Season,"International TV Shows, TV Dramas, TV Horror"
s2410,TV Show,Gigantosaurus,United States,2020-07-18,2019,TV-Y,1 Season,Kids' TV
s2412,TV Show,Gilmore Girls,United States,2017-10-01,2006,TV-14,7 Seasons,"Romantic TV Shows, TV Comedies, TV Dramas"
s2413,TV Show,Gilmore Girls: A Year in the Life,United States,2016-11-25,2016,TV-14,1 Season,"TV Comedies, TV Dramas, Teen TV Shows"
s2420,TV Show,Giri / Haji,United Kingdom,2020-01-10,2019,TV-MA,1 Season,"British TV Shows, Crime TV Shows, International TV Shows"
s2422,TV Show,Girl from Nowhere,Thailand,2018-11-01,2018,TV-MA,1 Season,"International TV Shows, TV Dramas, TV Mysteries"
s2426,TV Show,Girlboss,United States,2017-04-21,2017,TV-MA,1 Season,TV Comedies
s2428,TV Show,Girlfriends,United States,2020-09-11,2007,TV-14,8 Seasons,TV Comedies
s2429,TV Show,Girlfriends' Guide to Divorce,United States,2019-06-14,2019,TV-MA,5 Seasons,"TV Comedies, TV Dramas"
s2430,TV Show,Girls Hostel,India,2019-10-01,2018,TV-MA,1 Season,"International TV Shows, TV Comedies, TV Dramas"
s2431,TV Show,Girls Incarcerated,United States,2019-06-21,2019,TV-MA,2 Seasons,"Docuseries, Reality TV"
s2432,TV Show,Girls und Panzer,Japan,2019-12-15,2012,TV-PG,1 Season,"Anime Series, International TV Shows"
s2436,TV Show,Glee,United States,2015-07-18,2015,TV-14,6 Seasons,"TV Comedies, TV Dramas, Teen TV Shows"
s2437,TV Show,Glitch,Australia,2019-09-25,2019,TV-MA,3 Seasons,"International TV Shows, TV Dramas, TV Horror"
s2438,TV Show,Glitch Techs,United States,2020-08-17,2020,TV-Y7,2 Seasons,Kids' TV
s2439,TV Show,Glitter Force,Japan,2016-08-26,2016,TV-Y7,2 Seasons,"Anime Series, Kids' TV"
s2440,TV Show,Glitter Force Doki Doki,Japan,2017-11-10,2017,TV-Y7,2 Seasons,"Anime Series, Kids' TV"
s2441,TV Show,GLOW,United States,2019-08-09,2019,TV-MA,3 Seasons,"TV Comedies, TV Dramas"
s2442,TV Show,Glow Up,United Kingdom,2020-08-14,2020,TV-14,2 Seasons,"British TV Shows, International TV Shows, Reality TV"
s2444,TV Show,Glowing Embers,,2017-08-14,2010,TV-14,1 Season,"International TV Shows, TV Dramas"
s2447,TV Show,Go! Go! Cory Carson,United States,2020-12-26,2020,TV-Y,3 Seasons,Kids' TV
s2449,TV Show,Go! Live Your Way,Argentina,2019-06-21,2019,TV-PG,2 Seasons,"Kids' TV, Spanish-Language TV Shows, Teen TV Shows"
s2452,TV Show,God Eater,Japan,2019-07-15,2015,TV-14,1 Season,"Anime Series, International TV Shows"
s2458,TV Show,Godless,United States,2017-11-22,2017,TV-MA,1 Season,TV Dramas
s2459,TV Show,Godzilla,Japan,2018-01-17,2017,TV-14,1 Season,TV Shows
s2462,TV Show,Goedam,South Korea,2020-08-20,2020,TV-MA,1 Season,"International TV Shows, TV Horror, TV Mysteries"
s2468,TV Show,Goldie & Bear,United States,2018-10-31,2017,TV-Y,2 Seasons,Kids' TV
s2473,TV Show,Gomorrah,"Italy, Germany",2017-08-21,2016,TV-MA,2 Seasons,"Crime TV Shows, International TV Shows, TV Dramas"
s2475,TV Show,Gonul,Turkey,2017-07-12,2015,TV-14,1 Season,"International TV Shows, TV Dramas, TV Thrillers"
s2479,TV Show,Good Girls,United States,2019-12-31,2019,TV-MA,2 Seasons,"Crime TV Shows, TV Comedies, TV Dramas"
s2486,TV Show,Good Morning Call,Japan,2017-11-28,2017,TV-14,2 Seasons,"International TV Shows, Romantic TV Shows, TV Comedies"
s2487,TV Show,"Good Morning, Verônica",Brazil,2020-10-01,2020,TV-MA,1 Season,"Crime TV Shows, International TV Shows, TV Mysteries"
s2492,TV Show,Good Witch,"United States, Canada",2020-04-30,2019,TV-PG,5 Seasons,"TV Dramas, TV Sci-Fi & Fantasy"
s2493,TV Show,Goodbye My Wife,South Korea,2016-12-15,2012,TV-14,1 Season,"International TV Shows, Korean TV Shows, Romantic TV Shows"
s2495,TV Show,Goodnight DJ 1,,2018-04-27,2016,TV-14,2 Seasons,"International TV Shows, TV Dramas, TV Horror"
s2499,TV Show,Goosebumps,Canada,2014-11-19,1998,TV-G,5 Seasons,"Kids' TV, TV Thrillers"
s2502,TV Show,Gormiti,"Spain, Italy",2020-12-01,2018,TV-Y,1 Season,Kids' TV
s2504,TV Show,Gossip Girl,United States,2013-10-08,2012,TV-14,6 Seasons,"TV Dramas, Teen TV Shows"
s2505,TV Show,Gotham,United States,2019-09-30,2019,TV-MA,5 Seasons,"Crime TV Shows, TV Action & Adventure, TV Dramas"
s2509,TV Show,Grace and Frankie,United States,2020-01-15,2020,TV-MA,6 Seasons,"TV Comedies, TV Dramas"
s2510,TV Show,Graceful Friends,South Korea,2020-11-12,2020,TV-MA,1 Season,"Crime TV Shows, International TV Shows, TV Dramas"
s2512,TV Show,GRANBLUE FANTASY the Animation,Japan,2019-07-15,2017,TV-PG,1 Season,"Anime Series, International TV Shows"
s2513,TV Show,Grand Army,United States,2020-10-16,2020,TV-MA,1 Season,"TV Dramas, Teen TV Shows"
s2514,TV Show,Grand Designs,United Kingdom,2019-08-01,2017,TV-14,2 Seasons,"British TV Shows, International TV Shows, Reality TV"
s2515,TV Show,Grand Hotel,Spain,2017-11-01,2013,TV-PG,3 Seasons,"International TV Shows, Romantic TV Shows, Spanish-Language TV Shows"
s2524,TV Show,Great Interior Design Challenge,United Kingdom,2018-12-01,2016,TV-PG,2 Seasons,"British TV Shows, International TV Shows, Reality TV"
s2525,TV Show,Great News,United States,2018-10-25,2017,TV-14,2 Seasons,TV Comedies
s2526,TV Show,Great Pretender,Japan,2020-11-25,2020,TV-MA,2 Seasons,"Anime Series, Crime TV Shows, International TV Shows"
s2527,TV Show,Great Yellowstone Thaw,United Kingdom,2017-10-01,2017,TV-PG,1 Season,"Docuseries, Science & Nature TV"
s2529,TV Show,Greatest Events of WWII in Colour,United Kingdom,2019-11-08,2019,TV-14,1 Season,"British TV Shows, Docuseries, International TV Shows"
s2530,TV Show,Green Door,Taiwan,2019-03-17,2019,TV-MA,1 Season,"International TV Shows, Romantic TV Shows, TV Comedies"
s2531,TV Show,Green Eggs and Ham,"United Kingdom, Canada, United States",2019-11-08,2019,TV-Y7,1 Season,"Kids' TV, TV Action & Adventure, TV Comedies"
s2532,TV Show,Green Frontier,Colombia,2019-08-16,2019,TV-MA,1 Season,"Crime TV Shows, International TV Shows, Spanish-Language TV Shows"
s2535,TV Show,Greenhouse Academy,United States,2020-03-20,2020,TV-PG,4 Seasons,"Kids' TV, TV Dramas, Teen TV Shows"
s2536,TV Show,Greenleaf,United States,2020-09-10,2020,TV-14,5 Seasons,TV Dramas
s2539,TV Show,Grey's Anatomy,United States,2020-05-09,2019,TV-14,16 Seasons,"Romantic TV Shows, TV Dramas"
s2544,TV Show,Grizzy et les Lemmings,France,2020-12-12,2018,TV-Y,2 Seasons,"Kids' TV, TV Comedies"
s2556,TV Show,Gunslinger Girl,Japan,,2008,TV-14,2 Seasons,"Anime Series, Crime TV Shows"
s2558,TV Show,Gurren Lagann,Japan,2017-09-01,2007,TV-14,1 Season,"Anime Series, International TV Shows"
s2560,TV Show,Guru Aur Bhole,,2019-03-01,2018,TV-Y7,3 Seasons,"Kids' TV, TV Comedies"
s2563,TV Show,Gypsy,"United States, United Kingdom",2017-06-30,2017,TV-MA,1 Season,TV Dramas
s2564,TV Show,H,France,2020-09-01,2002,TV-MA,4 Seasons,"International TV Shows, TV Comedies"
s2568,TV Show,H2O: Just Add Water,Australia,2020-10-02,2009,TV-PG,3 Seasons,"Kids' TV, TV Dramas"
s2569,TV Show,H2O: Mermaid Adventures,"Germany, Australia, France, China",2015-07-15,2015,TV-Y7,2 Seasons,Kids' TV
s2570,TV Show,Ha Unlimited,,2018-05-11,2016,TV-MA,2 Seasons,"International TV Shows, TV Comedies"
s2574,TV Show,Hache,Spain,2019-11-01,2019,TV-MA,1 Season,"Crime TV Shows, International TV Shows, Spanish-Language TV Shows"
s2577,TV Show,Haikyu!!,Japan,2019-11-01,2015,TV-14,2 Seasons,"Anime Series, International TV Shows, Teen TV Shows"
s2583,TV Show,Half & Half,United States,2020-10-15,2005,TV-14,4 Seasons,TV Comedies
s2588,TV Show,Halt and Catch Fire,United States,2017-12-14,2017,TV-14,4 Seasons,TV Dramas
s2594,TV Show,Handsome Siblings,China,2020-01-16,2020,TV-14,1 Season,"International TV Shows, TV Dramas, TV Sci-Fi & Fantasy"
s2596,TV Show,Hangar 1: The UFO Files,,2020-05-02,2014,TV-PG,1 Season,Docuseries
s2601,TV Show,Hannibal,United States,2020-06-06,2015,TV-MA,3 Seasons,"TV Horror, TV Mysteries, TV Thrillers"
s2606,TV Show,Hap and Leonard,United States,2019-03-06,2018,TV-MA,3 Seasons,"Crime TV Shows, TV Dramas"
s2607,TV Show,Happy 300 Days,Taiwan,2017-01-01,2013,TV-14,1 Season,"International TV Shows, Romantic TV Shows, TV Comedies"
s2608,TV Show,Happy And,South Korea,2016-12-15,2012,TV-14,1 Season,"International TV Shows, Korean TV Shows, TV Dramas"
s2613,TV Show,Happy Jail,,2019-08-14,2019,TV-MA,1 Season,"Crime TV Shows, Docuseries"
s2617,TV Show,Happy Valley,United Kingdom,2016-03-16,2016,TV-MA,2 Seasons,"British TV Shows, Crime TV Shows, International TV Shows"
s2618,TV Show,Happy!,United States,2020-03-27,2019,TV-MA,2 Seasons,"Crime TV Shows, TV Action & Adventure, TV Comedies"
s2619,TV Show,Happyish,United States,2016-07-01,2015,TV-MA,1 Season,"TV Comedies, TV Dramas"
s2626,TV Show,Hardy Bucks,Ireland,2019-01-11,2018,TV-MA,4 Seasons,TV Comedies
s2634,TV Show,Harold Shipman - Driven to Kill,United Kingdom,2019-02-01,2014,TV-14,1 Season,"British TV Shows, Crime TV Shows, Docuseries"
s2636,TV Show,Harry & Bunnie,Malaysia,2017-10-15,2017,TV-Y7,1 Season,"Kids' TV, TV Comedies"
s2639,TV Show,Hart of Dixie,United States,2015-12-15,2014,TV-PG,4 Seasons,"TV Comedies, TV Dramas"
s2641,TV Show,Harvey Street Kids,United States,2020-01-10,2020,TV-Y7,4 Seasons,"Kids' TV, TV Comedies"
s2645,TV Show,Hashoter Hatov,Israel,2018-12-28,2015,TV-MA,1 Season,"Crime TV Shows, International TV Shows, TV Comedies"
s2646,TV Show,Hasmukh,India,2020-04-17,2020,TV-MA,1 Season,"Crime TV Shows, International TV Shows, TV Comedies"
s2648,TV Show,Hatchimals | Adventures in Hatchtopia,United States,2019-07-01,2018,TV-Y,2 Seasons,Kids' TV
s2649,TV Show,Haters Back Off,United States,2017-10-20,2017,TV-PG,2 Seasons,"TV Comedies, Teen TV Shows"
s2650,TV Show,Hati Perempuan,Indonesia,2017-08-21,2015,TV-14,1 Season,"International TV Shows, Romantic TV Shows, TV Dramas"
s2652,TV Show,Haunted,"United States, Czech Republic",2019-10-11,2019,TV-MA,2 Seasons,"Reality TV, TV Horror, TV Thrillers"
s2653,TV Show,Haunted House,,2018-12-01,2017,TV-G,1 Season,"Kids' TV, Korean TV Shows"
s2657,TV Show,"Have You Ever Fallen in Love, Miss Jiang?",,2017-08-01,2016,TV-14,1 Season,"Crime TV Shows, International TV Shows, TV Dramas"
s2659,TV Show,Haven,"Canada, United States",2015-09-08,2015,TV-14,5 Seasons,"Classic & Cult TV, TV Horror, TV Mysteries"
s2673,TV Show,Headspace Guide to Meditation,United States,2021-01-01,2021,TV-G,1 Season,"Docuseries, Science & Nature TV"
s2676,TV Show,Heart & Soul,,2020-11-20,2019,TV-14,1 Season,"International TV Shows, TV Dramas"
s2677,TV Show,Heartbreak High,Australia,2020-11-27,1999,TV-14,7 Seasons,"International TV Shows, TV Dramas, Teen TV Shows"
s2679,TV Show,Heartland,Canada,2019-08-01,2017,TV-14,11 Seasons,TV Dramas
s2682,TV Show,Heaven's Garden,South Korea,2016-12-15,2011,TV-MA,1 Season,"International TV Shows, Korean TV Shows, TV Dramas"
s2683,TV Show,Heavy Rescue: 401,Canada,2018-06-22,2018,TV-MA,2 Seasons,"International TV Shows, Reality TV"
s2685,TV Show,Heidi,"France, Australia, Germany",2020-09-01,2020,TV-Y7,1 Season,Kids' TV
s2686,TV Show,"Heidi, bienvenida a casa",Argentina,2019-05-15,2017,TV-Y,1 Season,"Kids' TV, Spanish-Language TV Shows"
s2688,TV Show,Helix,"United States, Canada",2018-11-10,2015,TV-MA,1 Season,"TV Horror, TV Mysteries, TV Sci-Fi & Fantasy"
s2690,TV Show,Hell on Wheels,"Canada, United Kingdom",2016-05-28,2016,TV-14,5 Seasons,"Crime TV Shows, TV Action & Adventure"
s2694,TV Show,Hello Ninja,United States,2020-07-10,2020,TV-Y,3 Seasons,Kids' TV
s2696,TV Show,"Hello, My Twenties!",South Korea,2017-12-18,2017,TV-MA,2 Seasons,"International TV Shows, Korean TV Shows, Romantic TV Shows"
s2698,TV Show,Hemlock Grove,United States,2015-10-23,2015,TV-MA,3 Seasons,"TV Horror, TV Mysteries, TV Thrillers"
s2700,TV Show,Henry Danger,United States,2021-01-15,2016,TV-G,3 Seasons,"Kids' TV, TV Comedies"
s2702,TV Show,Her Mother's Killer,Colombia,2020-08-26,2020,TV-MA,1 Season,"International TV Shows, Spanish-Language TV Shows, TV Dramas"
s2706,TV Show,Here to Heart,China,2018-10-23,2018,TV-14,1 Season,"International TV Shows, Romantic TV Shows, TV Dramas"
s2709,TV Show,HERO MASK,,2019-08-23,2019,TV-14,2 Seasons,"Anime Series, Crime TV Shows, International TV Shows"
s2713,TV Show,Herrens veje,Denmark,2019-06-01,2018,TV-MA,2 Seasons,"International TV Shows, TV Dramas"
s2715,TV Show,"Hi Bye, Mama!",South Korea,2020-02-23,2020,TV-14,1 Season,"International TV Shows, Korean TV Shows, Romantic TV Shows"
s2716,TV Show,Hi Score Girl,Japan,2020-04-09,2019,TV-14,2 Seasons,"Anime Series, International TV Shows, Romantic TV Shows"
s2717,TV Show,Hibana: Spark,Japan,2016-06-02,2016,TV-MA,1 Season,"International TV Shows, TV Dramas"
s2720,TV Show,Hidden Singer,South Korea,2017-05-19,2015,TV-Y7,1 Season,"International TV Shows, Korean TV Shows, Reality TV"
s2721,TV Show,Hidden Worlds,Egypt,2019-02-05,2018,TV-14,1 Season,"Crime TV Shows, International TV Shows, TV Dramas"
s2731,TV Show,High Risk,United States,2017-09-01,1988,TV-PG,1 Season,"Docuseries, Reality TV"
s2732,TV Show,High Score,United States,2020-08-19,2020,TV-14,1 Season,"Docuseries, Science & Nature TV"
s2733,TV Show,High Seas,Spain,2020-08-07,2020,TV-MA,3 Seasons,"Crime TV Shows, International TV Shows, Spanish-Language TV Shows"
s2736,TV Show,Highland: Thailand's Marijuana Awakening,Thailand,2017-05-19,2017,TV-MA,1 Season,"Docuseries, International TV Shows"
s2739,TV Show,Highway Thru Hell,Canada,2019-12-03,2016,TV-PG,3 Seasons,Reality TV
s2740,TV Show,Highway to Heaven,United States,2016-11-01,1988,TV-PG,5 Seasons,TV Dramas
s2742,TV Show,Hilda,"United Kingdom, Canada, United States",2020-12-14,2021,TV-Y7,2 Seasons,Kids' TV
s2745,TV Show,Hinterland,United Kingdom,2017-08-01,2016,TV-14,3 Seasons,"British TV Shows, Crime TV Shows, International TV Shows"
s2746,TV Show,Hip-Hop Evolution,Canada,2020-01-17,2020,TV-MA,4 Seasons,"Docuseries, International TV Shows"
s2750,TV Show,Historia de un clan,Argentina,2017-01-13,2015,TV-MA,1 Season,"Crime TV Shows, International TV Shows, Spanish-Language TV Shows"
s2751,TV Show,Historical Roasts,United States,2019-05-27,2019,TV-MA,1 Season,"Stand-Up Comedy & Talk Shows, TV Comedies"
s2752,TV Show,History 101,United Kingdom,2020-05-22,2020,TV-14,1 Season,"British TV Shows, Docuseries, International TV Shows"
s2754,TV Show,History of Swear Words,United States,2021-01-05,2021,TV-MA,1 Season,"Docuseries, TV Comedies"
s2755,TV Show,History's Greatest Hoaxes,Australia,2019-07-12,2016,TV-PG,1 Season,"British TV Shows, Docuseries"
s2759,TV Show,Hitler's Circle of Evil,United Kingdom,2018-02-22,2017,TV-14,1 Season,"British TV Shows, Docuseries, International TV Shows"
s2762,TV Show,Hjørdis,Denmark,2019-02-15,2015,TV-MA,1 Season,"International TV Shows, TV Comedies, TV Dramas"
s2764,TV Show,Hoarders,,2020-05-02,2019,TV-PG,1 Season,Reality TV
s2765,TV Show,Hoff the Record,United Kingdom,2017-03-31,2016,TV-MA,2 Seasons,"British TV Shows, TV Comedies"
s2766,TV Show,Hogie the Globehopper,United States,2017-08-01,2016,TV-Y,1 Season,Kids' TV
s2772,TV Show,Holiday Home Makeover with Mr. Christmas,United States,2020-11-18,2020,TV-G,1 Season,Reality TV
s2775,TV Show,Holiday Secrets,Germany,2019-11-20,2019,TV-MA,1 Season,"International TV Shows, TV Dramas"
s2778,TV Show,Hollywood,United States,2020-05-01,2020,TV-MA,1 Season,TV Dramas
s2786,TV Show,Home for Christmas,Norway,2020-12-18,2020,TV-MA,2 Seasons,"International TV Shows, Romantic TV Shows, TV Comedies"
s2787,TV Show,Home Game,United States,2020-06-26,2020,TV-MA,1 Season,Docuseries
s2789,TV Show,Home: Adventures with Tip & Oh,United States,2018-07-20,2018,TV-Y7,4 Seasons,"Kids' TV, TV Comedies"
s2792,TV Show,Homemade,"Chile, Italy",2020-06-30,2020,TV-MA,1 Season,"International TV Shows, TV Dramas"
s2798,TV Show,Hong Kong West Side Stories,Hong Kong,2019-04-30,2018,TV-MA,1 Season,"International TV Shows, TV Comedies, TV Dramas"
s2801,TV Show,Hoops,United States,2020-08-21,2020,TV-MA,1 Season,TV Comedies
s2807,TV Show,Hormones,Thailand,2018-06-30,2015,TV-MA,3 Seasons,"International TV Shows, Romantic TV Shows, TV Dramas"
s2809,TV Show,Horrid Henry,United Kingdom,2019-01-11,2019,TV-Y7,2 Seasons,"British TV Shows, Kids' TV, TV Comedies"
s2811,TV Show,Horror Homes,United Kingdom,2019-10-02,2016,TV-14,1 Season,"British TV Shows, Docuseries, International TV Shows"
s2814,TV Show,Hospital Playlist,South Korea,2020-03-12,2020,TV-MA,1 Season,"International TV Shows, Korean TV Shows, TV Comedies"
s2819,TV Show,Hot Date,United States,2018-10-01,2018,TV-MA,1 Season,"Romantic TV Shows, TV Comedies"
s2822,TV Show,Hot Girls Wanted: Turned On,United States,2017-04-21,2017,TV-MA,1 Season,Docuseries
s2826,TV Show,Hotel Beau Séjour,Belgium,2017-03-16,2017,TV-14,1 Season,"Crime TV Shows, International TV Shows, TV Dramas"
s2829,TV Show,Hotel Transylvania,"United States, Canada",2018-06-26,2017,TV-Y7,1 Season,"Kids' TV, TV Comedies"
s2833,TV Show,House of Cards,United States,2018-11-02,2018,TV-MA,6 Seasons,"TV Dramas, TV Thrillers"
s2844,TV Show,How to Fix a Drug Scandal,United States,2020-04-01,2020,TV-MA,1 Season,"Crime TV Shows, Docuseries"
s2845,TV Show,How to Get Away with Murder,United States,2020-06-13,2020,TV-14,6 Seasons,"Crime TV Shows, TV Dramas, TV Mysteries"
s2847,TV Show,How to Live Mortgage Free with Sarah Beeny,,2018-09-15,2018,TV-MA,1 Season,"British TV Shows, International TV Shows, Reality TV"
s2849,TV Show,How To Ruin Christmas,South Africa,2020-12-16,2020,TV-MA,1 Season,"International TV Shows, TV Comedies, TV Dramas"
s2850,TV Show,How to Sell Drugs Online (Fast),Germany,2020-07-21,2020,TV-MA,2 Seasons,"Crime TV Shows, International TV Shows, TV Comedies"
s2857,TV Show,Huge in France,United States,2019-04-12,2019,TV-MA,1 Season,TV Comedies
s2865,TV Show,Humsafar,Pakistan,2016-12-15,2011,TV-PG,1 Season,"International TV Shows, Romantic TV Shows, TV Dramas"
s2870,TV Show,Hunter X Hunter (2011),Japan,2020-02-28,2013,TV-MA,4 Seasons,"Anime Series, International TV Shows"
s2873,TV Show,Hunters of the South Seas,United Kingdom,2019-02-01,2015,TV-14,1 Season,"British TV Shows, Docuseries"
s2874,TV Show,Huntik: Secrets and Seekers,"United States, Italy",2018-01-01,2011,TV-Y7,2 Seasons,Kids' TV
s2880,TV Show,Hyena,South Korea,2020-02-21,2020,TV-MA,1 Season,"International TV Shows, Korean TV Shows, Romantic TV Shows"
s2881,TV Show,Hymn of Death,South Korea,2018-12-14,2018,TV-14,1 Season,"International TV Shows, Korean TV Shows, Romantic TV Shows"
s2882,TV Show,Hyori's Bed & Breakfast,,2018-03-29,2018,TV-14,2 Seasons,"International TV Shows, Korean TV Shows, Reality TV"
s2883,TV Show,Hyper HardBoiled Gourmet Report,,2019-05-24,2017,TV-MA,1 Season,"Docuseries, International TV Shows"
s2884,TV Show,Hyperdrive,United States,2019-08-21,2019,TV-PG,1 Season,Reality TV
s2887,TV Show,I AM A KILLER,United Kingdom,2020-01-31,2020,TV-MA,2 Seasons,"British TV Shows, Crime TV Shows, Docuseries"
s2888,TV Show,I AM A KILLER: RELEASED,"United Kingdom, United States",2020-08-28,2020,TV-MA,1 Season,"British TV Shows, Crime TV Shows, Docuseries"
s2895,TV Show,I Am Me!,Mexico,2017-03-03,2016,TV-14,1 Season,"International TV Shows, Spanish-Language TV Shows, TV Comedies"
s2900,TV Show,I Am Not Okay With This,United States,2020-02-26,2020,TV-MA,1 Season,"TV Comedies, TV Dramas, TV Sci-Fi & Fantasy"
s2914,TV Show,I Have a Script,,2019-05-07,2019,TV-14,1 Season,"International TV Shows, TV Comedies, TV Dramas"
s2915,TV Show,I Hear You,,2019-05-15,2019,TV-14,1 Season,"International TV Shows, Romantic TV Shows, TV Dramas"
s2918,TV Show,I Think You Should Leave with Tim Robinson,United States,2019-04-23,2019,TV-MA,1 Season,TV Comedies
s2927,TV Show,I'm Sorry,United States,2019-09-13,2019,TV-MA,2 Seasons,TV Comedies
s2929,TV Show,I'm with the Band: Nasty Cherry,United States,2019-11-15,2019,TV-MA,1 Season,Reality TV
s2934,TV Show,Ice Fantasy,China,2016-12-15,2016,TV-14,1 Season,"International TV Shows, TV Action & Adventure, TV Sci-Fi & Fantasy"
s2937,TV Show,ID-0,Japan,2017-10-06,2017,TV-PG,1 Season,"Anime Series, International TV Shows"
s2939,TV Show,Idiotest,United States,2018-12-15,2014,TV-PG,1 Season,"Reality TV, TV Comedies"
s2941,TV Show,If I Hadn't Met You,Spain,2019-03-15,2018,TV-MA,1 Season,"International TV Shows, Romantic TV Shows, TV Dramas"
s2942,TV Show,If I were an Animal,,2018-09-11,2018,TV-G,1 Season,"Docuseries, Kids' TV, Science & Nature TV"
s2953,TV Show,Immigration Nation,United States,2020-08-03,2020,TV-MA,1 Season,Docuseries
s2955,TV Show,Immortal Classic,South Korea,2016-12-15,2012,TV-14,1 Season,"International TV Shows, Korean TV Shows, TV Dramas"
s2956,TV Show,Immortals,Turkey,2019-03-08,2018,TV-MA,1 Season,"International TV Shows, TV Dramas, TV Horror"
s2959,TV Show,Imposters,United States,2019-04-05,2017,TV-MA,2 Seasons,"Crime TV Shows, International TV Shows, TV Comedies"
s2961,TV Show,In Between,Taiwan,2017-01-01,2012,TV-14,1 Season,"International TV Shows, Romantic TV Shows, TV Comedies"
s2965,TV Show,In Family We Trust,Thailand,2018-12-29,2018,TV-MA,1 Season,"Crime TV Shows, International TV Shows, TV Dramas"
s2966,TV Show,In Laws,,2017-10-16,2016,TV-PG,1 Season,"International TV Shows, Romantic TV Shows, TV Dramas"
s2971,TV Show,In the Bosom of a Thorn,Kuwait,2019-05-07,2019,TV-14,1 Season,"International TV Shows, TV Dramas"
s2972,TV Show,In The Dark,United States,2020-07-17,2020,TV-14,2 Seasons,"Crime TV Shows, TV Dramas"
s2978,TV Show,Inborn Pair,Taiwan,2016-11-01,2011,TV-14,1 Season,"International TV Shows, Romantic TV Shows, TV Comedies"
s2988,TV Show,India: Nature's Wonderland,United Kingdom,2017-03-01,2015,TV-PG,1 Season,"British TV Shows, Docuseries, Science & Nature TV"
s2990,TV Show,Indian Matchmaking,"United States, India",2020-07-16,2020,TV-14,1 Season,"Reality TV, Romantic TV Shows"
s2999,TV Show,Ingobernable,Mexico,2018-09-14,2018,TV-MA,2 Seasons,"Crime TV Shows, International TV Shows, Spanish-Language TV Shows"
s3000,TV Show,Ingress: The Animation,Japan,2019-04-30,2018,TV-MA,1 Season,"Anime Series, Crime TV Shows, International TV Shows"
s3001,TV Show,Inheritors,South Korea,2019-11-15,2013,TV-14,1 Season,"International TV Shows, Korean TV Shows, Romantic TV Shows"
s3003,TV Show,Inhuman Resources,France,2020-05-15,2020,TV-MA,1 Season,"Crime TV Shows, International TV Shows, TV Dramas"
s3005,TV Show,Ink Master,United States,2020-12-01,2012,TV-14,2 Seasons,Reality TV
s3008,TV Show,Inmates,India,2019-10-01,2017,TV-MA,1 Season,"International TV Shows, TV Comedies"
s3009,TV Show,Innocent,Turkey,2019-01-23,2017,TV-MA,1 Season,"Crime TV Shows, International TV Shows, TV Dramas"
s3011,TV Show,Insatiable,United States,2019-10-11,2019,TV-MA,2 Seasons,"TV Comedies, TV Dramas, Teen TV Shows"
s3012,TV Show,Inside Bill's Brain: Decoding Bill Gates,United States,2019-09-20,2019,TV-14,1 Season,"Docuseries, Science & Nature TV"
s3014,TV Show,Inside the Criminal Mind,"United States, Czech Republic",2018-08-31,2018,TV-MA,1 Season,"Crime TV Shows, Docuseries, International TV Shows"
s3015,TV Show,Inside The Freemasons,United Kingdom,2018-09-15,2017,TV-MA,1 Season,"British TV Shows, Docuseries, International TV Shows"
s3016,TV Show,Inside the Mind of a Serial Killer,United States,2019-07-01,2015,TV-14,1 Season,"Crime TV Shows, Docuseries"
s3017,TV Show,Inside the Mossad,Israel,2019-01-29,2017,TV-14,1 Season,"Docuseries, International TV Shows"
s3018,TV Show,Inside the Real Narcos,,2018-12-14,2018,TV-MA,1 Season,"British TV Shows, Crime TV Shows, Docuseries"
s3019,TV Show,Inside the World’s Toughest Prisons,United Kingdom,2021-01-08,2021,TV-MA,5 Seasons,"British TV Shows, Crime TV Shows, Docuseries"
s3021,TV Show,Inspector Gadget,"Canada, United States, France",2018-05-18,2017,TV-Y7,4 Seasons,"Crime TV Shows, Kids' TV, TV Comedies"
s3022,TV Show,Inst@famous,United Kingdom,2018-12-31,2018,TV-MA,1 Season,Reality TV
s3023,TV Show,Instant Hotel,Australia,2019-06-28,2019,TV-MA,2 Seasons,"International TV Shows, Reality TV"
s3025,TV Show,Intelligence,Canada,2017-07-19,2007,TV-MA,2 Seasons,"Crime TV Shows, TV Dramas"
s3026,TV Show,Interior Design Masters,United Kingdom,2019-10-18,2019,TV-PG,1 Season,"British TV Shows, International TV Shows, Reality TV"
s3029,TV Show,Intersection,Turkey,2017-07-01,2016,TV-MA,3 Seasons,"International TV Shows, Romantic TV Shows, TV Dramas"
s3031,TV Show,Into the Badlands,United States,2019-03-10,2018,TV-MA,3 Seasons,TV Action & Adventure
s3034,TV Show,Into the Night,Belgium,2020-05-01,2020,TV-MA,1 Season,"International TV Shows, TV Dramas, TV Mysteries"
s3037,TV Show,InuYasha,Japan,2016-12-15,2001,TV-14,2 Seasons,"Anime Series, International TV Shows"
s3054,TV Show,Iris,South Korea,2020-05-16,2009,TV-14,1 Season,"International TV Shows, Korean TV Shows, TV Action & Adventure"
s3057,TV Show,Iron Ladies,Taiwan,2019-02-09,2018,TV-14,1 Season,"International TV Shows, Romantic TV Shows, TV Dramas"
s3059,TV Show,Iron Man: Armored Adventures,"Canada, United States, United Kingdom, France, Luxembourg",2020-08-01,2011,TV-Y7,2 Seasons,Kids' TV
s3062,TV Show,Is It Wrong to Try to Pick Up Girls in a Dungeon?,Japan,2020-02-01,2015,TV-MA,1 Season,"Anime Series, International TV Shows"
s3070,TV Show,Islands of the Future,United Kingdom,2017-03-01,2014,TV-PG,1 Season,"Docuseries, International TV Shows, Science & Nature TV"
s3072,TV Show,????,South Korea,2018-02-19,2015,TV-MA,1 Season,"International TV Shows, Korean TV Shows, Stand-Up Comedy & Talk Shows"
s3078,TV Show,It's Bruno!,United States,2019-05-17,2019,TV-MA,1 Season,TV Comedies
s3082,TV Show,It's Okay to Not Be Okay,South Korea,2020-06-21,2020,TV-MA,1 Season,"International TV Shows, Korean TV Shows, Romantic TV Shows"
s3084,TV Show,Itaewon Class,South Korea,2020-02-01,2020,TV-MA,1 Season,"International TV Shows, Korean TV Shows, TV Dramas"
s3088,TV Show,IZombie,United States,2019-08-09,2019,TV-MA,5 Seasons,"TV Comedies, TV Dramas, TV Horror"
s3089,TV Show,Izzy's Koala World,Australia,2020-09-15,2020,TV-Y,1 Season,Kids' TV
s3091,TV Show,J-Style Trip,"Taiwan, China",2020-03-22,2020,TV-14,1 Season,"International TV Shows, Reality TV"
s3099,TV Show,Jack Taylor,"United States, Ireland",2013-03-31,2016,TV-MA,1 Season,"Crime TV Shows, International TV Shows, TV Dramas"
s3103,TV Show,Jack Whitehall: Travels with My Father,United Kingdom,2020-09-22,2020,TV-MA,4 Seasons,"British TV Shows, Docuseries, International TV Shows"
s3114,TV Show,Jailbirds,,2019-05-10,2019,TV-MA,1 Season,Reality TV
s3119,TV Show,James Acaster: Repertoire,United Kingdom,2018-03-27,2018,TV-14,1 Season,"British TV Shows, International TV Shows, Stand-Up Comedy & Talk Shows"
s3120,TV Show,Jamtara - Sabka Number Ayega,India,2020-01-10,2020,TV-MA,1 Season,"Crime TV Shows, International TV Shows, TV Dramas"
s3123,TV Show,Jane The Virgin,United States,2019-08-08,2019,TV-14,5 Seasons,"Romantic TV Shows, TV Comedies, TV Dramas"
s3126,TV Show,Japan Sinks: 2020,Japan,2020-07-09,2020,TV-MA,1 Season,"Anime Series, International TV Shows"
s3127,TV Show,Japanese Style Originator,Japan,2017-05-01,2008,TV-G,1 Season,"International TV Shows, Stand-Up Comedy & Talk Shows"
s3144,TV Show,Jeffrey Epstein: Filthy Rich,United States,2020-05-27,2020,TV-MA,1 Season,"Crime TV Shows, Docuseries"
s3148,TV Show,Jenni Rivera: Mariposa de Barrio,United States,2021-01-01,2017,TV-MA,1 Season,"Spanish-Language TV Shows, TV Dramas"
s3150,TV Show,Jeopardy!,United States,2020-12-18,2019,TV-G,2 Seasons,Reality TV
s3153,TV Show,Jericho,United States,2017-08-16,2008,TV-14,2 Seasons,"Classic & Cult TV, TV Action & Adventure, TV Dramas"
s3165,TV Show,Jhansi Ki Rani,India,2017-06-01,2009,TV-14,1 Season,"International TV Shows, TV Dramas"
s3181,TV Show,Jimmy: The True Story of a True Idiot,Japan,2018-07-20,2018,TV-MA,1 Season,"International TV Shows, TV Comedies, TV Dramas"
s3184,TV Show,JingleKids,Russia,2019-04-01,2017,TV-Y7,1 Season,Kids' TV
s3185,TV Show,Jinn,Jordan,2019-06-13,2019,TV-MA,1 Season,"International TV Shows, TV Dramas, TV Mysteries"
s3213,TV Show,Johnny Test,"United States, Canada",2015-06-01,2013,TV-Y7,6 Seasons,Kids' TV
s3214,TV Show,JoJo's Bizarre Adventure,Japan,2020-02-28,2014,TV-MA,2 Seasons,"Anime Series, International TV Shows"
s3215,TV Show,Jojo's World,Taiwan,2018-12-21,2017,TV-14,1 Season,"International TV Shows, Romantic TV Shows, TV Comedies"
s3220,TV Show,Jonathan Strange & Mr Norrell,United Kingdom,2016-08-25,2015,TV-14,1 Season,"British TV Shows, TV Dramas, TV Sci-Fi & Fantasy"
s3224,TV Show,Journey of an African Colony,,2020-10-01,2018,TV-MA,1 Season,"Docuseries, International TV Shows"
s3227,TV Show,JU-ON: Origins,Japan,2020-07-03,2020,TV-MA,1 Season,"International TV Shows, TV Horror, TV Mysteries"
s3228,TV Show,Juana Brava,Chile,2017-03-20,2015,TV-MA,1 Season,"International TV Shows, Spanish-Language TV Shows, TV Dramas"
s3229,TV Show,Juana Inés,Mexico,2017-01-27,2016,TV-14,1 Season,"International TV Shows, Spanish-Language TV Shows, TV Dramas"
s3239,TV Show,Julie and the Phantoms,United States,2020-09-10,2020,TV-G,1 Season,"Kids' TV, TV Comedies"
s3240,TV Show,Julie's Greenroom,United States,2017-03-17,2017,TV-Y,1 Season,Kids' TV
s3241,TV Show,Julius Jr.,United States,2015-11-03,2014,TV-Y,2 Seasons,Kids' TV
s3242,TV Show,Juman,Kuwait,2020-12-08,2019,TV-G,1 Season,"International TV Shows, Romantic TV Shows, TV Dramas"
s3243,TV Show,Jumping Girl,South Korea,2017-04-28,2015,TV-14,1 Season,"International TV Shows, Korean TV Shows, Romantic TV Shows"
s3247,TV Show,Jurassic World Camp Cretaceous,United States,2020-09-18,2020,TV-PG,1 Season,"Kids' TV, TV Action & Adventure, TV Sci-Fi & Fantasy"
s3253,TV Show,Just You,Taiwan,2016-11-01,2013,TV-14,1 Season,"International TV Shows, Romantic TV Shows, TV Comedies"
s3255,TV Show,Justice in the City,,2017-10-01,2012,TV-14,1 Season,"International TV Shows, TV Dramas"
s3259,TV Show,Justin Time,Canada,2016-04-01,2012,TV-Y,2 Seasons,Kids' TV
s3260,TV Show,Justin Time GO!,,2016-06-24,2016,TV-Y,1 Season,Kids' TV
s3262,TV Show,K,Japan,2016-12-01,2012,TV-MA,1 Season,"Anime Series, Crime TV Shows, International TV Shows"
s3264,TV Show,K-On!,Japan,2019-11-15,2010,TV-PG,2 Seasons,"Anime Series, Teen TV Shows"
s3266,TV Show,K-POP Extreme Survival,South Korea,2016-12-15,2012,TV-14,1 Season,"International TV Shows, Korean TV Shows, Romantic TV Shows"
s3267,TV Show,K.O. One Re-act,,2019-04-30,2013,TV-14,1 Season,"International TV Shows, TV Comedies, TV Dramas"
s3268,TV Show,K.O.3an Guo,Taiwan,2019-04-30,2009,TV-14,1 Season,"International TV Shows, TV Comedies, TV Sci-Fi & Fantasy"
s3270,TV Show,Kaçak,Turkey,2016-12-26,2013,TV-14,1 Season,"Crime TV Shows, International TV Shows, TV Action & Adventure"
s3280,TV Show,Kabaneri of the Iron Fortress: The Battle of Unato,Japan,2019-09-13,2019,TV-MA,1 Season,"Anime Series, International TV Shows, TV Horror"
s3290,TV Show,Kakegurui,,2019-07-04,2019,TV-MA,2 Seasons,"International TV Shows, TV Dramas, TV Thrillers"
s3303,TV Show,Kantaro: The Sweet Tooth Salaryman,Japan,2017-12-01,2017,TV-PG,1 Season,"International TV Shows, TV Comedies"
s3317,TV Show,Kath and Kim,Australia,2018-07-28,2007,TV-MA,6 Seasons,TV Comedies
s3331,TV Show,Kazoops!,Australia,2017-05-05,2017,TV-Y,3 Seasons,Kids' TV
s3334,TV Show,Ken Burns Presents: College Behind Bars: A Film by Lynn Novick and Produced by Sarah Botstein,United States,2020-03-15,2019,TV-MA,1 Season,Docuseries
s3335,TV Show,Ken Burns: The Civil War,United States,2017-02-22,1990,TV-14,1 Season,Docuseries
s3336,TV Show,Ken Burns: The Roosevelts: An Intimate History,United States,2017-02-22,2014,TV-PG,1 Season,Docuseries
s3337,TV Show,Ken Burns: The West,United States,2017-03-14,1996,TV-PG,1 Season,Docuseries
s3339,TV Show,KENGAN ASHURA,"United States, Japan",2019-10-31,2019,TV-MA,2 Seasons,"Anime Series, International TV Shows"
s3341,TV Show,Kevin Hart: Don’t F**k This Up,United States,2019-12-27,2019,TV-MA,1 Season,Docuseries
s3353,TV Show,Khaani,Pakistan,2019-08-01,2017,TV-14,1 Season,"Crime TV Shows, International TV Shows, Romantic TV Shows"
s3355,TV Show,Khan: No. 1 Crime Hunter,India,2018-05-01,2018,TV-14,1 Season,"Crime TV Shows, International TV Shows, TV Comedies"
s3356,TV Show,Khelti Hai Zindagi Aankh Micholi,India,2017-04-01,2013,TV-14,1 Season,"International TV Shows, TV Dramas"
s3361,TV Show,Khotey Sikkey,India,2018-03-15,2011,TV-14,1 Season,"Crime TV Shows, International TV Shows, TV Dramas"
s3365,TV Show,Kibaoh Klashers,China,2017-10-06,2017,TV-Y7,2 Seasons,Kids' TV
s3369,TV Show,Kicko & Super Speedo,,2019-04-01,2018,TV-Y7,1 Season,"Kids' TV, TV Comedies"
s3371,TV Show,Kid-E-Cats,Russia,2020-11-01,2016,TV-Y,1 Season,Kids' TV
s3375,TV Show,Kikoriki,,,2010,TV-Y,2 Seasons,Kids' TV
s3380,TV Show,Kill la Kill,Japan,2019-06-15,2014,TV-MA,1 Season,"Anime Series, International TV Shows"
s3387,TV Show,Killer Inside: The Mind of Aaron Hernandez,United States,2020-01-15,2020,TV-MA,1 Season,"Crime TV Shows, Docuseries"
s3389,TV Show,Killer Ratings,,2019-05-31,2019,TV-MA,1 Season,"Crime TV Shows, Docuseries, International TV Shows"
s3390,TV Show,Killer Women with Piers Morgan,United Kingdom,2020-07-19,2017,TV-MA,1 Season,"British TV Shows, Crime TV Shows, Docuseries"
s3396,TV Show,Kim's Convenience,Canada,2020-04-01,2020,TV-MA,4 Seasons,TV Comedies
s3401,TV Show,King’s War,China,2017-07-07,2012,TV-14,1 Season,"International TV Shows, TV Dramas"
s3402,TV Show,Kingdom,United States,2020-07-01,2017,TV-MA,3 Seasons,TV Dramas
s3404,TV Show,Kingdoms of the Sky,,2018-10-01,2018,TV-PG,1 Season,"British TV Shows, Docuseries, Science & Nature TV"
s3407,TV Show,Kings of Jo'Burg,South Africa,2020-12-04,2020,TV-MA,1 Season,"Crime TV Shows, International TV Shows, TV Dramas"
s3408,TV Show,Kipo and the Age of Wonderbeasts,United States,2020-10-12,2020,TV-Y7,3 Seasons,"Kids' TV, TV Comedies"
s3413,TV Show,Kiss Me First,"United Kingdom, United States",2018-06-29,2018,TV-MA,1 Season,"British TV Shows, Crime TV Shows, International TV Shows"
s3416,TV Show,Kiss The Series,,2019-05-26,2016,TV-14,1 Season,"International TV Shows, Romantic TV Shows, TV Dramas"
s3417,TV Show,Kissing Game,Brazil,2020-07-17,2020,TV-MA,1 Season,"International TV Shows, TV Dramas, TV Mysteries"
s3419,TV Show,Kitten Rescuers,United Kingdom,2019-10-02,2017,TV-14,1 Season,"British TV Shows, International TV Shows, Reality TV"
s3422,TV Show,Knightfall,United States,2019-08-13,2019,TV-MA,2 Seasons,TV Dramas
s3423,TV Show,Knights of Sidonia,Japan,2019-12-01,2015,TV-MA,2 Seasons,"Anime Series, International TV Shows"
s3428,TV Show,KO One,Taiwan,2019-04-19,2005,TV-MA,1 Season,"International TV Shows, TV Action & Adventure, TV Comedies"
s3429,TV Show,KO One Return,,2019-04-30,2012,TV-MA,1 Season,"International TV Shows, TV Comedies, TV Dramas"
s3437,TV Show,Kon Kon Kon,,2018-02-16,2014,TV-PG,1 Season,"Docuseries, International TV Shows"
s3439,TV Show,Kong: King of the Apes,"United States, Japan, Canada",2018-05-04,2018,TV-Y7,2 Seasons,Kids' TV
s3440,TV Show,Kongsuni and Friends,,2020-10-30,2020,TV-Y,2 Seasons,"Kids' TV, Korean TV Shows"
s3441,TV Show,Kopitiam,Malaysia,2018-11-03,2003,TV-14,7 Seasons,"International TV Shows, TV Comedies"
s3442,TV Show,Korean Pork Belly Rhapsody,,2021-01-04,2020,TV-G,1 Season,"Docuseries, International TV Shows"
s3455,TV Show,Krishna Balram,,2019-07-08,2019,TV-Y7,1 Season,Kids' TV
s3463,TV Show,Kulipari: An Army of Frogs,United States,2016-09-02,2016,TV-Y7,1 Season,Kids' TV
s3464,TV Show,Kulipari: Dream Walker,,2018-11-20,2018,TV-Y7,1 Season,Kids' TV
s3473,TV Show,Kuroko's Basketball,Japan,2021-01-15,2013,TV-MA,1 Season,"Anime Series, International TV Shows, Teen TV Shows"
s3474,TV Show,Kuromukuro,Japan,2016-07-04,2016,TV-14,2 Seasons,"Anime Series, International TV Shows"
s3476,TV Show,Kurt Seyit & Sura,Turkey,2016-12-26,2014,TV-14,1 Season,"International TV Shows, Romantic TV Shows, TV Dramas"
s3484,TV Show,L.A.’s Finest,United States,2021-01-05,2019,TV-14,1 Season,"Crime TV Shows, TV Action & Adventure, TV Comedies"
s3489,TV Show,La casa de papel,Spain,2020-04-03,2020,TV-MA,4 Seasons,"Crime TV Shows, International TV Shows, Spanish-Language TV Shows"
s3491,TV Show,La Doña,"United States, Mexico",2018-11-17,2016,TV-14,1 Season,"Spanish-Language TV Shows, TV Dramas"
s3492,TV Show,La Esclava Blanca,Colombia,2016-08-01,2016,TV-MA,1 Season,"International TV Shows, Spanish-Language TV Shows, TV Dramas"
s3493,TV Show,La Familia P. Luche,United States,,2012,TV-14,3 Seasons,"International TV Shows, Spanish-Language TV Shows, TV Comedies"
s3494,TV Show,La Femme,,2017-10-16,2016,TV-14,1 Season,"International TV Shows, TV Dramas"
s3496,TV Show,La Grande Chaumière Violette,Taiwan,2019-01-14,2016,TV-14,1 Season,"International TV Shows, TV Dramas"
s3497,TV Show,La Línea: Shadow of Narco,Spain,2020-09-09,2020,TV-MA,1 Season,"Crime TV Shows, Docuseries, International TV Shows"
s3499,TV Show,La Mante,France,2017-12-29,2017,TV-MA,1 Season,"Crime TV Shows, International TV Shows, TV Dramas"
s3500,TV Show,La Niña,Colombia,2016-11-18,2016,TV-MA,1 Season,"Crime TV Shows, International TV Shows, Spanish-Language TV Shows"
s3502,TV Show,La Piloto,Mexico,2018-04-02,2017,TV-MA,1 Season,"Crime TV Shows, International TV Shows, Spanish-Language TV Shows"
s3503,TV Show,La Révolution,France,2020-10-16,2020,TV-MA,1 Season,"International TV Shows, TV Action & Adventure, TV Dramas"
s3504,TV Show,La Reina del Sur,"Mexico, United States, Spain, Colombia",2019-11-29,2019,TV-MA,2 Seasons,"Crime TV Shows, International TV Shows, Spanish-Language TV Shows"
s3505,TV Show,La Robe De Mariee Des Cieux,Taiwan,2019-11-15,2004,TV-MA,1 Season,"International TV Shows, Romantic TV Shows"
s3506,TV Show,La Rosa de Guadalupe,Mexico,2019-01-15,2010,TV-PG,1 Season,"Classic & Cult TV, Crime TV Shows, International TV Shows"
s3507,TV Show,La Viuda Negra,"Colombia, Mexico, United States",2019-01-15,2016,TV-14,1 Season,"Crime TV Shows, International TV Shows, Spanish-Language TV Shows"
s3512,TV Show,Ladies Up,India,2020-03-27,2019,TV-MA,1 Season,"International TV Shows, Stand-Up Comedy & Talk Shows, TV Comedies"
s3516,TV Show,Lady Dynamite,United States,2017-11-10,2017,TV-MA,2 Seasons,TV Comedies
s3520,TV Show,"Lady, la vendedora de rosas",Colombia,2018-04-01,2015,TV-14,1 Season,"International TV Shows, Spanish-Language TV Shows, TV Dramas"
s3528,TV Show,Land Girls,United Kingdom,2017-08-01,2011,TV-14,3 Seasons,"British TV Shows, International TV Shows, TV Dramas"
s3532,TV Show,Larry Charles' Dangerous World of Comedy,,2019-02-15,2019,TV-MA,1 Season,"Docuseries, TV Comedies"
s3534,TV Show,Larva,Russia,2016-02-01,2015,TV-Y7,3 Seasons,"Kids' TV, Korean TV Shows, TV Comedies"
s3535,TV Show,Larva Island,,2019-03-01,2019,TV-Y7,2 Seasons,"Kids' TV, Korean TV Shows, TV Comedies"
s3536,TV Show,Las muñecas de la mafia,Colombia,2019-03-15,2018,TV-MA,2 Seasons,"Crime TV Shows, International TV Shows, Spanish-Language TV Shows"
s3537,TV Show,Last,South Korea,2017-05-22,2015,TV-14,1 Season,"Crime TV Shows, International TV Shows, Korean TV Shows"
s3539,TV Show,Last Chance U,United States,2020-07-28,2020,TV-MA,5 Seasons,Docuseries
s3542,TV Show,LAST HOPE,Japan,2018-12-21,2018,TV-14,2 Seasons,"Anime Series, International TV Shows"
s3545,TV Show,Last Tango in Halifax,United Kingdom,2021-01-12,2020,TV-MA,4 Seasons,"British TV Shows, Romantic TV Shows, TV Dramas"
s3549,TV Show,Lavender,Taiwan,2019-01-15,2002,TV-14,1 Season,"International TV Shows, Romantic TV Shows, TV Dramas"
s3551,TV Show,Laws of Attraction,,2017-10-16,2012,TV-14,1 Season,"International TV Shows, Romantic TV Shows, TV Comedies"
s3557,TV Show,Leah Remini: Scientology and the Aftermath,United States,2020-11-01,2018,TV-14,3 Seasons,Docuseries
s3564,TV Show,Learning Songs by Little Baby Bum: Nursery Rhyme Friends,,2017-07-01,2015,TV-Y,1 Season,"British TV Shows, Kids' TV"
s3565,TV Show,Learning Time with Timmy,United Kingdom,2020-05-15,2018,TV-Y,1 Season,"British TV Shows, Kids' TV"
s3569,TV Show,Legacies,United States,2020-04-03,2019,TV-14,2 Seasons,"TV Dramas, TV Sci-Fi & Fantasy, Teen TV Shows"
s3573,TV Show,Legend Quest,Mexico,2017-02-24,2017,TV-Y7,1 Season,Kids' TV
s3574,TV Show,Legend Quest: Masters of Myth,Mexico,2019-10-05,2019,TV-Y7,1 Season,Kids' TV
s3576,TV Show,Legends of Strength,United States,2019-01-18,2017,TV-PG,1 Season,Docuseries
s3579,TV Show,LEGO Bionicle: The Journey to One,United States,2016-07-29,2016,TV-Y7,2 Seasons,Kids' TV
s3581,TV Show,LEGO Elves: Secrets of Elvendale,United States,2017-09-01,2017,TV-Y7,1 Season,Kids' TV
s3582,TV Show,Lego Friends,,2019-02-01,2017,TV-G,3 Seasons,Kids' TV
s3583,TV Show,Lego Friends: Girls on a Mission,Denmark,2019-02-01,2018,TV-Y,1 Season,Kids' TV
s3584,TV Show,LEGO Friends: The Power of Friendship,Denmark,2016-06-10,2016,TV-Y7,2 Seasons,Kids' TV
s3586,TV Show,LEGO Jurassic World: Legend of Isla Nublar,United States,2020-11-01,2019,TV-Y,1 Season,Kids' TV
s3587,TV Show,LEGO Jurassic World: Secret Exhibit,United States,2020-11-01,2018,TV-Y,1 Season,Kids' TV
s3592,TV Show,LEGO Ninjago,Canada,2020-11-01,2020,TV-Y7,2 Seasons,Kids' TV
s3593,TV Show,LEGO Ninjago: Masters of Spinjitzu,"Denmark, Singapore, Canada, United States",2020-11-01,2019,TV-Y7,10 Seasons,Kids' TV
s3595,TV Show,LEGO: CITY Adventures,"United States, France",2020-11-01,2019,TV-Y,1 Season,"Kids' TV, TV Comedies"
s3597,TV Show,Leila,India,2019-06-14,2019,TV-MA,1 Season,"International TV Shows, TV Dramas, TV Mysteries"
s3599,TV Show,Lenox Hill,United States,2020-06-10,2020,TV-MA,1 Season,"Docuseries, Reality TV"
s3601,TV Show,Leo & Tig,,2018-08-20,2017,TV-Y,1 Season,Kids' TV
s3611,TV Show,Let's Eat 2,"Malaysia, Singapore, Hong Kong",2019-08-08,2015,TV-MA,1 Season,"International TV Shows, Korean TV Shows, Romantic TV Shows"
s3612,TV Show,Let’s Eat,South Korea,2019-08-08,2013,TV-PG,1 Season,"International TV Shows, Korean TV Shows, Romantic TV Shows"
s3613,TV Show,Levius,Japan,2019-11-28,2019,TV-14,1 Season,"Anime Series, International TV Shows"
s3614,TV Show,Leyla and Mecnun,Turkey,2017-04-15,2014,TV-MA,3 Seasons,"International TV Shows, Romantic TV Shows, TV Comedies"
s3620,TV Show,License to Drill: Louisiana,Canada,2019-10-02,2014,TV-PG,1 Season,Reality TV
s3622,TV Show,Life,South Korea,2018-09-12,2018,TV-MA,1 Season,"International TV Shows, Korean TV Shows, TV Dramas"
s3629,TV Show,Life on Location,United States,2015-04-22,2009,TV-G,1 Season,"British TV Shows, Docuseries, Science & Nature TV"
s3631,TV Show,Life Plan A and B,Taiwan,2017-08-01,2016,TV-PG,1 Season,"International TV Shows, Romantic TV Shows, TV Dramas"
s3632,TV Show,Life Sentence,United States,2018-06-23,2018,TV-14,1 Season,TV Dramas
s3633,TV Show,Life Story,United Kingdom,2016-06-20,2014,TV-14,1 Season,"British TV Shows, Docuseries, Science & Nature TV"
s3644,TV Show,Lilyhammer,"Norway, United States",2014-11-21,2014,TV-MA,3 Seasons,"Crime TV Shows, TV Comedies, TV Dramas"
s3646,TV Show,Limmy's Show!,United Kingdom,2019-10-01,2012,TV-MA,2 Seasons,"British TV Shows, TV Comedies"
s3650,TV Show,Lion Pride,Taiwan,2018-12-21,2017,TV-MA,1 Season,"International TV Shows, Romantic TV Shows, TV Comedies"
s3657,TV Show,Little Baby Bum: Nursery Rhyme Friends,United Kingdom,2019-10-18,2019,TV-Y,2 Seasons,"British TV Shows, Kids' TV"
s3661,TV Show,Little Lunch,Australia,2018-02-01,2015,,1 Season,"Kids' TV, TV Comedies"
s3668,TV Show,Little Singham,India,2020-07-04,2020,TV-Y7,2 Seasons,"Kids' TV, TV Comedies"
s3677,TV Show,Little Things,India,2019-11-09,2019,TV-MA,3 Seasons,"International TV Shows, Romantic TV Shows, TV Comedies"
s3678,TV Show,Little Witch Academia,Japan,2017-06-30,2017,TV-Y7,2 Seasons,"Anime Series, International TV Shows"
s3679,TV Show,Littlest Pet Shop: A World of Our Own,United States,2019-02-01,2018,TV-Y7,2 Seasons,Kids' TV
s3680,TV Show,Liv and Maddie,United States,2017-04-23,2017,TV-G,4 Seasons,"Kids' TV, TV Comedies"
s3681,TV Show,Live,South Korea,2019-02-05,2018,TV-MA,1 Season,"Crime TV Shows, International TV Shows, Korean TV Shows"
s3683,TV Show,Live Up To Your Name,South Korea,2020-01-01,2017,TV-MA,1 Season,"International TV Shows, Korean TV Shows, Romantic TV Shows"
s3685,TV Show,Living Undocumented,United States,2019-10-02,2019,TV-MA,1 Season,Docuseries
s3686,TV Show,Living with Yourself,United States,2019-10-18,2019,TV-MA,1 Season,"TV Comedies, TV Dramas"
s3688,TV Show,Llama Llama,United States,2019-11-15,2019,TV-Y,2 Seasons,Kids' TV
s3691,TV Show,Lo que la verdad esconde: El caso Asunta (Operacion Nenúfar),Spain,2019-02-01,2017,TV-14,1 Season,"Crime TV Shows, Docuseries, International TV Shows"
s3692,TV Show,Lo que la vida me robó,Mexico,2017-12-31,2013,TV-14,1 Season,"Crime TV Shows, International TV Shows, Romantic TV Shows"
s3693,TV Show,Loaded,United Kingdom,2018-04-01,2017,TV-MA,1 Season,"British TV Shows, International TV Shows, TV Comedies"
s3698,TV Show,Locke & Key,"Canada, United States",2020-02-07,2020,TV-14,1 Season,"TV Action & Adventure, TV Dramas, TV Mysteries"
s3700,TV Show,Locked Up,Spain,2020-07-31,2020,TV-MA,5 Seasons,"Crime TV Shows, International TV Shows, Spanish-Language TV Shows"
s3703,TV Show,Locust,Russia,2017-08-01,2014,TV-MA,1 Season,"Crime TV Shows, International TV Shows, Romantic TV Shows"
s3707,TV Show,LoliRock,"South Korea, France",2018-05-01,2016,TV-Y,2 Seasons,Kids' TV
s3712,TV Show,London Spy,United Kingdom,2017-03-31,2015,TV-MA,1 Season,"British TV Shows, Crime TV Shows, International TV Shows"
s3715,TV Show,Longmire,United States,2017-11-17,2017,TV-MA,6 Seasons,"Crime TV Shows, TV Dramas"
s3716,TV Show,Loo Loo Kids: Johny & Friends Musical Adventures,,2019-09-01,2016,TV-Y,1 Season,Kids' TV
s3722,TV Show,Los 10 años de Peter Capusotto,,2018-06-29,2015,TV-MA,1 Season,"International TV Shows, Spanish-Language TV Shows, TV Comedies"
s3725,TV Show,Los tiempos de Pablo Escobar,Colombia,2018-08-01,2012,TV-14,1 Season,"Crime TV Shows, Docuseries, International TV Shows"
s3727,TV Show,Losers,,2019-03-01,2019,TV-MA,1 Season,Docuseries
s3729,TV Show,Lost & Found Music Studios,Canada,2016-12-03,2016,TV-G,2 Seasons,"Kids' TV, TV Comedies, TV Dramas"
s3731,TV Show,Lost Girl,Canada,2016-04-17,2015,TV-14,5 Seasons,"TV Dramas, TV Horror, TV Mysteries"
s3734,TV Show,Lost in Space,United States,2019-12-24,2019,TV-PG,2 Seasons,"TV Action & Adventure, TV Dramas, TV Sci-Fi & Fantasy"
s3735,TV Show,LOST SONG,Japan,2018-10-05,2018,TV-14,1 Season,"Anime Series, International TV Shows"
s3740,TV Show,Love,United States,2018-03-09,2018,TV-MA,3 Seasons,"Romantic TV Shows, TV Comedies, TV Dramas"
s3741,TV Show,Love @ Seventeen,Taiwan,2018-12-21,2016,TV-14,1 Season,"International TV Shows, Romantic TV Shows, TV Dramas"
s3742,TV Show,Love & Anarchy,Sweden,2020-11-04,2020,TV-MA,1 Season,"International TV Shows, Romantic TV Shows, TV Comedies"
s3743,TV Show,Love 101,Turkey,2020-04-24,2020,TV-MA,1 Season,"International TV Shows, TV Dramas, Teen TV Shows"
s3745,TV Show,Love Alarm,South Korea,2019-08-22,2019,TV-MA,1 Season,"International TV Shows, Korean TV Shows, Romantic TV Shows"
s3746,TV Show,Love and Fortune,Japan,2018-11-30,2018,TV-MA,1 Season,"International TV Shows, Romantic TV Shows, TV Dramas"
s3747,TV Show,Love and Hong Kong,Japan,2018-01-20,2017,TV-PG,1 Season,"International TV Shows, Romantic TV Shows, TV Dramas"
s3749,TV Show,Love Around,Taiwan,2016-11-01,2013,TV-14,1 Season,"International TV Shows, Romantic TV Shows, TV Comedies"
s3751,TV Show,Love Cheque Charge,Taiwan,2016-10-01,2014,TV-14,1 Season,"International TV Shows, Romantic TV Shows, TV Comedies"
s3752,TV Show,Love Cuisine,Taiwan,2016-08-01,2015,TV-MA,1 Season,"International TV Shows, Romantic TV Shows, TV Comedies"
s3754,TV Show,Love Family,Taiwan,2016-11-01,2013,TV-MA,1 Season,"International TV Shows, Romantic TV Shows, TV Comedies"
s3757,TV Show,Love for Ten: Generation of Youth,South Korea,2017-02-17,2013,TV-14,1 Season,"International TV Shows, Korean TV Shows, Romantic TV Shows"
s3761,TV Show,Love Is in the Air,United Kingdom,2017-03-01,2010,TV-14,1 Season,"International TV Shows, TV Dramas"
s3766,TV Show,Love Me As I Am,Turkey,2017-02-22,2015,TV-PG,3 Seasons,"International TV Shows, Romantic TV Shows, TV Comedies"
s3767,TV Show,Love Me or Leave Me,Taiwan,2016-11-01,2012,TV-14,1 Season,"International TV Shows, Romantic TV Shows, TV Comedies"
s3769,TV Show,Love Now,Taiwan,2016-11-01,2012,TV-14,1 Season,"International TV Shows, Romantic TV Shows, TV Comedies"
s3773,TV Show,Love on the Spectrum,Australia,2020-07-22,2019,TV-14,1 Season,"Docuseries, International TV Shows, Reality TV"
s3775,TV Show,Love Rain,South Korea,2018-05-01,2012,TV-PG,1 Season,"International TV Shows, Korean TV Shows, Romantic TV Shows"
s3776,TV Show,Love Rhythms - Accidental Daddy,,2018-06-18,2016,TV-MA,1 Season,"International TV Shows, TV Comedies, TV Dramas"
s3779,TV Show,Love Storm,,2017-08-01,2016,TV-14,1 Season,"International TV Shows, Romantic TV Shows, TV Comedies"
s3783,TV Show,Love Your Garden,United Kingdom,2019-07-26,2013,TV-G,1 Season,"British TV Shows, International TV Shows, Reality TV"
s3784,TV Show,"Love, Chunibyo & Other Delusions!",Japan,2019-11-01,2014,TV-PG,2 Seasons,"Anime Series, Romantic TV Shows, Teen TV Shows"
s3785,TV Show,"Love, Death & Robots",United States,2019-03-15,2019,TV-MA,1 Season,"TV Action & Adventure, TV Horror, TV Sci-Fi & Fantasy"
s3790,TV Show,Lovesick,,2018-09-03,2014,TV-MA,1 Season,"International TV Shows, Romantic TV Shows, TV Dramas"
s3792,TV Show,Lovestruck in the City,South Korea,2020-12-22,2020,TV-14,1 Season,"International TV Shows, Romantic TV Shows, TV Comedies"
s3808,TV Show,Lucifer,United States,2020-08-21,2020,TV-14,5 Seasons,"Crime TV Shows, TV Comedies, TV Dramas"
s3812,TV Show,Lucky Days,China,2016-09-01,2010,TV-PG,1 Season,"International TV Shows, Romantic TV Shows, TV Comedies"
s3815,TV Show,Lugar de Mulher,Brazil,2019-11-28,2019,TV-MA,1 Season,"International TV Shows, Stand-Up Comedy & Talk Shows, TV Comedies"
s3816,TV Show,Luis Miguel - The Series,Mexico,2019-07-12,2018,TV-MA,1 Season,"International TV Shows, Spanish-Language TV Shows, TV Dramas"
s3818,TV Show,Luna Nera,Italy,2020-01-31,2020,TV-MA,1 Season,"International TV Shows, Romantic TV Shows, TV Dramas"
s3819,TV Show,Luna Petunia,United States,2017-11-17,2017,TV-Y,3 Seasons,Kids' TV
s3820,TV Show,Luna Petunia: Return to Amazia,"Canada, United States",2018-07-20,2018,TV-Y,2 Seasons,Kids' TV
s3821,TV Show,Lunatics,Australia,2019-04-19,2019,TV-MA,1 Season,"International TV Shows, TV Comedies"
s3822,TV Show,Luo Bao Bei,"China, United Kingdom",2019-08-31,2018,TV-Y,1 Season,"British TV Shows, Kids' TV"
s3823,TV Show,Lupin,United States,2021-01-08,2021,TV-MA,1 Season,"Crime TV Shows, International TV Shows, TV Action & Adventure"
s3839,TV Show,Mad Men,United States,2015-03-22,2014,TV-14,7 Seasons,TV Dramas
s3845,TV Show,Madam Secretary,United States,2020-05-15,2019,TV-PG,6 Seasons,TV Dramas
s3848,TV Show,Made in Mexico,United States,2018-09-28,2018,TV-MA,1 Season,"International TV Shows, Reality TV, Spanish-Language TV Shows"
s3852,TV Show,Maggie & Bianca: Fashion Friends,Italy,2019-03-31,2017,TV-Y7,1 Season,"Kids' TV, TV Comedies"
s3853,TV Show,Magi: Adventure of Sinbad,Japan,2016-07-14,2016,TV-14,1 Season,"Anime Series, International TV Shows"
s3854,TV Show,Magi: The Labyrinth of Magic,Japan,2019-06-21,2013,TV-14,2 Seasons,"Anime Series, International TV Shows"
s3855,TV Show,Magic for Humans,United States,2020-05-15,2020,TV-14,3 Seasons,"Reality TV, TV Comedies"
s3856,TV Show,Magic Phone,South Korea,2017-06-10,2016,TV-PG,1 Season,"International TV Shows, Korean TV Shows, Romantic TV Shows"
s3858,TV Show,Magical Andes,"Uruguay, Germany",2019-10-15,2019,TV-G,1 Season,"Docuseries, International TV Shows, Science & Nature TV"
s3865,TV Show,Maharakshak Devi,India,2017-04-15,2015,TV-14,1 Season,"International TV Shows, TV Action & Adventure, TV Sci-Fi & Fantasy"
s3866,TV Show,Maharakshak: Aryan,India,2017-04-01,2014,TV-14,1 Season,"International TV Shows, TV Action & Adventure, TV Sci-Fi & Fantasy"
s3868,TV Show,Mahi Way,India,2018-03-01,2010,TV-14,1 Season,"International TV Shows, TV Comedies"
s3870,TV Show,Mahmut & Meryem,"Turkey, Azerbaijan",2016-12-26,2013,TV-14,1 Season,"International TV Shows, Romantic TV Shows, TV Dramas"
s3871,TV Show,Maid-Sama!,Japan,2019-11-01,2010,TV-14,1 Season,"Anime Series, Romantic TV Shows"
s3877,TV Show,Mak Cun,,2017-09-29,2015,TV-PG,1 Season,"International TV Shows, TV Comedies, TV Dramas"
s3878,TV Show,Making a Murderer,United States,2018-10-19,2018,TV-14,2 Seasons,"Crime TV Shows, Docuseries"
s3881,TV Show,Mako Mermaids: An H2O Adventure,Australia,2020-05-28,2016,TV-G,4 Seasons,"Kids' TV, TV Comedies"
s3890,TV Show,Malibu Rescue: The Series,United States,2019-06-03,2019,TV-G,1 Season,"Kids' TV, TV Action & Adventure, TV Comedies"
s3894,TV Show,Man Down,United Kingdom,2017-11-30,2017,TV-MA,4 Seasons,"British TV Shows, TV Comedies"
s3895,TV Show,Man Like Mobeen,United Kingdom,2020-04-01,2020,TV-MA,3 Seasons,"British TV Shows, TV Comedies"
s3897,TV Show,Man to Man,South Korea,2017-06-10,2017,TV-14,1 Season,"Crime TV Shows, International TV Shows, Korean TV Shows"
s3899,TV Show,Man vs Wild with Sunny Leone,,2018-12-01,2018,TV-PG,1 Season,"International TV Shows, Reality TV, TV Action & Adventure"
s3900,TV Show,Man with a Plan,United States,2020-09-30,2020,TV-PG,4 Seasons,TV Comedies
s3907,TV Show,Manhunt: Deadly Games,,2020-12-07,2020,TV-14,1 Season,"Crime TV Shows, TV Dramas, TV Mysteries"
s3908,TV Show,Maniac,United States,2018-09-21,2018,TV-MA,1 Season,"TV Comedies, TV Dramas, TV Mysteries"
s3925,TV Show,Mar de Plástico,Spain,2017-04-27,2017,TV-MA,2 Seasons,"Crime TV Shows, International TV Shows, Spanish-Language TV Shows"
s3927,TV Show,Maradona in Mexico,"Argentina, United States, Mexico",2019-11-13,2020,TV-MA,1 Season,"Docuseries, Spanish-Language TV Shows"
s3932,TV Show,Marcella,United Kingdom,2020-06-14,2019,TV-MA,3 Seasons,"British TV Shows, Crime TV Shows, International TV Shows"
s3933,TV Show,March Comes in Like a Lion,Japan,2019-06-01,2017,TV-14,2 Seasons,"Anime Series, International TV Shows, Teen TV Shows"
s3934,TV Show,Marching Orders,United States,2018-08-03,2018,TV-14,1 Season,Docuseries
s3936,TV Show,Marco Polo,United States,2016-07-01,2016,TV-MA,2 Seasons,"TV Action & Adventure, TV Dramas"
s3942,TV Show,Marianne,France,2019-09-13,2019,TV-MA,1 Season,"International TV Shows, TV Dramas, TV Horror"
s3945,TV Show,Marlon,United States,2019-06-14,2018,TV-14,2 Seasons,TV Comedies
s3947,TV Show,Maron,United States,,2016,TV-MA,4 Seasons,TV Comedies
s3951,TV Show,Married at First Sight,United States,2020-04-13,2019,TV-14,1 Season,"Reality TV, Romantic TV Shows"
s3952,TV Show,Mars,United States,2019-11-01,2018,TV-PG,2 Seasons,"Docuseries, Science & Nature TV, TV Dramas"
s3953,TV Show,Marseille,France,2018-02-23,2018,TV-MA,2 Seasons,"International TV Shows, TV Dramas, TV Thrillers"
s3960,TV Show,Marvel Anime: Wolverine,"United States, Japan",2020-12-16,2011,TV-14,1 Season,"Anime Series, International TV Shows"
s3961,TV Show,Marvel Anime: X-Men,Japan,2020-12-16,2011,TV-14,1 Season,"Anime Series, International TV Shows"
s3963,TV Show,Marvel's Agents of S.H.I.E.L.D.,United States,2020-10-30,2020,TV-14,7 Seasons,"TV Action & Adventure, TV Sci-Fi & Fantasy"
s3964,TV Show,Marvel's Daredevil,United States,2018-10-19,2018,TV-MA,3 Seasons,"Crime TV Shows, TV Action & Adventure"
s3966,TV Show,Marvel's Iron Fist,United States,2018-09-07,2018,TV-MA,2 Seasons,"Crime TV Shows, TV Action & Adventure, TV Dramas"
s3968,TV Show,Marvel's Jessica Jones,United States,2019-06-14,2019,TV-MA,3 Seasons,"Crime TV Shows, TV Action & Adventure, TV Dramas"
s3969,TV Show,Marvel's Luke Cage,United States,2018-06-22,2018,TV-MA,2 Seasons,"Crime TV Shows, TV Action & Adventure, TV Dramas"
s3970,TV Show,Marvel's The Defenders,United States,2017-08-18,2017,TV-MA,1 Season,"Crime TV Shows, TV Action & Adventure, TV Dramas"
s3971,TV Show,Marvel's The Punisher,United States,2019-01-18,2019,TV-MA,2 Seasons,"Crime TV Shows, TV Action & Adventure, TV Thrillers"
s3975,TV Show,Mary Portas: Secret Shopper,United Kingdom,2019-07-26,2016,TV-14,1 Season,"British TV Shows, International TV Shows, Reality TV"
s3976,TV Show,Masaba Masaba,India,2020-08-28,2020,TV-MA,1 Season,"International TV Shows, TV Comedies, TV Dramas"
s3978,TV Show,Masameer Classics,Saudi Arabia,2020-12-09,2013,TV-14,4 Seasons,"International TV Shows, TV Comedies"
s3980,TV Show,Masha and the Bear,Russia,2020-05-01,2019,TV-Y,4 Seasons,Kids' TV
s3981,TV Show,Masha's Spooky Stories,"United States, Russia",2016-10-01,2012,TV-Y,1 Season,Kids' TV
s3982,TV Show,Masha's Tales,,2016-02-01,2012,TV-Y,1 Season,Kids' TV
s3986,TV Show,Master of None,United States,2017-05-12,2017,TV-MA,2 Seasons,TV Comedies
s4010,TV Show,MeatEater,United States,2020-09-16,2020,TV-14,3 Seasons,"Docuseries, Reality TV, Science & Nature TV"
s4011,TV Show,Medal of Honor,United States,2018-11-09,2018,TV-MA,1 Season,"Docuseries, TV Dramas"
s4012,TV Show,Medical Police,United States,2020-01-10,2020,TV-MA,1 Season,"Crime TV Shows, TV Action & Adventure, TV Comedies"
s4013,TV Show,Medici: Masters of Florence,"Italy, United Kingdom, France",2020-05-01,2019,TV-MA,3 Seasons,"International TV Shows, TV Dramas"
s4016,TV Show,Meet the Adebanjos,United Kingdom,2019-11-04,2016,TV-PG,3 Seasons,"British TV Shows, International TV Shows, TV Comedies"
s4019,TV Show,Mega Food,United Kingdom,2019-07-12,2013,TV-G,1 Season,"British TV Shows, Docuseries, International TV Shows"
s4020,TV Show,Megalobox,Japan,2020-06-01,2018,TV-MA,1 Season,"Anime Series, International TV Shows"
s4021,TV Show,MegaTruckers,Australia,2019-07-12,2012,TV-PG,1 Season,Reality TV
s4025,TV Show,Melodies of Life - Born This Way,,2019-06-21,2016,TV-14,1 Season,"International TV Shows, Romantic TV Shows, TV Comedies"
s4029,TV Show,Memories of the Alhambra,South Korea,2018-12-02,2018,TV-MA,1 Season,"Crime TV Shows, International TV Shows, Korean TV Shows"
s4031,TV Show,Memory Love,,2019-01-18,2017,TV-14,1 Season,"International TV Shows, Romantic TV Shows, TV Dramas"
s4034,TV Show,Men on a Mission,South Korea,2020-08-10,2020,TV-14,5 Seasons,"International TV Shows, Korean TV Shows, Stand-Up Comedy & Talk Shows"
s4044,TV Show,Mere Papa Hero Hiralal,,2018-05-01,2018,TV-14,1 Season,"International TV Shows, TV Dramas"
s4047,TV Show,Merlí,Spain,2016-12-01,2015,TV-MA,1 Season,"International TV Shows, TV Dramas, Teen TV Shows"
s4048,TV Show,Merlin,United Kingdom,2016-12-15,2012,TV-PG,5 Seasons,"British TV Shows, International TV Shows, TV Action & Adventure"
s4049,TV Show,Merry Happy Whatever,United States,2019-11-28,2019,TV-PG,1 Season,TV Comedies
s4054,TV Show,Messiah,United States,2020-01-01,2020,TV-MA,1 Season,"TV Dramas, TV Thrillers"
s4056,TV Show,Metallica: Some Kind of Monster,United States,2017-02-10,2014,TV-MA,1 Season,TV Shows
s4057,TV Show,Meteor Garden,China,2018-07-14,2018,TV-14,1 Season,"International TV Shows, Romantic TV Shows, TV Dramas"
s4060,TV Show,Mexico Diseña,United States,2017-02-01,2016,TV-PG,1 Season,"International TV Shows, Reality TV, Spanish-Language TV Shows"
s4066,TV Show,Mia and Me,"Netherlands, Germany, Italy, Canada",2020-01-01,2017,TV-Y7,2 Seasons,Kids' TV
s4076,TV Show,Middleditch & Schwartz,United States,2020-04-21,2020,TV-MA,1 Season,TV Comedies
s4078,TV Show,Midnight Diner,Japan,2020-06-01,2014,TV-MA,3 Seasons,"International TV Shows, TV Dramas"
s4079,TV Show,Midnight Diner: Tokyo Stories,Japan,2019-10-31,2019,TV-MA,2 Seasons,"International TV Shows, TV Dramas"
s4080,TV Show,Midnight Misadventures With Mallika Dua,India,2019-04-01,2018,TV-14,1 Season,"International TV Shows, Stand-Up Comedy & Talk Shows, TV Comedies"
s4082,TV Show,Mighty Express,"United States, Canada",2020-09-22,2020,TV-Y,1 Season,Kids' TV
s4084,TV Show,Mighty Little Bheem,,2020-09-25,2020,TV-Y,3 Seasons,"Kids' TV, TV Comedies"
s4085,TV Show,Mighty Little Bheem: Diwali,India,2019-10-18,2019,TV-Y,1 Season,"Kids' TV, TV Comedies"
s4086,TV Show,Mighty Little Bheem: Festival of Colors,India,2020-03-05,2020,TV-Y,1 Season,"Kids' TV, TV Comedies"
s4087,TV Show,Mighty Little Bheem: Kite Festival,India,2021-01-08,2021,TV-Y,1 Season,"Kids' TV, TV Comedies"
s4088,TV Show,Mighty Morphin Alien Rangers,,2016-01-01,1996,TV-Y7,1 Season,Kids' TV
s4089,TV Show,Mighty Morphin Power Rangers,"United States, Japan",2016-01-01,2010,TV-Y7,4 Seasons,Kids' TV
s4103,TV Show,Millennials,Argentina,2019-11-05,2019,TV-MA,2 Seasons,"International TV Shows, Romantic TV Shows, Spanish-Language TV Shows"
s4104,TV Show,Million Dollar Beach House,United States,2020-08-26,2020,TV-MA,1 Season,Reality TV
s4105,TV Show,Million Pound Menu,United Kingdom,2019-08-27,2019,TV-MA,2 Seasons,"British TV Shows, International TV Shows, Reality TV"
s4106,TV Show,Million Yen Women,Japan,2017-08-15,2017,TV-MA,1 Season,"Crime TV Shows, International TV Shows, TV Dramas"
s4107,TV Show,Mind Game,Singapore,2017-06-01,2015,TV-14,1 Season,"Crime TV Shows, International TV Shows, TV Dramas"
s4110,TV Show,MINDHUNTER,United States,2019-08-16,2019,TV-MA,2 Seasons,"Crime TV Shows, TV Dramas, TV Mysteries"
s4113,TV Show,Minecraft: Story Mode,"United States, Sweden",2018-11-27,2015,TV-PG,1 Season,Kids' TV
s4114,TV Show,Mini Wolf,France,2018-09-16,2014,TV-G,2 Seasons,Kids' TV
s4115,TV Show,Miniforce,,2017-06-01,2016,TV-Y7,1 Season,"Kids' TV, Korean TV Shows"
s4116,TV Show,Miniforce X,South Korea,2019-10-01,2018,TV-Y7,1 Season,"Kids' TV, Korean TV Shows"
s4119,TV Show,Minute to Win It,United States,2018-12-15,2013,TV-PG,1 Season,Reality TV
s4122,TV Show,Miraculous: Tales of Ladybug & Cat Noir,"France, South Korea, Japan",2020-02-01,2019,TV-Y7,5 Seasons,"Kids' TV, TV Action & Adventure"
s4128,TV Show,Misaeng,South Korea,2019-08-08,2014,TV-MA,1 Season,"International TV Shows, Korean TV Shows, TV Dramas"
s4132,TV Show,Mismatched,India,2020-11-20,2020,TV-MA,1 Season,"International TV Shows, Romantic TV Shows, TV Comedies"
s4134,TV Show,Miss Culinary,,2019-11-19,2019,TV-14,1 Season,"International TV Shows, Romantic TV Shows, TV Comedies"
s4135,TV Show,Miss Dynamite,Mexico,2018-05-05,2015,TV-14,1 Season,"Crime TV Shows, International TV Shows, Spanish-Language TV Shows"
s4137,TV Show,Miss in Kiss,Taiwan,2016-12-08,2016,TV-14,1 Season,"International TV Shows, Romantic TV Shows, TV Comedies"
s4142,TV Show,Miss Panda & Mr. Hedgehog,South Korea,2016-12-15,2012,TV-PG,1 Season,"International TV Shows, Korean TV Shows, Romantic TV Shows"
s4144,TV Show,Miss Rose,Taiwan,2016-08-01,2015,TV-MA,1 Season,"International TV Shows, Romantic TV Shows, TV Comedies"
s4157,TV Show,Mob Psycho 100,Japan,2018-05-22,2018,TV-MA,1 Season,"International TV Shows, TV Action & Adventure, TV Comedies"
s4158,TV Show,Mobile Suit Gundam UC,Japan,2018-09-20,2014,TV-PG,1 Season,"Anime Series, International TV Shows"
s4159,TV Show,Mobile Suit Gundam: Iron-Blooded Orphans,Japan,2019-11-01,2016,TV-14,2 Seasons,"Anime Series, International TV Shows"
s4161,TV Show,Moesha,United States,2020-08-01,2000,TV-PG,6 Seasons,"TV Comedies, Teen TV Shows"
s4168,TV Show,Molang,France,2019-07-01,2015,TV-Y,1 Season,Kids' TV
s4171,TV Show,Momo Salon,South Korea,2017-07-01,2014,TV-14,1 Season,"International TV Shows, Korean TV Shows, Romantic TV Shows"
s4174,TV Show,Monarca,Mexico,2021-01-01,2021,TV-MA,2 Seasons,"International TV Shows, Spanish-Language TV Shows, TV Dramas"
s4176,TV Show,Money for Nothing,,2019-07-12,2015,TV-PG,1 Season,"British TV Shows, International TV Shows, Reality TV"
s4180,TV Show,MONKART,,2019-10-18,2017,TV-Y7,1 Season,"Kids' TV, Korean TV Shows"
s4181,TV Show,Monkey Planet,United Kingdom,2017-03-31,2014,TV-PG,1 Season,"British TV Shows, Docuseries, Science & Nature TV"
s4182,TV Show,Monkey Twins,Thailand,2018-09-02,2018,TV-MA,1 Season,"Crime TV Shows, International TV Shows, TV Action & Adventure"
s4202,TV Show,Monster Math Squad,Canada,2020-05-15,2012,TV-Y,2 Seasons,Kids' TV
s4205,TV Show,Monthly Girls' Nozaki Kun,Japan,2020-05-01,2014,TV-PG,1 Season,"Anime Series, Romantic TV Shows"
s4206,TV Show,Monty Don's French Gardens,United Kingdom,2019-07-26,2013,TV-G,1 Season,"British TV Shows, Docuseries, International TV Shows"
s4207,TV Show,Monty Don's Italian Gardens,United Kingdom,2019-07-26,2011,TV-G,1 Season,"British TV Shows, Docuseries, International TV Shows"
s4209,TV Show,Monty Python Best Bits (mostly),United Kingdom,2018-10-02,2014,TV-MA,1 Season,"British TV Shows, Docuseries, TV Comedies"
s4216,TV Show,Monty Python's Almost the Truth,United Kingdom,2018-10-02,2009,TV-MA,1 Season,"British TV Shows, Docuseries"
s4217,TV Show,Monty Python's Fliegender Zirkus,"United Kingdom, West Germany",2018-10-02,1972,TV-MA,1 Season,"International TV Shows, TV Comedies"
s4218,TV Show,Monty Python's Flying Circus,United Kingdom,2018-10-02,1974,TV-14,4 Seasons,"British TV Shows, Classic & Cult TV, International TV Shows"
s4220,TV Show,Monty Python's Personal Best,"United States, United Kingdom",2018-10-02,2005,TV-MA,1 Season,"British TV Shows, TV Comedies"
s4221,TV Show,Monzón: A Knockout Blow,Argentina,2019-10-25,2018,TV-MA,1 Season,"Crime TV Shows, International TV Shows, Spanish-Language TV Shows"
s4226,TV Show,More to Say,Egypt,2019-03-13,2018,TV-14,1 Season,"International TV Shows, TV Dramas, TV Mysteries"
s4227,TV Show,Morphle,Netherlands,2020-12-17,2020,TV-Y,2 Seasons,"British TV Shows, Kids' TV"
s4229,TV Show,Mortel,France,2019-11-21,2019,TV-MA,1 Season,"Crime TV Shows, International TV Shows, TV Dramas"
s4233,TV Show,Mossad 101,Israel,2018-07-11,2017,TV-MA,2 Seasons,"International TV Shows, TV Action & Adventure, TV Dramas"
s4234,TV Show,Most Beautiful Thing,Brazil,2020-06-19,2020,TV-MA,2 Seasons,"International TV Shows, Romantic TV Shows, TV Dramas"
s4238,TV Show,Mother Goose Club,United States,2017-05-19,2016,TV-Y,2 Seasons,Kids' TV
s4241,TV Show,Motown Magic,"Australia, United States",2019-06-28,2019,TV-Y,2 Seasons,Kids' TV
s4244,TV Show,Move,United States,2020-10-23,2020,TV-MA,1 Season,"Docuseries, International TV Shows"
s4246,TV Show,Moving Art,United States,2019-09-01,2018,TV-G,3 Seasons,"Docuseries, Science & Nature TV"
s4247,TV Show,Moving On,,2018-04-27,2016,TV-PG,1 Season,"International TV Shows, TV Dramas"
s4253,TV Show,Mr. Iglesias,United States,2020-12-08,2020,TV-14,3 Seasons,"TV Comedies, Teen TV Shows"
s4259,TV Show,Mr. Sunshine,South Korea,2018-07-08,2018,TV-MA,1 Season,"International TV Shows, Korean TV Shows, Romantic TV Shows"
s4262,TV Show,Mr. Young,Canada,2019-04-16,2013,TV-G,2 Seasons,"Kids' TV, TV Comedies"
s4288,TV Show,Murder Maps,United Kingdom,2018-03-01,2017,TV-MA,3 Seasons,"British TV Shows, Crime TV Shows, Docuseries"
s4289,TV Show,Murder Mountain,United States,2018-12-28,2018,TV-MA,1 Season,"Crime TV Shows, Docuseries"
s4293,TV Show,Murderous Affairs,United States,2018-04-17,2017,TV-MA,3 Seasons,"Crime TV Shows, Docuseries"
s4294,TV Show,Murphy's Law of Love,Taiwan,2016-10-01,2015,TV-PG,1 Season,"International TV Shows, Romantic TV Shows, TV Comedies"
s4298,TV Show,Mutant Busters,Spain,2017-06-01,2017,TV-PG,2 Seasons,"Kids' TV, TV Comedies"
s4304,TV Show,My Babysitter's a Vampire,Canada,2018-10-17,2012,TV-PG,2 Seasons,"Kids' TV, TV Comedies"
s4310,TV Show,My Country: The New Age,South Korea,2019-10-05,2019,TV-14,1 Season,"International TV Shows, Korean TV Shows, TV Action & Adventure"
s4312,TV Show,My Dear Boy,Taiwan,2019-04-19,2017,TV-MA,1 Season,"International TV Shows, Romantic TV Shows"
s4313,TV Show,My Dear Warrior,Thailand,2019-11-14,2019,TV-14,1 Season,"International TV Shows, Romantic TV Shows, TV Comedies"
s4318,TV Show,My First First Love,South Korea,2019-07-26,2019,TV-14,2 Seasons,"International TV Shows, Korean TV Shows, Romantic TV Shows"
s4323,TV Show,My Holo Love,,2020-02-07,2020,TV-14,1 Season,"International TV Shows, Korean TV Shows, Romantic TV Shows"
s4326,TV Show,My Hotter Half,United Kingdom,2019-07-22,2017,TV-PG,1 Season,"British TV Shows, International TV Shows, Reality TV"
s4327,TV Show,My Husband Won't Fit,Japan,2019-03-20,2019,TV-MA,1 Season,"International TV Shows, Romantic TV Shows, TV Dramas"
s4329,TV Show,My Life My Story,,2017-11-01,2017,TV-14,1 Season,"International TV Shows, Stand-Up Comedy & Talk Shows"
s4330,TV Show,My Little Baby,South Korea,2017-06-10,2016,TV-PG,1 Season,"Crime TV Shows, International TV Shows, Korean TV Shows"
s4337,TV Show,My Little Pony: Friendship Is Magic,"United States, Canada",2018-11-12,2018,TV-Y,8 Seasons,Kids' TV
s4338,TV Show,My Mister,South Korea,2020-06-10,2018,TV-MA,1 Season,"Crime TV Shows, International TV Shows, Korean TV Shows"
s4340,TV Show,My MVP Valentine,Taiwan,2019-11-15,2002,TV-PG,1 Season,"International TV Shows, Romantic TV Shows, TV Dramas"
s4341,TV Show,My Next Guest Needs No Introduction With David Letterman,United States,2020-10-21,2020,TV-MA,3 Seasons,Stand-Up Comedy & Talk Shows
s4344,TV Show,My Only Love Song,South Korea,2017-06-09,2017,TV-MA,1 Season,"International TV Shows, Korean TV Shows, Romantic TV Shows"
s4347,TV Show,My Perfect Landing,Canada,2020-08-01,2020,TV-G,1 Season,Kids' TV
s4349,TV Show,My Pride,,2019-03-15,2018,TV-14,1 Season,"International TV Shows, TV Dramas"
s4350,TV Show,My Runway,South Korea,2016-12-30,2016,TV-14,1 Season,"International TV Shows, Korean TV Shows, Romantic TV Shows"
s4351,TV Show,My Sassy Girl,South Korea,2019-11-15,2017,TV-14,1 Season,"International TV Shows, Korean TV Shows, Romantic TV Shows"
s4354,TV Show,My Secret Romance,South Korea,2020-04-25,2017,TV-14,1 Season,"International TV Shows, Korean TV Shows, Romantic TV Shows"
s4355,TV Show,My Shy Boss,South Korea,2020-06-01,2017,TV-MA,1 Season,"International TV Shows, Korean TV Shows, Romantic TV Shows"
s4362,TV Show,My Tattoo Addiction,United Kingdom,2019-02-01,2013,TV-MA,1 Season,"British TV Shows, Docuseries"
s4370,TV Show,Mystery Lab,Brazil,2020-08-04,2020,TV-PG,1 Season,"Docuseries, International TV Shows, Science & Nature TV"
s4371,TV Show,Mystery Science Theater 3000,United States,2018-03-15,1999,TV-14,1 Season,"TV Comedies, TV Sci-Fi & Fantasy"
s4372,TV Show,Mystery Science Theater 3000: The Return,United States,2018-11-22,2018,TV-14,2 Seasons,"TV Comedies, TV Sci-Fi & Fantasy"
s4374,TV Show,Mystic Pop-up Bar,South Korea,2020-05-21,2020,TV-MA,1 Season,"International TV Shows, Korean TV Shows, TV Comedies"
s4376,TV Show,Mystic Whispers,Singapore,2017-07-01,2014,TV-14,1 Season,"International TV Shows, TV Dramas, TV Horror"
s4378,TV Show,Mythomaniac,France,2019-11-28,2019,TV-MA,1 Season,"International TV Shows, TV Comedies, TV Dramas"
s4379,TV Show,Myths & Monsters,United Kingdom,2017-12-23,2017,TV-PG,1 Season,"British TV Shows, Docuseries"
s4384,TV Show,Nadiya’s Time to Eat,United Kingdom,2020-04-29,2020,TV-G,1 Season,"British TV Shows, International TV Shows, Reality TV"
s4386,TV Show,Nagi-Asu: A Lull in the Sea,Japan,2020-08-01,2014,TV-14,1 Season,"Anime Series, Romantic TV Shows, Teen TV Shows"
s4387,TV Show,Nailed It,United States,2020-04-01,2020,TV-PG,4 Seasons,Reality TV
s4388,TV Show,Nailed It! France,France,2019-10-25,2019,TV-14,1 Season,"International TV Shows, Reality TV"
s4389,TV Show,Nailed It! Germany,Germany,2020-01-17,2020,TV-14,1 Season,"International TV Shows, Reality TV"
s4390,TV Show,Nailed It! Holiday!,United States,2019-11-22,2019,TV-PG,2 Seasons,Reality TV
s4391,TV Show,Nailed It! Mexico,"Mexico, United States",2021-01-05,2021,TV-PG,3 Seasons,"International TV Shows, Reality TV, Spanish-Language TV Shows"
s4392,TV Show,Nailed It! Spain,Spain,2019-10-25,2019,TV-PG,1 Season,"International TV Shows, Reality TV, Spanish-Language TV Shows"
s4402,TV Show,Narcos,"United States, Colombia, Mexico",2017-09-01,2017,TV-MA,3 Seasons,"Crime TV Shows, TV Action & Adventure, TV Dramas"
s4403,TV Show,Narcos: Mexico,"Mexico, United States",2020-02-13,2020,TV-MA,2 Seasons,"Crime TV Shows, TV Action & Adventure, TV Dramas"
s4404,TV Show,Narcoworld: Dope Stories,United States,2019-11-22,2019,TV-MA,1 Season,"Crime TV Shows, Docuseries"
s4405,TV Show,Naruto,Japan,2019-09-01,2006,TV-14,9 Seasons,"Anime Series, International TV Shows"
s4429,TV Show,Nature: Animals With Cameras,"United Kingdom, United States",2018-10-01,2018,TV-PG,1 Season,"Docuseries, Science & Nature TV"
s4430,TV Show,NATURE: Natural Born Hustlers,United States,2017-03-01,2016,TV-G,1 Season,"Docuseries, Science & Nature TV"
s4432,TV Show,Nature's Great Events (2009),"United States, United Kingdom",2015-10-10,2009,TV-PG,1 Season,"British TV Shows, Docuseries, Science & Nature TV"
s4433,TV Show,Nature's Great Events: Diaries,"United States, United Kingdom",2015-04-22,2009,TV-PG,1 Season,"British TV Shows, Docuseries, Science & Nature TV"
s4434,TV Show,Nature's Great Race,United Kingdom,2017-10-01,2016,TV-PG,1 Season,"British TV Shows, Docuseries, Science & Nature TV"
s4435,TV Show,Nature's Weirdest Events,United Kingdom,2019-09-01,2015,TV-PG,3 Seasons,"British TV Shows, Docuseries, Science & Nature TV"
s4438,TV Show,Nazi Mega Weapons,United States,2017-03-01,2016,TV-PG,3 Seasons,Docuseries
s4439,TV Show,NCIS,United States,2018-07-01,2017,TV-14,15 Seasons,"Crime TV Shows, TV Dramas, TV Mysteries"
s4445,TV Show,Neo Yokio,United States,2018-12-07,2018,TV-MA,2 Seasons,"TV Comedies, TV Sci-Fi & Fantasy, Teen TV Shows"
s4446,TV Show,Neon Genesis Evangelion,Japan,2019-06-21,1995,TV-MA,1 Season,"Anime Series, International TV Shows"
s4449,TV Show,Netflix Presents: The Characters,United States,2016-03-11,2016,TV-MA,1 Season,TV Comedies
s4450,TV Show,Never Have I Ever,United States,2020-04-27,2020,TV-14,1 Season,"TV Comedies, TV Dramas, Teen TV Shows"
s4452,TV Show,New Girl,United States,2019-04-11,2018,TV-14,7 Seasons,"Romantic TV Shows, TV Comedies"
s4460,TV Show,Next in Fashion,United States,2020-01-29,2020,TV-14,1 Season,Reality TV
s4462,TV Show,Nicky Jam: El Ganador,"Puerto Rico, United States, Colombia",2020-04-21,2018,TV-MA,1 Season,"Crime TV Shows, International TV Shows, Spanish-Language TV Shows"
s4467,TV Show,Night on Earth,United Kingdom,2020-01-29,2020,TV-PG,1 Season,"Docuseries, Science & Nature TV"
s4469,TV Show,Night Stalker: The Hunt for a Serial Killer,,2021-01-13,2021,TV-MA,1 Season,"Crime TV Shows, Docuseries"
s4471,TV Show,Nightflyers,United States,2019-12-02,2018,TV-MA,1 Season,"TV Horror, TV Mysteries, TV Sci-Fi & Fantasy"
s4472,TV Show,Nightmare High,South Korea,2017-02-15,2016,TV-14,1 Season,"International TV Shows, Korean TV Shows, TV Dramas"
s4473,TV Show,"Nightmare Tenants, Slum Landlords",,2019-07-12,2016,TV-MA,2 Seasons,"British TV Shows, International TV Shows, Reality TV"
s4479,TV Show,Ninja Hattori,Japan,2018-12-23,1981,TV-Y7,1 Season,"Anime Series, Kids' TV"
s4480,TV Show,Ninja Turtles: The Next Mutation,"Canada, United States",2016-01-01,1997,TV-G,1 Season,"Kids' TV, TV Comedies"
s4482,TV Show,"Nisman: The Prosecutor, the President, and the Spy","Spain, Germany, Denmark, United States",2020-01-01,2020,TV-MA,1 Season,"Crime TV Shows, Docuseries, International TV Shows"
s4488,TV Show,No Game No Life,Japan,2020-02-01,2014,TV-MA,1 Season,"Anime Series, International TV Shows"
s4490,TV Show,No Good Nick,United States,2019-08-05,2019,TV-PG,2 Seasons,"Kids' TV, TV Comedies, TV Dramas"
s4496,TV Show,No Time for Shame,Argentina,2019-11-19,2019,TV-MA,1 Season,"International TV Shows, Reality TV, Spanish-Language TV Shows"
s4497,TV Show,No Tomorrow,United States,2017-09-05,2016,TV-PG,1 Season,"Romantic TV Shows, TV Comedies, TV Dramas"
s4498,TV Show,Nobel,Norway,2016-12-10,2016,R,1 Season,"International TV Shows, TV Dramas, TV Thrillers"
s4503,TV Show,Nobody's Looking,Brazil,2019-11-22,2019,TV-MA,1 Season,"International TV Shows, TV Comedies, TV Dramas"
s4505,TV Show,Noddy Toyland Detective,"France, United Kingdom, United States",2017-10-01,2016,TV-Y,2 Seasons,Kids' TV
s4506,TV Show,Norm Macdonald Has a Show,United States,2018-09-14,2018,TV-MA,1 Season,"Stand-Up Comedy & Talk Shows, TV Comedies"
s4512,TV Show,Norsemen,Norway,2020-07-22,2020,TV-MA,3 Seasons,"International TV Shows, TV Comedies"
s4513,TV Show,North & South,United Kingdom,2017-03-31,2004,NR,1 Season,"British TV Shows, Romantic TV Shows, TV Dramas"
s4514,TV Show,Northern Rescue,Canada,2019-03-01,2019,TV-14,1 Season,TV Dramas
s4541,TV Show,November 13: Attack on Paris,France,2018-06-01,2018,TV-MA,1 Season,"Crime TV Shows, Docuseries, International TV Shows"
s4546,TV Show,Nowhere Man,Taiwan,2019-10-31,2019,TV-MA,1 Season,"Crime TV Shows, International TV Shows, TV Action & Adventure"
s4547,TV Show,NSU German History X,Germany,2016-07-07,2016,TV-MA,1 Season,"Crime TV Shows, International TV Shows, TV Dramas"
s4548,TV Show,Nuestra Lucha Libre,,2018-08-15,2018,TV-MA,1 Season,"Docuseries, International TV Shows, Spanish-Language TV Shows"
s4549,TV Show,Numberblocks,United Kingdom,2020-05-25,2019,TV-Y,5 Seasons,Kids' TV
s4552,TV Show,Nura: Rise of the Yokai Clan: Demon Capital,Japan,2016-12-01,2011,TV-MA,1 Season,"Anime Series, Crime TV Shows"
s4553,TV Show,Nurse Jackie,United States,2015-12-31,2015,TV-MA,7 Seasons,"TV Comedies, TV Dramas"
s4554,TV Show,Nurses Who Kill,United Kingdom,2017-08-01,2016,TV-14,1 Season,"British TV Shows, Crime TV Shows, Docuseries"
s4558,TV Show,"O-Negative, Love Can’t Be Designed",,2018-04-13,2016,TV-MA,1 Season,"International TV Shows, Romantic TV Shows, TV Dramas"
s4563,TV Show,Occupied,"Norway, Sweden",2019-12-31,2019,TV-MA,3 Seasons,"International TV Shows, TV Dramas, TV Thrillers"
s4567,TV Show,OCTB,Hong Kong,2018-02-05,2017,TV-14,1 Season,"Crime TV Shows, International TV Shows, TV Dramas"
s4568,TV Show,October Faction,United States,2020-01-23,2020,TV-MA,1 Season,"TV Action & Adventure, TV Dramas, TV Horror"
s4569,TV Show,Octonauts,"United States, Ireland, United Kingdom, India",2020-12-01,2015,TV-Y,4 Seasons,"British TV Shows, Kids' TV"
s4572,TV Show,Oddbods,"United Kingdom, Singapore",2020-12-01,2017,TV-Y,1 Season,"Kids' TV, TV Comedies"
s4576,TV Show,Off Camera,United States,2017-06-01,2015,TV-MA,3 Seasons,Stand-Up Comedy & Talk Shows
s4579,TV Show,Office Girls,Taiwan,2016-08-01,2011,TV-14,1 Season,"International TV Shows, Romantic TV Shows, TV Comedies"
s4582,TV Show,Offspring,Australia,2017-09-13,2017,TV-MA,7 Seasons,"TV Comedies, TV Dramas"
s4583,TV Show,Oggy and the Cockroaches,France,2017-12-01,2017,TV-Y7,1 Season,"Kids' TV, TV Comedies"
s4585,TV Show,Oh My Ghost,South Korea,2019-08-08,2015,TV-MA,1 Season,"International TV Shows, Korean TV Shows, Romantic TV Shows"
s4590,TV Show,Oh No! It's an Alien Invasion,Canada,2015-05-31,2014,TV-Y7-FV,2 Seasons,"Kids' TV, TV Action & Adventure, TV Sci-Fi & Fantasy"
s4591,TV Show,Oh Yuck,Canada,2020-05-01,2020,TV-G,1 Season,"Kids' TV, TV Comedies"
s4597,TV Show,Ojos in d' House,Nigeria,2020-08-22,2013,TV-G,1 Season,"International TV Shows, TV Comedies"
s4602,TV Show,Oktoberfest: Beer & Blood,"Germany, Czech Republic",2020-10-01,2020,TV-MA,1 Season,"International TV Shows, TV Dramas"
s4604,TV Show,Old Money,United States,2016-10-01,2015,TV-MA,1 Season,"International TV Shows, TV Comedies, TV Dramas"
s4605,TV Show,Oliver Stone's Untold History of the United States,United States,2016-11-15,2013,TV-PG,1 Season,Docuseries
s4606,TV Show,Ollie & Moon,France,2018-03-28,2018,TV-Y,1 Season,Kids' TV
s4612,TV Show,Omniscient,Brazil,2020-01-29,2020,TV-MA,1 Season,"International TV Shows, TV Dramas, TV Sci-Fi & Fantasy"
s4614,TV Show,On Children,Taiwan,2018-08-05,2018,TV-14,1 Season,"International TV Shows, TV Dramas, TV Mysteries"
s4615,TV Show,On My Block,United States,2020-03-11,2020,TV-14,3 Seasons,"Romantic TV Shows, TV Comedies, TV Dramas"
s4617,TV Show,On the Real,Nigeria,2020-02-16,2017,TV-MA,1 Season,"International TV Shows, TV Dramas"
s4631,TV Show,Once Upon a Time,Egypt,2020-12-09,2019,TV-14,1 Season,"International TV Shows, Romantic TV Shows, TV Dramas"
s4632,TV Show,Once Upon A Time In Lingjian Mountain,China,2019-11-23,2019,TV-14,1 Season,"International TV Shows, TV Comedies, TV Sci-Fi & Fantasy"
s4640,TV Show,One Day at a Time,United States,2019-02-08,2019,TV-PG,3 Seasons,TV Comedies
s4649,TV Show,One More Time,South Korea,2017-03-10,2016,TV-14,1 Season,"International TV Shows, Korean TV Shows, Romantic TV Shows"
s4653,TV Show,One on One,United States,2020-10-15,2006,TV-14,5 Seasons,"TV Comedies, Teen TV Shows"
s4654,TV Show,ONE PIECE,Japan,2020-06-12,2002,TV-14,4 Seasons,Anime Series
s4655,TV Show,One Spring Night,South Korea,2019-07-12,2019,TV-14,1 Season,"International TV Shows, Korean TV Shows, Romantic TV Shows"
s4656,TV Show,One Strange Rock,United States,2019-02-02,2018,TV-PG,1 Season,"Docuseries, Science & Nature TV"
s4658,TV Show,One-Punch Man,Japan,2017-03-20,2015,TV-14,1 Season,"Anime Series, Crime TV Shows, International TV Shows"
s4669,TV Show,Operation Gold Rush,United Kingdom,2019-02-01,2016,TV-14,1 Season,"British TV Shows, Reality TV"
s4672,TV Show,Operation Ouch!,United Kingdom,2020-08-01,2012,TV-PG,1 Season,"British TV Shows, Kids' TV, TV Comedies"
s4673,TV Show,Operation Proposal,South Korea,2016-07-01,2012,TV-PG,1 Season,"International TV Shows, Korean TV Shows, Romantic TV Shows"
s4678,TV Show,Orange Is the New Black,United States,2019-07-26,2019,TV-MA,7 Seasons,"TV Comedies, TV Dramas"
s4680,TV Show,Ordinary Heroes,,2018-10-11,2018,TV-MA,1 Season,"Crime TV Shows, International TV Shows, TV Dramas"
s4684,TV Show,Origins Collection,United States,2018-07-20,2018,TV-PG,3 Seasons,Docuseries
s4686,TV Show,Oscar's Oasis,France,2015-03-15,2011,TV-Y,1 Season,Kids' TV
s4687,TV Show,Osmosis,France,2019-03-29,2019,TV-MA,1 Season,"International TV Shows, TV Dramas, TV Mysteries"
s4697,TV Show,Our Planet,"United States, United Kingdom",2019-04-05,2019,TV-PG,1 Season,"Docuseries, Science & Nature TV"
s4701,TV Show,Ouran High School Host Club,Japan,2017-04-01,2006,TV-PG,1 Season,"Anime Series, Romantic TV Shows, Teen TV Shows"
s4705,TV Show,Outback Truckers,Australia,2017-03-17,2015,TV-MA,3 Seasons,Reality TV
s4706,TV Show,Outer Banks,United States,2020-04-15,2020,TV-MA,1 Season,"TV Action & Adventure, TV Dramas, Teen TV Shows"
s4707,TV Show,Outlander,United States,2019-12-10,2017,TV-MA,3 Seasons,"Romantic TV Shows, TV Action & Adventure, TV Dramas"
s4712,TV Show,Over Christmas,Germany,2020-11-27,2020,TV-MA,1 Season,"International TV Shows, Romantic TV Shows, TV Comedies"
s4717,TV Show,Ozark,United States,2020-03-27,2020,TV-MA,3 Seasons,"Crime TV Shows, TV Dramas, TV Thrillers"
s4720,TV Show,P. King Duckling,United States,2017-11-07,2016,TV-Y,1 Season,"Kids' TV, TV Comedies"
s4723,TV Show,Paap-O-Meter,,2018-11-20,2017,TV-Y7,1 Season,"Kids' TV, TV Comedies"
s4725,TV Show,Paava Kadhaigal,India,2020-12-18,2020,TV-MA,1 Season,"International TV Shows, TV Dramas"
s4726,TV Show,Pablo,United Kingdom,2019-03-30,2017,TV-Y,1 Season,"British TV Shows, Kids' TV"
s4727,TV Show,"Pablo Escobar, el patrón del mal",Colombia,2017-06-01,2012,TV-MA,1 Season,"Crime TV Shows, International TV Shows, Spanish-Language TV Shows"
s4729,TV Show,Pac-Man and the Ghostly Adventures,"United States, Japan, Canada",2017-06-20,2014,TV-Y7,2 Seasons,"Kids' TV, TV Comedies"
s4732,TV Show,Pacific Heat,Australia,2016-12-02,2016,TV-14,1 Season,"Crime TV Shows, TV Comedies"
s4735,TV Show,Padamu Aku Bersujud,,2017-12-01,2015,TV-14,1 Season,"International TV Shows, Romantic TV Shows, TV Dramas"
s4745,TV Show,Pajanimals,United States,2020-03-31,2011,TV-Y,1 Season,Kids' TV
s4746,TV Show,Palazuelos mi rey,,2020-02-13,2019,TV-14,1 Season,"International TV Shows, Reality TV, Spanish-Language TV Shows"
s4751,TV Show,Pandemic: How to Prevent an Outbreak,United States,2020-01-22,2020,TV-14,1 Season,"Docuseries, Science & Nature TV"
s4760,TV Show,Paprika,,2019-01-31,2018,TV-Y,1 Season,Kids' TV
s4761,TV Show,Paquita Salas,Spain,2019-06-28,2018,TV-MA,3 Seasons,"International TV Shows, Spanish-Language TV Shows, TV Comedies"
s4764,TV Show,Paradise PD,United States,2020-03-06,2020,TV-MA,2 Seasons,TV Comedies
s4766,TV Show,Paranoid,United Kingdom,2016-11-17,2016,TV-MA,1 Season,"British TV Shows, Crime TV Shows, International TV Shows"
s4767,TV Show,Paranormal,Egypt,2020-11-05,2020,TV-14,1 Season,"International TV Shows, TV Dramas, TV Horror"
s4770,TV Show,Paranormal Survivor,Canada,2017-08-04,2016,TV-14,2 Seasons,Docuseries
s4772,TV Show,Parasyte: The Maxim,Japan,2020-05-15,2014,TV-MA,1 Season,"Anime Series, International TV Shows, TV Horror"
s4780,TV Show,Parks and Recreation,United States,2016-01-13,2015,TV-14,7 Seasons,TV Comedies
s4783,TV Show,Part-Time Idol,,2017-12-25,2017,TV-14,1 Season,"International TV Shows, Korean TV Shows, TV Comedies"
s4785,TV Show,Pasión de Gavilanes,"Colombia, United States",2017-05-04,2003,TV-14,1 Season,"International TV Shows, Romantic TV Shows, Spanish-Language TV Shows"
s4788,TV Show,Passion. Panache. Pep,,2020-02-21,2020,TV-G,1 Season,"International TV Shows, Reality TV"
s4789,TV Show,Pat a Pat Como,,2020-10-03,2016,TV-Y,1 Season,Kids' TV
s4794,TV Show,Patriot Act with Hasan Minhaj,United States,2020-05-17,2020,TV-MA,6 Seasons,"Stand-Up Comedy & Talk Shows, TV Comedies"
s4798,TV Show,Patton Oswalt: I Love Everything,United States,2020-05-19,2020,TV-MA,1 Season,"Stand-Up Comedy & Talk Shows, TV Comedies"
s4801,TV Show,Paul Hollywood's Big Continental Road Trip,United Kingdom,2017-09-29,2017,TV-14,1 Season,"British TV Shows, Docuseries, International TV Shows"
s4803,TV Show,Pawn Stars,United States,2019-09-15,2010,TV-14,1 Season,Reality TV
s4807,TV Show,Peaky Blinders,United Kingdom,2019-10-04,2019,TV-MA,5 Seasons,"British TV Shows, Crime TV Shows, International TV Shows"
s4808,TV Show,Peasants Rebellion,Lebanon,2019-04-01,2018,TV-14,1 Season,"International TV Shows, TV Dramas"
s4812,TV Show,Pee-wee's Playhouse,United States,2014-12-18,1990,TV-PG,5 Seasons,"Classic & Cult TV, Kids' TV, TV Comedies"
s4822,TV Show,Penny Dreadful,"Ireland, United Kingdom, United States",2016-09-17,2016,TV-MA,3 Seasons,"TV Dramas, TV Horror, TV Mysteries"
s4823,TV Show,People Just Do Nothing,United Kingdom,2018-12-22,2018,TV-MA,5 Seasons,"British TV Shows, TV Comedies"
s4830,TV Show,Perfume,Germany,2018-12-21,2018,TV-MA,1 Season,"Crime TV Shows, International TV Shows, TV Dramas"
s4832,TV Show,Person of Interest,United States,2016-09-22,2016,TV-14,5 Seasons,"Crime TV Shows, TV Action & Adventure, TV Dramas"
s4833,TV Show,Persona,South Korea,2019-04-11,2019,TV-MA,1 Season,"International TV Shows, Korean TV Shows, TV Dramas"
s4859,TV Show,PILI Fantasy: War of Dragons,,2019-07-12,2019,TV-14,1 Season,"International TV Shows, TV Action & Adventure, TV Sci-Fi & Fantasy"
s4861,TV Show,Pine Gap,Australia,2018-12-07,2018,TV-MA,1 Season,"International TV Shows, TV Dramas"
s4865,TV Show,Pinky Malinky,United States,2019-07-17,2019,TV-Y7,3 Seasons,"Kids' TV, TV Comedies"
s4867,TV Show,Pioneers of African-American Cinema,United States,2017-02-01,1946,TV-14,1 Season,TV Shows
s4868,TV Show,Pioneers: First Women Filmmakers*,,2018-12-30,1925,TV-14,1 Season,TV Shows
s4872,TV Show,PJ Masks,"France, United Kingdom",2020-01-15,2018,TV-Y,2 Seasons,Kids' TV
s4876,TV Show,Planet Earth II,United Kingdom,2017-12-25,2016,TV-G,1 Season,"British TV Shows, Docuseries, Science & Nature TV"
s4877,TV Show,Planet Earth: The Complete Collection,United Kingdom,2015-04-22,2006,TV-PG,1 Season,"British TV Shows, Docuseries, International TV Shows"
s4885,TV Show,Playing with Fire,United States,2020-01-22,2019,TV-MA,1 Season,"International TV Shows, Romantic TV Shows, Spanish-Language TV Shows"
s4888,TV Show,Pocoyo,"Spain, United Kingdom",2019-01-10,2017,TV-Y,4 Seasons,"Kids' TV, Spanish-Language TV Shows"
s4896,TV Show,Pokémon Journeys: The Series,,2020-12-04,2020,TV-Y7,3 Seasons,"Anime Series, Kids' TV, TV Action & Adventure"
s4899,TV Show,Pokémon the Series,,2020-04-01,2019,TV-Y7,3 Seasons,"Anime Series, Kids' TV"
s4900,TV Show,Pokémon: Indigo League,Japan,2018-01-01,2000,TV-Y7,1 Season,"Anime Series, Kids' TV"
s4904,TV Show,Polly Pocket,"Canada, United States, Ireland",2020-11-15,2020,TV-Y,2 Seasons,Kids' TV
s4905,TV Show,Ponysitters Club,Canada,2018-11-16,2018,TV-G,2 Seasons,"Kids' TV, TV Dramas"
s4907,TV Show,Pop Team Epic,Japan,2020-02-01,2018,TV-14,1 Season,"Anime Series, International TV Shows"
s4911,TV Show,Popples,"United States, France",2016-07-24,2016,TV-Y,3 Seasons,Kids' TV
s4912,TV Show,Pororo - The Little Penguin,South Korea,2019-04-19,2013,TV-Y7,2 Seasons,"Kids' TV, Korean TV Shows"
s4913,TV Show,Portlandia,United States,2019-09-25,2018,TV-14,8 Seasons,TV Comedies
s4915,TV Show,Pose,United States,2020-06-11,2019,TV-MA,2 Seasons,TV Dramas
s4919,TV Show,Possessed,South Korea,2019-04-04,2019,TV-MA,1 Season,"Crime TV Shows, International TV Shows, Korean TV Shows"
s4924,TV Show,Powder,India,2018-02-15,2010,TV-14,1 Season,"Crime TV Shows, International TV Shows, TV Dramas"
s4925,TV Show,Power Battle Watch Car,,2017-06-01,2016,TV-Y7,1 Season,"Kids' TV, Korean TV Shows"
s4927,TV Show,Power Players,"United States, France",2020-08-01,2020,TV-Y7,2 Seasons,Kids' TV
s4928,TV Show,Power Rangers Beast Morphers,United States,2020-10-15,2020,TV-Y7,2 Seasons,Kids' TV
s4929,TV Show,Power Rangers Dino Charge,United States,2015-12-02,2015,TV-Y7,1 Season,Kids' TV
s4930,TV Show,Power Rangers Dino Super Charge,,2016-10-15,2016,TV-Y7,1 Season,Kids' TV
s4931,TV Show,Power Rangers Dino Thunder,United States,2016-01-01,2004,TV-Y7,1 Season,Kids' TV
s4932,TV Show,Power Rangers in Space,"United States, France, Japan",2016-01-01,1998,TV-Y7,1 Season,Kids' TV
s4933,TV Show,Power Rangers Jungle Fury,United States,2016-01-01,2008,TV-Y7,1 Season,Kids' TV
s4934,TV Show,Power Rangers Lightspeed Rescue,"France, Japan, United States",2016-01-01,2000,TV-Y7,1 Season,Kids' TV
s4935,TV Show,Power Rangers Lost Galaxy,"United States, France, Japan",2016-01-01,1999,TV-Y7,1 Season,Kids' TV
s4936,TV Show,Power Rangers Mystic Force,United States,2016-01-01,2006,TV-Y7,1 Season,Kids' TV
s4937,TV Show,Power Rangers Ninja Steel,United States,2018-10-15,2018,TV-Y7,2 Seasons,Kids' TV
s4938,TV Show,Power Rangers Ninja Storm,"United States, New Zealand",2016-01-01,2003,TV-Y7,1 Season,Kids' TV
s4939,TV Show,Power Rangers Operation Overdrive,"United States, New Zealand, Japan",2016-01-01,2007,TV-Y7,1 Season,Kids' TV
s4940,TV Show,Power Rangers RPM,United States,2016-01-01,2009,TV-Y7,1 Season,Kids' TV
s4941,TV Show,Power Rangers S.P.D.,"United States, New Zealand",2016-01-01,2005,TV-Y7,1 Season,Kids' TV
s4942,TV Show,Power Rangers Samurai,United States,2016-01-01,2011,TV-Y7,1 Season,Kids' TV
s4946,TV Show,Power Rangers Super Megaforce,,2016-01-01,2014,TV-Y7,1 Season,Kids' TV
s4948,TV Show,Power Rangers Super Samurai,,2016-01-01,2012,TV-Y7,1 Season,Kids' TV
s4951,TV Show,Power Rangers Time Force,United States,2016-01-01,2001,TV-Y7,1 Season,Kids' TV
s4952,TV Show,Power Rangers Turbo,"United States, France, Japan",2016-01-01,1997,TV-Y7,1 Season,Kids' TV
s4953,TV Show,Power Rangers Wild Force,"United States, Netherlands, Japan, France",2016-01-01,2002,TV-Y7,1 Season,Kids' TV
s4954,TV Show,Power Rangers Zeo,"United States, France, Japan",2016-01-01,1996,TV-Y7,1 Season,Kids' TV
s4955,TV Show,Power Rangers: Megaforce,United States,2016-01-01,2013,TV-Y7,1 Season,Kids' TV
s4960,TV Show,Prank Encounters,United States,2019-10-25,2019,TV-MA,1 Season,"Reality TV, TV Comedies, TV Horror"
s4965,TV Show,President,South Korea,2017-04-28,2010,TV-14,1 Season,"International TV Shows, Korean TV Shows, TV Dramas"
s4966,TV Show,Pretend It’s a City,United States,2021-01-08,2021,TV-14,1 Season,Docuseries
s4968,TV Show,Pretty Man,,2018-08-08,2018,TV-14,1 Season,"International TV Shows, Romantic TV Shows, TV Dramas"
s4973,TV Show,Prince Jai Aur Dumdaar Viru,,2020-10-18,2017,TV-Y,1 Season,"Kids' TV, TV Comedies"
s4974,TV Show,Prince of Peoria,United States,2019-05-20,2019,TV-G,2 Seasons,"Kids' TV, TV Comedies"
s4978,TV Show,Prison Playbook,South Korea,2018-01-24,2017,TV-MA,1 Season,"International TV Shows, Korean TV Shows, TV Comedies"
s4980,TV Show,Private Lives,South Korea,2020-10-08,2020,TV-14,1 Season,"Crime TV Shows, International TV Shows, TV Dramas"
s4981,TV Show,Private Practice,United States,2019-12-22,2012,TV-14,6 Seasons,"TV Comedies, TV Dramas"
s4984,TV Show,Prohibition: A Film by Ken Burns and Lynn Novick,United States,2017-02-22,2011,TV-PG,1 Season,"Crime TV Shows, Docuseries"
s4986,TV Show,Project Mc²,United States,2017-11-07,2017,TV-G,6 Seasons,Kids' TV
s4989,TV Show,Project S The Series,Thailand,2018-10-19,2017,TV-MA,4 Seasons,"International TV Shows, TV Dramas, Teen TV Shows"
s4993,TV Show,Psiconautas,Argentina,2018-04-15,2016,TV-MA,2 Seasons,"International TV Shows, Spanish-Language TV Shows, TV Comedies"
s4996,TV Show,Pucca: Love Recipe,,2019-12-31,2018,TV-Y7,1 Season,"Kids' TV, Korean TV Shows"
s4997,TV Show,Puella Magi Madoka Magica,Japan,2019-06-15,2011,TV-14,1 Season,"Anime Series, International TV Shows"
s4998,TV Show,Puerta 7,Argentina,2020-02-21,2020,TV-MA,1 Season,"Crime TV Shows, International TV Shows, Spanish-Language TV Shows"
s5000,TV Show,Puffin Rock,Ireland,2016-08-17,2016,TV-Y,2 Seasons,Kids' TV
s5005,TV Show,Pup Academy,United States,2020-12-15,2020,TV-Y,2 Seasons,"Kids' TV, TV Comedies"
s5014,TV Show,Put Your Head on My Shoulder,China,2019-11-11,2019,TV-14,1 Season,"International TV Shows, Romantic TV Shows, Teen TV Shows"
s5018,TV Show,Pyaar Tune Kya Kiya,India,2017-06-01,2014,TV-14,3 Seasons,"International TV Shows, Romantic TV Shows, TV Dramas"
s5022,TV Show,QB1: Beyond the Lights,United States,2021-01-04,2019,TV-14,1 Season,Docuseries
s5024,TV Show,Qin Empire: Alliance,China,2017-07-07,2012,TV-14,1 Season,"International TV Shows, TV Dramas"
s5027,TV Show,Qué pena tu serie,United States,2016-11-04,2015,TV-MA,1 Season,"International TV Shows, Romantic TV Shows, Spanish-Language TV Shows"
s5028,TV Show,Quantico,United States,2018-09-02,2018,TV-14,3 Seasons,"Crime TV Shows, TV Dramas, TV Mysteries"
s5032,TV Show,Queen of No Marriage,Taiwan,2016-08-01,2009,TV-MA,1 Season,"International TV Shows, Romantic TV Shows, TV Comedies"
s5034,TV Show,Queen of the South,"United States, Mexico, Spain, Malta",2020-06-06,2018,TV-MA,4 Seasons,"Crime TV Shows, TV Action & Adventure, TV Dramas"
s5035,TV Show,Queen Sono,South Africa,2020-02-28,2020,TV-MA,1 Season,"International TV Shows, TV Action & Adventure, TV Dramas"
s5036,TV Show,Queens of Comedy,,2018-05-01,2017,TV-MA,1 Season,"International TV Shows, Stand-Up Comedy & Talk Shows, TV Comedies"
s5037,TV Show,Queens vs. Kings,,2018-10-25,2018,TV-14,1 Season,"Stand-Up Comedy & Talk Shows, TV Comedies"
s5038,TV Show,Queer Eye,United States,2020-06-05,2020,TV-14,5 Seasons,Reality TV
s5039,TV Show,Queer Eye: We're in Japan!,"United States, Japan",2019-11-01,2019,TV-14,1 Season,"International TV Shows, Reality TV"
s5041,TV Show,Quicksand,Sweden,2019-04-05,2019,TV-MA,1 Season,"Crime TV Shows, International TV Shows, TV Dramas"
s5045,TV Show,Qurious Como,,2020-10-03,2017,TV-Y,1 Season,Kids' TV
s5050,TV Show,Rab Se Sohna Isshq,,2017-06-01,2012,TV-14,1 Season,"International TV Shows, Romantic TV Shows, TV Dramas"
s5051,TV Show,Rabbids Invasion,France,2019-07-01,2018,TV-Y7,1 Season,"Kids' TV, TV Comedies"
s5067,TV Show,Ragnarok,"Norway, Denmark",2020-01-31,2020,TV-MA,1 Season,"International TV Shows, TV Action & Adventure, TV Dramas"
s5073,TV Show,Rainbow Ruby,"South Korea, Canada, United States, China",2019-12-31,2016,TV-Y,1 Season,Kids' TV
s5075,TV Show,Raising Dion,United States,2019-10-04,2019,TV-PG,1 Season,"Kids' TV, TV Action & Adventure, TV Dramas"
s5080,TV Show,Raja Rasoi Aur Anya Kahaniyan,India,2018-07-05,2014,TV-G,1 Season,"Docuseries, International TV Shows"
s5083,TV Show,Rake,Australia,2018-10-16,2018,TV-MA,5 Seasons,"Crime TV Shows, International TV Shows, TV Comedies"
s5092,TV Show,Ramayan,India,2018-04-01,2012,TV-14,1 Season,"International TV Shows, TV Dramas"
s5102,TV Show,Rapture,United States,2018-03-30,2018,TV-MA,1 Season,Docuseries
s5103,TV Show,Ratched,United States,2020-09-18,2020,TV-MA,1 Season,"TV Dramas, TV Horror, TV Mysteries"
s5110,TV Show,Razia Sultan,India,2017-04-01,2015,TV-14,1 Season,"International TV Shows, Romantic TV Shows, TV Dramas"
s5111,TV Show,Re:Mind,Japan,2018-02-15,2017,TV-MA,1 Season,"International TV Shows, TV Dramas, TV Mysteries"
s5112,TV Show,REA(L)OVE,Japan,2018-04-27,2018,TV-MA,1 Season,"International TV Shows, Reality TV, Romantic TV Shows"
s5118,TV Show,Real Rob,United States,2017-09-29,2017,TV-MA,2 Seasons,TV Comedies
s5120,TV Show,Reality of Dream,,2018-07-31,2015,TV-MA,1 Season,"International TV Shows, Romantic TV Shows, TV Dramas"
s5121,TV Show,Reality Z,Brazil,2020-06-10,2020,TV-MA,1 Season,"International TV Shows, TV Horror, TV Mysteries"
s5124,TV Show,Rebelde,Mexico,2017-12-31,2004,TV-14,1 Season,"International TV Shows, Romantic TV Shows, Spanish-Language TV Shows"
s5125,TV Show,Rebellion,Ireland,2020-06-27,2016,TV-MA,1 Season,"International TV Shows, TV Dramas"
s5127,TV Show,Reboot: The Guardian Code,Canada,2018-09-28,2018,TV-Y7,2 Seasons,Kids' TV
s5129,TV Show,Reckoning,"Australia, United States",2020-05-01,2019,TV-MA,1 Season,"Crime TV Shows, TV Dramas, TV Mysteries"
s5130,TV Show,Record of Grancrest War,Japan,2019-07-01,2018,TV-MA,1 Season,Anime Series
s5131,TV Show,Record of Youth,South Korea,2020-09-08,2020,TV-14,1 Season,"International TV Shows, Romantic TV Shows, TV Dramas"
s5133,TV Show,Rectify,United States,2017-03-04,2016,TV-MA,4 Seasons,"Crime TV Shows, TV Dramas, TV Mysteries"
s5138,TV Show,Red vs. Blue,United States,,2015,NR,13 Seasons,"TV Action & Adventure, TV Comedies, TV Sci-Fi & Fantasy"
s5140,TV Show,Refresh Man,Taiwan,2016-12-01,2016,TV-14,1 Season,"International TV Shows, Romantic TV Shows, TV Comedies"
s5144,TV Show,Reggie Yates Outside Man,United Kingdom,2017-12-15,2017,TV-MA,2 Seasons,"British TV Shows, Docuseries, International TV Shows"
s5145,TV Show,Regiment Diaries,India,2020-12-26,2020,TV-PG,2 Seasons,"Docuseries, International TV Shows"
s5147,TV Show,Reign,United States,2017-09-05,2017,TV-14,4 Seasons,TV Dramas
s5162,TV Show,Reply 1988,South Korea,2020-01-01,2015,TV-14,1 Season,"International TV Shows, Korean TV Shows, Romantic TV Shows"
s5163,TV Show,Reply 1994,South Korea,2019-08-08,2014,TV-MA,1 Season,"International TV Shows, Korean TV Shows, Romantic TV Shows"
s5164,TV Show,Reply 1997,South Korea,2019-08-08,2012,TV-MA,1 Season,"International TV Shows, Korean TV Shows, Romantic TV Shows"
s5165,TV Show,Republic of Doyle,Canada,2020-05-28,2014,TV-14,6 Seasons,"Crime TV Shows, TV Comedies, TV Dramas"
s5166,TV Show,Requiem,United Kingdom,2018-03-23,2018,TV-MA,1 Season,"British TV Shows, International TV Shows, TV Dramas"
s5170,TV Show,Restaurants on the Edge,Canada,2020-05-08,2020,TV-14,2 Seasons,"International TV Shows, Reality TV"
s5174,TV Show,Resurrection: Ertugrul,Turkey,2019-09-24,2018,TV-14,5 Seasons,"International TV Shows, TV Action & Adventure, TV Dramas"
s5176,TV Show,Retribution,United Kingdom,2018-01-30,2016,TV-MA,1 Season,"British TV Shows, Crime TV Shows, International TV Shows"
s5180,TV Show,Revenge,,2019-05-02,2017,TV-MA,1 Season,"Crime TV Shows, International TV Shows, TV Dramas"
s5185,TV Show,Revisions,Japan,2019-05-14,2018,TV-14,1 Season,"Anime Series, International TV Shows"
s5187,TV Show,Revolting Rhymes,United Kingdom,2018-02-01,2017,TV-PG,1 Season,"British TV Shows, Kids' TV"
s5188,TV Show,Revolutionary Love,South Korea,2020-06-01,2017,TV-MA,1 Season,"International TV Shows, Korean TV Shows, Romantic TV Shows"
s5191,TV Show,Rhyme Time Town,,2020-06-19,2020,TV-Y,1 Season,Kids' TV
s5192,TV Show,Rhyme Time Town Singalongs,United States,2020-12-22,2020,TV-Y,1 Season,Kids' TV
s5194,TV Show,Rhythm + Flow,United States,2019-10-09,2019,TV-MA,1 Season,Reality TV
s5195,TV Show,"Rica, Famosa, Latina",United States,2019-04-26,2016,TV-MA,4 Seasons,"International TV Shows, Reality TV, Spanish-Language TV Shows"
s5202,TV Show,Richie Rich,United States,2015-05-22,2015,TV-G,2 Seasons,"Kids' TV, TV Comedies"
s5205,TV Show,RIDE ON TIME,,2020-08-13,2019,TV-PG,2 Seasons,"Docuseries, International TV Shows"
s5209,TV Show,Rilakkuma and Kaoru,"Japan, United States",2019-04-19,2019,TV-PG,1 Season,"Anime Series, International TV Shows"
s5211,TV Show,Rimba Racer,Malaysia,2019-04-05,2017,TV-PG,1 Season,Kids' TV
s5216,TV Show,Ripper Street,"United Kingdom, Ireland",2017-09-08,2017,TV-MA,5 Seasons,"British TV Shows, Crime TV Shows, TV Dramas"
s5217,TV Show,Rise of Empires: Ottoman,,2020-01-24,2020,TV-MA,1 Season,Docuseries
s5220,TV Show,Rishta.com,India,2018-03-15,2010,TV-14,1 Season,"International TV Shows, Romantic TV Shows, TV Comedies"
s5223,TV Show,Rita,Denmark,2020-08-15,2020,TV-MA,5 Seasons,"International TV Shows, TV Comedies, TV Dramas"
s5227,TV Show,Riverdale,United States,2020-05-14,2019,TV-14,4 Seasons,"Crime TV Shows, TV Dramas, TV Mysteries"
s5237,TV Show,Robocar Poli,South Korea,2017-09-01,2015,TV-Y,4 Seasons,"Kids' TV, Korean TV Shows"
s5238,TV Show,Robot Trains,South Korea,2019-12-31,2018,TV-Y7,2 Seasons,"Kids' TV, Korean TV Shows"
s5239,TV Show,Robotech,"United States, Japan",2016-10-01,1985,TV-MA,1 Season,Anime Series
s5240,TV Show,Robozuna,United Kingdom,2019-03-15,2018,TV-Y7,2 Seasons,"British TV Shows, Kids' TV"
s5263,TV Show,Roman Empire: Reign of Blood,"Canada, United States",2019-04-05,2019,TV-MA,3 Seasons,Docuseries
s5265,TV Show,Romance is a bonus book,South Korea,2019-02-03,2019,TV-14,1 Season,"International TV Shows, Korean TV Shows, Romantic TV Shows"
s5274,TV Show,Rookie Historian Goo Hae-Ryung,South Korea,2019-07-18,2019,TV-14,1 Season,"International TV Shows, Korean TV Shows, Romantic TV Shows"
s5276,TV Show,Room 2806: The Accusation,France,2020-12-07,2020,TV-MA,1 Season,"Crime TV Shows, Docuseries, International TV Shows"
s5279,TV Show,Roonpi Secret Love,Thailand,2019-06-21,2016,TV-14,3 Seasons,"International TV Shows, Romantic TV Shows, Teen TV Shows"
s5284,TV Show,Rosario Tijeras,Mexico,2019-05-20,2018,TV-MA,2 Seasons,"Crime TV Shows, International TV Shows, Spanish-Language TV Shows"
s5287,TV Show,"Roswell, New Mexico",United States,2020-06-23,2020,TV-14,2 Seasons,"Classic & Cult TV, TV Dramas, TV Sci-Fi & Fantasy"
s5288,TV Show,Rotten,United States,2019-10-04,2019,TV-MA,2 Seasons,"Docuseries, Science & Nature TV"
s5292,TV Show,Royal Pains,United States,2017-05-18,2016,TV-PG,8 Seasons,"TV Comedies, TV Dramas"
s5293,TV Show,Rubi,Mexico,2017-12-31,2004,TV-PG,1 Season,"International TV Shows, Romantic TV Shows, Spanish-Language TV Shows"
s5295,TV Show,Rugal,South Korea,2020-03-29,2020,TV-MA,1 Season,"Crime TV Shows, International TV Shows, Korean TV Shows"
s5302,TV Show,Run On,South Korea,2020-12-17,2020,TV-MA,1 Season,"International TV Shows, Romantic TV Shows, TV Comedies"
s5305,TV Show,Running Man,,2021-01-01,2020,TV-Y7,1 Season,"Kids' TV, TV Comedies"
s5308,TV Show,Rurouni Kenshin,Japan,2020-01-01,1998,TV-14,3 Seasons,"Anime Series, International TV Shows"
s5313,TV Show,Russell Peters vs. the World,United States,2013-10-14,2013,NR,1 Season,"Docuseries, Stand-Up Comedy & Talk Shows"
s5316,TV Show,Russian Doll,United States,2019-02-01,2019,TV-MA,1 Season,"TV Comedies, TV Dramas"
s5318,TV Show,Rust Valley Restorers,Canada,2020-08-21,2020,TV-14,3 Seasons,"International TV Shows, Reality TV"
s5330,TV Show,Sab Jholmaal Hai,India,2020-10-18,2017,TV-Y7,3 Seasons,"Kids' TV, TV Comedies"
s5332,TV Show,Sacred Games,"India, United States",2019-08-15,2019,TV-MA,2 Seasons,"Crime TV Shows, International TV Shows, TV Dramas"
s5338,TV Show,Sadqay Tumhare,Pakistan,2016-12-15,2014,TV-PG,1 Season,"International TV Shows, Romantic TV Shows, TV Dramas"
s5340,TV Show,Safe,United Kingdom,2019-02-05,2018,TV-MA,1 Season,"British TV Shows, Crime TV Shows, International TV Shows"
s5345,TV Show,Saint Seiya,Japan,2020-04-01,1986,TV-14,6 Seasons,Anime Series
s5346,TV Show,Saint Seiya: The Lost Canvas,Japan,2018-05-15,2009,TV-MA,1 Season,"Anime Series, International TV Shows"
s5350,TV Show,Sakho & Mangane,Senegal,2020-12-27,2019,TV-MA,1 Season,"Crime TV Shows, International TV Shows, TV Dramas"
s5355,TV Show,Salt Fat Acid Heat,,2018-10-11,2018,TV-PG,1 Season,Docuseries
s5356,TV Show,Sam & Cat,United States,2019-11-05,2014,TV-PG,2 Seasons,"Kids' TV, TV Comedies"
s5363,TV Show,Samantha!,Brazil,2019-04-19,2019,TV-MA,2 Seasons,"International TV Shows, TV Comedies"
s5367,TV Show,Sammy & Co,France,2015-12-25,2014,TV-Y,1 Season,"Kids' TV, TV Comedies"
s5371,TV Show,Samurai Gourmet,Japan,2017-03-17,2017,TV-PG,1 Season,"International TV Shows, TV Dramas"
s5379,TV Show,SanPa: Sins of the Savior,Italy,2020-12-30,2020,TV-MA,1 Season,"Crime TV Shows, Docuseries, International TV Shows"
s5381,TV Show,Santa Clarita Diet,United States,2019-03-29,2019,TV-MA,3 Seasons,"TV Comedies, TV Horror, TV Thrillers"
s5403,TV Show,Satrangi,,2017-04-01,2014,TV-PG,1 Season,"Docuseries, International TV Shows"
s5407,TV Show,Satu Hari,,2017-09-29,2014,TV-PG,1 Season,"International TV Shows, TV Dramas"
s5413,TV Show,Save Me,South Korea,2020-01-01,2017,TV-MA,1 Season,"International TV Shows, Korean TV Shows, TV Dramas"
s5414,TV Show,Save Our Shelter,United States,2018-08-18,2015,TV-G,1 Season,Reality TV
s5420,TV Show,Say I Do,United States,2020-07-01,2020,TV-14,1 Season,"Reality TV, Romantic TV Shows"
s5424,TV Show,SCAMS,Japan,2019-11-06,2019,TV-14,1 Season,"Crime TV Shows, International TV Shows, TV Dramas"
s5425,TV Show,Scandal,United States,2018-05-19,2018,TV-14,7 Seasons,"Crime TV Shows, TV Dramas"
s5427,TV Show,Scare Tactics,United States,2019-06-30,2011,TV-MA,2 Seasons,"Reality TV, TV Comedies, TV Horror"
s5432,TV Show,Schitt's Creek,"Canada, United States",2020-10-03,2020,TV-MA,6 Seasons,TV Comedies
s5436,TV Show,Schulz Saves America,United States,2020-12-17,2020,TV-MA,1 Season,"Stand-Up Comedy & Talk Shows, TV Comedies"
s5437,TV Show,Scissor Seven,China,2020-05-07,2020,TV-14,2 Seasons,"International TV Shows, TV Action & Adventure, TV Comedies"
s5439,TV Show,Scooby-Doo!: Mystery Incorporated,United States,2019-12-15,2012,TV-Y7,2 Seasons,"Kids' TV, TV Comedies"
s5442,TV Show,Scream,United States,2019-09-01,2019,TV-MA,3 Seasons,"Crime TV Shows, TV Horror, TV Mysteries"
s5447,TV Show,Señora Acero,"Mexico, United States",2019-04-28,2018,TV-MA,5 Seasons,"Crime TV Shows, International TV Shows, Spanish-Language TV Shows"
s5457,TV Show,Second 20s,South Korea,2019-10-16,2015,TV-14,1 Season,"International TV Shows, Korean TV Shows, Romantic TV Shows"
s5459,TV Show,Secret Affair,South Korea,2017-05-22,2014,TV-14,1 Season,"International TV Shows, Korean TV Shows, Romantic TV Shows"
s5460,TV Show,Secret City,Australia,2019-03-06,2016,TV-MA,2 Seasons,"International TV Shows, TV Dramas, TV Mysteries"
s5463,TV Show,Secret of Success,,2019-05-08,2015,TV-14,1 Season,"International TV Shows, Romantic TV Shows, TV Comedies"
s5464,TV Show,Secret of the Nile,Egypt,2018-03-15,2016,TV-14,1 Season,"International TV Shows, Romantic TV Shows, TV Dramas"
s5466,TV Show,Secreto bien guardado,Argentina,2020-10-01,2019,TV-MA,1 Season,"International TV Shows, Romantic TV Shows, Spanish-Language TV Shows"
s5470,TV Show,Secrets of Great British Castles,United Kingdom,2019-04-01,2016,TV-PG,1 Season,"British TV Shows, Docuseries, International TV Shows"
s5481,TV Show,See You in Time,,2019-01-04,2017,TV-14,1 Season,"International TV Shows, Romantic TV Shows, TV Dramas"
s5485,TV Show,Seis Manos,United States,2019-10-03,2019,TV-MA,1 Season,"Anime Series, Crime TV Shows"
s5486,TV Show,Selection Day,India,2018-12-28,2018,TV-14,1 Season,"International TV Shows, TV Dramas, Teen TV Shows"
s5487,TV Show,Selena: The Series,"Mexico, United States",2020-12-04,2020,TV-PG,1 Season,TV Dramas
s5488,TV Show,Self Made: Inspired by the Life of Madam C.J. Walker,United States,2020-03-20,2020,TV-MA,1 Season,TV Dramas
s5490,TV Show,Selling Sunset,,2020-08-07,2020,TV-MA,3 Seasons,Reality TV
s5494,TV Show,Sense8,United States,2016-12-23,2018,TV-MA,2 Seasons,"Crime TV Shows, TV Dramas, TV Mysteries"
s5495,TV Show,Sensitive Skin,Canada,2019-12-01,2016,TV-MA,1 Season,TV Comedies
s5500,TV Show,Serial Killer with Piers Morgan,United Kingdom,2019-09-01,2018,TV-14,1 Season,"British TV Shows, Crime TV Shows, Docuseries"
s5503,TV Show,Servant of the People,Ukraine,2017-03-01,2015,TV-14,1 Season,"International TV Shows, TV Comedies"
s5514,TV Show,Seven and Me,France,2017-10-15,2017,TV-Y,1 Season,Kids' TV
s5517,TV Show,Seven Seconds,United States,2018-02-23,2018,TV-MA,1 Season,"Crime TV Shows, TV Dramas"
s5525,TV Show,Sex Education,United Kingdom,2020-01-17,2020,TV-MA,2 Seasons,"British TV Shows, International TV Shows, TV Comedies"
s5526,TV Show,"Sex, Explained",United States,2020-01-02,2020,TV-MA,1 Season,"Docuseries, Science & Nature TV"
s5529,TV Show,Sexy Central,Hong Kong,2019-07-20,2019,TV-MA,1 Season,"International TV Shows, Romantic TV Shows, TV Dramas"
s5534,TV Show,Shadow of Truth,Israel,2017-01-27,2016,TV-MA,1 Season,"Crime TV Shows, Docuseries, International TV Shows"
s5537,TV Show,Shaka Zulu,"Italy, South Africa, West Germany, Australia, United States",2019-01-10,1986,TV-14,1 Season,TV Dramas
s5539,TV Show,Shameless (U.S.),United States,2020-07-26,2019,TV-MA,10 Seasons,"TV Comedies, TV Dramas"
s5546,TV Show,Shaun the Sheep,"United Kingdom, Finland, Germany",2020-12-22,2016,TV-Y,2 Seasons,"British TV Shows, Kids' TV, TV Comedies"
s5547,TV Show,Shaun the Sheep: Adventures from Mossy Bottom,United Kingdom,2020-03-17,2020,TV-Y7,1 Season,"British TV Shows, Kids' TV, TV Comedies"
s5552,TV Show,She,India,2020-03-20,2020,TV-MA,1 Season,"Crime TV Shows, International TV Shows, TV Dramas"
s5555,TV Show,She-Ra and the Princesses of Power,United States,2020-05-15,2020,TV-Y7,5 Seasons,"Kids' TV, TV Action & Adventure, TV Sci-Fi & Fantasy"
s5557,TV Show,She's Gotta Have It,United States,2019-05-24,2018,TV-MA,2 Seasons,"Romantic TV Shows, TV Comedies, TV Dramas"
s5563,TV Show,Sherlock,"United Kingdom, United States",2017-05-15,2017,TV-14,4 Seasons,"British TV Shows, Crime TV Shows, International TV Shows"
s5568,TV Show,Shine On with Reese,United States,2019-10-29,2018,TV-MA,1 Season,"Docuseries, Stand-Up Comedy & Talk Shows"
s5573,TV Show,Shooter,United States,2019-06-21,2018,TV-14,3 Seasons,"Crime TV Shows, TV Action & Adventure, TV Dramas"
s5575,TV Show,Shopkins,United States,2020-02-01,2014,TV-Y,1 Season,Kids' TV
s5585,TV Show,Shot in the Dark,United States,2017-11-17,2017,TV-MA,1 Season,Reality TV
s5587,TV Show,Show Me the Money,,2018-09-09,2004,TV-14,2 Seasons,"International TV Shows, TV Comedies"
s5589,TV Show,Shtisel,Israel,2018-12-15,2015,TV-14,2 Seasons,"International TV Shows, TV Dramas"
s5598,TV Show,Sick Note,United Kingdom,2018-11-23,2018,TV-MA,2 Seasons,"British TV Shows, International TV Shows, TV Comedies"
s5599,TV Show,Sid the Science Kid,United States,2020-03-31,2008,TV-Y,1 Season,Kids' TV
s5603,TV Show,Signal,South Korea,2019-10-01,2016,TV-MA,1 Season,"Crime TV Shows, International TV Shows, Korean TV Shows"
s5604,TV Show,Signs,Poland,2020-09-16,2020,TV-MA,2 Seasons,"Crime TV Shows, International TV Shows, TV Dramas"
s5610,TV Show,Silvana Sin Lana,United States,2018-11-17,2016,TV-14,1 Season,"Romantic TV Shows, Spanish-Language TV Shows, TV Comedies"
s5612,TV Show,Silver Spoon,Russia,2017-09-15,2015,TV-MA,2 Seasons,"Crime TV Shows, International TV Shows, TV Action & Adventure"
s5613,TV Show,Simon,France,2018-05-01,2016,TV-Y,1 Season,Kids' TV
s5618,TV Show,Sin senos no hay paraíso,"Colombia, Mexico, United States",2017-05-15,2008,TV-14,1 Season,"International TV Shows, Spanish-Language TV Shows, TV Dramas"
s5619,TV Show,Sin Senos sí Hay Paraíso,"United States, Colombia",2019-01-11,2018,TV-MA,3 Seasons,"International TV Shows, Spanish-Language TV Shows, TV Dramas"
s5620,TV Show,Sinatra: All or Nothing at All,United States,2020-07-23,2015,TV-14,1 Season,Docuseries
s5622,TV Show,Sing On!,United States,2020-09-16,2020,TV-PG,1 Season,Reality TV
s5623,TV Show,Sing On! Germany,Germany,2020-08-07,2020,TV-PG,1 Season,"International TV Shows, Reality TV"
s5624,TV Show,Sing On! Spain,Spain,2020-07-24,2020,TV-G,1 Season,"International TV Shows, Reality TV, Spanish-Language TV Shows"
s5626,TV Show,Singapore Social,"Singapore, United States",2019-11-22,2019,TV-MA,1 Season,"International TV Shows, Reality TV"
s5630,TV Show,Single Ladies Senior,,2018-12-22,2018,TV-MA,1 Season,"International TV Shows, Romantic TV Shows, TV Dramas"
s5631,TV Show,Single Wives,Australia,2020-07-18,2018,TV-MA,1 Season,"Reality TV, Romantic TV Shows"
s5632,TV Show,Singles Villa,China,2017-06-10,2015,TV-14,1 Season,"International TV Shows, Romantic TV Shows, TV Dramas"
s5636,TV Show,Sintonia,Brazil,2019-08-09,2019,TV-MA,1 Season,"Crime TV Shows, International TV Shows, TV Dramas"
s5638,TV Show,Sirius the Jaeger,Japan,2018-12-21,2018,TV-MA,1 Season,"Anime Series, International TV Shows, TV Thrillers"
s5641,TV Show,"Sister, Sister",United States,2020-09-01,1998,TV-G,6 Seasons,"TV Comedies, Teen TV Shows"
s5643,TV Show,Sisters,Australia,2018-09-01,2018,TV-MA,1 Season,"International TV Shows, TV Comedies, TV Dramas"
s5645,TV Show,Six Windows in the Desert,Saudi Arabia,2020-02-27,2020,TV-14,1 Season,TV Shows
s5647,TV Show,Skin Decision: Before and After,United States,2020-07-15,2020,TV-MA,1 Season,Reality TV
s5649,TV Show,Skin Wars,United States,2016-10-01,2016,TV-14,3 Seasons,Reality TV
s5650,TV Show,Skin Wars: Fresh Paint,United States,2018-12-15,2016,TV-14,1 Season,Reality TV
s5657,TV Show,Skylanders Academy,"South Korea, United States",2018-09-28,2018,TV-Y7,3 Seasons,"Kids' TV, TV Comedies"
s5659,TV Show,Skylines,Germany,2019-09-27,2019,TV-MA,1 Season,"Crime TV Shows, International TV Shows, TV Dramas"
s5661,TV Show,Slasher,Canada,2020-06-23,2019,TV-MA,3 Seasons,"TV Horror, TV Mysteries, TV Thrillers"
s5663,TV Show,Sleepless Society: Bedtime Wishes,,2019-10-31,2019,TV-MA,1 Season,"Crime TV Shows, International TV Shows, TV Dramas"
s5664,TV Show,Sleepless Society: Insomnia,Thailand,2020-02-13,2019,TV-MA,1 Season,"Crime TV Shows, International TV Shows, TV Dramas"
s5665,TV Show,Sleepless Society: Nyctophobia,Thailand,2019-08-01,2019,TV-MA,1 Season,"International TV Shows, TV Mysteries, TV Thrillers"
s5666,TV Show,Sleepless Society: Two Pillows & A Lost Soul,Thailand,2020-05-15,2020,TV-MA,1 Season,"Crime TV Shows, International TV Shows, TV Dramas"
s5670,TV Show,Slobby's World,United States,2018-12-31,2018,TV-MA,1 Season,Reality TV
s5679,TV Show,Smoking,Japan,2018-07-27,2018,TV-MA,1 Season,"Crime TV Shows, International TV Shows, TV Action & Adventure"
s5681,TV Show,Sneakerheads,United States,2020-09-25,2020,TV-MA,1 Season,TV Comedies
s5689,TV Show,Social Distance,United States,2020-10-15,2020,TV-MA,1 Season,"TV Comedies, TV Dramas"
s5693,TV Show,Sofia the First,United States,2018-10-08,2017,TV-Y,4 Seasons,Kids' TV
s5702,TV Show,Some Assembly Required,Canada,2015-10-16,2015,TV-Y,2 Seasons,"Kids' TV, TV Comedies"
s5704,TV Show,Somebody Feed Phil,United States,2020-10-30,2020,TV-14,4 Seasons,"Docuseries, Reality TV"
s5706,TV Show,Someone Has to Die,"Mexico, Spain",2020-10-16,2020,TV-MA,1 Season,"Crime TV Shows, International TV Shows, Spanish-Language TV Shows"
s5707,TV Show,Someone Like You,Taiwan,2016-10-01,2015,TV-14,1 Season,"International TV Shows, Romantic TV Shows, TV Dramas"
s5709,TV Show,Something in the Rain,South Korea,2018-05-26,2018,TV-MA,1 Season,"International TV Shows, Korean TV Shows, Romantic TV Shows"
s5712,TV Show,Somewhere Between,United States,2018-06-30,2017,TV-14,1 Season,"Crime TV Shows, TV Dramas, TV Mysteries"
s5713,TV Show,Somewhere Only We Know,China,2019-06-15,2019,TV-MA,1 Season,"International TV Shows, Romantic TV Shows, TV Comedies"
s5718,TV Show,Song Exploder,United States,2020-12-15,2020,TV-MA,2 Seasons,Docuseries
s5720,TV Show,Sonic X,Japan,2020-01-29,2003,TV-Y7,2 Seasons,"Anime Series, Kids' TV"
s5722,TV Show,Sons of the Caliphate,Nigeria,2020-01-24,2017,TV-14,2 Seasons,"International TV Shows, TV Dramas"
s5725,TV Show,Sotus The Series,Thailand,2019-05-25,2016,TV-MA,1 Season,"International TV Shows, Romantic TV Shows, TV Dramas"
s5726,TV Show,Soul Eater,Japan,2020-01-16,2008,TV-14,1 Season,"Anime Series, International TV Shows"
s5730,TV Show,Soundtrack,United States,2019-12-18,2019,TV-MA,1 Season,"Romantic TV Shows, TV Dramas"
s5732,TV Show,Southern Survival,United States,2020-07-03,2020,TV-PG,1 Season,Reality TV
s5734,TV Show,Space Force,United States,2020-05-29,2020,TV-MA,1 Season,TV Comedies
s5735,TV Show,Space Jungle,,2019-12-01,2016,TV-Y,2 Seasons,"Kids' TV, Korean TV Shows, TV Comedies"
s5736,TV Show,Space Racers,United States,2020-03-31,2014,TV-Y,1 Season,Kids' TV
s5738,TV Show,Spark,South Korea,2017-02-15,2016,TV-PG,1 Season,"International TV Shows, Korean TV Shows, Romantic TV Shows"
s5741,TV Show,Sparta,Russia,2019-02-01,2018,TV-MA,1 Season,"Crime TV Shows, International TV Shows, TV Dramas"
s5742,TV Show,Spartacus,United States,2015-02-01,2013,TV-MA,4 Seasons,"TV Action & Adventure, TV Dramas"
s5743,TV Show,Special,United States,2019-04-12,2019,TV-MA,1 Season,TV Comedies
s5747,TV Show,Spectros,Brazil,2020-02-20,2020,TV-MA,1 Season,"International TV Shows, TV Horror, TV Mysteries"
s5753,TV Show,Spice Up,,2017-07-01,2014,TV-14,1 Season,"International TV Shows, Romantic TV Shows, TV Dramas"
s5756,TV Show,Spinning Out,United States,2020-01-01,2020,TV-MA,1 Season,TV Dramas
s5757,TV Show,Spirit Riding Free: Pony Tales,United States,2019-10-18,2019,TV-Y7,2 Seasons,Kids' TV
s5759,TV Show,Spirit Riding Free: Riding Academy,United States,2020-09-04,2020,TV-Y7,2 Seasons,Kids' TV
s5761,TV Show,Spirit: Riding Free,United States,2019-04-05,2019,TV-Y7,8 Seasons,Kids' TV
s5762,TV Show,Spiritual House,,2018-05-01,2017,TV-PG,1 Season,"International TV Shows, Stand-Up Comedy & Talk Shows"
s5765,TV Show,Splash and Bubbles,United States,2018-08-13,2018,TV-Y,2 Seasons,Kids' TV
s5769,TV Show,Spotless,"United Kingdom, France",2016-10-15,2015,TV-MA,1 Season,"Crime TV Shows, International TV Shows, TV Dramas"
s5778,TV Show,Spy Kids: Mission Critical,"United States, Canada",2018-11-30,2018,TV-Y7,2 Seasons,Kids' TV
s5783,TV Show,Stand Up and Away! with Brian Regan,United States,2018-12-24,2018,TV-PG,1 Season,"Stand-Up Comedy & Talk Shows, TV Comedies"
s5786,TV Show,Star Trek,United States,2017-10-01,1968,TV-14,3 Seasons,"Classic & Cult TV, TV Action & Adventure, TV Sci-Fi & Fantasy"
s5787,TV Show,Star Trek: Deep Space Nine,United States,2017-01-01,1999,TV-14,7 Seasons,"TV Action & Adventure, TV Sci-Fi & Fantasy"
s5788,TV Show,Star Trek: Enterprise,United States,2017-10-01,2004,TV-14,4 Seasons,"Classic & Cult TV, TV Action & Adventure, TV Sci-Fi & Fantasy"
s5789,TV Show,Star Trek: The Next Generation,United States,2018-04-02,1993,TV-PG,7 Seasons,"TV Action & Adventure, TV Sci-Fi & Fantasy"
s5790,TV Show,Star Trek: Voyager,United States,2017-10-01,2000,TV-PG,7 Seasons,"TV Action & Adventure, TV Sci-Fi & Fantasy"
s5792,TV Show,Star-Crossed,United States,2015-04-16,2014,TV-14,1 Season,"Romantic TV Shows, TV Dramas, TV Sci-Fi & Fantasy"
s5793,TV Show,StarBeam,United States,2020-09-08,2020,TV-Y,2 Seasons,Kids' TV
s5796,TV Show,Stargate SG-1,"United States, Canada",2020-12-01,2006,TV-MA,10 Seasons,"Classic & Cult TV, TV Action & Adventure, TV Sci-Fi & Fantasy"
s5800,TV Show,Start-Up,South Korea,2020-10-18,2020,TV-14,1 Season,"International TV Shows, Romantic TV Shows, TV Comedies"
s5802,TV Show,Stateless,Australia,2020-07-08,2020,TV-MA,1 Season,"International TV Shows, TV Dramas"
s5803,TV Show,Station Horizon,Switzerland,2016-09-01,2015,TV-MA,1 Season,"International TV Shows, TV Comedies, TV Dramas"
s5804,TV Show,Stay Here,United States,2018-08-17,2018,TV-PG,1 Season,Reality TV
s5805,TV Show,Stay Tuned!,Japan,2019-03-21,2019,TV-14,1 Season,"International TV Shows, TV Comedies, TV Dramas"
s5819,TV Show,Still Game,United Kingdom,2020-12-30,2018,TV-14,9 Seasons,"British TV Shows, Classic & Cult TV, TV Comedies"
s5822,TV Show,Stoked,"United States, Canada",2017-12-16,2010,TV-PG,1 Season,Kids' TV
s5823,TV Show,Stolen Away,Spain,2020-10-23,2020,TV-MA,1 Season,"Crime TV Shows, International TV Shows, Spanish-Language TV Shows"
s5824,TV Show,Stone Age,South Korea,2019-07-01,2017,TV-Y7,1 Season,"Kids' TV, Korean TV Shows"
s5827,TV Show,Storage Wars: Northern Treasures,United States,2019-07-22,2015,TV-MA,1 Season,"International TV Shows, Reality TV"
s5828,TV Show,Stories by Rabindranath Tagore,India,2018-07-05,2015,TV-PG,1 Season,"International TV Shows, TV Dramas"
s5830,TV Show,StoryBots Super Songs,United States,2016-10-07,2016,TV-Y,1 Season,Kids' TV
s5835,TV Show,Stranger,South Korea,2020-08-16,2020,TV-MA,2 Seasons,"Crime TV Shows, International TV Shows, Korean TV Shows"
s5837,TV Show,Stranger Things,United States,2019-07-04,2019,TV-14,3 Seasons,"TV Horror, TV Mysteries, TV Sci-Fi & Fantasy"
s5838,TV Show,Strangers from Hell,South Korea,2020-05-15,2019,TV-MA,1 Season,"International TV Shows, Korean TV Shows, TV Horror"
s5839,TV Show,Strawberry Shortcake: Berry Bitty Adventures,"France, United States, Canada",2016-01-01,2015,TV-Y,1 Season,Kids' TV
s5843,TV Show,Street Food,United States,2019-04-26,2019,TV-PG,1 Season,Docuseries
s5844,TV Show,Street Food: Latin America,,2020-07-21,2020,TV-PG,1 Season,"Docuseries, Spanish-Language TV Shows"
s5845,TV Show,Stretch Armstrong & the Flex Fighters,United States,2018-09-07,2018,TV-Y7,2 Seasons,Kids' TV
s5851,TV Show,Strong,United States,2018-10-01,2016,TV-14,1 Season,Reality TV
s5852,TV Show,Strong Girl Bong-soon,South Korea,2019-11-24,2017,TV-14,1 Season,"Crime TV Shows, International TV Shows, Korean TV Shows"
s5855,TV Show,Strongest Deliveryman,South Korea,2020-11-23,2017,TV-MA,1 Season,"International TV Shows, Romantic TV Shows, TV Dramas"
s5856,TV Show,Strongland,,2019-01-18,2018,TV-PG,1 Season,"Docuseries, International TV Shows"
s5863,TV Show,Stunt Science,United Kingdom,2018-10-15,2018,TV-MA,1 Season,"British TV Shows, International TV Shows, Reality TV"
s5865,TV Show,Styling Hollywood,,2019-08-30,2019,TV-14,1 Season,Reality TV
s5868,TV Show,Suburra: Blood on Rome,Italy,2020-10-30,2020,TV-MA,3 Seasons,"Crime TV Shows, International TV Shows, TV Dramas"
s5871,TV Show,Sudden,Singapore,2017-10-01,2013,TV-14,1 Season,"International TV Shows, Romantic TV Shows, TV Dramas"
s5874,TV Show,Sugar Rush,United States,2020-07-31,2020,TV-PG,3 Seasons,Reality TV
s5875,TV Show,Sugar Rush Christmas,United States,2020-11-27,2020,TV-14,2 Seasons,Reality TV
s5878,TV Show,Suits,South Korea,2019-12-01,2018,TV-MA,1 Season,"International TV Shows, Korean TV Shows, TV Comedies"
s5881,TV Show,Summertime,Italy,2020-04-29,2020,TV-MA,1 Season,"International TV Shows, Romantic TV Shows, TV Dramas"
s5884,TV Show,Sunderland 'Til I Die,United Kingdom,2020-04-01,2020,TV-MA,2 Seasons,"British TV Shows, Docuseries, International TV Shows"
s5886,TV Show,Sunny Bunnies,Belarus,2020-07-15,2016,TV-Y,2 Seasons,"British TV Shows, Kids' TV, TV Comedies"
s5888,TV Show,Super Bheem,India,2019-06-28,2019,TV-Y,1 Season,Kids' TV
s5892,TV Show,Super Drags,Brazil,2018-11-09,2018,TV-MA,1 Season,"International TV Shows, TV Comedies"
s5893,TV Show,Super Monsters,,2019-10-04,2019,TV-Y,3 Seasons,Kids' TV
s5897,TV Show,Super Monsters Monster Party,,2018-09-14,2018,TV-Y,1 Season,Kids' TV
s5898,TV Show,Super Monsters Monster Pets,United States,2019-06-07,2019,TV-Y,1 Season,Kids' TV
s5906,TV Show,Super Wings,"United States, South Korea, China",2020-12-01,2020,TV-Y,3 Seasons,"Kids' TV, Korean TV Shows"
s5909,TV Show,Supergirl,United States,2020-05-25,2019,TV-14,5 Seasons,"TV Action & Adventure, TV Sci-Fi & Fantasy"
s5912,TV Show,Supermarket Sweep,United States,2020-07-02,1993,TV-G,1 Season,Reality TV
s5913,TV Show,Supernatural,"United States, Canada",2020-06-05,2019,TV-14,15 Seasons,"Classic & Cult TV, TV Action & Adventure, TV Horror"
s5914,TV Show,SuperNature: Wild Flyers,United Kingdom,2017-03-01,2016,TV-PG,1 Season,"British TV Shows, Docuseries, Science & Nature TV"
s5922,TV Show,Surviving Death,United States,2021-01-06,2021,TV-MA,1 Season,"Docuseries, Reality TV"
s5923,TV Show,Surviving Escobar - Alias JJ,,2017-08-01,2017,TV-MA,1 Season,"Crime TV Shows, International TV Shows, Spanish-Language TV Shows"
s5924,TV Show,Surviving R. Kelly,United States,2019-09-15,2019,TV-MA,1 Season,"Crime TV Shows, Docuseries"
s5925,TV Show,Surviving R. Kelly Part II: The Reckoning,United States,2020-04-13,2020,TV-MA,1 Season,"Crime TV Shows, Docuseries"
s5927,TV Show,Survivor,United States,2020-11-15,2014,TV-14,2 Seasons,Reality TV
s5935,TV Show,Swami Baba Ramdev: The Untold Story,,2018-05-01,2018,TV-14,1 Season,"International TV Shows, TV Dramas"
s5939,TV Show,Sweet Magnolias,United States,2020-05-19,2020,TV-14,1 Season,"Romantic TV Shows, TV Dramas"
s5944,TV Show,Switched,Japan,2018-08-01,2018,TV-MA,1 Season,"International TV Shows, TV Dramas, TV Mysteries"
s5945,TV Show,Sword Art Online,Japan,2020-10-01,2018,TV-MA,3 Seasons,"Anime Series, International TV Shows"
s5946,TV Show,Sword Art Online Alternative: Gun Gale Online,Japan,2019-02-01,2018,TV-MA,1 Season,"Anime Series, International TV Shows"
s5950,TV Show,SWORDGAI The Animation,Japan,2018-07-30,2018,TV-MA,2 Seasons,"Anime Series, International TV Shows"
s5952,TV Show,Sym-Bionic Titan,United States,2019-12-15,2010,TV-PG,1 Season,Kids' TV
s5956,TV Show,Tabula Rasa,Belgium,2018-03-15,2017,TV-MA,1 Season,"International TV Shows, TV Dramas, TV Mysteries"
s5957,TV Show,Taco Chronicles,United States,2020-09-15,2020,TV-MA,2 Seasons,"Docuseries, International TV Shows, Reality TV"
s5959,TV Show,Taj Mahal 1989,India,2020-02-14,2020,TV-MA,1 Season,"International TV Shows, Romantic TV Shows, TV Comedies"
s5962,TV Show,Take My Brother Away,China,2018-08-24,2018,TV-14,1 Season,"International TV Shows, TV Comedies, TV Dramas"
s5966,TV Show,Taken,"France, United States",2019-01-12,2018,TV-14,2 Seasons,"Crime TV Shows, TV Action & Adventure, TV Thrillers"
s5968,TV Show,Takki,Saudi Arabia,2020-08-15,2014,TV-14,2 Seasons,"International TV Shows, TV Dramas"
s5971,TV Show,Tales by Light,Australia,2019-01-05,2018,TV-14,3 Seasons,"Docuseries, International TV Shows, Science & Nature TV"
s5973,TV Show,Tales of the City,United States,2019-06-07,2019,TV-MA,1 Season,TV Dramas
s5974,TV Show,Tales of the City (1993),"United Kingdom, United States",2019-06-28,1993,TV-MA,1 Season,TV Dramas
s5975,TV Show,Talking Tom and Friends,Cyprus,2020-02-15,2017,TV-Y,1 Season,"Kids' TV, TV Comedies"
s5981,TV Show,Tango,Lebanon,2019-04-03,2018,TV-14,1 Season,"International TV Shows, Romantic TV Shows, TV Dramas"
s5996,TV Show,Tayee,Egypt,2019-02-05,2018,TV-MA,1 Season,"International TV Shows, TV Dramas"
s5999,TV Show,Tayo the Little Bus,South Korea,2019-07-01,2014,TV-Y,2 Seasons,"Kids' TV, Korean TV Shows"
s6004,TV Show,Team Kaylie,United States,2020-02-03,2020,TV-PG,3 Seasons,"Kids' TV, TV Comedies"
s6006,TV Show,Teasing Master Takagi-san,Japan,2019-12-06,2019,TV-PG,1 Season,"Anime Series, International TV Shows, Romantic TV Shows"
s6010,TV Show,Teen Mom 2,United States,2020-12-15,2011,TV-14,2 Seasons,Reality TV
s6012,TV Show,Teenage Bounty Hunters,United States,2020-08-14,2020,TV-MA,1 Season,"Crime TV Shows, TV Comedies, TV Dramas"
s6024,TV Show,Teresa,Mexico,2017-12-31,2010,TV-PG,1 Season,"International TV Shows, Romantic TV Shows, Spanish-Language TV Shows"
s6029,TV Show,Terrace House: Aloha State,"United States, Japan",2017-09-26,2017,TV-14,4 Seasons,"International TV Shows, Reality TV"
s6030,TV Show,Terrace House: Boys & Girls in the City,Japan,2016-04-01,2016,TV-14,2 Seasons,"International TV Shows, Reality TV"
s6031,TV Show,Terrace House: Opening New Doors,Japan,2019-03-12,2018,TV-14,6 Seasons,"International TV Shows, Reality TV"
s6032,TV Show,Terrace House: Tokyo 2019-2020,Japan,2020-08-10,2019,TV-MA,2 Seasons,"International TV Shows, Reality TV"
s6034,TV Show,Terrorism Close Calls,"United States, Czech Republic",2018-10-26,2018,TV-MA,1 Season,"Crime TV Shows, Docuseries, International TV Shows"
s6037,TV Show,Th Eena Meena Deeka Chase Comedy Show,India,2018-03-31,2015,TV-Y7,1 Season,"Kids' TV, TV Comedies"
s6039,TV Show,Thackeray,India,2019-05-25,2019,TV-MA,1 Season,TV Shows
s6044,TV Show,That '70s Show,United States,2017-11-01,2005,TV-14,8 Seasons,TV Comedies
s6046,TV Show,"That Winter, the Wind Blows",South Korea,2019-04-01,2013,TV-MA,1 Season,"International TV Shows, Korean TV Shows, Romantic TV Shows"
s6047,TV Show,The 10 Sins,,2019-03-22,2018,TV-14,1 Season,"International TV Shows, TV Dramas"
s6048,TV Show,The 100,"United States, Canada",2020-10-08,2020,TV-14,7 Seasons,"TV Action & Adventure, TV Dramas, TV Sci-Fi & Fantasy"
s6051,TV Show,The 2000s,United States,2019-02-19,2018,TV-MA,1 Season,Docuseries
s6056,TV Show,The 43,,2019-02-15,2019,TV-MA,1 Season,"Crime TV Shows, Docuseries, International TV Shows"
s6057,TV Show,The 4400,"United States, United Kingdom",2013-09-01,2007,TV-14,4 Seasons,"TV Dramas, TV Mysteries, TV Sci-Fi & Fantasy"
s6060,TV Show,The A List,United Kingdom,2019-08-30,2018,TV-PG,1 Season,"British TV Shows, International TV Shows, TV Dramas"
s6064,TV Show,The Adjusters,,2017-09-18,2010,TV-PG,2 Seasons,"International TV Shows, TV Dramas"
s6066,TV Show,The Adventures of Figaro Pho,Australia,,2015,TV-Y7,2 Seasons,"Kids' TV, TV Comedies"
s6067,TV Show,The Adventures of Puss in Boots,United States,2018-01-26,2018,TV-Y7,6 Seasons,"Kids' TV, TV Comedies"
s6069,TV Show,The Adventures of Sonic the Hedgehog,"United States, Canada",2018-04-18,1993,TV-Y7,1 Season,Kids' TV
s6075,TV Show,The Alcàsser Murders,Spain,2019-06-15,2019,TV-MA,1 Season,"Crime TV Shows, Docuseries, International TV Shows"
s6077,TV Show,The American Barbecue Showdown,United States,2020-09-18,2020,TV-G,1 Season,Reality TV
s6078,TV Show,The American Bible Challenge,United States,2020-06-15,2013,TV-G,2 Seasons,Reality TV
s6083,TV Show,The Andy Griffith Show,United States,2017-07-01,1967,TV-G,8 Seasons,"Classic & Cult TV, TV Comedies"
s6088,TV Show,The Apartment,Singapore,2018-12-14,2014,TV-PG,2 Seasons,"International TV Shows, Reality TV"
s6097,TV Show,The Assassination of Gianni Versace,United States,2019-03-06,2018,TV-MA,1 Season,"Crime TV Shows, TV Dramas, TV Thrillers"
s6102,TV Show,The Baby-Sitters Club,United States,2020-07-03,2020,TV-G,1 Season,"Kids' TV, TV Dramas"
s6105,TV Show,The Bachelor,,2019-12-01,2009,TV-14,1 Season,"Reality TV, Romantic TV Shows"
s6106,TV Show,The Bachelorette,United States,2020-12-01,2010,TV-14,1 Season,"Reality TV, Romantic TV Shows"
s6115,TV Show,The Barrier,Spain,2020-09-11,2020,TV-MA,1 Season,"International TV Shows, Spanish-Language TV Shows, TV Dramas"
s6122,TV Show,The Beat,,2017-09-18,2012,TV-MA,1 Season,"International TV Shows, TV Dramas"
s6125,TV Show,The Beginning of Life: The Series,Brazil,2016-11-11,2016,TV-PG,1 Season,"Docuseries, International TV Shows, Science & Nature TV"
s6127,TV Show,The Bible's Buried Secrets,United Kingdom,2019-02-01,2011,TV-14,1 Season,"British TV Shows, Docuseries, Science & Nature TV"
s6128,TV Show,The Big Catch,United Kingdom,2019-02-01,2015,TV-PG,1 Season,"British TV Shows, Reality TV"
s6129,TV Show,The Big Family Cooking Showdown,United Kingdom,2019-02-22,2018,TV-PG,2 Seasons,"British TV Shows, International TV Shows, Reality TV"
s6130,TV Show,The Big Flower Fight,United Kingdom,2020-05-18,2020,TV-PG,1 Season,"British TV Shows, International TV Shows, Reality TV"
s6131,TV Show,The Big Show Show,United States,2020-12-09,2020,TV-G,2 Seasons,"Kids' TV, TV Comedies"
s6141,TV Show,The Blacklist,United States,2020-09-18,2019,TV-14,7 Seasons,"Crime TV Shows, TV Dramas, TV Thrillers"
s6149,TV Show,The Blue Planet: A Natural History of the Oceans,United Kingdom,2015-10-10,2001,TV-G,1 Season,"British TV Shows, Docuseries, International TV Shows"
s6154,TV Show,The Bomb Squad,United Kingdom,2019-02-01,2011,TV-MA,1 Season,"British TV Shows, Docuseries"
s6155,TV Show,The Bonfire of Destiny,France,2019-12-26,2019,TV-MA,1 Season,"International TV Shows, TV Dramas"
s6158,TV Show,The Borgias,"United States, Hungary, Ireland, Canada",2014-02-01,2013,TV-MA,3 Seasons,TV Dramas
s6159,TV Show,The Boss Baby: Back in Business,United States,2020-11-17,2020,TV-Y7,4 Seasons,"Kids' TV, TV Comedies"
s6162,TV Show,The Boulet Brothers Dragula,United States,2019-11-01,2019,TV-MA,2 Seasons,Reality TV
s6175,TV Show,The Break,Belgium,2019-02-09,2018,TV-MA,2 Seasons,"Crime TV Shows, International TV Shows, TV Dramas"
s6176,TV Show,The Break with Michelle Wolf,United States,2018-05-27,2018,TV-MA,1 Season,"Stand-Up Comedy & Talk Shows, TV Comedies"
s6180,TV Show,The Bride of Habaek,South Korea,2020-01-01,2017,TV-14,1 Season,"International TV Shows, Korean TV Shows, Romantic TV Shows"
s6189,TV Show,The Business of Drugs,United States,2020-07-14,2020,TV-MA,1 Season,Docuseries
s6194,TV Show,The Cabin with Bert Kreischer,United States,2020-10-13,2020,TV-MA,1 Season,"Reality TV, TV Comedies"
s6197,TV Show,The Calling,India,2019-04-01,2018,TV-MA,1 Season,"International TV Shows, Reality TV"
s6203,TV Show,The Casketeers,New Zealand,2019-06-21,2019,TV-14,2 Seasons,"International TV Shows, Reality TV"
s6204,TV Show,The Cat in the Hat Knows a Lot About That!,"Canada, United Kingdom, United States",2021-01-01,2014,TV-Y,1 Season,Kids' TV
s6207,TV Show,The Chalet,France,2018-04-17,2018,TV-MA,1 Season,"Crime TV Shows, International TV Shows, TV Dramas"
s6208,TV Show,The Challenge,United States,2020-12-15,2006,TV-14,2 Seasons,Reality TV
s6209,TV Show,The Charming Stepmom,,2019-11-29,2019,TV-14,1 Season,"International TV Shows, Romantic TV Shows, TV Comedies"
s6211,TV Show,The Chase,United States,2020-06-15,2015,TV-PG,2 Seasons,Reality TV
s6212,TV Show,The Chef Show,United States,2020-09-24,2020,TV-MA,4 Seasons,Docuseries
s6213,TV Show,The Chefs' Line,Australia,2019-08-01,2017,TV-14,1 Season,"International TV Shows, Reality TV"
s6216,TV Show,The Chosen One,Brazil,2019-12-06,2019,TV-MA,2 Seasons,"International TV Shows, TV Dramas, TV Mysteries"
s6223,TV Show,The Circle,"United States, United Kingdom",2020-01-01,2020,TV-MA,1 Season,Reality TV
s6224,TV Show,The Circle Brazil,"Brazil, United Kingdom",2020-03-11,2020,TV-MA,1 Season,"International TV Shows, Reality TV"
s6225,TV Show,The Circle France,,2020-04-09,2020,TV-MA,1 Season,"International TV Shows, Reality TV"
s6230,TV Show,The Club,Mexico,2019-11-15,2019,TV-MA,1 Season,"Crime TV Shows, International TV Shows, Spanish-Language TV Shows"
s6231,TV Show,The Code,United Kingdom,2018-02-01,2011,TV-PG,1 Season,"British TV Shows, Docuseries, International TV Shows"
s6233,TV Show,The Comedy Lineup,United States,2018-08-31,2018,TV-MA,2 Seasons,"Stand-Up Comedy & Talk Shows, TV Comedies"
s6238,TV Show,The Confession Killer,United States,2019-12-06,2019,TV-14,1 Season,"Crime TV Shows, Docuseries"
s6239,TV Show,The Confession Tapes,United States,2019-06-21,2019,TV-MA,2 Seasons,"Crime TV Shows, Docuseries"
s6241,TV Show,The Confrontation,,2019-03-08,2018,TV-PG,1 Season,"International TV Shows, TV Dramas"
s6245,TV Show,The Could’ve-Gone-All-the-Way Committee,Japan,2018-08-01,2018,TV-14,1 Season,"International TV Shows, Romantic TV Shows, TV Dramas"
s6247,TV Show,The Cravings,South Korea,2017-04-20,2016,TV-14,2 Seasons,"International TV Shows, Korean TV Shows, TV Comedies"
s6249,TV Show,The Creative Indians,India,2020-08-24,2020,TV-MA,2 Seasons,"Docuseries, International TV Shows"
s6251,TV Show,The Crime,Poland,2019-11-26,2015,TV-MA,2 Seasons,"Crime TV Shows, International TV Shows, TV Dramas"
s6255,TV Show,The Crown,"United Kingdom, United States",2020-11-15,2020,TV-MA,4 Seasons,"British TV Shows, International TV Shows, TV Dramas"
s6259,TV Show,The Cuba Libre Story,"France, Germany",2016-12-08,2015,TV-14,1 Season,"Docuseries, International TV Shows"
s6260,TV Show,The Curious Creations of Christine McConnell,United States,2018-10-12,2018,TV-PG,1 Season,"TV Comedies, TV Mysteries"
s6261,TV Show,The Curse of Oak Island,United States,2019-09-15,2016,TV-PG,1 Season,"Docuseries, Science & Nature TV"
s6268,TV Show,The Dark Crystal: Age of Resistance,"United Kingdom, United States",2019-08-30,2019,TV-PG,1 Season,"TV Action & Adventure, TV Dramas, TV Sci-Fi & Fantasy"
s6274,TV Show,The Day I Met El Chapo,United States,2017-10-20,2017,TV-MA,1 Season,"Crime TV Shows, Docuseries, International TV Shows"
s6275,TV Show,The Day My Butt Went Psycho!,"Canada, Australia",2015-06-30,2015,TV-Y7,2 Seasons,"Kids' TV, TV Comedies"
s6277,TV Show,The Day Will Come,Denmark,2017-06-01,2016,TV-14,1 Season,"International TV Shows, TV Dramas"
s6285,TV Show,The Deep,"Canada, Australia",2019-11-01,2019,TV-Y7,3 Seasons,Kids' TV
s6286,TV Show,The Defected,"China, Hong Kong",2019-05-12,2019,TV-14,1 Season,"Crime TV Shows, International TV Shows, TV Dramas"
s6287,TV Show,The Degenerates,,2019-12-31,2019,TV-MA,2 Seasons,"Stand-Up Comedy & Talk Shows, TV Comedies"
s6295,TV Show,The Devil Is a Part-Timer!,Japan,2019-04-01,2013,TV-14,1 Season,Anime Series
s6296,TV Show,The Devil Next Door,United States,2019-11-04,2019,TV-MA,1 Season,"Crime TV Shows, Docuseries"
s6297,TV Show,The Devil Punisher,Taiwan,2020-10-26,2020,TV-14,1 Season,"International TV Shows, Romantic TV Shows, TV Mysteries"
s6302,TV Show,The Disappearance of Madeleine McCann,,2019-03-15,2019,TV-14,1 Season,"Crime TV Shows, Docuseries"
s6304,TV Show,The Disastrous Life of Saiki K.,Japan,2019-03-01,2018,TV-14,3 Seasons,"Anime Series, International TV Shows, Teen TV Shows"
s6305,TV Show,The Disastrous Life of Saiki K.: Reawakened,Japan,2019-12-30,2019,TV-14,1 Season,"Anime Series, International TV Shows"
s6311,TV Show,The Dragon Prince,"United States, Canada",2019-11-22,2019,TV-Y7,3 Seasons,"Kids' TV, TV Action & Adventure, TV Sci-Fi & Fantasy"
s6312,TV Show,The Dream Catchers,Singapore,2017-10-01,2009,TV-14,1 Season,"International TV Shows, Romantic TV Shows, TV Dramas"
s6313,TV Show,The Dream Job,Singapore,2017-06-01,2016,TV-14,1 Season,"International TV Shows, TV Dramas"
s6317,TV Show,The Drunk and on Drugs Happy Funtime Hour,Canada,2018-08-24,2011,TV-MA,1 Season,"International TV Shows, TV Comedies"
s6318,TV Show,The Duchess,United Kingdom,2020-09-11,2020,TV-MA,1 Season,"British TV Shows, International TV Shows, TV Comedies"
s6322,TV Show,The Eagle of El-Se'eed,,2019-03-25,2018,TV-14,1 Season,"Crime TV Shows, International TV Shows, TV Action & Adventure"
s6323,TV Show,The Eddy,"United Kingdom, Germany, United States, France",2020-05-08,2020,TV-MA,1 Season,"International TV Shows, TV Dramas"
s6327,TV Show,The Eighties,United States,2018-09-30,2016,TV-PG,1 Season,Docuseries
s6331,TV Show,The End of the F***ing World,United Kingdom,2019-11-05,2019,TV-MA,2 Seasons,"British TV Shows, International TV Shows, TV Comedies"
s6335,TV Show,The English Game,United Kingdom,2020-03-20,2020,TV-14,1 Season,"British TV Shows, International TV Shows, TV Dramas"
s6336,TV Show,The Epic Tales of Captain Underpants,United States,2019-07-19,2019,TV-Y7,3 Seasons,"Kids' TV, TV Comedies"
s6337,TV Show,The Epic Tales of Captain Underpants in Space,United States,2020-07-10,2020,TV-Y7,1 Season,"Kids' TV, TV Action & Adventure, TV Comedies"
s6340,TV Show,The Expanding Universe of Ashley Garcia,United States,2020-12-09,2020,TV-PG,3 Seasons,"Kids' TV, TV Comedies, Teen TV Shows"
s6344,TV Show,The Family Court,,2017-11-01,2010,TV-MA,1 Season,"International TV Shows, TV Dramas"
s6345,TV Show,The Fear,United Kingdom,2017-03-31,2012,TV-MA,1 Season,"British TV Shows, Crime TV Shows, TV Dramas"
s6348,TV Show,The Fierce Wife,Taiwan,2016-09-01,2010,TV-MA,1 Season,"International TV Shows, Romantic TV Shows, TV Dramas"
s6352,TV Show,The Final Table,United States,2018-11-20,2018,TV-PG,1 Season,Reality TV
s6357,TV Show,The Five,United Kingdom,2017-09-15,2016,TV-MA,1 Season,"British TV Shows, Crime TV Shows, TV Dramas"
s6359,TV Show,The Fix,United States,2018-12-14,2018,TV-MA,1 Season,TV Comedies
s6360,TV Show,The Flash,United States,2020-05-20,2019,TV-14,6 Seasons,"Crime TV Shows, TV Action & Adventure, TV Sci-Fi & Fantasy"
s6370,TV Show,The Forest of Love: Deep Cut,Japan,2020-04-30,2020,TV-MA,1 Season,"Crime TV Shows, International TV Shows, TV Dramas"
s6373,TV Show,The Fosters,United States,2017-10-05,2017,TV-14,5 Seasons,TV Dramas
s6375,TV Show,The Frankenstein Chronicles,United Kingdom,2018-02-20,2017,TV-MA,2 Seasons,"British TV Shows, Crime TV Shows, International TV Shows"
s6377,TV Show,The Frozen Dead,France,2018-01-01,2017,TV-MA,1 Season,"Crime TV Shows, International TV Shows, TV Dramas"
s6380,TV Show,The Furchester Hotel,"United Kingdom, United States",2017-02-01,2015,TV-Y,2 Seasons,"British TV Shows, Kids' TV"
s6382,TV Show,The Future of Water,Norway,2016-07-01,2007,TV-PG,1 Season,"Docuseries, International TV Shows, Science & Nature TV"
s6383,TV Show,The Game,United States,2020-08-15,2008,TV-14,3 Seasons,"Romantic TV Shows, TV Comedies, TV Dramas"
s6386,TV Show,The Garfield Show,"France, United States",2020-11-01,2018,TV-Y,4 Seasons,"Kids' TV, TV Comedies"
s6389,TV Show,The Get Down,United States,2017-04-07,2017,TV-MA,2 Seasons,TV Dramas
s6391,TV Show,The Ghost Bride,"Taiwan, Malaysia",2020-01-23,2020,TV-14,1 Season,"International TV Shows, TV Dramas, TV Mysteries"
s6394,TV Show,The Gift,Turkey,2020-09-10,2020,TV-MA,2 Seasons,"International TV Shows, TV Dramas, TV Mysteries"
s6398,TV Show,The Golden Path,,2017-11-01,2007,TV-MA,1 Season,"International TV Shows, TV Dramas"
s6399,TV Show,The Golden Years with Javed Akhtar,India,2017-06-01,2016,TV-G,1 Season,"Docuseries, International TV Shows"
s6401,TV Show,The Good Bandit,Colombia,2019-08-30,2018,TV-MA,1 Season,"Crime TV Shows, International TV Shows, Spanish-Language TV Shows"
s6403,TV Show,The Good Cop,United States,2018-09-21,2018,TV-14,1 Season,"Crime TV Shows, TV Comedies, TV Dramas"
s6404,TV Show,The Good Detective,South Korea,2020-11-01,2020,TV-MA,1 Season,"Crime TV Shows, International TV Shows, TV Dramas"
s6406,TV Show,The Good Place,United States,2020-09-26,2020,TV-14,4 Seasons,TV Comedies
s6408,TV Show,The goop lab with Gwyneth Paltrow,United States,2020-01-24,2020,TV-MA,1 Season,Reality TV
s6413,TV Show,The Governor,Nigeria,2020-08-08,2016,TV-14,1 Season,"International TV Shows, TV Dramas"
s6416,TV Show,The Great British Baking Show,United Kingdom,2020-09-25,2020,TV-14,8 Seasons,"British TV Shows, Reality TV"
s6417,TV Show,The Great British Baking Show: Holidays,,2020-12-04,2020,TV-14,3 Seasons,"British TV Shows, Reality TV"
s6418,TV Show,The Great British Baking Show: Masterclass,United Kingdom,2018-12-01,2018,TV-PG,4 Seasons,"British TV Shows, Reality TV"
s6419,TV Show,The Great British Baking Show: The Beginnings,,2018-11-01,2012,TV-PG,1 Season,"British TV Shows, Reality TV"
s6422,TV Show,The Great Heist,Colombia,2020-08-14,2020,TV-MA,1 Season,"Crime TV Shows, International TV Shows, Spanish-Language TV Shows"
s6425,TV Show,The Great Train Robbery,United Kingdom,2017-03-31,2013,NR,1 Season,"British TV Shows, Crime TV Shows, International TV Shows"
s6430,TV Show,The Guest,South Korea,2020-12-01,2018,TV-14,1 Season,"International TV Shows, TV Horror, TV Mysteries"
s6431,TV Show,The Guild,United States,2019-03-02,2013,TV-MA,1 Season,TV Comedies
s6436,TV Show,The Hateful Eight: Extended Version,,2019-04-25,2015,R,1 Season,TV Shows
s6439,TV Show,The Haunted Hathaways,United States,2021-01-01,2013,TV-G,2 Seasons,"Kids' TV, TV Comedies, TV Sci-Fi & Fantasy"
s6440,TV Show,The Haunting of Bly Manor,United States,2020-10-09,2020,TV-MA,1 Season,"TV Dramas, TV Horror, TV Mysteries"
s6441,TV Show,The Haunting of Hill House,United States,2018-10-12,2018,TV-MA,1 Season,"TV Dramas, TV Horror, TV Mysteries"
s6444,TV Show,The Healing Powers of Dude,,2020-01-13,2020,TV-G,1 Season,"Kids' TV, TV Comedies, TV Dramas"
s6454,TV Show,The Hockey Girls,Spain,2019-09-20,2019,TV-MA,1 Season,"International TV Shows, TV Comedies, TV Dramas"
s6456,TV Show,The Holiday Movies That Made Us,United States,2020-12-01,2020,TV-PG,1 Season,Docuseries
s6457,TV Show,The Hollow,Canada,2020-05-08,2020,TV-Y7,2 Seasons,"Kids' TV, TV Thrillers"
s6459,TV Show,The Hollywood Masters,United States,2018-10-23,2017,TV-MA,3 Seasons,Stand-Up Comedy & Talk Shows
s6461,TV Show,The Homecoming,,2017-06-02,2015,TV-PG,1 Season,"International TV Shows, Korean TV Shows, Reality TV"
s6462,TV Show,The Honeymoon Stand Up Special,United States,2018-04-17,2018,TV-MA,1 Season,"Stand-Up Comedy & Talk Shows, TV Comedies"
s6463,TV Show,The Hook Up Plan,France,2019-10-11,2020,TV-MA,2 Seasons,"International TV Shows, Romantic TV Shows, TV Comedies"
s6465,TV Show,The House of Flowers,Mexico,2020-04-23,2020,TV-MA,3 Seasons,"International TV Shows, Spanish-Language TV Shows, TV Comedies"
s6468,TV Show,The House That Made Me,India,2017-03-31,2015,TV-PG,3 Seasons,"International TV Shows, Reality TV"
s6474,TV Show,The Hunt,United Kingdom,2017-05-14,2015,TV-PG,1 Season,"British TV Shows, Docuseries, Science & Nature TV"
s6477,TV Show,The I-Land,United States,2019-09-12,2019,TV-MA,1 Season,"TV Action & Adventure, TV Dramas, TV Sci-Fi & Fantasy"
s6478,TV Show,The Idhun Chronicles,Spain,2021-01-08,2021,TV-14,2 Seasons,"Anime Series, International TV Shows, Spanish-Language TV Shows"
s6479,TV Show,The Iliza Shlesinger Sketch Show,United States,2020-04-01,2020,TV-MA,1 Season,TV Comedies
s6482,TV Show,The In-Laws,Singapore,2017-08-01,2011,TV-14,1 Season,"International TV Shows, TV Dramas"
s6483,TV Show,The InBESTigators,Australia,2020-01-10,2020,TV-Y,2 Seasons,"Kids' TV, TV Comedies"
s6484,TV Show,The Inbetweeners,United Kingdom,2018-01-01,2010,TV-MA,3 Seasons,"British TV Shows, TV Comedies"
s6489,TV Show,The Indian Detective,"Canada, Germany, South Africa",2017-12-19,2017,TV-14,1 Season,"Crime TV Shows, International TV Shows, TV Comedies"
s6493,TV Show,The Inmate,Mexico,2019-09-26,2018,TV-MA,1 Season,"Crime TV Shows, International TV Shows, Spanish-Language TV Shows"
s6494,TV Show,The Innocence Files,United States,2020-04-15,2020,TV-MA,1 Season,"Crime TV Shows, Docuseries"
s6495,TV Show,The Innocent Man,United States,2018-12-14,2018,TV-MA,1 Season,"Crime TV Shows, Docuseries"
s6496,TV Show,The Innocents,United Kingdom,2018-08-24,2018,TV-MA,1 Season,"British TV Shows, International TV Shows, Romantic TV Shows"
s6503,TV Show,The Investigator: A British Crime Story,United Kingdom,2020-03-05,2018,TV-MA,2 Seasons,"British TV Shows, Crime TV Shows, Docuseries"
s6507,TV Show,The Irish Mob,,2016-12-01,2008,TV-MA,1 Season,"Crime TV Shows, Docuseries"
s6511,TV Show,The Irregular at Magic High School,Japan,2017-11-15,2014,TV-14,1 Season,"Anime Series, International TV Shows, Teen TV Shows"
s6513,TV Show,The IT Crowd,United Kingdom,2017-08-01,2013,TV-MA,5 Seasons,"British TV Shows, Classic & Cult TV, International TV Shows"
s6516,TV Show,The Jaime Maussan Show,United States,2017-12-01,2010,TV-PG,1 Season,"Docuseries, International TV Shows, Spanish-Language TV Shows"
s6518,TV Show,The Joel McHale Show with Joel McHale,United States,2018-07-15,2018,TV-MA,2 Seasons,"Stand-Up Comedy & Talk Shows, TV Comedies"
s6520,TV Show,The Judgement,Thailand,2018-11-02,2018,TV-MA,1 Season,"Crime TV Shows, International TV Shows, TV Dramas"
s6521,TV Show,The Jungle Book,"India, Germany, France",2019-05-11,2010,TV-Y7,1 Season,Kids' TV
s6523,TV Show,The K2,South Korea,2019-10-01,2016,TV-14,1 Season,"International TV Shows, Korean TV Shows, Romantic TV Shows"
s6525,TV Show,The Keepers,United States,2017-05-19,2017,TV-MA,1 Season,"Crime TV Shows, Docuseries, TV Mysteries"
s6530,TV Show,The Kindness Diaries,,2019-05-01,2019,TV-PG,1 Season,Reality TV
s6532,TV Show,The King: Eternal Monarch,South Korea,2020-04-18,2020,TV-14,1 Season,"Crime TV Shows, International TV Shows, Korean TV Shows"
s6533,TV Show,The King's Avatar,China,2019-08-16,2019,TV-MA,1 Season,"International TV Shows, TV Action & Adventure, TV Dramas"
s6535,TV Show,The Kirlian Frequency,Argentina,2019-02-15,2017,TV-14,1 Season,"International TV Shows, Spanish-Language TV Shows, TV Horror"
s6540,TV Show,The Kominsky Method,United States,2019-10-25,2019,TV-MA,2 Seasons,"TV Comedies, TV Dramas"
s6541,TV Show,The L Word,"Canada, United States",2018-03-20,2009,TV-MA,6 Seasons,"Romantic TV Shows, TV Dramas"
s6542,TV Show,The Lady in Dignity,South Korea,2018-01-30,2017,TV-MA,1 Season,"International TV Shows, Korean TV Shows, TV Dramas"
s6547,TV Show,The Land of Hypocrisy,Egypt,2019-03-13,2018,TV-14,1 Season,"International TV Shows, TV Comedies, TV Sci-Fi & Fantasy"
s6554,TV Show,The Last Czars,United States,2019-07-03,2019,TV-MA,1 Season,"Docuseries, TV Dramas"
s6555,TV Show,The Last Dance,United States,2020-07-19,2020,TV-MA,1 Season,Docuseries
s6562,TV Show,The Last Kids on Earth,United States,2020-10-16,2020,TV-Y7,3 Seasons,"Kids' TV, TV Comedies"
s6563,TV Show,The Last Kingdom,United Kingdom,2020-04-26,2020,TV-MA,4 Seasons,"British TV Shows, International TV Shows, TV Action & Adventure"
s6566,TV Show,The Last O.G.,United States,2019-12-04,2019,TV-MA,2 Seasons,TV Comedies
s6567,TV Show,The Last of the Schmucks,Egypt,2019-02-07,2017,TV-MA,1 Season,"International TV Shows, TV Comedies"
s6574,TV Show,The Last Word,Germany,2020-09-17,2020,TV-MA,1 Season,"International TV Shows, TV Comedies, TV Dramas"
s6578,TV Show,The Least Expected Day: Inside the Movistar Team 2019,,2020-03-27,2020,TV-MA,1 Season,"Docuseries, International TV Shows, Spanish-Language TV Shows"
s6583,TV Show,The Legend of Bruce Lee,China,2017-07-07,2008,TV-14,1 Season,"International TV Shows, TV Action & Adventure, TV Dramas"
s6585,TV Show,The Legend of Korra,United States,2020-08-14,2014,TV-Y7,4 Seasons,"Kids' TV, TV Action & Adventure, TV Sci-Fi & Fantasy"
s6587,TV Show,The Legend of White Snake,China,2019-07-05,2019,TV-14,1 Season,"International TV Shows, Romantic TV Shows, TV Dramas"
s6588,TV Show,The Letdown,Australia,2019-07-31,2019,TV-MA,2 Seasons,"International TV Shows, TV Comedies, TV Dramas"
s6589,TV Show,The Letter for the King,United Kingdom,2020-03-20,2020,TV-PG,1 Season,"British TV Shows, International TV Shows, TV Action & Adventure"
s6591,TV Show,The Liar,,2017-10-21,2013,TV-14,1 Season,"Crime TV Shows, International TV Shows, TV Dramas"
s6592,TV Show,The Liar and His Lover,South Korea,2019-10-01,2017,TV-PG,1 Season,"International TV Shows, Korean TV Shows, Romantic TV Shows"
s6593,TV Show,The Liberator,United States,2020-11-11,2020,TV-MA,1 Season,"TV Action & Adventure, TV Dramas"
s6594,TV Show,The Lies Within,South Korea,2019-10-13,2019,TV-14,1 Season,"Crime TV Shows, International TV Shows, Korean TV Shows"
s6602,TV Show,The Little Nyonya,,2017-11-01,2009,TV-14,1 Season,"International TV Shows, TV Dramas"
s6608,TV Show,The Lizzie Borden Chronicles,United States,2016-02-01,2015,TV-14,1 Season,"Crime TV Shows, TV Dramas, TV Thrillers"
s6630,TV Show,The Magic School Bus,"Canada, United States",2014-11-19,1997,TV-Y,4 Seasons,Kids' TV
s6631,TV Show,The Magic School Bus Rides Again,United States,2018-04-13,2018,TV-Y,2 Seasons,Kids' TV
s6635,TV Show,The Magicians,"United States, Canada",2021-01-15,2020,TV-MA,5 Seasons,"TV Dramas, TV Sci-Fi & Fantasy"
s6637,TV Show,The Making of Frozen Planet,"United Kingdom, United States, Spain, Germany, Greece, Canada",2016-01-28,2012,TV-PG,1 Season,"British TV Shows, Docuseries, Science & Nature TV"
s6642,TV Show,The Many Faces of Ito,Japan,2017-11-24,2017,TV-14,1 Season,"International TV Shows, Romantic TV Shows, TV Dramas"
s6656,TV Show,The Mechanism,Brazil,2019-05-10,2019,TV-MA,2 Seasons,"Crime TV Shows, International TV Shows, TV Dramas"
s6660,TV Show,The Mess You Leave Behind,Spain,2020-12-11,2020,TV-MA,1 Season,"International TV Shows, Spanish-Language TV Shows, TV Dramas"
s6661,TV Show,The Messengers,United States,2016-04-17,2015,TV-14,1 Season,"TV Dramas, TV Mysteries, TV Sci-Fi & Fantasy"
s6662,TV Show,The Method,Russia,2017-11-15,2015,TV-MA,1 Season,"Crime TV Shows, International TV Shows, TV Dramas"
s6665,TV Show,The Midnight Gospel,United States,2020-04-20,2020,TV-MA,1 Season,TV Comedies
s6669,TV Show,The Mind of a Chef,United States,2017-11-01,2016,TV-PG,5 Seasons,Docuseries
s6670,TV Show,"The Mind, Explained",United States,2019-09-12,2019,TV-14,1 Season,"Docuseries, Science & Nature TV"
s6672,TV Show,The Minimighty Kids,France,2018-04-15,2012,TV-G,2 Seasons,"Kids' TV, TV Comedies"
s6673,TV Show,The Minions of Midas,Spain,2020-11-13,2020,TV-MA,1 Season,"Crime TV Shows, International TV Shows, Spanish-Language TV Shows"
s6674,TV Show,The Ministry of Time,Spain,2018-01-28,2017,TV-MA,3 Seasons,"International TV Shows, Spanish-Language TV Shows, TV Action & Adventure"
s6675,TV Show,The Miracle,South Korea,2017-04-10,2016,TV-14,1 Season,"International TV Shows, Korean TV Shows, TV Dramas"
s6676,TV Show,The Mire,Poland,2020-03-25,2018,TV-MA,1 Season,"Crime TV Shows, International TV Shows, TV Dramas"
s6678,TV Show,The Missing Menu,,2019-05-08,2016,TV-PG,1 Season,"International TV Shows, TV Dramas"
s6679,TV Show,The Mist,"Canada, United States",2017-10-24,2017,TV-MA,1 Season,"TV Dramas, TV Horror, TV Mysteries"
s6685,TV Show,The Mortified Guide,United States,2018-02-14,2018,TV-MA,1 Season,Docuseries
s6687,TV Show,The Most Beautiful Hands of Delhi,Sweden,2017-07-20,2017,TV-MA,1 Season,"International TV Shows, TV Comedies, TV Dramas"
s6691,TV Show,The Movies That Made Us,United States,2019-11-29,2019,TV-MA,1 Season,Docuseries
s6692,TV Show,The Mr. Peabody and Sherman Show,United States,2017-04-21,2017,TV-Y7,4 Seasons,"Kids' TV, TV Comedies"
s6694,TV Show,The Murder Detectives,United Kingdom,2017-03-31,2015,TV-MA,1 Season,"British TV Shows, Crime TV Shows, Docuseries"
s6696,TV Show,The Naked Director,Japan,2019-08-08,2019,TV-MA,1 Season,"International TV Shows, TV Dramas"
s6701,TV Show,The Neighbor,Spain,2019-12-31,2019,TV-MA,1 Season,"International TV Shows, Spanish-Language TV Shows, TV Comedies"
s6702,TV Show,The Netflix Afterparty,United States,2021-01-02,2021,TV-MA,1 Season,"Stand-Up Comedy & Talk Shows, TV Comedies"
s6704,TV Show,The New Legends of Monkey,"Australia, New Zealand",2020-08-07,2020,TV-PG,2 Seasons,"Kids' TV, TV Action & Adventure, TV Sci-Fi & Fantasy"
s6708,TV Show,The Next Step,Canada,2020-08-01,2018,TV-G,1 Season,"Kids' TV, Reality TV, TV Dramas"
s6711,TV Show,The Night Shift,United States,2018-06-07,2017,TV-14,4 Seasons,TV Dramas
s6712,TV Show,The Nineties,United States,2018-09-30,2017,TV-14,1 Season,Docuseries
s6716,TV Show,The OA,United States,2019-03-22,2019,TV-MA,2 Seasons,"TV Dramas, TV Mysteries, TV Sci-Fi & Fantasy"
s6717,TV Show,The Oath,Singapore,2017-07-01,2011,TV-14,1 Season,"International TV Shows, Romantic TV Shows, TV Dramas"
s6719,TV Show,The Office (U.S.),United States,2016-01-01,2012,TV-14,9 Seasons,TV Comedies
s6722,TV Show,The Ollie & Moon Show,France,2020-01-14,2018,TV-Y,1 Season,Kids' TV
s6726,TV Show,The Order,United States,2020-06-18,2020,TV-MA,2 Seasons,"International TV Shows, TV Dramas, TV Horror"
s6728,TV Show,The Originals,United States,2018-08-09,2018,TV-14,5 Seasons,"TV Dramas, TV Horror, TV Mysteries"
s6737,TV Show,The Outsiders,Taiwan,2019-04-30,2004,TV-MA,1 Season,"Crime TV Shows, International TV Shows, Romantic TV Shows"
s6740,TV Show,The Paper,Croatia,2019-01-01,2018,TV-MA,2 Seasons,"International TV Shows, TV Dramas"
s6742,TV Show,The Parkers,United States,2020-10-01,2003,TV-PG,5 Seasons,TV Comedies
s6750,TV Show,The Perfect Match,,2019-01-25,2017,TV-14,1 Season,"International TV Shows, Romantic TV Shows, TV Comedies"
s6755,TV Show,The Pharmacist,United States,2020-02-05,2020,TV-MA,1 Season,"Crime TV Shows, Docuseries"
s6766,TV Show,The Platform,United Arab Emirates,2020-09-03,2020,TV-14,1 Season,"International TV Shows, TV Dramas"
s6767,TV Show,The Playbook,United States,2020-09-22,2020,TV-MA,1 Season,Docuseries
s6771,TV Show,The Politician,United States,2020-06-19,2020,TV-MA,2 Seasons,"TV Comedies, TV Dramas, Teen TV Shows"
s6778,TV Show,The Prince of Tennis ~ Match! Tennis Juniors ~,China,2019-12-04,2019,TV-PG,1 Season,"International TV Shows, TV Dramas, Teen TV Shows"
s6779,TV Show,The Prince Who Turns into a Frog,Taiwan,2016-08-01,2005,TV-14,1 Season,"International TV Shows, Romantic TV Shows, TV Comedies"
s6783,TV Show,The Princess Weiyoung,China,2019-05-10,2016,TV-14,1 Season,"International TV Shows, Romantic TV Shows, TV Dramas"
s6788,TV Show,The Promised Neverland,Japan,2020-09-01,2019,TV-14,1 Season,"Anime Series, International TV Shows, TV Thrillers"
s6789,TV Show,The Protector,Turkey,2020-07-09,2020,TV-MA,4 Seasons,"International TV Shows, Romantic TV Shows, TV Action & Adventure"
s6793,TV Show,The Pyramid Code,Canada,2016-02-08,2009,TV-PG,1 Season,"Docuseries, Science & Nature TV"
s6795,TV Show,The Queen and the Conqueror,Colombia,2020-05-20,2020,TV-14,1 Season,"International TV Shows, Spanish-Language TV Shows, TV Dramas"
s6796,TV Show,The Queen of Flow,Colombia,2018-11-09,2018,TV-MA,1 Season,"Crime TV Shows, International TV Shows, Spanish-Language TV Shows"
s6797,TV Show,The Queen's Gambit,United States,2020-10-23,2020,TV-MA,1 Season,TV Dramas
s6799,TV Show,The Rain,"Denmark, United States",2020-08-06,2020,TV-MA,3 Seasons,"International TV Shows, TV Dramas, TV Mysteries"
s6802,TV Show,The Ranch,United States,2020-01-24,2020,TV-MA,8 Seasons,"TV Comedies, TV Dramas"
s6803,TV Show,The Rap Game,United States,2019-09-15,2016,TV-14,1 Season,Reality TV
s6805,TV Show,The Real Football Factories,United Kingdom,2017-12-29,2006,TV-MA,1 Season,"British TV Shows, Docuseries, International TV Shows"
s6814,TV Show,The Repair Shop,United Kingdom,2020-12-01,2018,TV-PG,1 Season,"British TV Shows, Reality TV"
s6818,TV Show,The Returned,France,2019-02-17,2015,TV-MA,1 Season,"International TV Shows, TV Dramas, TV Horror"
s6825,TV Show,The Ripper,United Kingdom,2020-12-16,2020,TV-MA,1 Season,"British TV Shows, Crime TV Shows, Docuseries"
s6826,TV Show,The Rise of Phoenixes,China,2018-09-14,2018,TV-14,1 Season,"International TV Shows, Romantic TV Shows, TV Action & Adventure"
s6830,TV Show,The Road to Calvary,Russia,2018-09-01,2017,TV-14,1 Season,"International TV Shows, TV Dramas"
s6832,TV Show,The Road to Love,Colombia,2019-12-04,2019,TV-14,1 Season,"International TV Shows, Romantic TV Shows, Spanish-Language TV Shows"
s6839,TV Show,The Royal House of Windsor,United Kingdom,2017-09-30,2017,TV-MA,1 Season,"British TV Shows, Docuseries, International TV Shows"
s6850,TV Show,The School Nurse Files,South Korea,2020-09-25,2020,TV-MA,1 Season,"International TV Shows, TV Dramas, TV Mysteries"
s6854,TV Show,The Search,Mexico,2020-06-12,2020,TV-MA,1 Season,"Crime TV Shows, International TV Shows, Spanish-Language TV Shows"
s6859,TV Show,The Seven Deadly Sins,Japan,2020-08-06,2019,TV-14,4 Seasons,"Anime Series, International TV Shows"
s6862,TV Show,The Seventies,United States,2018-09-30,2015,TV-PG,1 Season,Docuseries
s6863,TV Show,The Shannara Chronicles,"United States, New Zealand",2018-01-22,2018,TV-MA,2 Seasons,"TV Action & Adventure, TV Dramas, TV Sci-Fi & Fantasy"
s6877,TV Show,The Sinner,United States,2019-08-01,2018,TV-MA,2 Seasons,"Crime TV Shows, TV Dramas, TV Mysteries"
s6883,TV Show,The Sniffer,Ukraine,2018-06-01,2017,TV-MA,3 Seasons,"Crime TV Shows, International TV Shows, TV Dramas"
s6886,TV Show,The Society,United States,2019-05-10,2019,TV-MA,1 Season,"TV Dramas, Teen TV Shows"
s6888,TV Show,The Sound of Your Heart,South Korea,2017-02-24,2016,TV-14,1 Season,"International TV Shows, Korean TV Shows, TV Comedies"
s6889,TV Show,The Sound of Your Heart: Reboot,South Korea,2018-12-03,2018,TV-14,2 Seasons,"International TV Shows, Korean TV Shows, TV Comedies"
s6896,TV Show,The Spy,France,2019-09-06,2019,TV-MA,1 Season,"International TV Shows, TV Dramas, TV Thrillers"
s6901,TV Show,The Staircase,France,2018-06-08,2018,TV-MA,1 Season,"Crime TV Shows, Docuseries, TV Mysteries"
s6903,TV Show,The Standups,United States,2018-03-20,2018,TV-MA,2 Seasons,"Stand-Up Comedy & Talk Shows, TV Comedies"
s6906,TV Show,The Story of God with Morgan Freeman,United States,2019-02-01,2017,TV-14,2 Seasons,Docuseries
s6907,TV Show,The Story of Us with Morgan Freeman,United States,2019-02-01,2017,TV-14,1 Season,Docuseries
s6908,TV Show,The Stranded,Thailand,2019-11-15,2019,TV-MA,1 Season,"International TV Shows, TV Action & Adventure, TV Dramas"
s6909,TV Show,THE STRANGER,United Kingdom,2020-01-30,2020,TV-MA,1 Season,"Crime TV Shows, TV Dramas, TV Mysteries"
s6915,TV Show,The Super Mario Bros. Super Show!,"United States, Canada",2016-05-22,1989,TV-Y7,1 Season,Kids' TV
s6917,TV Show,The Surgeon's Cut,United States,2020-12-09,2020,TV-14,1 Season,"Docuseries, Science & Nature TV"
s6923,TV Show,The Terminal,,2019-03-29,2018,TV-14,1 Season,"International TV Shows, TV Dramas"
s6935,TV Show,The Toys That Made Us,United States,2019-11-15,2019,TV-14,3 Seasons,"Docuseries, Reality TV"
s6937,TV Show,The Traffickers,United States,2018-01-22,2016,TV-MA,1 Season,"Crime TV Shows, Docuseries"
s6940,TV Show,The Trial,Italy,2020-04-10,2019,TV-MA,1 Season,"Crime TV Shows, International TV Shows, TV Dramas"
s6942,TV Show,The Trials of Gabriel Fernandez,United States,2020-02-26,2020,TV-MA,1 Season,"Crime TV Shows, Docuseries"
s6948,TV Show,The Truth,,2017-11-01,2008,TV-14,1 Season,"Crime TV Shows, International TV Shows, TV Action & Adventure"
s6950,TV Show,The Truth Seekers,Singapore,2017-07-01,2016,TV-MA,1 Season,"Crime TV Shows, International TV Shows, TV Dramas"
s6951,TV Show,The Tudors,"Ireland, Canada, United States, United Kingdom",2018-01-08,2010,TV-MA,4 Seasons,TV Dramas
s6953,TV Show,The Twelve,Belgium,2020-07-10,2019,TV-MA,1 Season,"Crime TV Shows, International TV Shows, TV Dramas"
s6954,TV Show,The Twilight Zone (Original Series),United States,2017-07-01,1963,TV-14,4 Seasons,"Classic & Cult TV, TV Sci-Fi & Fantasy"
s6958,TV Show,The Ultimatum,Singapore,2017-07-01,2009,TV-14,1 Season,"International TV Shows, TV Dramas"
s6959,TV Show,The Umbrella Academy,"United States, Canada",2020-07-31,2020,TV-14,2 Seasons,"TV Action & Adventure, TV Mysteries, TV Sci-Fi & Fantasy"
s6961,TV Show,The Uncanny Counter,South Korea,2020-11-29,2020,TV-14,1 Season,"International TV Shows, TV Action & Adventure, TV Dramas"
s6962,TV Show,The Underclass,Thailand,2020-07-06,2020,TV-MA,1 Season,"International TV Shows, TV Dramas, Teen TV Shows"
s6963,TV Show,The Underwear,,2018-06-19,2017,TV-MA,1 Season,"International TV Shows, TV Dramas, Teen TV Shows"
s6964,TV Show,The Unicorn,United States,2020-10-01,2019,TV-14,1 Season,"TV Comedies, TV Dramas"
s6965,TV Show,The Universe,United States,2019-09-15,2009,TV-14,1 Season,"Docuseries, Science & Nature TV"
s6966,TV Show,The Universe: Ancient Mysteries Solved,,2020-05-02,2015,TV-PG,1 Season,"Docuseries, Science & Nature TV"
s6969,TV Show,THE UNLISTED,Australia,2019-10-17,2019,TV-PG,1 Season,"Kids' TV, TV Thrillers"
s6971,TV Show,The Unremarkable Juanquini,,2020-05-15,2020,TV-MA,1 Season,"International TV Shows, Spanish-Language TV Shows, TV Comedies"
s6972,TV Show,The Untamed,China,2019-10-25,2019,TV-14,1 Season,"International TV Shows, TV Action & Adventure, TV Mysteries"
s6974,TV Show,The Valhalla Murders,Iceland,2020-03-13,2020,TV-MA,1 Season,"Crime TV Shows, International TV Shows, TV Dramas"
s6975,TV Show,The Vampire Diaries,United States,2017-09-04,2017,TV-14,8 Seasons,"TV Dramas, TV Mysteries, TV Sci-Fi & Fantasy"
s6980,TV Show,The Victims' Game,Taiwan,2020-04-30,2020,TV-MA,1 Season,"Crime TV Shows, International TV Shows, TV Dramas"
s6981,TV Show,The Vietnam War: A Film by Ken Burns and Lynn Novick,United States,2018-06-20,2017,TV-MA,1 Season,Docuseries
s6984,TV Show,The Walking Dead,United States,2019-09-01,2018,TV-MA,9 Seasons,"Classic & Cult TV, TV Action & Adventure, TV Dramas"
s6987,TV Show,The War: A Film by Ken Burns and Lynn Novick,United States,2017-02-22,2007,TV-14,1 Season,Docuseries
s6997,TV Show,The West Wing,United States,2015-12-25,2005,TV-14,7 Seasons,TV Dramas
s6999,TV Show,The Who Was? Show,United States,2018-05-11,2018,TV-PG,1 Season,"Kids' TV, TV Comedies"
s7000,TV Show,The Wiggles,Australia,2020-05-15,2015,TV-Y,2 Seasons,Kids' TV
s7002,TV Show,The Windsors,United Kingdom,2020-04-01,2020,TV-MA,3 Seasons,"British TV Shows, International TV Shows, TV Comedies"
s7007,TV Show,The Witcher,"United States, Poland",2019-12-20,2019,TV-MA,1 Season,"TV Action & Adventure, TV Dramas, TV Mysteries"
s7008,TV Show,The Witcher: A Look Inside the Episodes,,2020-09-02,2020,TV-MA,1 Season,"Docuseries, TV Sci-Fi & Fantasy"
s7011,TV Show,The Womanizer,China,2016-09-01,2010,TV-MA,1 Season,"International TV Shows, Romantic TV Shows, TV Comedies"
s7014,TV Show,The Woods,"Poland, United States",2020-06-12,2020,TV-MA,1 Season,"Crime TV Shows, International TV Shows, TV Dramas"
s7019,TV Show,The World's Most Extraordinary Homes,United Kingdom,2019-01-18,2019,TV-G,3 Seasons,"British TV Shows, Docuseries, International TV Shows"
s7021,TV Show,The Worst Witch,"United Kingdom, Germany",2020-10-01,2020,TV-G,4 Seasons,"British TV Shows, Kids' TV"
s7023,TV Show,The Writer,Lebanon,2019-05-07,2019,TV-14,1 Season,"Crime TV Shows, International TV Shows, TV Dramas"
s7026,TV Show,The Yard,Turkey,2019-11-15,2019,TV-MA,2 Seasons,"Crime TV Shows, International TV Shows, TV Dramas"
s7027,TV Show,The Year of Happiness and Love,Taiwan,2016-09-01,2009,TV-PG,1 Season,"International TV Shows, Romantic TV Shows, TV Comedies"
s7042,TV Show,They've Gotta Have Us,United Kingdom,2020-02-05,2018,TV-MA,1 Season,"British TV Shows, Docuseries"
s7046,TV Show,Thieves of the Wood,Belgium,2020-01-02,2019,TV-MA,1 Season,"International TV Shows, TV Action & Adventure, TV Dramas"
s7047,TV Show,ThirTEEN Terrors,Thailand,2019-03-01,2014,TV-14,1 Season,"International TV Shows, TV Horror, TV Mysteries"
s7049,TV Show,This Evening,Egypt,2019-03-11,2017,TV-14,1 Season,"International TV Shows, TV Dramas"
s7050,TV Show,This Is My Love,South Korea,2017-05-22,2015,TV-14,1 Season,"International TV Shows, Korean TV Shows, Romantic TV Shows"
s7057,TV Show,Thomas and Friends,United Kingdom,2020-09-01,2020,TV-Y,2 Seasons,"British TV Shows, Classic & Cult TV, Kids' TV"
s7065,TV Show,Three Days of Christmas,Spain,2019-12-06,2019,TV-MA,1 Season,"International TV Shows, Spanish-Language TV Shows, TV Dramas"
s7066,TV Show,Three Wives One Husband,United Kingdom,2018-10-01,2018,TV-14,1 Season,"British TV Shows, International TV Shows, Reality TV"
s7074,TV Show,Tidelands,Australia,2018-12-14,2018,TV-MA,1 Season,"Crime TV Shows, International TV Shows, TV Dramas"
s7075,TV Show,Tidying Up with Marie Kondo,United States,2019-01-01,2019,TV-PG,1 Season,Reality TV
s7076,TV Show,Tiempos de guerra,Spain,2018-01-18,2017,TV-MA,1 Season,"International TV Shows, Romantic TV Shows, Spanish-Language TV Shows"
s7077,TV Show,Tientsin Mystic,China,2018-02-09,2017,TV-14,1 Season,"Crime TV Shows, International TV Shows, TV Dramas"
s7078,TV Show,Tiffany Haddish Presents: They Ready,United States,2019-08-13,2019,TV-MA,1 Season,"Stand-Up Comedy & Talk Shows, TV Comedies"
s7084,TV Show,"Tiger King: Murder, Mayhem and Madness",United States,2020-03-20,2020,TV-MA,1 Season,"Crime TV Shows, Docuseries"
s7086,TV Show,Tijuana,Mexico,2019-04-05,2019,TV-MA,1 Season,"Crime TV Shows, International TV Shows, Spanish-Language TV Shows"
s7089,TV Show,Til Death Do Us Part,Taiwan,2019-08-15,2019,TV-MA,1 Season,"International TV Shows, TV Dramas, TV Thrillers"
s7099,TV Show,Time: The Kalief Browder Story,United States,2019-04-07,2017,TV-MA,1 Season,Docuseries
s7100,TV Show,Timeless Season,,2017-09-18,2009,TV-14,1 Season,"International TV Shows, TV Dramas"
s7101,TV Show,Timeline,,2018-02-23,2014,TV-14,1 Season,"Crime TV Shows, Docuseries, International TV Shows"
s7102,TV Show,Timmy Time,United Kingdom,2020-12-22,2010,TV-Y,1 Season,"British TV Shows, Kids' TV"
s7106,TV Show,Tiny Creatures,United States,2020-08-07,2020,TV-PG,1 Season,"Docuseries, Science & Nature TV, TV Action & Adventure"
s7107,TV Show,Tiny House Nation,United States,2020-01-17,2019,TV-PG,2 Seasons,Reality TV
s7108,TV Show,Tiny Pretty Things,United States,2020-12-14,2020,TV-MA,1 Season,"TV Dramas, TV Mysteries, TV Thrillers"
s7109,TV Show,Tip the Mouse,"Germany, United States, Italy",2017-09-01,2014,TV-Y,1 Season,Kids' TV
s7110,TV Show,Titipo Titipo,,2019-07-01,2018,TV-Y,1 Season,"Kids' TV, Korean TV Shows"
s7111,TV Show,Tjovitjo,South Africa,2020-04-29,2017,TV-MA,2 Seasons,"International TV Shows, TV Dramas"
s7119,TV Show,To the Lake,Russia,2020-10-07,2020,TV-MA,1 Season,"International TV Shows, TV Dramas, TV Mysteries"
s7121,TV Show,Toast of London,United Kingdom,2017-09-01,2015,TV-MA,3 Seasons,"British TV Shows, Classic & Cult TV, TV Comedies"
s7122,TV Show,Tobot,Canada,2019-09-11,2018,TV-Y7,2 Seasons,"Kids' TV, Korean TV Shows"
s7129,TV Show,Together,Singapore,2017-11-01,2009,TV-14,1 Season,"International TV Shows, TV Dramas"
s7133,TV Show,Tokyo Trial,"Canada, Japan, Netherlands",2016-12-13,2017,TV-MA,1 Season,"International TV Shows, TV Dramas"
s7144,TV Show,Tomorrow with You,South Korea,2019-10-30,2017,TV-14,1 Season,"International TV Shows, Korean TV Shows, Romantic TV Shows"
s7145,TV Show,Tong: Memories,South Korea,2017-03-01,2016,TV-MA,1 Season,"International TV Shows, Korean TV Shows, TV Action & Adventure"
s7149,TV Show,Too Hot to Handle,United States,2020-04-17,2020,TV-MA,1 Season,"Reality TV, Romantic TV Shows"
s7151,TV Show,Toon,Netherlands,2019-10-18,2017,TV-MA,2 Seasons,"International TV Shows, TV Comedies"
s7153,TV Show,Top 10 Secrets and Mysteries,"United Kingdom, United States, Czech Republic",2019-03-15,2018,TV-14,1 Season,"British TV Shows, Docuseries, Science & Nature TV"
s7154,TV Show,Top Boy,,2019-09-13,2019,TV-MA,1 Season,"British TV Shows, Crime TV Shows, International TV Shows"
s7155,TV Show,Top Grier,United States,2018-12-31,2018,TV-MA,3 Seasons,Reality TV
s7157,TV Show,Toradora!,Japan,2020-08-01,2008,TV-14,1 Season,"Anime Series, International TV Shows, Romantic TV Shows"
s7161,TV Show,Total Drama,"Canada, United States, France",2018-05-03,2015,TV-PG,5 Seasons,"Kids' TV, TV Comedies"
s7165,TV Show,Towies,,2017-12-27,2016,TV-MA,1 Season,"International TV Shows, Reality TV"
s7166,TV Show,Toy Boy,Spain,2020-02-28,2019,TV-MA,1 Season,"Crime TV Shows, International TV Shows, Spanish-Language TV Shows"
s7170,TV Show,Trailer Park Boys,Canada,2018-03-30,2018,TV-MA,12 Seasons,"Classic & Cult TV, Crime TV Shows, International TV Shows"
s7175,TV Show,Trailer Park Boys: Out of the Park: Europe,Canada,2016-10-28,2016,TV-MA,1 Season,"International TV Shows, TV Comedies"
s7176,TV Show,Trailer Park Boys: Out of the Park: USA,,2017-11-24,2017,TV-MA,1 Season,"International TV Shows, TV Comedies"
s7178,TV Show,Trailer Park Boys: The Animated Series,Canada,2020-05-22,2020,TV-MA,2 Seasons,TV Comedies
s7185,TV Show,Traitors,United Kingdom,2019-03-29,2019,TV-MA,1 Season,"British TV Shows, International TV Shows, TV Dramas"
s7188,TV Show,Transfers,"France, Belgium",2018-11-08,2017,TV-MA,1 Season,"Crime TV Shows, International TV Shows, TV Sci-Fi & Fantasy"
s7190,TV Show,Transformers Prime,United States,2018-09-08,2013,TV-Y7,1 Season,Kids' TV
s7191,TV Show,Transformers Rescue Bots Academy,United States,2020-08-01,2020,TV-Y,2 Seasons,Kids' TV
s7192,TV Show,Transformers: Cyberverse,,2020-09-07,2020,TV-Y7,2 Seasons,Kids' TV
s7193,TV Show,Transformers: Rescue Bots,"Canada, United States",2018-09-19,2016,TV-Y7,1 Season,Kids' TV
s7194,TV Show,Transformers: Robots in Disguise,United States,2018-09-08,2016,TV-Y7,1 Season,Kids' TV
s7195,TV Show,Transformers: War For Cybertron Trilogy,United States,2020-07-30,2020,TV-14,1 Season,Anime Series
s7196,TV Show,Transformers: War for Cybertron: Earthrise,,2020-12-30,2020,TV-Y7,1 Season,Anime Series
s7199,TV Show,Trash Truck,,2020-11-10,2020,TV-Y,1 Season,Kids' TV
s7201,TV Show,Travelers,"Canada, United States",2018-12-14,2018,TV-MA,3 Seasons,"Crime TV Shows, International TV Shows, TV Dramas"
s7205,TV Show,Tree House Tales,,2020-03-31,2019,TV-Y,1 Season,Kids' TV
s7207,TV Show,Treehouse Detectives,"South Korea, United States",2018-11-09,2018,TV-Y,2 Seasons,"Kids' TV, TV Thrillers"
s7218,TV Show,Triad Princess,,2019-12-06,2019,TV-MA,1 Season,"Crime TV Shows, International TV Shows, Romantic TV Shows"
s7219,TV Show,Trial 4,United States,2020-11-11,2020,TV-MA,1 Season,"Crime TV Shows, Docuseries"
s7220,TV Show,Trial By Media,United States,2020-05-11,2020,TV-MA,1 Season,"Crime TV Shows, Docuseries"
s7222,TV Show,Trigger Warning with Killer Mike,,2019-01-18,2019,TV-MA,1 Season,"Docuseries, Stand-Up Comedy & Talk Shows"
s7225,TV Show,Trinkets,United States,2020-08-25,2020,TV-MA,2 Seasons,"TV Dramas, Teen TV Shows"
s7226,TV Show,Trio and a Bed,,2018-04-27,2016,TV-PG,1 Season,"International TV Shows, Romantic TV Shows, TV Comedies"
s7233,TV Show,Trollhunters,"United States, Mexico",2018-05-25,2018,TV-Y7,3 Seasons,"Kids' TV, TV Action & Adventure, TV Sci-Fi & Fantasy"
s7235,TV Show,Trolls: The Beat Goes On!,United States,2019-11-22,2019,TV-Y7,8 Seasons,"Kids' TV, TV Comedies"
s7237,TV Show,Trotro,France,2020-07-01,2004,TV-Y,1 Season,Kids' TV
s7238,TV Show,Trotsky,Russia,2018-12-10,2017,TV-MA,1 Season,"International TV Shows, TV Dramas"
s7239,TV Show,Troy,"United Kingdom, South Africa, Australia, United States",2018-04-06,2018,TV-MA,1 Season,"British TV Shows, International TV Shows, Romantic TV Shows"
s7242,TV Show,True and the Rainbow Kingdom,"United States, Canada",2019-08-30,2019,TV-Y,3 Seasons,Kids' TV
s7246,TV Show,True Tunes,,2019-07-12,2019,TV-Y,1 Season,Kids' TV
s7250,TV Show,True: Magical Friends,,2018-06-15,2018,TV-Y,1 Season,Kids' TV
s7252,TV Show,True: Terrific Tales,Canada,2020-05-12,2020,TV-Y,1 Season,Kids' TV
s7255,TV Show,True: Wonderful Wishes,,2018-06-15,2018,TV-Y,1 Season,Kids' TV
s7258,TV Show,Trump: An American Dream,United Kingdom,2018-03-30,2018,TV-14,1 Season,Docuseries
s7261,TV Show,Tuca & Bertie,United States,2019-05-03,2019,TV-MA,1 Season,TV Comedies
s7267,TV Show,Tundukkan Playboy Itu,,2018-01-08,2016,TV-PG,1 Season,"International TV Shows, Romantic TV Shows, TV Comedies"
s7270,TV Show,Tunnel,,2019-10-30,2019,TV-14,1 Season,"Crime TV Shows, International TV Shows, TV Dramas"
s7272,TV Show,Turbo FAST,United States,2016-02-05,2016,TV-Y7,3 Seasons,Kids' TV
s7274,TV Show,Turn Up Charlie,United Kingdom,2019-03-15,2019,TV-MA,1 Season,"British TV Shows, International TV Shows, TV Comedies"
s7275,TV Show,TURN: Washington's Spies,United States,2017-12-01,2017,TV-14,4 Seasons,TV Dramas
s7277,TV Show,Twelve Forever,United States,2019-07-29,2019,TV-PG,1 Season,Kids' TV
s7279,TV Show,Twice Upon A Time,France,2019-12-19,2019,TV-MA,1 Season,"International TV Shows, Romantic TV Shows, TV Dramas"
s7281,TV Show,Twin Peaks,United States,2017-07-01,1990,TV-14,2 Seasons,"Classic & Cult TV, Crime TV Shows, TV Dramas"
s7284,TV Show,Twirlywoos,United Kingdom,2020-05-15,2018,TV-Y,2 Seasons,"British TV Shows, Kids' TV"
s7287,TV Show,Two Fathers,Taiwan,2016-08-01,2013,TV-14,1 Season,"International TV Shows, Romantic TV Shows, TV Comedies"
s7290,TV Show,Two Sentence Horror Stories,United States,2019-09-20,2019,TV-14,1 Season,"TV Horror, Teen TV Shows"
s7291,TV Show,Twogether,South Korea,2020-06-26,2020,TV-G,1 Season,"International TV Shows, Korean TV Shows, Reality TV"
s7293,TV Show,Typewriter,India,2019-07-19,2019,TV-MA,1 Season,"International TV Shows, TV Horror, TV Mysteries"
s7301,TV Show,Ugly Delicious,United States,2020-03-06,2020,TV-MA,2 Seasons,Docuseries
s7302,TV Show,Ugly Duckling,Thailand,2019-02-15,2015,TV-14,4 Seasons,"International TV Shows, Romantic TV Shows, TV Dramas"
s7304,TV Show,Ultimate Beastmaster,"United States, Brazil, South Korea, Mexico, Japan, Germany",2018-08-31,2018,TV-PG,3 Seasons,Reality TV
s7305,TV Show,Ultimate Beastmaster México,,2018-08-31,2018,TV-PG,3 Seasons,"Reality TV, Spanish-Language TV Shows"
s7306,TV Show,Ultraman,"United States, Japan",2019-04-01,2019,TV-14,1 Season,"Anime Series, International TV Shows"
s7307,TV Show,Ultramarine Magmell,Japan,2019-10-10,2019,TV-14,1 Season,"Anime Series, International TV Shows"
s7309,TV Show,Ultraviolet,Poland,2019-12-19,2019,TV-MA,2 Seasons,"Crime TV Shows, International TV Shows, TV Dramas"
s7314,TV Show,Unabomber - In His Own Words,Canada,2020-02-22,2018,TV-MA,1 Season,"Crime TV Shows, Docuseries"
s7317,TV Show,Unauthorized Living,Spain,2020-01-31,2020,TV-MA,2 Seasons,"Crime TV Shows, International TV Shows, Spanish-Language TV Shows"
s7318,TV Show,Unbelievable,United States,2019-09-13,2019,TV-MA,1 Season,"Crime TV Shows, TV Dramas"
s7319,TV Show,Unbreakable Kimmy Schmidt,United States,2018-05-30,2019,TV-14,4 Seasons,TV Comedies
s7324,TV Show,Unchained Fate,,2019-05-08,2016,TV-14,1 Season,"International TV Shows, TV Dramas, TV Sci-Fi & Fantasy"
s7332,TV Show,Under Arrest,United States,2018-02-01,2016,TV-MA,8 Seasons,"Crime TV Shows, Docuseries, International TV Shows"
s7333,TV Show,Under the Black Moonlight,South Korea,2017-06-10,2016,TV-14,1 Season,"International TV Shows, Korean TV Shows, TV Dramas"
s7339,TV Show,Undercover,"Belgium, Netherlands",2020-11-09,2020,TV-MA,2 Seasons,"Crime TV Shows, International TV Shows, TV Action & Adventure"
s7342,TV Show,Undercover Law,Colombia,2018-08-31,2017,TV-MA,1 Season,"Crime TV Shows, International TV Shows, Spanish-Language TV Shows"
s7351,TV Show,Unit 42,Belgium,2019-06-15,2017,TV-MA,1 Season,"Crime TV Shows, International TV Shows, TV Dramas"
s7354,TV Show,Unlucky Ploy,,2020-07-30,2020,TV-MA,1 Season,"International TV Shows, Romantic TV Shows, TV Comedies"
s7355,TV Show,Unnatural Selection,United States,2019-10-18,2019,TV-MA,1 Season,"Docuseries, Science & Nature TV"
s7356,TV Show,Unorthodox,Germany,2020-03-26,2020,TV-MA,1 Season,"International TV Shows, TV Dramas"
s7357,TV Show,Unrequited Love,China,2019-07-17,2019,TV-14,1 Season,"International TV Shows, Romantic TV Shows, TV Dramas"
s7359,TV Show,Unriddle,Singapore,2017-07-01,2012,TV-14,2 Seasons,"Crime TV Shows, International TV Shows, TV Dramas"
s7361,TV Show,Unsolved,United States,2019-02-27,2018,TV-MA,1 Season,"Crime TV Shows, TV Dramas"
s7362,TV Show,Unsolved Mysteries,,2020-10-19,2020,TV-MA,2 Seasons,"Crime TV Shows, Docuseries"
s7364,TV Show,Unstoppable,Mexico,2020-02-28,2020,TV-MA,1 Season,"International TV Shows, Spanish-Language TV Shows, TV Dramas"
s7366,TV Show,Until Dawn,France,2020-01-10,2020,TV-MA,1 Season,"International TV Shows, Reality TV, TV Comedies"
s7370,TV Show,Upin & Ipin,Malaysia,2019-06-10,2011,TV-Y,1 Season,Kids' TV
s7381,TV Show,V Wars,United States,2019-12-05,2019,TV-MA,1 Season,"TV Action & Adventure, TV Dramas, TV Horror"
s7382,TV Show,V.R. Troopers,United States,2016-01-01,1995,TV-G,2 Seasons,Kids' TV
s7383,TV Show,Vagabond,South Korea,2019-09-21,2019,TV-MA,1 Season,"International TV Shows, Korean TV Shows, TV Action & Adventure"
s7384,TV Show,Vai Anitta,Brazil,2018-11-16,2018,TV-MA,1 Season,"Docuseries, International TV Shows, Reality TV"
s7385,TV Show,Valentino,Egypt,2020-11-24,2020,TV-14,1 Season,"International TV Shows, TV Comedies, TV Dramas"
s7386,TV Show,Valeria,Spain,2020-05-08,2020,TV-MA,1 Season,"International TV Shows, Romantic TV Shows, Spanish-Language TV Shows"
s7387,TV Show,Valor,United States,2018-02-06,2018,TV-14,1 Season,"TV Action & Adventure, TV Dramas"
s7388,TV Show,Vampire Knight,Japan,2016-10-15,2008,TV-14,2 Seasons,"Anime Series, International TV Shows, Romantic TV Shows"
s7389,TV Show,Vampires,France,2020-03-20,2020,TV-MA,1 Season,"International TV Shows, TV Dramas, TV Horror"
s7391,TV Show,Van Helsing,United States,2020-09-27,2019,TV-MA,4 Seasons,"International TV Shows, TV Action & Adventure, TV Dramas"
s7399,TV Show,VeggieTales in the City,United States,2017-09-15,2017,TV-Y,2 Seasons,Kids' TV
s7400,TV Show,VeggieTales in the House,United States,2016-09-23,2016,TV-Y,4 Seasons,Kids' TV
s7401,TV Show,Velvet,Spain,2020-03-04,2016,TV-14,4 Seasons,"International TV Shows, Romantic TV Shows, Spanish-Language TV Shows"
s7403,TV Show,Velvet Colección,Spain,2019-02-14,2018,TV-14,2 Seasons,"International TV Shows, Romantic TV Shows, Spanish-Language TV Shows"
s7407,TV Show,Versailles,"France, Canada",2019-03-29,2018,TV-MA,3 Seasons,"International TV Shows, TV Dramas"
s7412,TV Show,Vexed,United Kingdom,2017-08-01,2012,TV-MA,2 Seasons,"British TV Shows, Crime TV Shows, International TV Shows"
s7414,TV Show,Victim Number 8,Spain,2019-08-16,2018,TV-MA,1 Season,"International TV Shows, Spanish-Language TV Shows, TV Action & Adventure"
s7417,TV Show,Victorious,United States,2019-11-02,2013,TV-G,3 Seasons,"Kids' TV, TV Comedies"
s7418,TV Show,Vientos de agua,"Argentina, Spain",2019-11-01,2006,TV-MA,1 Season,"International TV Shows, Spanish-Language TV Shows, TV Dramas"
s7424,TV Show,Violet Evergarden,Japan,2019-02-05,2018,TV-14,1 Season,"Anime Series, International TV Shows, Romantic TV Shows"
s7426,TV Show,Violet Evergarden: Special,,2018-10-04,2018,TV-PG,1 Season,"Anime Series, International TV Shows, Romantic TV Shows"
s7431,TV Show,ViR: The Robot Boy,,2018-03-31,2013,TV-Y7,2 Seasons,Kids' TV
s7432,TV Show,Virgin River,United States,2020-11-27,2020,TV-14,2 Seasons,"Romantic TV Shows, TV Dramas"
s7442,TV Show,Voice,South Korea,2020-11-01,2018,TV-14,2 Seasons,"Crime TV Shows, International TV Shows, Korean TV Shows"
s7443,TV Show,Voices of Fire,United States,2020-11-20,2020,TV-PG,1 Season,"Docuseries, Reality TV"
s7444,TV Show,Voltron: Legendary Defender,United States,2018-12-14,2018,TV-Y7,8 Seasons,Kids' TV
s7447,TV Show,Vroomiz,South Korea,2017-08-01,2016,TV-Y,3 Seasons,"Kids' TV, Korean TV Shows"
s7451,TV Show,W/ Bob & David,United States,2015-11-13,2015,TV-MA,1 Season,TV Comedies
s7453,TV Show,W1A,United Kingdom,2017-10-24,2017,TV-MA,3 Seasons,"British TV Shows, TV Comedies"
s7456,TV Show,Wadi,,2017-12-29,2015,TV-14,1 Season,"International TV Shows, TV Dramas"
s7458,TV Show,"Wait, My Youth",China,2019-10-27,2019,TV-PG,1 Season,"International TV Shows, Romantic TV Shows, Teen TV Shows"
s7462,TV Show,Wake Up,,2018-03-31,2017,TV-14,2 Seasons,"International TV Shows, TV Dramas"
s7465,TV Show,Wakfu,France,2018-04-06,2017,TV-PG,3 Seasons,Kids' TV
s7466,TV Show,Wakfu: The Quest for the Six Eliatrope Dofus,,2015-10-01,2014,TV-PG,1 Season,Kids' TV
s7474,TV Show,Wanderlust,United Kingdom,2018-10-19,2018,TV-MA,1 Season,"British TV Shows, International TV Shows, Romantic TV Shows"
s7475,TV Show,Wanted,Australia,2018-12-13,2018,TV-14,3 Seasons,"Crime TV Shows, International TV Shows, TV Dramas"
s7484,TV Show,Warrior,Denmark,2018-11-13,2018,TV-MA,1 Season,"Crime TV Shows, International TV Shows, TV Dramas"
s7485,TV Show,Warrior Nun,United States,2020-07-02,2020,TV-MA,1 Season,"TV Action & Adventure, TV Mysteries, TV Sci-Fi & Fantasy"
s7486,TV Show,Wartime Portraits,Poland,2016-09-15,2014,TV-MA,1 Season,"Docuseries, International TV Shows"
s7487,TV Show,Was It Love?,South Korea,2020-07-09,2020,TV-14,1 Season,"International TV Shows, Korean TV Shows, Romantic TV Shows"
s7489,TV Show,Wassup Man GO!,,2020-03-27,2020,TV-MA,1 Season,"International TV Shows, Korean TV Shows, Reality TV"
s7493,TV Show,Watership Down,"United Kingdom, Ireland, United States",2018-12-23,2018,TV-PG,1 Season,"British TV Shows, International TV Shows, TV Action & Adventure"
s7494,TV Show,Way Back into Love,Taiwan,2018-12-24,2011,TV-14,1 Season,"International TV Shows, Romantic TV Shows, TV Comedies"
s7500,TV Show,We Are the Champions,United States,2020-11-17,2020,TV-MA,1 Season,"Docuseries, Reality TV"
s7501,TV Show,We Are the Wave,Germany,2019-11-01,2019,TV-MA,1 Season,"International TV Shows, TV Dramas, TV Mysteries"
s7504,TV Show,We Bare Bears,United States,2020-02-12,2018,TV-Y,2 Seasons,"Kids' TV, TV Comedies"
s7509,TV Show,We Speak Dance,United States,2020-03-17,2018,TV-MA,1 Season,Docuseries
s7514,TV Show,We're Lalaloopsy,United States,2017-01-10,2017,TV-Y,1 Season,"Kids' TV, TV Comedies"
s7521,TV Show,Weeds,United States,2014-04-01,2012,TV-MA,8 Seasons,"TV Comedies, TV Dramas"
s7523,TV Show,Weird Wonders of the World,United Kingdom,2017-03-31,2016,TV-PG,2 Seasons,"British TV Shows, Docuseries, Science & Nature TV"
s7531,TV Show,Welcome to the Family,Spain,2018-07-27,2018,TV-MA,1 Season,"International TV Shows, TV Comedies, TV Dramas"
s7534,TV Show,Well-Intended Love,China,2020-04-01,2020,TV-14,2 Seasons,"International TV Shows, Romantic TV Shows, TV Comedies"
s7535,TV Show,Wentworth,Australia,2020-09-30,2020,TV-MA,8 Seasons,"Crime TV Shows, TV Dramas"
s7538,TV Show,West Coast Customs,United States,2017-10-15,2015,TV-G,6 Seasons,"Docuseries, Reality TV"
s7540,TV Show,Westside,United States,2018-11-09,2018,TV-MA,1 Season,Reality TV
s7541,TV Show,Westside Story,,2019-11-15,2003,TV-14,1 Season,"International TV Shows, Romantic TV Shows, TV Action & Adventure"
s7543,TV Show,Wet Hot American Summer,United States,2015-07-31,2015,TV-MA,1 Season,TV Comedies
s7544,TV Show,Wet Hot American Summer: Ten Years Later,United States,2017-08-04,2017,TV-MA,1 Season,TV Comedies
s7545,TV Show,WHAT / IF,United States,2019-05-24,2019,TV-MA,1 Season,"TV Dramas, TV Thrillers"
s7554,TV Show,What Happens to My Family,Turkey,2017-05-05,2016,TV-14,1 Season,"International TV Shows, TV Comedies, TV Dramas"
s7555,TV Show,What If?,,2019-05-07,2019,TV-14,1 Season,"International TV Shows, TV Dramas"
s7556,TV Show,What in the World Happened?,South Korea,2017-04-28,2015,TV-14,1 Season,"International TV Shows, Korean TV Shows, Romantic TV Shows"
s7557,TV Show,What Is Love?,Taiwan,2017-01-01,2012,TV-14,1 Season,"International TV Shows, Romantic TV Shows, TV Comedies"
s7561,TV Show,What She Put on the Table,Taiwan,2017-10-01,2017,TV-14,1 Season,"International TV Shows, TV Dramas"
s7567,TV Show,What the Love! with Karan Johar,United States,2020-01-30,2020,TV-14,1 Season,"International TV Shows, Reality TV, Romantic TV Shows"
s7572,TV Show,What's New Scooby-Doo?,United States,2019-12-15,2005,TV-Y7,3 Seasons,"Kids' TV, TV Comedies"
s7579,TV Show,When Calls the Heart,United States,2018-12-29,2017,TV-PG,5 Seasons,TV Dramas
s7581,TV Show,When Heroes Fly,Israel,2019-01-10,2018,TV-MA,1 Season,"International TV Shows, TV Action & Adventure, TV Dramas"
s7582,TV Show,When I See You Again,Taiwan,2016-10-01,2015,TV-14,1 Season,"International TV Shows, Romantic TV Shows, TV Comedies"
s7584,TV Show,When the Camellia Blooms,South Korea,2019-09-18,2019,TV-14,1 Season,"International TV Shows, Korean TV Shows, Romantic TV Shows"
s7585,TV Show,When They See Us,United States,2019-05-31,2019,TV-MA,1 Season,"Crime TV Shows, TV Dramas"
s7599,TV Show,White Gold,United Kingdom,2019-05-17,2019,TV-MA,2 Seasons,"British TV Shows, International TV Shows, TV Comedies"
s7601,TV Show,White Lines,"United Kingdom, Spain",2020-05-15,2020,TV-MA,1 Season,"British TV Shows, Crime TV Shows, International TV Shows"
s7602,TV Show,White Nights,South Korea,2017-02-14,2016,TV-14,1 Season,"International TV Shows, Korean TV Shows, TV Dramas"
s7603,TV Show,White Rabbit Project,United States,2016-12-09,2016,TV-14,1 Season,"Docuseries, International TV Shows, Reality TV"
s7606,TV Show,Who Killed Little Gregory?,France,2019-11-20,2019,TV-MA,1 Season,"Crime TV Shows, Docuseries, International TV Shows"
s7607,TV Show,Who Killed Malcolm X?,United States,2020-02-07,2020,TV-MA,1 Season,"Crime TV Shows, Docuseries"
s7611,TV Show,Who's the One,Taiwan,2017-01-01,2011,TV-14,1 Season,"International TV Shows, Romantic TV Shows, TV Comedies"
s7613,TV Show,"Whose Vote Counts, Explained",United States,2020-09-28,2020,TV-PG,1 Season,Docuseries
s7618,TV Show,Wild Alaska,United Kingdom,2017-03-31,2015,TV-PG,1 Season,"British TV Shows, Docuseries, Science & Nature TV"
s7619,TV Show,Wild Arabia,United Kingdom,2017-03-31,2013,TV-PG,1 Season,"British TV Shows, Docuseries, Science & Nature TV"
s7621,TV Show,Wild District,Colombia,2019-11-08,2019,TV-MA,2 Seasons,"Crime TV Shows, International TV Shows, Spanish-Language TV Shows"
s7623,TV Show,Wild Wild Country,United States,2018-03-16,2018,TV-MA,1 Season,"Crime TV Shows, Docuseries"
s7631,TV Show,Win the Wilderness,United Kingdom,2020-04-22,2020,TV-14,1 Season,"British TV Shows, International TV Shows, Reality TV"
s7635,TV Show,Winsanity,United States,2018-12-15,2016,TV-G,1 Season,Reality TV
s7638,TV Show,Winter Sun,Turkey,2017-08-01,2014,TV-MA,1 Season,"International TV Shows, TV Dramas, TV Thrillers"
s7640,TV Show,Winx Club,Italy,2020-04-15,2015,TV-Y7,1 Season,Kids' TV
s7646,TV Show,Witches: A Century of Murder,United Kingdom,2016-09-01,2015,TV-14,1 Season,"British TV Shows, Crime TV Shows, Docuseries"
s7651,TV Show,Wizards: Tales of Arcadia,United States,2020-08-07,2020,TV-Y7,1 Season,"Kids' TV, TV Action & Adventure, TV Sci-Fi & Fantasy"
s7652,TV Show,Wolf,Turkey,2018-12-21,2018,TV-MA,1 Season,"International TV Shows, TV Action & Adventure, TV Dramas"
s7654,TV Show,Women Behind Bars,United States,2016-11-01,2010,TV-14,3 Seasons,"Crime TV Shows, Docuseries"
s7656,TV Show,Women Of The Night,Netherlands,2020-03-18,2019,TV-MA,1 Season,"Crime TV Shows, International TV Shows, TV Dramas"
s7661,TV Show,Word Party,United States,2020-01-21,2020,TV-Y,4 Seasons,Kids' TV
s7662,TV Show,Word Party Songs,United States,2020-08-07,2020,TV-Y,1 Season,Kids' TV
s7664,TV Show,Workin' Moms,Canada,2020-05-06,2020,TV-MA,4 Seasons,"International TV Shows, TV Comedies"
s7665,TV Show,World at Your Feet,Singapore,2017-07-01,2014,TV-14,1 Season,"International TV Shows, TV Dramas"
s7667,TV Show,World of Winx,"Italy, United States",2017-06-16,2017,TV-Y7,2 Seasons,Kids' TV
s7669,TV Show,World War II in Colour,United Kingdom,2017-08-01,2009,TV-MA,1 Season,"British TV Shows, Docuseries, International TV Shows"
s7670,TV Show,World's Busiest Cities,United Kingdom,2019-02-01,2017,TV-PG,1 Season,"British TV Shows, Docuseries"
s7671,TV Show,World's Most Wanted,United States,2020-08-05,2020,TV-14,1 Season,"Crime TV Shows, Docuseries, International TV Shows"
s7673,TV Show,Wormwood,United States,2017-12-15,2017,TV-14,1 Season,"Crime TV Shows, Docuseries"
s7675,TV Show,Wrong Kind of Black,Australia,2020-11-06,2018,TV-MA,1 Season,"TV Comedies, TV Dramas"
s7678,TV Show,Wu Assassins,United States,2019-08-08,2019,TV-MA,1 Season,"TV Action & Adventure, TV Sci-Fi & Fantasy"
s7679,TV Show,WWII in HD,United States,2020-05-02,2009,TV-14,1 Season,Docuseries
s7683,TV Show,Wynonna Earp,"Canada, United States",2019-07-16,2018,TV-14,3 Seasons,"International TV Shows, TV Action & Adventure, TV Dramas"
s7699,TV Show,Yankee,Mexico,2019-06-14,2019,TV-MA,1 Season,"Crime TV Shows, International TV Shows, Spanish-Language TV Shows"
s7700,TV Show,Yanxi Palace: Princess Adventures,China,2019-12-31,2019,TV-14,1 Season,"International TV Shows, TV Dramas"
s7704,TV Show,Yeh Meri Family,India,2018-08-31,2018,TV-PG,1 Season,"International TV Shows, TV Comedies"
s7710,TV Show,Yes We Can!,Singapore,2017-07-01,2014,TV-14,1 Season,"International TV Shows, TV Dramas"
s7712,TV Show,YG Future Strategy Office,South Korea,2018-10-05,2018,TV-MA,1 Season,"International TV Shows, Korean TV Shows, TV Comedies"
s7713,TV Show,Yo-Kai Watch,United States,2016-04-01,2015,TV-Y7,1 Season,"Anime Series, Kids' TV"
s7716,TV Show,Yoko,,2018-06-23,2016,TV-Y,1 Season,Kids' TV
s7718,TV Show,YOM,,2018-06-07,2016,TV-Y7,1 Season,Kids' TV
s7721,TV Show,YooHoo to the Rescue,South Korea,2020-03-25,2020,TV-Y,3 Seasons,"Kids' TV, Korean TV Shows"
s7722,TV Show,You,United States,2019-12-26,2019,TV-MA,2 Seasons,"Crime TV Shows, Romantic TV Shows, TV Dramas"
s7726,TV Show,You Cannot Hide,Mexico,2020-10-01,2020,TV-MA,1 Season,"Crime TV Shows, International TV Shows, Spanish-Language TV Shows"
s7731,TV Show,You vs. Wild,United States,2019-04-10,2019,TV-PG,1 Season,"Kids' TV, Reality TV, Science & Nature TV"
s7734,TV Show,You're My Destiny,Taiwan,2016-08-01,2008,TV-MA,1 Season,"International TV Shows, Romantic TV Shows, TV Comedies"
s7736,TV Show,Young & Hungry,United States,2017-06-21,2017,TV-14,5 Seasons,TV Comedies
s7739,TV Show,Young Wallander,United Kingdom,2020-09-03,2020,TV-MA,1 Season,"Crime TV Shows, International TV Shows, TV Dramas"
s7741,TV Show,Your lie in April,Japan,2016-03-01,2014,TV-14,1 Season,"Anime Series, International TV Shows, Romantic TV Shows"
s7744,TV Show,Yours Fatefully,Singapore,2017-07-01,2012,TV-14,1 Season,"International TV Shows, Romantic TV Shows, TV Comedies"
s7747,TV Show,???? ???????,,2020-04-25,2019,TV-14,1 Season,"International TV Shows, TV Dramas"
s7750,TV Show,Yu-Gi-Oh!,Japan,2020-07-08,2005,TV-Y7,2 Seasons,"Anime Series, Kids' TV"
s7751,TV Show,Yu-Gi-Oh! Arc-V,"Japan, Canada",2018-05-01,2015,TV-Y7,2 Seasons,"Anime Series, Kids' TV"
s7753,TV Show,Yummy Mummies,Australia,2019-07-03,2019,TV-MA,2 Seasons,"International TV Shows, Reality TV"
s7754,TV Show,Yunus Emre,Turkey,2017-01-17,2016,TV-PG,2 Seasons,"International TV Shows, TV Dramas"
s7756,TV Show,Z Nation,United States,2019-01-27,2018,TV-MA,5 Seasons,"TV Action & Adventure, TV Comedies, TV Horror"
s7757,TV Show,Z4,Brazil,2019-02-22,2018,TV-PG,2 Seasons,Kids' TV
s7760,TV Show,Zak Storm,"United States, France, South Korea, Indonesia",2018-09-13,2016,TV-Y7,3 Seasons,Kids' TV
s7767,TV Show,Zig & Sharko,France,2017-12-01,2016,TV-Y7,1 Season,"Kids' TV, TV Comedies"
s7768,TV Show,Zindagi Gulzar Hai,Pakistan,2016-12-15,2012,TV-PG,1 Season,"International TV Shows, Romantic TV Shows, TV Dramas"
s7776,TV Show,Zoids Wild,Japan,2020-08-14,2018,TV-Y7,1 Season,"Anime Series, Kids' TV"
s7778,TV Show,Zombie Dumb,,2019-07-01,2018,TV-Y7,2 Seasons,"Kids' TV, Korean TV Shows, TV Comedies"
s7780,TV Show,Zona Rosa,Mexico,2019-11-26,2019,TV-MA,1 Season,"International TV Shows, Spanish-Language TV Shows, Stand-Up Comedy & Talk Shows"
s7786,TV Show,Zumbo's Just Desserts,Australia,2020-10-31,2019,TV-PG,1 Season,"International TV Shows, Reality TV"
