week,category,weekly_rank,show_title,season_title,weekly_hours_viewed,runtime,weekly_views,cumulative_weeks_in_top_10
2026-08-23,TV (English),1,Outer Banks,Outer Banks: Season 5,80600000,8.533300399780273,9400000.0,1
2026-08-23,TV (English),2,My Brilliant Career,My Brilliant Career: Season 1,21800000,4.633299827575684,4700000.0,2
2026-08-23,TV (English),3,My Life With the Walter Boys,My Life With the Walter Boys: Season 3,33900000,7.866700172424316,4300000.0,3
2026-08-23,TV (English),4,Conversations with a Killer: The Charles Manson Tapes,Conversations with a Killer: The Charles Manson Tapes: Season 1,8800000,2.8833000659942627,3100000.0,2
2026-08-23,TV (English),5,Tires,Tires: Season 3,13800000,4.933300018310547,2800000.0,2
2026-08-23,TV (English),6,Raw,"Raw: August 17, 2026",5000000,1.7999999523162842,2700000.0,1
2026-08-23,TV (English),7,I Will Find You,I Will Find You: Limited Series,13800000,5.48330020904541,2500000.0,10
2026-08-23,TV (English),8,Seal Team,Seal Team: Season 1,36400000,15.73330020904541,2300000.0,1
2026-08-23,TV (English),9,Danny Go!,Danny Go!: Season 1,4000000,2.0332999229431152,2000000.0,9
2026-08-23,TV (English),10,The Idaho Murders: College Nightmare,The Idaho Murders: College Nightmare: Season 1,4000000,2.233299970626831,1800000.0,4
2026-08-23,TV (Non-English),1,Blood Sacrifice,Blood Sacrifice: Season 1,29300000,4.183300018310547,7000000.0,1
2026-08-23,TV (Non-English),2,Our Sticky Love,Our Sticky Love: Limited Series,43300000,11.73330020904541,3700000.0,3
2026-08-23,TV (Non-English),3,Umthetho,Umthetho: Season 1,18500000,5.349999904632568,3500000.0,2
2026-08-23,TV (Non-English),4,Spooky in Love,Spooky in Love: Limited Series,33900000,12.616700172424316,2700000.0,6
2026-08-23,TV (Non-English),5,Moria,Moria: Season 1,10900000,4.883299827575684,2200000.0,2
2026-08-23,TV (Non-English),6,Operation Safed Sagar: The Highest Air Force Mission,Operation Safed Sagar: The Highest Air Force Mission: Season 1,10800000,5.533299922943115,2000000.0,3
2026-08-23,TV (Non-English),7,Badly in Love,Badly in Love: Season 2,15700000,8.216699600219727,1900000.0,3
2026-08-23,TV (Non-English),8,My Daughter's Father,My Daughter's Father: Season 1,9700000,7.283299922943115,1300000.0,5
2026-08-23,TV (Non-English),9,The Apartment Job,The Apartment Job: Limited Series,14400000,12.850000381469727,1100000.0,5
2026-08-23,TV (Non-English),10,Teach You a Lesson,Teach You a Lesson: Limited Series,11900000,10.683300018310547,1100000.0,10
2026-08-16,TV (English),1,My Life With the Walter Boys,My Life With the Walter Boys: Season 3,68500000,7.866700172424316,8700000.0,2
2026-08-16,TV (English),2,Conversations with a Killer: The Charles Manson Tapes,Conversations with a Killer: The Charles Manson Tapes: Season 1,14000000,2.8833000659942627,4900000.0,1
2026-08-16,TV (English),3,The Idaho Murders: College Nightmare,The Idaho Murders: College Nightmare: Season 1,8100000,2.233299970626831,3600000.0,3
2026-08-16,TV (English),4,My Brilliant Career,My Brilliant Career: Season 1,14300000,4.633299827575684,3100000.0,1
2026-08-16,TV (English),5,MOURINHO,MOURINHO: Season 1,8300000,2.9000000953674316,2900000.0,1
2026-08-16,TV (English),6,The Bombing of Pan Am 103,The Bombing of Pan Am 103: Limited Series,16600000,5.883299827575684,2800000.0,3
2026-08-16,TV (English),7,I Will Find You,I Will Find You: Limited Series,14800000,5.48330020904541,2700000.0,9
2026-08-16,TV (English),8,Raw,"Raw: August 10, 2026",4500000,1.6833000183105469,2600000.0,1
2026-08-16,TV (English),9,Tires,Tires: Season 3,11900000,4.933300018310547,2400000.0,1
2026-08-16,TV (English),10,Camp CrunchLabs,Camp CrunchLabs: Season 1,4200000,2.3333001136779785,1800000.0,1
2026-08-16,TV (Non-English),1,Our Sticky Love,Our Sticky Love: Limited Series,88000000,11.73330020904541,7500000.0,2
2026-08-16,TV (Non-English),2,Operation Safed Sagar: The Highest Air Force Mission,Operation Safed Sagar: The Highest Air Force Mission: Season 1,26700000,5.533299922943115,4800000.0,2
2026-08-16,TV (Non-English),3,Spooky in Love,Spooky in Love: Limited Series,28300000,10.433300018310547,2700000.0,5
2026-08-16,TV (Non-English),4,Badly in Love,Badly in Love: Season 2,15600000,5.900000095367432,2600000.0,2
2026-08-16,TV (Non-English),5,My Daughter's Father,My Daughter's Father: Season 1,15200000,7.283299922943115,2100000.0,4
2026-08-16,TV (Non-English),6,Umthetho,Umthetho: Season 1,8900000,5.349999904632568,1700000.0,1
2026-08-16,TV (Non-English),7,Moria,Moria: Season 1,8000000,4.883299827575684,1600000.0,1
2026-08-16,TV (Non-English),8,Elite Force,Elite Force: Season 1,6800000,4.933300018310547,1400000.0,4
2026-08-16,TV (Non-English),9,Agent Kim Reactivated,Agent Kim Reactivated: Limited Series,15000000,10.966699600219727,1400000.0,8
2026-08-16,TV (Non-English),10,Wrath,Wrath: Season 1,6400000,5.01669979095459,1300000.0,3
2026-08-09,TV (English),1,The Idaho Murders: College Nightmare,The Idaho Murders: College Nightmare: Season 1,23600000,2.233299970626831,10600000.0,2
2026-08-09,TV (English),2,My Life With the Walter Boys,My Life With the Walter Boys: Season 3,71000000,7.866700172424316,9000000.0,1
2026-08-09,TV (English),3,The Bombing of Pan Am 103,The Bombing of Pan Am 103: Limited Series,38000000,5.883299827575684,6500000.0,2
2026-08-09,TV (English),4,I Will Find You,I Will Find You: Limited Series,19100000,5.48330020904541,3500000.0,8
2026-08-09,TV (English),5,Ransom Canyon,Ransom Canyon: Season 2,16800000,6.150000095367432,2700000.0,3
2026-08-09,TV (English),6,Raw,"Raw: August 3, 2026",5400000,2.0,2600000.0,1
2026-08-09,TV (English),7,Little House on the Prairie,Little House on the Prairie: Season 1,11700000,6.633299827575684,1800000.0,5
2026-08-09,TV (English),8,Danny Go!,Danny Go!: Season 1,3100000,2.0332999229431152,1500000.0,8
2026-08-09,TV (English),9,Ricky Gervais Alley Cats,Ricky Gervais Alley Cats: Season 1,2600000,1.7166999578475952,1500000.0,1
2026-08-09,TV (English),10,Salish & Jordan Matter,Salish & Jordan Matter: Season 2,3300000,2.2167000770568848,1500000.0,7
2026-08-09,TV (Non-English),1,My Daughter's Father,My Daughter's Father: Season 1,26800000,7.283299922943115,3700000.0,3
2026-08-09,TV (Non-English),2,Wrath,Wrath: Season 1,17500000,5.01669979095459,3500000.0,2
2026-08-09,TV (Non-English),3,Spooky in Love,Spooky in Love: Limited Series,27400000,8.316699981689453,3300000.0,4
2026-08-09,TV (Non-English),4,Badly in Love,Badly in Love: Season 2,11400000,3.4667000770568848,3300000.0,1
2026-08-09,TV (Non-English),5,Our Sticky Love,Our Sticky Love: Limited Series,37900000,11.73330020904541,3200000.0,1
2026-08-09,TV (Non-English),6,Elite Force,Elite Force: Season 1,12400000,4.933300018310547,2500000.0,3
2026-08-09,TV (Non-English),7,Agent Kim Reactivated,Agent Kim Reactivated: Limited Series,25400000,10.966699600219727,2300000.0,7
2026-08-09,TV (Non-English),8,Operation Safed Sagar: The Highest Air Force Mission,Operation Safed Sagar: The Highest Air Force Mission: Season 1,12300000,5.533299922943115,2200000.0,1
2026-08-09,TV (Non-English),9,Musafir Cafe,Musafir Cafe: Season 1,7200000,4.1666998863220215,1700000.0,2
2026-08-09,TV (Non-English),10,The East Palace,The East Palace: Limited Series,10400000,6.783299922943115,1500000.0,4
2026-08-02,TV (English),1,The Idaho Murders: College Nightmare,The Idaho Murders: College Nightmare: Season 1,40600000,2.233299970626831,18200000.0,1
2026-08-02,TV (English),2,Ransom Canyon,Ransom Canyon: Season 2,33800000,6.150000095367432,5500000.0,2
2026-08-02,TV (English),3,The Bombing of Pan Am 103,The Bombing of Pan Am 103: Limited Series,29500000,5.883299827575684,5000000.0,1
2026-08-02,TV (English),4,I Will Find You,I Will Find You: Limited Series,26500000,5.48330020904541,4800000.0,7
2026-08-02,TV (English),5,Ransom Canyon,Ransom Canyon: Season 1,20000000,7.900000095367432,2500000.0,5
2026-08-02,TV (English),6,Little House on the Prairie,Little House on the Prairie: Season 1,16700000,6.633299827575684,2500000.0,4
2026-08-02,TV (English),7,Raw,"Raw: July 27, 2026",4800000,1.899999976158142,2400000.0,1
2026-08-02,TV (English),8,The Hawk,The Hawk: Season 1,12100000,5.150000095367432,2300000.0,3
2026-08-02,TV (English),9,Salish & Jordan Matter,Salish & Jordan Matter: Season 2,4000000,2.2167000770568848,1800000.0,6
2026-08-02,TV (English),10,Avatar: The Last Airbender,Avatar: The Last Airbender: Season 2,11600000,7.466700077056885,1600000.0,6
2026-08-02,TV (Non-English),1,Elite Force,Elite Force: Season 1,34200000,4.933300018310547,6900000.0,2
2026-08-02,TV (Non-English),2,My Daughter's Father,My Daughter's Father: Season 1,49700000,7.283299922943115,6800000.0,2
2026-08-02,TV (Non-English),3,Agent Kim Reactivated,Agent Kim Reactivated: Limited Series,55100000,10.966699600219727,5000000.0,6
2026-08-02,TV (Non-English),4,Musafir Cafe,Musafir Cafe: Season 1,15600000,4.1666998863220215,3700000.0,1
2026-08-02,TV (Non-English),5,Spooky in Love,Spooky in Love: Limited Series,22300000,6.1666998863220215,3600000.0,3
2026-08-02,TV (Non-English),6,The East Palace,The East Palace: Limited Series,20500000,6.783299922943115,3000000.0,3
2026-08-02,TV (Non-English),7,Wrath,Wrath: Season 1,10800000,5.01669979095459,2200000.0,1
2026-08-02,TV (Non-English),8,Teach You a Lesson,Teach You a Lesson: Limited Series,18800000,10.683300018310547,1800000.0,9
2026-08-02,TV (Non-English),9,The Apartment Job,The Apartment Job: Limited Series,12700000,0.0,1700000.0,4
2026-08-02,TV (Non-English),10,Elize Matsunaga: Once Upon a Crime,Elize Matsunaga: Once Upon a Crime: Season 1,5100000,3.3333001136779785,1500000.0,3
2026-07-26,TV (English),1,I Will Find You,I Will Find You: Limited Series,40100000,5.48330020904541,7300000.0,6
2026-07-26,TV (English),2,The Hawk,The Hawk: Season 1,32000000,5.150000095367432,6200000.0,2
2026-07-26,TV (English),3,Ransom Canyon,Ransom Canyon: Season 2,25500000,6.150000095367432,4100000.0,1
2026-07-26,TV (English),4,Little House on the Prairie,Little House on the Prairie: Season 1,26300000,6.633299827575684,4000000.0,3
2026-07-26,TV (English),5,The Ultimatum: Marry or Move On,The Ultimatum: Marry or Move On: Season 4,21800000,8.399999618530273,2600000.0,2
2026-07-26,TV (English),6,Raw,"Raw: July 20, 2026",4100000,1.6167000532150269,2400000.0,1
2026-07-26,TV (English),7,Avatar: The Last Airbender,Avatar: The Last Airbender: Season 2,17100000,7.466700077056885,2300000.0,5
2026-07-26,TV (English),8,Salish & Jordan Matter,Salish & Jordan Matter: Season 2,4700000,2.2167000770568848,2100000.0,5
2026-07-26,TV (English),9,Worst Neighbor Ever,Worst Neighbor Ever: Season 1,7100000,3.766700029373169,1900000.0,4
2026-07-26,TV (English),10,Stokes Twins,Stokes Twins: Season 1,4900000,3.2167000770568848,1500000.0,1
2026-07-26,TV (Non-English),1,Elite Force,Elite Force: Season 1,49600000,4.933300018310547,10100000.0,1
2026-07-26,TV (Non-English),2,The East Palace,The East Palace: Limited Series,55200000,6.783299922943115,8100000.0,2
2026-07-26,TV (Non-English),3,Agent Kim Reactivated,Agent Kim Reactivated: Limited Series,80300000,10.966699600219727,7300000.0,5
2026-07-26,TV (Non-English),4,My Daughter's Father,My Daughter's Father: Season 1,38200000,7.283299922943115,5200000.0,1
2026-07-26,TV (Non-English),5,Spooky in Love,Spooky in Love: Limited Series,17000000,4.066699981689453,4200000.0,2
2026-07-26,TV (Non-English),6,The Map of Longing,The Map of Longing: Limited Series,14900000,4.5833001136779785,3300000.0,2
2026-07-26,TV (Non-English),7,Teach You a Lesson,Teach You a Lesson: Limited Series,24300000,10.683300018310547,2300000.0,8
2026-07-26,TV (Non-English),8,The Apartment Job,The Apartment Job: Limited Series,11100000,0.0,2000000.0,3
2026-07-26,TV (Non-English),9,The Polygamist,The Polygamist: Season 1,17800000,9.649999618530273,1800000.0,7
2026-07-26,TV (Non-English),10,Jujutsu Kaisen,Jujutsu Kaisen: Season 3,7400000,4.9166998863220215,1500000.0,6
2026-07-19,TV (English),1,Little House on the Prairie,Little House on the Prairie: Season 1,65000000,6.633299827575684,9800000.0,2
2026-07-19,TV (English),2,I Will Find You,I Will Find You: Limited Series,48500000,5.48330020904541,8800000.0,5
2026-07-19,TV (English),3,The Hawk,The Hawk: Season 1,24700000,5.150000095367432,4800000.0,1
2026-07-19,TV (English),4,Avatar: The Last Airbender,Avatar: The Last Airbender: Season 2,25200000,7.466700077056885,3400000.0,4
2026-07-19,TV (English),5,Worst Neighbor Ever,Worst Neighbor Ever: Season 1,12500000,3.766700029373169,3300000.0,3
2026-07-19,TV (English),6,Raw,"Raw: July 13, 2026",5100000,2.066699981689453,2400000.0,1
2026-07-19,TV (English),7,Salish & Jordan Matter,Salish & Jordan Matter: Season 2,5200000,2.2167000770568848,2300000.0,4
2026-07-19,TV (English),8,Hot Ones: Extra Heat,Hot Ones: Extra Heat: Season 1,900000,0.44999998807907104,2000000.0,1
2026-07-19,TV (English),9,The Ultimatum: Marry or Move On,The Ultimatum: Marry or Move On: Season 4,12900000,6.816699981689453,1900000.0,1
2026-07-19,TV (English),10,Avatar: The Last Airbender,Avatar: The Last Airbender: Season 1,12200000,7.25,1700000.0,10
2026-07-19,TV (Non-English),1,Agent Kim Reactivated,Agent Kim Reactivated: Limited Series,72000000,8.73330020904541,8200000.0,4
2026-07-19,TV (Non-English),2,The East Palace,The East Palace: Limited Series,32900000,6.783299922943115,4900000.0,1
2026-07-19,TV (Non-English),3,I'm Not Afraid,I'm Not Afraid: Limited Series,18100000,4.48330020904541,4000000.0,2
2026-07-19,TV (Non-English),4,José Totoy 3,N/A,2700000,0.75,3600000.0,2
2026-07-19,TV (Non-English),5,The Apartment Job,The Apartment Job: Limited Series,11100000,0.0,3300000.0,2
2026-07-19,TV (Non-English),6,Teach You a Lesson,Teach You a Lesson: Limited Series,31400000,10.683300018310547,2900000.0,7
2026-07-19,TV (Non-English),7,The Polygamist,The Polygamist: Season 1,25600000,9.649999618530273,2700000.0,6
2026-07-19,TV (Non-English),8,Spooky in Love,Spooky in Love: Limited Series,3500000,2.066699981689453,1700000.0,1
2026-07-19,TV (Non-English),9,Human Vapor,Human Vapor: Season 1,11900000,7.216700077056885,1600000.0,3
2026-07-19,TV (Non-English),10,The Map of Longing,The Map of Longing: Limited Series,6700000,4.5833001136779785,1500000.0,1
2026-07-12,TV (English),1,I Will Find You,I Will Find You: Limited Series,63000000,5.48330020904541,11500000.0,4
2026-07-12,TV (English),2,Worst Neighbor Ever,Worst Neighbor Ever: Season 1,30600000,3.766700029373169,8100000.0,2
2026-07-12,TV (English),3,Little House on the Prairie,Little House on the Prairie: Season 1,42700000,6.633299827575684,6400000.0,1
2026-07-12,TV (English),4,Avatar: The Last Airbender,Avatar: The Last Airbender: Season 2,38500000,7.466700077056885,5200000.0,3
2026-07-12,TV (English),5,Salish & Jordan Matter,Salish & Jordan Matter: Season 2,6600000,2.2167000770568848,3000000.0,3
2026-07-12,TV (English),6,Raw,"Raw: July 6, 2026",5000000,1.9666999578475952,2500000.0,1
2026-07-12,TV (English),7,Sullivan's Crossing,Sullivan's Crossing: Season 4,17100000,7.433300018310547,2300000.0,2
2026-07-12,TV (English),8,Avatar: The Last Airbender,Avatar: The Last Airbender: Season 1,16000000,7.25,2200000.0,9
2026-07-12,TV (English),9,Survival of the Thickest,Survival of the Thickest: Season 3,5600000,3.4000000953674316,1600000.0,1
2026-07-12,TV (English),10,Jeff Arcuri: Nice to Meet You,N/A,1400000,1.0499999523162842,1300000.0,1
2026-07-12,TV (Non-English),1,Agent Kim Reactivated,Agent Kim Reactivated: Limited Series,59100000,6.48330020904541,9100000.0,3
2026-07-12,TV (Non-English),2,Teach You a Lesson,Teach You a Lesson: Limited Series,38700000,10.683300018310547,3600000.0,6
2026-07-12,TV (Non-English),3,The Polygamist,The Polygamist: Season 1,34400000,9.649999618530273,3600000.0,5
2026-07-12,TV (Non-English),4,Human Vapor,Human Vapor: Season 1,24300000,7.216700077056885,3400000.0,2
2026-07-12,TV (Non-English),5,I'm Not Afraid,I'm Not Afraid: Limited Series,14000000,4.48330020904541,3100000.0,1
2026-07-12,TV (Non-English),6,Summer ’36,Summer ’36: Limited Series,11000000,5.066699981689453,2200000.0,2
2026-07-12,TV (Non-English),7,Oasis,Oasis: Season 1,9900000,5.73330020904541,1700000.0,4
2026-07-12,TV (Non-English),8,Better Late Than Single,Better Late Than Single: Season 2,8400000,5.466700077056885,1500000.0,1
2026-07-12,TV (Non-English),9,Lock Upp,Lock Upp: Season 1,20400000,0.0,1500000.0,2
2026-07-12,TV (Non-English),10,The Apartment Job,The Apartment Job: Limited Series,1900000,0.0,1400000.0,1
2026-07-05,TV (English),1,I Will Find You,I Will Find You: Limited Series,88000000,5.48330020904541,16000000.0,3
2026-07-05,TV (English),2,Worst Neighbor Ever,Worst Neighbor Ever: Season 1,37700000,3.766700029373169,10000000.0,1
2026-07-05,TV (English),3,Avatar: The Last Airbender,Avatar: The Last Airbender: Season 2,71500000,7.466700077056885,9600000.0,2
2026-07-05,TV (English),4,Salish & Jordan Matter,Salish & Jordan Matter: Season 2,10500000,2.2167000770568848,4700000.0,2
2026-07-05,TV (English),5,Avatar: The Last Airbender,Avatar: The Last Airbender: Season 1,26100000,7.25,3600000.0,8
2026-07-05,TV (English),6,Sullivan's Crossing,Sullivan's Crossing: Season 4,22600000,7.433300018310547,3000000.0,1
2026-07-05,TV (English),7,Raw,"Raw: June 29, 2026",4500000,1.8832999467849731,2300000.0,1
2026-07-05,TV (English),8,Salish & Jordan Matter,Salish & Jordan Matter: Season 1,5400000,3.5332999229431152,1500000.0,7
2026-07-05,TV (English),9,Danny Go!,Danny Go!: Season 1,2700000,2.0332999229431152,1300000.0,7
2026-07-05,TV (English),10,Ms. Rachel,Ms. Rachel: Season 1,3900000,3.0332999229431152,1300000.0,26
2026-07-05,TV (Non-English),1,Agent Kim Reactivated,Agent Kim Reactivated: Limited Series,44100000,4.216700077056885,10500000.0,2
2026-07-05,TV (Non-English),2,Teach You a Lesson,Teach You a Lesson: Limited Series,49900000,10.683300018310547,4700000.0,5
2026-07-05,TV (Non-English),3,The Polygamist,The Polygamist: Season 1,43800000,9.649999618530273,4500000.0,4
2026-07-05,TV (Non-English),4,Oasis,Oasis: Season 1,16900000,5.73330020904541,2900000.0,3
2026-07-05,TV (Non-English),5,Notes from the Last Row,Notes from the Last Row: Limited Series,16300000,6.349999904632568,2600000.0,2
2026-07-05,TV (Non-English),6,Another Self,Another Self: Season 3,14300000,6.216700077056885,2300000.0,2
2026-07-05,TV (Non-English),7,Human Vapor,Human Vapor: Season 1,14300000,7.216700077056885,2000000.0,1
2026-07-05,TV (Non-English),8,Lock Upp,Lock Upp: Season 1,13800000,7.183300018310547,1900000.0,1
2026-07-05,TV (Non-English),9,India’s Got Latent,India’s Got Latent: Season 2,3000000,2.0332999229431152,1500000.0,3
2026-07-05,TV (Non-English),10,Summer ’36,Summer ’36: Limited Series,6800000,5.066699981689453,1300000.0,1
2026-06-28,TV (English),1,I Will Find You,I Will Find You: Limited Series,187200000,5.48330020904541,34100000.0,2
2026-06-28,TV (English),2,Avatar: The Last Airbender,Avatar: The Last Airbender: Season 2,64600000,7.466700077056885,8700000.0,1
2026-06-28,TV (English),3,Avatar: The Last Airbender,Avatar: The Last Airbender: Season 1,21700000,7.25,3000000.0,7
2026-06-28,TV (English),4,Raw,"Raw: June 22, 2026",4300000,1.7833000421524048,2300000.0,1
2026-06-28,TV (English),5,AMERICA'S SWEETHEARTS: Dallas Cowboys Cheerleaders,AMERICA'S SWEETHEARTS: Dallas Cowboys Cheerleaders: Season 3,15300000,7.01669979095459,2200000.0,2
2026-06-28,TV (English),6,Salish & Jordan Matter,Salish & Jordan Matter: Season 1,7200000,3.5332999229431152,2000000.0,6
2026-06-28,TV (English),7,Sweet Magnolias,Sweet Magnolias: Season 5,15700000,7.900000095367432,2000000.0,3
2026-06-28,TV (English),8,Salish & Jordan Matter,Salish & Jordan Matter: Season 2,4400000,2.2167000770568848,2000000.0,1
2026-06-28,TV (English),9,The Amazing Digital Circus,The Amazing Digital Circus: Season 1,9400000,4.933300018310547,1900000.0,4
2026-06-28,TV (English),10,The Last Ship,The Last Ship: Season 1,13100000,7.066699981689453,1900000.0,1
2026-06-28,TV (Non-English),1,Teach You a Lesson,Teach You a Lesson: Limited Series,78200000,10.683300018310547,7300000.0,4
2026-06-28,TV (Non-English),2,Oasis,Oasis: Season 1,40000000,5.73330020904541,7000000.0,2
2026-06-28,TV (Non-English),3,Agent Kim Reactivated,Agent Kim Reactivated: Limited Series,14200000,2.1500000953674316,6600000.0,1
2026-06-28,TV (Non-English),4,The Polygamist,The Polygamist: Season 1,51600000,9.649999618530273,5300000.0,3
2026-06-28,TV (Non-English),5,Another Self,Another Self: Season 3,14900000,6.216700077056885,2400000.0,1
2026-06-28,TV (Non-English),6,India’s Got Latent,India’s Got Latent: Season 2,2400000,1.016700029373169,2400000.0,2
2026-06-28,TV (Non-English),7,My Royal Nemesis,My Royal Nemesis: Limited Series,33000000,16.149999618530273,2000000.0,8
2026-06-28,TV (Non-English),8,Notes from the Last Row,Notes from the Last Row: Limited Series,10400000,6.349999904632568,1600000.0,1
2026-06-28,TV (Non-English),9,Losing Judgment,Losing Judgment: Season 1,12700000,8.76669979095459,1400000.0,3
2026-06-28,TV (Non-English),10,BAKI-DOU: The Invincible Samurai,BAKI-DOU: The Invincible Samurai: Season 1,13400000,10.566699981689453,1300000.0,4
2026-06-21,TV (English),1,I Will Find You,I Will Find You: Limited Series,131700000,5.48330020904541,24000000.0,1
2026-06-21,TV (English),2,Outlast: The Jungle,Outlast: The Jungle: Season 1,28500000,7.216700077056885,3900000.0,2
2026-06-21,TV (English),3,Sweet Magnolias,Sweet Magnolias: Season 5,27300000,7.900000095367432,3500000.0,2
2026-06-21,TV (English),4,AMERICA'S SWEETHEARTS: Dallas Cowboys Cheerleaders,AMERICA'S SWEETHEARTS: Dallas Cowboys Cheerleaders: Season 3,22600000,7.01669979095459,3200000.0,1
2026-06-21,TV (English),5,The Witness,The Witness: Limited Series,7300000,2.5833001136779785,2800000.0,3
2026-06-21,TV (English),6,Michael Jackson: The Verdict,Michael Jackson: The Verdict: Season 1,6500000,2.6333000659942627,2500000.0,3
2026-06-21,TV (English),7,Raw,"Raw: June 15, 2026",4900000,1.9500000476837158,2400000.0,1
2026-06-21,TV (English),8,The Amazing Digital Circus,The Amazing Digital Circus: Season 1,8800000,4.933300018310547,1800000.0,3
2026-06-21,TV (English),9,Salish & Jordan Matter,Salish & Jordan Matter: Season 1,5900000,3.5332999229431152,1700000.0,5
2026-06-21,TV (English),10,The Four Seasons,The Four Seasons: Season 2,6900000,4.199999809265137,1600000.0,4
2026-06-21,TV (Non-English),1,Teach You a Lesson,Teach You a Lesson: Limited Series,126200000,10.683300018310547,11800000.0,3
2026-06-21,TV (Non-English),2,The Polygamist,The Polygamist: Season 1,74300000,9.649999618530273,7700000.0,2
2026-06-21,TV (Non-English),3,Viral Hit,Viral Hit: Season 1,13800000,5.0,2800000.0,2
2026-06-21,TV (Non-English),4,The Evil Lawyer,The Evil Lawyer: Season 1,18600000,6.849999904632568,2700000.0,2
2026-06-21,TV (Non-English),5,Losing Judgment,Losing Judgment: Season 1,23500000,8.76669979095459,2700000.0,2
2026-06-21,TV (Non-English),6,My Royal Nemesis,My Royal Nemesis: Limited Series,42900000,16.149999618530273,2700000.0,7
2026-06-21,TV (Non-English),7,India’s Got Latent,India’s Got Latent: Season 2,2200000,1.016700029373169,2200000.0,1
2026-06-21,TV (Non-English),8,Oasis,Oasis: Season 1,12200000,5.73330020904541,2100000.0,1
2026-06-21,TV (Non-English),9,Rosario Tijeras (Mexico),Rosario Tijeras (Mexico): Season 5,61300000,30.33329963684082,2000000.0,2
2026-06-21,TV (Non-English),10,Juvenile Justice,Juvenile Justice: Season 1,12000000,10.25,1200000.0,8
2026-06-14,TV (English),1,The Witness,The Witness: Limited Series,26200000,2.5833001136779785,10100000.0,2
2026-06-14,TV (English),2,Michael Jackson: The Verdict,Michael Jackson: The Verdict: Season 1,19000000,2.6333000659942627,7200000.0,2
2026-06-14,TV (English),3,Outlast: The Jungle,Outlast: The Jungle: Season 1,17900000,5.5,3300000.0,1
2026-06-14,TV (English),4,Sweet Magnolias,Sweet Magnolias: Season 5,22500000,7.900000095367432,2800000.0,1
2026-06-14,TV (English),5,The Four Seasons,The Four Seasons: Season 2,11700000,4.199999809265137,2800000.0,3
2026-06-14,TV (English),6,Raw,"Raw: June 8, 2026",4500000,1.7999999523162842,2400000.0,1
2026-06-14,TV (English),7,Nemesis,Nemesis: Season 1,16300000,7.783299922943115,2100000.0,5
2026-06-14,TV (English),8,The Boroughs,The Boroughs: Season 1,12800000,6.25,2000000.0,4
2026-06-14,TV (English),9,Tony Hinchcliffe: Man of the People,N/A,1500000,0.916700005531311,1600000.0,1
2026-06-14,TV (English),10,Danny Go!,Danny Go!: Season 1,3100000,2.0332999229431152,1500000.0,6
2026-06-14,TV (Non-English),1,Teach You a Lesson,Teach You a Lesson: Limited Series,225800000,10.683300018310547,21100000.0,2
2026-06-14,TV (Non-English),2,My Royal Nemesis,My Royal Nemesis: Limited Series,37300000,13.649999618530273,2700000.0,6
2026-06-14,TV (Non-English),3,Rosario Tijeras (Mexico),Rosario Tijeras (Mexico): Season 5,71300000,28.816699981689453,2500000.0,1
2026-06-14,TV (Non-English),4,The Polygamist,The Polygamist: Season 1,19100000,9.649999618530273,2000000.0,1
2026-06-14,TV (Non-English),5,The Evil Lawyer,The Evil Lawyer: Season 1,11500000,6.849999904632568,1700000.0,1
2026-06-14,TV (Non-English),6,Berlin and the Lady with an Ermine,Berlin and the Lady with an Ermine: Limited Series,12400000,7.400000095367432,1700000.0,5
2026-06-14,TV (Non-English),7,Viral Hit,Viral Hit: Season 1,8300000,5.0,1700000.0,1
2026-06-14,TV (Non-English),8,The WONDERfools,The WONDERfools: Limited Series,12200000,9.433300018310547,1300000.0,5
2026-06-14,TV (Non-English),9,Rafa,Rafa: Limited Series,3700000,3.799999952316284,1000000.0,3
2026-06-14,TV (Non-English),10,Losing Judgment,Losing Judgment: Season 1,7700000,8.76669979095459,900000.0,1
2026-06-07,TV (English),1,Michael Jackson: The Verdict,Michael Jackson: The Verdict: Season 1,47000000,2.6333000659942627,17800000.0,1
2026-06-07,TV (English),2,The Witness,The Witness: Limited Series,34100000,2.5833001136779785,13200000.0,1
2026-06-07,TV (English),3,The Four Seasons,The Four Seasons: Season 2,23800000,4.199999809265137,5700000.0,2
2026-06-07,TV (English),4,The Boroughs,The Boroughs: Season 1,23000000,6.25,3700000.0,3
2026-06-07,TV (English),5,Nemesis,Nemesis: Season 1,27500000,7.783299922943115,3500000.0,4
2026-06-07,TV (English),6,Lawmen: Bass Reeves,Lawmen: Bass Reeves: Season 1,20200000,6.0833001136779785,3300000.0,1
2026-06-07,TV (English),7,"Instadocs: Alex Murdaugh, Unconvicted",N/A,1600000,0.5,3200000.0,2
2026-06-07,TV (English),8,A Good Girl's Guide to Murder,A Good Girl's Guide to Murder: Season 2,9900000,4.76669979095459,2100000.0,2
2026-06-07,TV (English),9,Raw,"Raw: June 1, 2026",6200000,1.7833000421524048,2000000.0,1
2026-06-07,TV (English),10,The Four Seasons,The Four Seasons: Season 1,8400000,4.300000190734863,2000000.0,6
2026-06-07,TV (Non-English),1,Teach You a Lesson,Teach You a Lesson: Limited Series,68700000,10.683300018310547,6400000.0,1
2026-06-07,TV (Non-English),2,My Royal Nemesis,My Royal Nemesis: Limited Series,37300000,11.366700172424316,3300000.0,5
2026-06-07,TV (Non-English),3,Berlin and the Lady with an Ermine,Berlin and the Lady with an Ermine: Limited Series,21300000,7.400000095367432,2900000.0,4
2026-06-07,TV (Non-English),4,The WONDERfools,The WONDERfools: Limited Series,20400000,9.433300018310547,2200000.0,4
2026-06-07,TV (Non-English),5,Rafa,Rafa: Limited Series,8100000,3.799999952316284,2100000.0,2
2026-06-07,TV (Non-English),6,Murder Mindfully,Murder Mindfully: Season 2,7400000,4.48330020904541,1700000.0,2
2026-06-07,TV (Non-English),7,Ashes to Crown,Ashes to Crown: Season 1,11500000,0.0,1400000.0,1
2026-06-07,TV (Non-English),8,Brazil '70: The Third Star,Brazil '70: The Third Star: Season 1,7200000,5.466700077056885,1300000.0,1
2026-06-07,TV (Non-English),9,Sold Out on You,Sold Out on You: Limited Series,16700000,13.316699981689453,1300000.0,7
2026-06-07,TV (Non-English),10,Jae-seok's B&B Rules!,Jae-seok's B&B Rules!: Season 1,13200000,10.850000381469727,1200000.0,2
2026-05-31,TV (English),1,The Boroughs,The Boroughs: Season 1,59400000,6.25,9500000.0,2
2026-05-31,TV (English),2,Nemesis,Nemesis: Season 1,46300000,7.783299922943115,5900000.0,3
2026-05-31,TV (English),3,The Four Seasons,The Four Seasons: Season 2,18300000,4.199999809265137,4400000.0,1
2026-05-31,TV (English),4,"Instadocs: Alex Murdaugh, Unconvicted",N/A,1700000,0.5,3400000.0,1
2026-05-31,TV (English),5,Man on Fire,Man on Fire: Season 1,15900000,5.550000190734863,2900000.0,5
2026-05-31,TV (English),6,Worst Ex Ever,Worst Ex Ever: Season 2,11100000,4.01669979095459,2800000.0,4
2026-05-31,TV (English),7,Raw,"Raw: May 25, 2026",4600000,1.7833000421524048,2500000.0,1
2026-05-31,TV (English),8,Legends,Legends: Season 1,12300000,5.900000095367432,2100000.0,4
2026-05-31,TV (English),9,A Good Girl's Guide to Murder,A Good Girl's Guide to Murder: Season 2,8700000,4.76669979095459,1800000.0,1
2026-05-31,TV (English),10,Danny Go!,Danny Go!: Season 1,3600000,2.0332999229431152,1800000.0,5
2026-05-31,TV (Non-English),1,Berlin and the Lady with an Ermine,Berlin and the Lady with an Ermine: Limited Series,34600000,7.400000095367432,4700000.0,3
2026-05-31,TV (Non-English),2,The WONDERfools,The WONDERfools: Limited Series,38100000,9.433300018310547,4000000.0,3
2026-05-31,TV (Non-English),3,My Royal Nemesis,My Royal Nemesis: Limited Series,35100000,9.16670036315918,3800000.0,4
2026-05-31,TV (Non-English),4,Sold Out on You,Sold Out on You: Limited Series,28500000,13.316699981689453,2100000.0,6
2026-05-31,TV (Non-English),5,Jae-seok's B&B Rules!,Jae-seok's B&B Rules!: Season 1,9600000,5.3333001136779785,1800000.0,1
2026-05-31,TV (Non-English),6,Desi Bling,Desi Bling: Season 1,8500000,5.050000190734863,1700000.0,2
2026-05-31,TV (Non-English),7,Rafa,Rafa: Limited Series,5100000,3.799999952316284,1300000.0,1
2026-05-31,TV (Non-English),8,Futuro desierto,Futuro desierto: Season 1,6200000,5.183300018310547,1200000.0,1
2026-05-31,TV (Non-English),9,The Chestnut Man,The Chestnut Man: Hide and Seek,5500000,4.866700172424316,1100000.0,4
2026-05-31,TV (Non-English),10,Murder Mindfully,Murder Mindfully: Season 2,4700000,4.48330020904541,1000000.0,1
2026-05-24,TV (English),1,Nemesis,Nemesis: Season 1,88900000,7.783299922943115,11400000.0,2
2026-05-24,TV (English),2,The Boroughs,The Boroughs: Season 1,35300000,6.25,5600000.0,1
2026-05-24,TV (English),3,Worst Ex Ever,Worst Ex Ever: Season 2,14600000,4.01669979095459,3600000.0,3
2026-05-24,TV (English),4,The Roast of Kevin Hart,N/A,9000000,2.8666999340057373,3100000.0,2
2026-05-24,TV (English),5,Man on Fire,Man on Fire: Season 1,16800000,5.550000190734863,3000000.0,4
2026-05-24,TV (English),6,Legends,Legends: Season 1,17400000,5.900000095367432,2900000.0,3
2026-05-24,TV (English),7,Raw,"Raw: May 18, 2026",4600000,1.7166999578475952,2600000.0,1
2026-05-24,TV (English),8,Perfect Match,Perfect Match: Season 4,17100000,7.066699981689453,2400000.0,2
2026-05-24,TV (English),9,Devil May Cry,Devil May Cry: Season 2,10800000,4.76669979095459,2300000.0,2
2026-05-24,TV (English),10,Kylie,Kylie: Limited Series,6400000,3.066699981689453,2100000.0,1
2026-05-24,TV (Non-English),1,Berlin and the Lady with an Ermine,Berlin and the Lady with an Ermine: Limited Series,76300000,7.400000095367432,10300000.0,2
2026-05-24,TV (Non-English),2,The WONDERfools,The WONDERfools: Limited Series,74800000,9.433300018310547,7900000.0,2
2026-05-24,TV (Non-English),3,My Royal Nemesis,My Royal Nemesis: Limited Series,28400000,6.933300018310547,4100000.0,3
2026-05-24,TV (Non-English),4,Sold Out on You,Sold Out on You: Limited Series,24900000,11.100000381469727,2200000.0,5
2026-05-24,TV (Non-English),5,Between Father and Son,Between Father and Son: Season 1,6100000,2.8333001136779785,2200000.0,2
2026-05-24,TV (Non-English),6,Desi Bling,Desi Bling: Season 1,10400000,5.050000190734863,2100000.0,1
2026-05-24,TV (Non-English),7,The Chestnut Man,The Chestnut Man: Hide and Seek,8000000,4.866700172424316,1600000.0,3
2026-05-24,TV (Non-English),8,Berlin and the Jewels of Paris,Berlin and the Jewels of Paris: Limited Series,8800000,6.566699981689453,1300000.0,8
2026-05-24,TV (Non-English),9,James.,James.: Limited Series,2700000,2.549999952316284,1100000.0,1
2026-05-24,TV (Non-English),10,If Wishes Could Kill,If Wishes Could Kill: Limited Series,6100000,5.98330020904541,1000000.0,5
2026-05-17,TV (English),1,The Roast of Kevin Hart,N/A,38600000,2.8666999340057373,13500000.0,1
2026-05-17,TV (English),2,Worst Ex Ever,Worst Ex Ever: Season 2,32600000,4.01669979095459,8100000.0,2
2026-05-17,TV (English),3,Nemesis,Nemesis: Season 1,55000000,7.783299922943115,7100000.0,1
2026-05-17,TV (English),4,Legends,Legends: Season 1,38700000,5.900000095367432,6600000.0,2
2026-05-17,TV (English),5,Man on Fire,Man on Fire: Season 1,30300000,5.550000190734863,5500000.0,3
2026-05-17,TV (English),6,Devil May Cry,Devil May Cry: Season 2,19400000,4.76669979095459,4100000.0,1
2026-05-17,TV (English),7,Raw,"Raw: May 11, 2026",4800000,1.7833000421524048,2600000.0,1
2026-05-17,TV (English),8,Should I Marry A Murderer?,Should I Marry A Murderer?: Limited Series,6400000,2.516700029373169,2500000.0,3
2026-05-17,TV (English),9,Perfect Match,Perfect Match: Season 4,11300000,4.966700077056885,2300000.0,1
2026-05-17,TV (English),10,Danny Go!,Danny Go!: Season 1,4300000,2.0332999229431152,2100000.0,4
2026-05-17,TV (Non-English),1,Berlin and the Lady with an Ermine,Berlin and the Lady with an Ermine: Limited Series,46100000,7.400000095367432,6200000.0,1
2026-05-17,TV (Non-English),2,My Royal Nemesis,My Royal Nemesis: Limited Series,24200000,4.699999809265137,5100000.0,2
2026-05-17,TV (Non-English),3,Between Father and Son,Between Father and Son: Season 1,14200000,2.8333001136779785,5000000.0,1
2026-05-17,TV (Non-English),4,The Chestnut Man,The Chestnut Man: Hide and Seek,16700000,4.866700172424316,3400000.0,2
2026-05-17,TV (Non-English),5,Sold Out on You,Sold Out on You: Limited Series,24500000,8.866700172424316,2800000.0,4
2026-05-17,TV (Non-English),6,The WONDERfools,The WONDERfools: Limited Series,25300000,9.433300018310547,2700000.0,1
2026-05-17,TV (Non-English),7,"Thank You, Next","Thank You, Next: Season 3",10500000,4.949999809265137,2100000.0,2
2026-05-17,TV (Non-English),8,The Chestnut Man,N/A,11400000,5.550000190734863,2100000.0,7
2026-05-17,TV (Non-English),9,If Wishes Could Kill,If Wishes Could Kill: Limited Series,10900000,5.98330020904541,1800000.0,4
2026-05-17,TV (Non-English),10,Straight to Hell,Straight to Hell: Season 1,10700000,8.366700172424316,1300000.0,3
2026-05-10,TV (English),1,Man on Fire,Man on Fire: Season 1,70200000,5.550000190734863,12600000.0,2
2026-05-10,TV (English),2,Should I Marry A Murderer?,Should I Marry A Murderer?: Limited Series,20100000,2.516700029373169,8000000.0,2
2026-05-10,TV (English),3,Worst Ex Ever,Worst Ex Ever: Season 2,32000000,4.01669979095459,8000000.0,1
2026-05-10,TV (English),4,Legends,Legends: Season 1,20300000,5.900000095367432,3400000.0,1
2026-05-10,TV (English),5,Running Point,Running Point: Season 2,15800000,4.783299922943115,3300000.0,3
2026-05-10,TV (English),6,Unchosen,Unchosen: Season 1,14100000,4.5,3100000.0,3
2026-05-10,TV (English),7,Raw,"Raw: May 4, 2026",4600000,1.600000023841858,2700000.0,1
2026-05-10,TV (English),8,Lord of the Flies,Lord of the Flies: Limited Series,10300000,4.050000190734863,2500000.0,1
2026-05-10,TV (English),9,Funny AF with Kevin Hart,Funny AF with Kevin Hart: The Live Semifinals,2600000,1.1833000183105469,2200000.0,1
2026-05-10,TV (English),10,La Brea,La Brea: Season 1,14900000,7.183300018310547,2100000.0,3
2026-05-10,TV (Non-English),1,My Royal Nemesis,My Royal Nemesis: Limited Series,9300000,2.3833000659942627,3900000.0,1
2026-05-10,TV (Non-English),2,If Wishes Could Kill,If Wishes Could Kill: Limited Series,21500000,5.98330020904541,3600000.0,3
2026-05-10,TV (Non-English),3,Sold Out on You,Sold Out on You: Limited Series,20400000,6.616700172424316,3100000.0,3
2026-05-10,TV (Non-English),4,Straight to Hell,Straight to Hell: Season 1,21900000,8.366700172424316,2600000.0,2
2026-05-10,TV (Non-English),5,The Chestnut Man,The Chestnut Man: Hide and Seek,12500000,4.866700172424316,2600000.0,1
2026-05-10,TV (Non-English),6,Glory,Glory: Season 1,12000000,6.23330020904541,1900000.0,1
2026-05-10,TV (Non-English),7,Envious,Envious: Season 4,7900000,4.383299827575684,1800000.0,2
2026-05-10,TV (Non-English),8,"Thank You, Next","Thank You, Next: Season 3",7900000,4.949999809265137,1600000.0,1
2026-05-10,TV (Non-English),9,Flunked,Flunked: Season 1,6400000,4.133299827575684,1500000.0,3
2026-05-10,TV (Non-English),10,The Chestnut Man,N/A,8500000,5.550000190734863,1500000.0,6
2026-05-03,TV (English),1,Man on Fire,Man on Fire: Season 1,61000000,5.550000190734863,11000000.0,1
2026-05-03,TV (English),2,Should I Marry A Murderer?,Should I Marry A Murderer?: Limited Series,26800000,2.516700029373169,10600000.0,1
2026-05-03,TV (English),3,Unchosen,Unchosen: Season 1,39700000,4.5,8800000.0,2
2026-05-03,TV (English),4,Running Point,Running Point: Season 2,32000000,4.783299922943115,6700000.0,2
2026-05-03,TV (English),5,Hulk Hogan: Real American,Hulk Hogan: Real American: Limited Series,12900000,4.133299827575684,3100000.0,2
2026-05-03,TV (English),6,Raw,"Raw: April 27, 2026",5200000,1.7833000421524048,2800000.0,1
2026-05-03,TV (English),7,Running Point,Running Point: Season 1,12500000,5.066699981689453,2500000.0,6
2026-05-03,TV (English),8,Danny Go!,Danny Go!: Season 1,4600000,2.0332999229431152,2300000.0,3
2026-05-03,TV (English),9,Salish & Jordan Matter,Salish & Jordan Matter: Season 1,7700000,3.5332999229431152,2200000.0,4
2026-05-03,TV (English),10,Stranger Things: Tales From '85,Stranger Things: Tales From '85: Season 1,10100000,4.866700172424316,2100000.0,2
2026-05-03,TV (Non-English),1,If Wishes Could Kill,If Wishes Could Kill: Limited Series,44800000,5.98330020904541,7500000.0,2
2026-05-03,TV (Non-English),2,Flunked,Flunked: Season 1,16500000,4.133299827575684,4000000.0,2
2026-05-03,TV (Non-English),3,Sold Out on You,Sold Out on You: Limited Series,16300000,4.400000095367432,3700000.0,2
2026-05-03,TV (Non-English),4,Straight to Hell,Straight to Hell: Season 1,27500000,8.366700172424316,3300000.0,1
2026-05-03,TV (Non-English),5,Envious,Envious: Season 4,13100000,4.383299827575684,3000000.0,1
2026-05-03,TV (Non-English),6,Santita,Santita: Season 1,8500000,4.550000190734863,1900000.0,1
2026-05-03,TV (Non-English),7,Fake Profile,Fake Profile: Season 3,11300000,6.533299922943115,1700000.0,3
2026-05-03,TV (Non-English),8,Ronaldinho: The One and Only,Ronaldinho: The One and Only: Limited Series,4200000,2.7832999229431152,1500000.0,3
2026-05-03,TV (Non-English),9,Bloodhounds,Bloodhounds: Season 2,10400000,6.966700077056885,1500000.0,5
2026-05-03,TV (Non-English),10,Alpha Males,Alpha Males: Season 5,4100000,3.4667000770568848,1200000.0,3
2026-04-26,TV (English),1,Unchosen,Unchosen: Season 1,46900000,4.5,10400000.0,1
2026-04-26,TV (English),2,Running Point,Running Point: Season 2,25200000,4.783299922943115,5300000.0,1
2026-04-26,TV (English),3,BEEF,BEEF: Season 2,23800000,5.866700172424316,4100000.0,2
2026-04-26,TV (English),4,Raw,"Raw: April 20, 2026",6600000,1.983299970626831,3300000.0,1
2026-04-26,TV (English),5,Hulk Hogan: Real American,Hulk Hogan: Real American: Limited Series,12300000,4.133299827575684,3000000.0,1
2026-04-26,TV (English),6,Salish & Jordan Matter,Salish & Jordan Matter: Season 1,10100000,3.5332999229431152,2900000.0,3
2026-04-26,TV (English),7,Stranger Things: Tales From '85,Stranger Things: Tales From '85: Season 1,13800000,4.866700172424316,2800000.0,1
2026-04-26,TV (English),8,Trust Me: The False Prophet,Trust Me: The False Prophet: Season 1,8600000,3.2832999229431152,2600000.0,3
2026-04-26,TV (English),9,The Staircase,The Staircase: Season 1,22700000,8.66670036315918,2600000.0,1
2026-04-26,TV (English),10,Million Dollar Secret,Million Dollar Secret: Season 2,14600000,5.716700077056885,2600000.0,1
2026-04-26,TV (Non-English),1,Sold Out on You,Sold Out on You: Limited Series,10300000,2.183300018310547,4700000.0,1
2026-04-26,TV (Non-English),2,Ronaldinho: The One and Only,Ronaldinho: The One and Only: Limited Series,11500000,2.7832999229431152,4100000.0,2
2026-04-26,TV (Non-English),3,Fake Profile,Fake Profile: Season 3,19800000,6.533299922943115,3000000.0,2
2026-04-26,TV (Non-English),4,If Wishes Could Kill,If Wishes Could Kill: Limited Series,16900000,5.98330020904541,2800000.0,1
2026-04-26,TV (Non-English),5,Alpha Males,Alpha Males: Season 5,9000000,3.4667000770568848,2600000.0,2
2026-04-26,TV (Non-English),6,Bloodhounds,Bloodhounds: Season 2,15400000,6.966700077056885,2200000.0,4
2026-04-26,TV (Non-English),7,Flunked,Flunked: Season 1,8300000,4.133299827575684,2000000.0,1
2026-04-26,TV (Non-English),8,Bandi,Bandi: Season 1,14700000,7.800000190734863,1900000.0,3
2026-04-26,TV (Non-English),9,The Law According to Lidia Poët,The Law According to Lidia Poët: Season 3,9500000,5.150000095367432,1800000.0,2
2026-04-26,TV (Non-English),10,Made with Love,Made with Love: Season 1,8500000,4.650000095367432,1800000.0,2
2026-04-19,TV (English),1,Trust Me: The False Prophet,Trust Me: The False Prophet: Season 1,22700000,3.2832999229431152,6900000.0,2
2026-04-19,TV (English),2,Salish & Jordan Matter,Salish & Jordan Matter: Season 1,17700000,3.5332999229431152,5000000.0,2
2026-04-19,TV (English),3,Big Mistakes,Big Mistakes: Season 1,19400000,4.449999809265137,4400000.0,2
2026-04-19,TV (English),4,"XO, Kitty","XO, Kitty: Season 3",13000000,4.3333001136779785,3000000.0,3
2026-04-19,TV (English),5,Raw,"Raw: April 13, 2026",5600000,1.8832999467849731,2900000.0,1
2026-04-19,TV (English),6,At Home With The Furys,At Home With The Furys: Season 2,16700000,6.0,2800000.0,1
2026-04-19,TV (English),7,The Cleaning Lady,The Cleaning Lady: Season 1,18800000,7.26669979095459,2600000.0,2
2026-04-19,TV (English),8,Temptation Island,Temptation Island: Season 2,21500000,8.716699600219727,2500000.0,1
2026-04-19,TV (English),9,Danny Go!,Danny Go!: Season 1,5000000,2.0332999229431152,2500000.0,2
2026-04-19,TV (English),10,BEEF,BEEF: Season 2,14100000,5.866700172424316,2400000.0,1
2026-04-19,TV (Non-English),1,Bandi,Bandi: Season 1,40500000,7.800000190734863,5200000.0,2
2026-04-19,TV (Non-English),2,Ronaldinho: The One and Only,Ronaldinho: The One and Only: Limited Series,13000000,2.7832999229431152,4700000.0,1
2026-04-19,TV (Non-English),3,Bloodhounds,Bloodhounds: Season 2,25600000,6.966700077056885,3700000.0,3
2026-04-19,TV (Non-English),4,Fake Profile,Fake Profile: Season 3,18600000,6.533299922943115,2800000.0,1
2026-04-19,TV (Non-English),5,Someone Has to Know,Someone Has to Know: Limited Series,12800000,5.01669979095459,2600000.0,1
2026-04-19,TV (Non-English),6,Made with Love,Made with Love: Season 1,11100000,4.650000095367432,2400000.0,1
2026-04-19,TV (Non-English),7,Bloodhounds,Bloodhounds: Season 1,16600000,8.133299827575684,2000000.0,8
2026-04-19,TV (Non-English),8,The Law According to Lidia Poët,The Law According to Lidia Poët: Season 3,10300000,5.150000095367432,2000000.0,1
2026-04-19,TV (Non-English),9,Alpha Males,Alpha Males: Season 5,5900000,3.4667000770568848,1700000.0,1
2026-04-19,TV (Non-English),10,Detective Hole,Detective Hole: Season 1,12100000,7.400000095367432,1600000.0,4
2026-04-12,TV (English),1,Trust Me: The False Prophet,Trust Me: The False Prophet: Season 1,32100000,3.2832999229431152,9800000.0,1
2026-04-12,TV (English),2,"XO, Kitty","XO, Kitty: Season 3",34000000,4.3333001136779785,7800000.0,2
2026-04-12,TV (English),3,Danny Go!,Danny Go!: Season 1,10800000,2.0332999229431152,5300000.0,1
2026-04-12,TV (English),4,Love on the Spectrum,Love on the Spectrum: Season 4,20600000,5.949999809265137,3500000.0,2
2026-04-12,TV (English),5,Something Very Bad Is Going to Happen,Something Very Bad Is Going to Happen: Season 1,19700000,6.349999904632568,3100000.0,3
2026-04-12,TV (English),6,Raw,"Raw: April 6, 2026",5500000,1.766700029373169,2900000.0,1
2026-04-12,TV (English),7,The Cleaning Lady,The Cleaning Lady: Season 1,20200000,7.26669979095459,2800000.0,1
2026-04-12,TV (English),8,Big Mistakes,Big Mistakes: Season 1,12200000,4.449999809265137,2700000.0,1
2026-04-12,TV (English),9,ONE PIECE,ONE PIECE: Season 2,18200000,8.100000381469727,2200000.0,5
2026-04-12,TV (English),10,Salish & Jordan Matter,Salish & Jordan Matter: Season 1,7400000,3.5332999229431152,2100000.0,1
2026-04-12,TV (Non-English),1,Bloodhounds,Bloodhounds: Season 2,51400000,6.966700077056885,7400000.0,2
2026-04-12,TV (Non-English),2,Detective Hole,Detective Hole: Season 1,22200000,7.400000095367432,3000000.0,3
2026-04-12,TV (Non-English),3,Bloodhounds,Bloodhounds: Season 1,24000000,8.133299827575684,3000000.0,7
2026-04-12,TV (Non-English),4,Sins of Kujo,Sins of Kujo: Season 1,16400000,7.466700077056885,2200000.0,2
2026-04-12,TV (Non-English),5,Gangs of Galicia,Gangs of Galicia: Season 2,9900000,4.716700077056885,2100000.0,1
2026-04-12,TV (Non-English),6,Bandi,Bandi: Season 1,16200000,7.800000190734863,2100000.0,1
2026-04-12,TV (Non-English),7,Radioactive Emergency,Radioactive Emergency: Season 1,10500000,5.133299827575684,2000000.0,4
2026-04-12,TV (Non-English),8,High Tides,High Tides: Season 3,6300000,3.8666999340057373,1600000.0,1
2026-04-12,TV (Non-English),9,Maamla Legal Hai,Maamla Legal Hai: Season 2,7900000,4.883299827575684,1600000.0,1
2026-04-12,TV (Non-English),10,Phantom Lawyer,Phantom Lawyer: Season 1,16600000,10.883299827575684,1500000.0,5
2026-04-05,TV (English),1,"XO, Kitty","XO, Kitty: Season 3",55900000,4.3333001136779785,12900000.0,1
2026-04-05,TV (English),2,Something Very Bad Is Going to Happen,Something Very Bad Is Going to Happen: Season 1,43800000,6.349999904632568,6900000.0,2
2026-04-05,TV (English),3,The Predator of Seville,The Predator of Seville: Limited Series,11300000,2.4000000953674316,4700000.0,2
2026-04-05,TV (English),4,ONE PIECE,ONE PIECE: Season 2,28500000,8.100000381469727,3500000.0,4
2026-04-05,TV (English),5,Love on the Spectrum,Love on the Spectrum: Season 4,20400000,5.949999809265137,3400000.0,1
2026-04-05,TV (English),6,Raw,"Raw: March 30, 2026",5500000,1.7833000421524048,3000000.0,1
2026-04-05,TV (English),7,Homicide,Homicide: New York: Season 2,10800000,4.216700077056885,2600000.0,2
2026-04-05,TV (English),8,Virgin River,Virgin River: Season 7,19900000,8.25,2400000.0,4
2026-04-05,TV (English),9,Beauty in Black,Beauty in Black: Season 2,31700000,13.866700172424316,2300000.0,6
2026-04-05,TV (English),10,Ripple,Ripple: Season 1,11100000,5.5833001136779785,2000000.0,1
2026-04-05,TV (Non-English),1,Detective Hole,Detective Hole: Season 1,51300000,7.400000095367432,6900000.0,2
2026-04-05,TV (Non-English),2,Bloodhounds,Bloodhounds: Season 2,35000000,6.966700077056885,5000000.0,1
2026-04-05,TV (Non-English),3,Radioactive Emergency,Radioactive Emergency: Season 1,21200000,5.133299827575684,4100000.0,3
2026-04-05,TV (Non-English),4,Phantom Lawyer,Phantom Lawyer: Season 1,15600000,8.699999809265137,1800000.0,4
2026-04-05,TV (Non-English),5,Pursuit of Jade,Pursuit of Jade: Season 1,48100000,30.783300399780273,1600000.0,4
2026-04-05,TV (Non-English),6,Agent from Above,Agent from Above: Season 1,8100000,5.73330020904541,1400000.0,1
2026-04-05,TV (Non-English),7,Sins of Kujo,Sins of Kujo: Season 1,9900000,7.466700077056885,1300000.0,1
2026-04-05,TV (Non-English),8,Bloodhounds,Bloodhounds: Season 1,9900000,8.133299827575684,1200000.0,6
2026-04-05,TV (Non-English),9,Toriko X One Piece Collaboration Special,Toriko X One Piece Collaboration Special: Season 1,2600000,2.3333001136779785,1100000.0,1
2026-04-05,TV (Non-English),10,BTS THE COMEBACK LIVE | ARIRANG,N/A,1100000,1.0333000421524048,1100000.0,3
2026-03-29,TV (English),1,ONE PIECE,ONE PIECE: Season 2,47500000,8.100000381469727,5900000.0,3
2026-03-29,TV (English),2,Something Very Bad Is Going to Happen,Something Very Bad Is Going to Happen: Season 1,28300000,6.349999904632568,4500000.0,1
2026-03-29,TV (English),3,Beauty in Black,Beauty in Black: Season 2,57700000,13.866700172424316,4200000.0,5
2026-03-29,TV (English),4,Virgin River,Virgin River: Season 7,33800000,8.25,4100000.0,3
2026-03-29,TV (English),5,Homicide,Homicide: New York: Season 2,15200000,4.216700077056885,3600000.0,1
2026-03-29,TV (English),6,Raw,"Raw: March 23, 2026",5500000,1.850000023841858,2900000.0,1
2026-03-29,TV (English),7,The Predator of Seville,The Predator of Seville: Limited Series,6600000,2.4000000953674316,2800000.0,1
2026-03-29,TV (English),8,ONE PIECE,ONE PIECE: Season 1,19600000,7.566699981689453,2600000.0,11
2026-03-29,TV (English),9,Heartbreak High,Heartbreak High: Season 3,15100000,6.316699981689453,2400000.0,1
2026-03-29,TV (English),10,Bridgerton,Bridgerton: Season 4,21100000,8.883299827575684,2400000.0,9
2026-03-29,TV (Non-English),1,Radioactive Emergency,Radioactive Emergency: Season 1,35900000,5.133299827575684,7000000.0,2
2026-03-29,TV (Non-English),2,Detective Hole,Detective Hole: Season 1,36500000,7.400000095367432,4900000.0,1
2026-03-29,TV (Non-English),3,BTS THE COMEBACK LIVE | ARIRANG,N/A,3800000,1.0333000421524048,3600000.0,2
2026-03-29,TV (Non-English),4,Phantom Lawyer,Phantom Lawyer: Season 1,13200000,6.566699981689453,2000000.0,3
2026-03-29,TV (Non-English),5,Pursuit of Jade,Pursuit of Jade: Season 1,52100000,29.86669921875,1700000.0,3
2026-03-29,TV (Non-English),6,STEEL BALL RUN JoJo’s Bizarre Adventure,STEEL BALL RUN JoJo’s Bizarre Adventure: 1st STAGE,1300000,0.78329998254776,1700000.0,2
2026-03-29,TV (Non-English),7,Furies,Furies: Season 2: : Resistance,7400000,4.599999904632568,1600000.0,2
2026-03-29,TV (Non-English),8,That Night,That Night: Limited Series,6400000,4.116700172424316,1600000.0,3
2026-03-29,TV (Non-English),9,Boyfriend on Demand,Boyfriend on Demand: Limited Series,14600000,9.98330020904541,1500000.0,4
2026-03-29,TV (Non-English),10,Ready or Not: Texas,Ready or Not: Texas: Season 1,3800000,3.549999952316284,1100000.0,1
2026-03-22,TV (English),1,ONE PIECE,ONE PIECE: Season 2,90300000,8.100000381469727,11100000.0,2
2026-03-22,TV (English),2,Virgin River,Virgin River: Season 7,63900000,8.25,7700000.0,2
2026-03-22,TV (English),3,Beauty in Black,Beauty in Black: Season 2,73900000,13.866700172424316,5300000.0,4
2026-03-22,TV (English),4,ONE PIECE,ONE PIECE: Season 1,33100000,7.566699981689453,4400000.0,10
2026-03-22,TV (English),5,The Dinosaurs,The Dinosaurs: Season 1,10400000,3.0999999046325684,3400000.0,3
2026-03-22,TV (English),6,Bridgerton,Bridgerton: Season 4,28600000,8.883299827575684,3200000.0,8
2026-03-22,TV (English),7,Age of Attraction,Age of Attraction: Season 1,21700000,6.866700172424316,3200000.0,2
2026-03-22,TV (English),8,Raw,"Raw: March 16, 2026",5900000,1.9333000183105469,3000000.0,1
2026-03-22,TV (English),9,Love & Death,Love & Death: Season 1,18400000,6.283299922943115,2900000.0,1
2026-03-22,TV (English),10,Mark Rober's CrunchLabs,Mark Rober's CrunchLabs: Season 3,6400000,2.2167000770568848,2900000.0,1
2026-03-22,TV (Non-English),1,BTS THE COMEBACK LIVE | ARIRANG,N/A,14400000,1.100000023841858,13100000.0,1
2026-03-22,TV (Non-English),2,STEEL BALL RUN JoJo’s Bizarre Adventure,STEEL BALL RUN JoJo’s Bizarre Adventure: 1st STAGE,3700000,0.78329998254776,4700000.0,1
2026-03-22,TV (Non-English),3,That Night,That Night: Limited Series,18100000,4.116700172424316,4400000.0,2
2026-03-22,TV (Non-English),4,Radioactive Emergency,Radioactive Emergency: Season 1,19400000,5.133299827575684,3800000.0,1
2026-03-22,TV (Non-English),5,Phantom Lawyer,Phantom Lawyer: Season 1,10700000,4.4166998863220215,2400000.0,2
2026-03-22,TV (Non-English),6,Boyfriend on Demand,Boyfriend on Demand: Limited Series,23600000,9.98330020904541,2400000.0,3
2026-03-22,TV (Non-English),7,Furies,Furies: Season 2: : Resistance,8800000,4.599999904632568,1900000.0,1
2026-03-22,TV (Non-English),8,Pursuit of Jade,Pursuit of Jade: Season 1,43400000,24.399999618530273,1800000.0,2
2026-03-22,TV (Non-English),9,"A Friend, a Murderer","A Friend, a Murderer: Limited Series",2600000,2.1333000659942627,1200000.0,3
2026-03-22,TV (Non-English),10,Girl From Nowhere The Reset,Girl From Nowhere The Reset: Season 1,2400000,2.1500000953674316,1100000.0,3
2026-03-15,TV (English),1,ONE PIECE,ONE PIECE: Season 2,136200000,8.100000381469727,16800000.0,1
2026-03-15,TV (English),2,The Dinosaurs,The Dinosaurs: Season 1,29900000,3.0999999046325684,9600000.0,2
2026-03-15,TV (English),3,The Reunion,N/A,13700000,1.5333000421524048,8900000.0,1
2026-03-15,TV (English),4,Virgin River,Virgin River: Season 7,58000000,8.25,7000000.0,1
2026-03-15,TV (English),5,Bridgerton,Bridgerton: Season 4,47100000,8.883299827575684,5300000.0,7
2026-03-15,TV (English),6,Age of Attraction,Age of Attraction: Season 1,19100000,5.01669979095459,3800000.0,1
2026-03-15,TV (English),7,ONE PIECE,ONE PIECE: Season 1,27000000,7.566699981689453,3600000.0,9
2026-03-15,TV (English),8,Vladimir,Vladimir: Limited Series,14100000,4.01669979095459,3500000.0,2
2026-03-15,TV (English),9,The Night Agent,The Night Agent: Season 3,28200000,8.716699600219727,3200000.0,4
2026-03-15,TV (English),10,Raw,"Raw: March 9, 2026",5000000,1.6833000183105469,2800000.0,1
2026-03-15,TV (Non-English),1,Boyfriend on Demand,Boyfriend on Demand: Limited Series,47800000,9.98330020904541,4800000.0,2
2026-03-15,TV (Non-English),2,That Night,That Night: Limited Series,15600000,4.116700172424316,3800000.0,1
2026-03-15,TV (Non-English),3,The TikTok Killer,The TikTok Killer: Limited Series,5900000,1.5666999816894531,3800000.0,2
2026-03-15,TV (Non-English),4,"A Friend, a Murderer","A Friend, a Murderer: Limited Series",7500000,2.1333000659942627,3500000.0,2
2026-03-15,TV (Non-English),5,Girl From Nowhere The Reset,Girl From Nowhere The Reset: Season 1,2900000,1.3832999467849731,2100000.0,2
2026-03-15,TV (Non-English),6,Pursuit of Jade,Pursuit of Jade: Season 1,34200000,17.549999237060547,1900000.0,1
2026-03-15,TV (Non-English),7,Phantom Lawyer,Phantom Lawyer: Season 1,4000000,2.266700029373169,1800000.0,1
2026-03-15,TV (Non-English),8,Unfamiliar,Unfamiliar: Season 1,6600000,5.23330020904541,1300000.0,6
2026-03-15,TV (Non-English),9,BAKI-DOU: The Invincible Samurai,BAKI-DOU: The Invincible Samurai: Season 1,6800000,5.48330020904541,1200000.0,3
2026-03-15,TV (Non-English),10,Still Shining,Still Shining: Limited Series,5300000,4.316699981689453,1200000.0,2
2026-03-08,TV (English),1,Bridgerton,Bridgerton: Season 4,116400000,8.883299827575684,13100000.0,6
2026-03-08,TV (English),2,The Dinosaurs,The Dinosaurs: Season 1,32300000,3.0999999046325684,10400000.0,1
2026-03-08,TV (English),3,The Night Agent,The Night Agent: Season 3,45000000,8.716699600219727,5200000.0,3
2026-03-08,TV (English),4,Vladimir,Vladimir: Limited Series,17000000,4.01669979095459,4200000.0,1
2026-03-08,TV (English),5,Formula 1: Drive to Survive,Formula 1: Drive to Survive: Season 8,18500000,6.066699981689453,3000000.0,2
2026-03-08,TV (English),6,Raw,"Raw: March 2, 2026",5400000,1.6833000183105469,3000000.0,1
2026-03-08,TV (English),7,Gabby's Dollhouse,Gabby's Dollhouse: Season 13,5100000,2.0332999229431152,2500000.0,1
2026-03-08,TV (English),8,Bridgerton,Bridgerton: Season 1,18300000,8.199999809265137,2200000.0,20
2026-03-08,TV (English),9,The Mentalist,The Mentalist: Season 1,36800000,16.600000381469727,2200000.0,1
2026-03-08,TV (English),10,Love Is Blind,Love Is Blind: S10: Ohio,24100000,12.100000381469727,2000000.0,4
2026-03-08,TV (Non-English),1,The TikTok Killer,The TikTok Killer: Limited Series,6500000,1.5666999816894531,4100000.0,1
2026-03-08,TV (Non-English),2,"A Friend, a Murderer","A Friend, a Murderer: Limited Series",7500000,2.1333000659942627,3500000.0,1
2026-03-08,TV (Non-English),3,BAKI-DOU: The Invincible Samurai,BAKI-DOU: The Invincible Samurai: Season 1,17100000,5.48330020904541,3100000.0,2
2026-03-08,TV (Non-English),4,Boyfriend on Demand,Boyfriend on Demand: Limited Series,25600000,9.98330020904541,2600000.0,1
2026-03-08,TV (Non-English),5,Girl From Nowhere The Reset,Girl From Nowhere The Reset: Season 1,1500000,0.71670001745224,2100000.0,1
2026-03-08,TV (Non-English),6,The Art of Sarah,The Art of Sarah: Limited Series,12400000,5.966700077056885,2100000.0,4
2026-03-08,TV (Non-English),7,Still Shining,Still Shining: Limited Series,3300000,2.183300018310547,1500000.0,1
2026-03-08,TV (Non-English),8,Unfamiliar,Unfamiliar: Season 1,6500000,5.23330020904541,1200000.0,5
2026-03-08,TV (Non-English),9,Undercover Miss Hong,Undercover Miss Hong: Limited Series,18200000,19.266700744628906,900000.0,5
2026-03-08,TV (Non-English),10,DOC,DOC: Season 1,14500000,15.566699981689453,900000.0,1
2026-03-01,TV (English),1,Bridgerton,Bridgerton: Season 4,248800000,8.883299827575684,28000000.0,5
2026-03-01,TV (English),2,The Night Agent,The Night Agent: Season 3,86200000,8.716699600219727,9900000.0,2
2026-03-01,TV (English),3,Reality Check: Inside America's Next Top Model,Reality Check: Inside America's Next Top Model: Season 1,10600000,2.7832999229431152,3800000.0,2
2026-03-01,TV (English),4,Love Is Blind,Love Is Blind: S10: Ohio,33200000,10.783300399780273,3100000.0,3
2026-03-01,TV (English),5,The Night Agent,The Night Agent: Season 1,23600000,8.183300018310547,2900000.0,17
2026-03-01,TV (English),6,The Lincoln Lawyer,The Lincoln Lawyer: Season 4,24200000,8.433300018310547,2900000.0,4
2026-03-01,TV (English),7,Raw,"Raw: February 23, 2026",5600000,1.8832999467849731,2800000.0,1
2026-03-01,TV (English),8,The Night Agent,The Night Agent: Season 2,23300000,8.600000381469727,2700000.0,6
2026-03-01,TV (English),9,Formula 1: Drive to Survive,Formula 1: Drive to Survive: Season 8,16100000,6.066699981689453,2700000.0,1
2026-03-01,TV (English),10,Being Gordon Ramsay,Being Gordon Ramsay: Season 1,10400000,4.533299922943115,2300000.0,2
2026-03-01,TV (Non-English),1,The Art of Sarah,The Art of Sarah: Limited Series,25400000,5.966700077056885,4300000.0,3
2026-03-01,TV (Non-English),2,BAKI-DOU: The Invincible Samurai,BAKI-DOU: The Invincible Samurai: Season 1,18500000,5.48330020904541,3400000.0,1
2026-03-01,TV (Non-English),3,Unfamiliar,Unfamiliar: Season 1,10300000,5.23330020904541,2000000.0,4
2026-03-01,TV (Non-English),4,The Museum of Innocence,The Museum of Innocence: Limited Series,11200000,7.6666998863220215,1500000.0,2
2026-03-01,TV (Non-English),5,In the Mud,In the Mud: Season 2,7800000,5.6666998863220215,1400000.0,3
2026-03-01,TV (Non-English),6,Lead Children,Lead Children: Limited Series,7400000,5.75,1300000.0,3
2026-03-01,TV (Non-English),7,Undercover Miss Hong,Undercover Miss Hong: Limited Series,16700000,16.850000381469727,1000000.0,4
2026-03-01,TV (Non-English),8,No Tail to Tell,No Tail to Tell: Limited Series,11200000,12.283300399780273,900000.0,5
2026-03-01,TV (Non-English),9,Can This Love Be Translated?,Can This Love Be Translated?: Limited Series,11600000,13.183300018310547,900000.0,5
2026-03-01,TV (Non-English),10,Salvador,Salvador: Season 1,4500000,6.099999904632568,700000.0,4
2026-02-22,TV (English),1,Reality Check: Inside America's Next Top Model,Reality Check: Inside America's Next Top Model: Season 1,39600000,2.7832999229431152,14200000.0,1
2026-02-22,TV (English),2,The Night Agent,The Night Agent: Season 3,73200000,8.716699600219727,8400000.0,1
2026-02-22,TV (English),3,Bridgerton,Bridgerton: Season 4,27600000,4.383299827575684,6300000.0,4
2026-02-22,TV (English),4,The Lincoln Lawyer,The Lincoln Lawyer: Season 4,41600000,8.433300018310547,4900000.0,3
2026-02-22,TV (English),5,Love Is Blind,Love Is Blind: S10: Ohio,42300000,8.76669979095459,4800000.0,2
2026-02-22,TV (English),6,Jeffrey Epstein: Filthy Rich,Jeffrey Epstein: Filthy Rich: Limited Series,15900000,3.766700029373169,4200000.0,4
2026-02-22,TV (English),7,The Hunting Party,The Hunting Party: Season 1,24600000,7.0833001136779785,3500000.0,1
2026-02-22,TV (English),8,HIS & HERS,HIS & HERS: Limited Series,12500000,4.366700172424316,2900000.0,7
2026-02-22,TV (English),9,Raw,"Raw: February 16, 2026",4900000,1.7166999578475952,2700000.0,1
2026-02-22,TV (English),10,Being Gordon Ramsay,Being Gordon Ramsay: Season 1,12200000,4.533299922943115,2700000.0,1
2026-02-22,TV (Non-English),1,The Art of Sarah,The Art of Sarah: Limited Series,59400000,5.966700077056885,10000000.0,2
2026-02-22,TV (Non-English),2,Unfamiliar,Unfamiliar: Season 1,22500000,5.23330020904541,4300000.0,3
2026-02-22,TV (Non-English),3,Lead Children,Lead Children: Limited Series,22300000,5.75,3900000.0,2
2026-02-22,TV (Non-English),4,The Museum of Innocence,The Museum of Innocence: Limited Series,29100000,7.6666998863220215,3800000.0,1
2026-02-22,TV (Non-English),5,In the Mud,In the Mud: Season 2,20400000,5.6666998863220215,3600000.0,2
2026-02-22,TV (Non-English),6,Salvador,Salvador: Season 1,10000000,6.099999904632568,1600000.0,3
2026-02-22,TV (Non-English),7,Single's Inferno Reunion,Single's Inferno Reunion: Limited Series,5500000,3.5999999046325684,1500000.0,2
2026-02-22,TV (Non-English),8,Motorvalley,Motorvalley: Season 1,7100000,4.650000095367432,1500000.0,2
2026-02-22,TV (Non-English),9,Kohrra,Kohrra: Season 2,6700000,4.966700077056885,1300000.0,2
2026-02-22,TV (Non-English),10,Cash Queens,Cash Queens: Season 1,7100000,5.75,1200000.0,3
2026-02-15,TV (English),1,The Lincoln Lawyer,The Lincoln Lawyer: Season 4,80800000,8.433300018310547,9600000.0,2
2026-02-15,TV (English),2,Bridgerton,Bridgerton: Season 4,41200000,4.383299827575684,9400000.0,3
2026-02-15,TV (English),3,Jeffrey Epstein: Filthy Rich,Jeffrey Epstein: Filthy Rich: Limited Series,31600000,3.766700029373169,8400000.0,3
2026-02-15,TV (English),4,Katt Williams: The Last Report,N/A,7000000,0.983299970626831,7100000.0,1
2026-02-15,TV (English),5,Love Is Blind,Love Is Blind: S10: Ohio,26600000,5.76669979095459,4600000.0,1
2026-02-15,TV (English),6,HIS & HERS,HIS & HERS: Limited Series,16900000,4.366700172424316,3900000.0,6
2026-02-15,TV (English),7,Raw,"Raw: February 9, 2026",5100000,1.7166999578475952,2900000.0,1
2026-02-15,TV (English),8,The Creature Cases,The Creature Cases: Chapter 7,6100000,2.766700029373169,2200000.0,1
2026-02-15,TV (English),9,Bridgerton,Bridgerton: Season 3,17400000,7.98330020904541,2200000.0,14
2026-02-15,TV (English),10,Bridgerton,Bridgerton: Season 1,15400000,8.199999809265137,1900000.0,19
2026-02-15,TV (Non-English),1,Unfamiliar,Unfamiliar: Season 1,54600000,5.23330020904541,10400000.0,2
2026-02-15,TV (Non-English),2,Lead Children,Lead Children: Limited Series,24000000,5.75,4200000.0,1
2026-02-15,TV (Non-English),3,The Art of Sarah,The Art of Sarah: Limited Series,22900000,5.966700077056885,3800000.0,1
2026-02-15,TV (Non-English),4,Salvador,Salvador: Season 1,22000000,6.099999904632568,3600000.0,2
2026-02-15,TV (Non-English),5,Cash Queens,Cash Queens: Season 1,15500000,5.75,2700000.0,2
2026-02-15,TV (Non-English),6,In the Mud,In the Mud: Season 2,14000000,5.6666998863220215,2500000.0,1
2026-02-15,TV (Non-English),7,Motorvalley,Motorvalley: Season 1,10100000,4.650000095367432,2200000.0,1
2026-02-15,TV (Non-English),8,Single’s Inferno,Single’s Inferno: Season 5,28700000,16.649999618530273,1700000.0,4
2026-02-15,TV (Non-English),9,Single's Inferno Reunion,Single's Inferno Reunion: Limited Series,5800000,3.5999999046325684,1600000.0,1
2026-02-15,TV (Non-English),10,Kohrra,Kohrra: Season 2,7700000,4.966700077056885,1600000.0,1
2026-02-08,TV (English),1,Bridgerton,Bridgerton: Season 4,102600000,4.383299827575684,23400000.0,2
2026-02-08,TV (English),2,The Lincoln Lawyer,The Lincoln Lawyer: Season 4,75900000,8.433300018310547,9000000.0,1
2026-02-08,TV (English),3,HIS & HERS,HIS & HERS: Limited Series,27100000,4.366700172424316,6200000.0,5
2026-02-08,TV (English),4,Is It Cake? Valentines,Is It Cake? Valentines: Season 1,3200000,0.75,4300000.0,1
2026-02-08,TV (English),5,Bridgerton,Bridgerton: Season 1,29000000,8.199999809265137,3500000.0,18
2026-02-08,TV (English),6,Raw,"Raw: February 2, 2026",5800000,1.8166999816894531,3100000.0,1
2026-02-08,TV (English),7,Jeffrey Epstein: Filthy Rich,Jeffrey Epstein: Filthy Rich: Limited Series,11500000,3.766700029373169,3100000.0,2
2026-02-08,TV (English),8,Bridgerton,Bridgerton: Season 3,23600000,7.98330020904541,3000000.0,13
2026-02-08,TV (English),9,Sullivan's Crossing,Sullivan's Crossing: Season 1,20900000,7.349999904632568,2800000.0,3
2026-02-08,TV (English),10,Animal Kingdom,Animal Kingdom: Season 1,22700000,8.216699600219727,2800000.0,1
2026-02-08,TV (Non-English),1,Unfamiliar,Unfamiliar: Season 1,25700000,5.23330020904541,4900000.0,1
2026-02-08,TV (Non-English),2,Single’s Inferno,Single’s Inferno: Season 5,45100000,14.48330020904541,3100000.0,3
2026-02-08,TV (Non-English),3,Can This Love Be Translated?,Can This Love Be Translated?: Limited Series,31600000,13.183300018310547,2400000.0,4
2026-02-08,TV (Non-English),4,Undercover Miss Hong,Undercover Miss Hong: Limited Series,13700000,9.850000381469727,1400000.0,3
2026-02-08,TV (Non-English),5,Cash Queens,Cash Queens: Season 1,7600000,5.75,1300000.0,1
2026-02-08,TV (Non-English),6,Jujutsu Kaisen,Jujutsu Kaisen: Season 3,3100000,2.4667000770568848,1300000.0,5
2026-02-08,TV (Non-English),7,Salvador,Salvador: Season 1,7400000,6.099999904632568,1200000.0,1
2026-02-08,TV (Non-English),8,No Tail to Tell,No Tail to Tell: Limited Series,9600000,8.16670036315918,1200000.0,4
2026-02-08,TV (Non-English),9,Taskaree: The Smuggler's Web,Taskaree: The Smuggler's Web: Season 1,5500000,5.400000095367432,1000000.0,4
2026-02-08,TV (Non-English),10,Frieren: Beyond Journey's End,Frieren: Beyond Journey's End: Season 2,1300000,1.600000023841858,800000.0,3
2026-02-01,TV (English),1,Bridgerton,Bridgerton: Season 4,174100000,4.383299827575684,39700000.0,1
2026-02-01,TV (English),2,HIS & HERS,HIS & HERS: Limited Series,48200000,4.366700172424316,11000000.0,4
2026-02-01,TV (English),3,Finding Her Edge,Finding Her Edge: Season 1,40400000,6.050000190734863,6700000.0,2
2026-02-01,TV (English),4,Skyscraper Live,N/A,10400000,1.9500000476837158,5300000.0,2
2026-02-01,TV (English),5,Mike Epps: Delusional,N/A,3800000,1.0,3800000.0,1
2026-02-01,TV (English),6,Free Bert,Free Bert: Season 1,9500000,2.5999999046325684,3700000.0,2
2026-02-01,TV (English),7,Agatha Christie's Seven Dials,Agatha Christie's Seven Dials: Season 1,8100000,2.700000047683716,3000000.0,3
2026-02-01,TV (English),8,Bridgerton,Bridgerton: Season 3,21700000,7.98330020904541,2700000.0,12
2026-02-01,TV (English),9,Stranger Things,Stranger Things 5,28200000,10.399999618530273,2700000.0,10
2026-02-01,TV (English),10,Bridgerton,Bridgerton: Season 1,22200000,8.199999809265137,2700000.0,17
2026-02-01,TV (Non-English),1,Can This Love Be Translated?,Can This Love Be Translated?: Limited Series,56600000,13.183300018310547,4300000.0,3
2026-02-01,TV (Non-English),2,Single’s Inferno,Single’s Inferno: Season 5,37300000,9.58329963684082,3900000.0,2
2026-02-01,TV (Non-English),3,Taskaree: The Smuggler's Web,Taskaree: The Smuggler's Web: Season 1,9200000,5.400000095367432,1700000.0,3
2026-02-01,TV (Non-English),4,Jujutsu Kaisen,Jujutsu Kaisen: Season 3,3400000,2.066699981689453,1600000.0,4
2026-02-01,TV (Non-English),5,Undercover Miss Hong,Undercover Miss Hong: Limited Series,12100000,7.4166998863220215,1600000.0,2
2026-02-01,TV (Non-English),6,No Tail to Tell,No Tail to Tell: Limited Series,8900000,6.1666998863220215,1400000.0,3
2026-02-01,TV (Non-English),7,Frieren: Beyond Journey's End,Frieren: Beyond Journey's End: Season 2,1400000,1.2000000476837158,1200000.0,2
2026-02-01,TV (Non-English),8,Hell's Paradise: Jigokuraku,Hell's Paradise: Jigokuraku: Season 2,1200000,0.0,900000.0,1
2026-02-01,TV (Non-English),9,Idol I,Idol I: 시즌 1,9700000,12.33329963684082,800000.0,4
2026-02-01,TV (Non-English),10,Alpha Males,Alpha Males: Season 4,2800000,3.5999999046325684,800000.0,4
2026-01-25,TV (English),1,HIS & HERS,HIS & HERS: Limited Series,75000000,4.366700172424316,17200000.0,3
2026-01-25,TV (English),2,Agatha Christie's Seven Dials,Agatha Christie's Seven Dials: Season 1,23500000,2.700000047683716,8700000.0,2
2026-01-25,TV (English),3,Skyscraper Live,N/A,12000000,1.9333000183105469,6200000.0,1
2026-01-25,TV (English),4,Finding Her Edge,Finding Her Edge: Season 1,33200000,6.050000190734863,5500000.0,1
2026-01-25,TV (English),5,Stranger Things,Stranger Things 5,38300000,10.399999618530273,3700000.0,9
2026-01-25,TV (English),6,Run Away,Run Away: Limited Series,22800000,6.26669979095459,3600000.0,4
2026-01-25,TV (English),7,Sandokan: The Pirate Prince,Sandokan: The Pirate Prince: Season 1,27000000,7.76669979095459,3500000.0,1
2026-01-25,TV (English),8,Free Bert,Free Bert: Season 1,8200000,2.5999999046325684,3200000.0,1
2026-01-25,TV (English),9,Raw,"Raw: January 19, 2026",4600000,1.766700029373169,2500000.0,1
2026-01-25,TV (English),10,Stranger Things,Stranger Things 4,30700000,13.066699981689453,2300000.0,29
2026-01-25,TV (Non-English),1,Can This Love Be Translated?,Can This Love Be Translated?: Limited Series,118000000,13.183300018310547,9000000.0,2
2026-01-25,TV (Non-English),2,Single’s Inferno,Single’s Inferno: Season 5,23600000,5.116700172424316,4600000.0,1
2026-01-25,TV (Non-English),3,Taskaree: The Smuggler's Web,Taskaree: The Smuggler's Web: Season 1,21200000,5.400000095367432,3900000.0,2
2026-01-25,TV (Non-English),4,Jujutsu Kaisen,Jujutsu Kaisen: Season 3,3700000,1.666700005531311,2200000.0,3
2026-01-25,TV (Non-English),5,No Tail to Tell,No Tail to Tell: Limited Series,8400000,4.133299827575684,2000000.0,2
2026-01-25,TV (Non-English),6,Undercover Miss Hong,Undercover Miss Hong: Limited Series,9300000,4.98330020904541,1900000.0,1
2026-01-25,TV (Non-English),7,"To Love, To Lose","To Love, To Lose: Season 1",12400000,7.066699981689453,1800000.0,2
2026-01-25,TV (Non-English),8,The Queen of Flow,The Queen of Flow: Season 3,23200000,15.23330020904541,1500000.0,2
2026-01-25,TV (Non-English),9,Frieren: Beyond Journey's End,Frieren: Beyond Journey's End: Season 2,1100000,0.800000011920929,1400000.0,1
2026-01-25,TV (Non-English),10,Alpha Males,Alpha Males: Season 4,4500000,3.5999999046325684,1300000.0,3
2026-01-18,TV (English),1,HIS & HERS,HIS & HERS: Limited Series,128700000,4.366700172424316,29500000.0,2
2026-01-18,TV (English),2,Agatha Christie's Seven Dials,Agatha Christie's Seven Dials: Season 1,26600000,2.700000047683716,9900000.0,1
2026-01-18,TV (English),3,Run Away,Run Away: Limited Series,38500000,6.26669979095459,6100000.0,3
2026-01-18,TV (English),4,Stranger Things,Stranger Things 5,53500000,10.399999618530273,5100000.0,8
2026-01-18,TV (English),5,Stranger Things,Stranger Things 4,40000000,13.066699981689453,3100000.0,28
2026-01-18,TV (English),6,Stranger Things,Stranger Things 3,22400000,7.550000190734863,3000000.0,20
2026-01-18,TV (English),7,Stranger Things,N/A,18900000,6.816699981689453,2800000.0,22
2026-01-18,TV (English),8,Emily in Paris,Emily in Paris: Season 5,15700000,5.783299922943115,2700000.0,5
2026-01-18,TV (English),9,Stranger Things,Stranger Things 2,21300000,7.883299827575684,2700000.0,20
2026-01-18,TV (English),10,Marcello Hernández: American Boy,N/A,2700000,1.083299994468689,2500000.0,1
2026-01-18,TV (Non-English),1,Taskaree: The Smuggler's Web,Taskaree: The Smuggler's Web: Season 1,29400000,5.400000095367432,5400000.0,1
2026-01-18,TV (Non-English),2,Can This Love Be Translated?,Can This Love Be Translated?: Limited Series,53200000,13.183300018310547,4000000.0,1
2026-01-18,TV (Non-English),3,Jujutsu Kaisen,Jujutsu Kaisen: Season 3,3400000,1.2000000476837158,2800000.0,2
2026-01-18,TV (Non-English),4,Alpha Males,Alpha Males: Season 4,9300000,3.5999999046325684,2600000.0,2
2026-01-18,TV (Non-English),5,The Queen of Flow,The Queen of Flow: Season 3,38500000,15.23330020904541,2500000.0,1
2026-01-18,TV (Non-English),6,No Tail to Tell,No Tail to Tell: Limited Series,4200000,2.0332999229431152,2100000.0,1
2026-01-18,TV (Non-English),7,"To Love, To Lose","To Love, To Lose: Season 1",13100000,7.066699981689453,1900000.0,1
2026-01-18,TV (Non-English),8,Culinary Class Wars,Culinary Class Wars: Season 2,24700000,17.11669921875,1400000.0,5
2026-01-18,TV (Non-English),9,Silent Truth,Silent Truth: Season 1,1000000,0.8166999816894531,1200000.0,1
2026-01-18,TV (Non-English),10,Cashero,Cashero: Limited Series,8400000,6.98330020904541,1200000.0,4
2026-01-11,TV (English),1,HIS & HERS,HIS & HERS: Limited Series,86800000,4.366700172424316,19900000.0,1
2026-01-11,TV (English),2,Run Away,Run Away: Limited Series,97900000,6.26669979095459,15600000.0,2
2026-01-11,TV (English),3,Stranger Things,Stranger Things 5,96400000,10.399999618530273,9300000.0,7
2026-01-11,TV (English),4,Stranger Things,N/A,34000000,6.816699981689453,5000000.0,21
2026-01-11,TV (English),5,Emily in Paris,Emily in Paris: Season 5,26300000,5.783299922943115,4500000.0,4
2026-01-11,TV (English),6,Stranger Things,Stranger Things 2,35500000,7.883299827575684,4500000.0,19
2026-01-11,TV (English),7,Stranger Things,Stranger Things 3,33400000,7.550000190734863,4400000.0,19
2026-01-11,TV (English),8,Stranger Things,Stranger Things 4,53900000,13.066699981689453,4100000.0,27
2026-01-11,TV (English),9,The Good Doctor,The Good Doctor: Season 1,44500000,12.91670036315918,3400000.0,7
2026-01-11,TV (English),10,Raw,"Raw: January 5, 2026",5900000,1.75,3200000.0,1
2026-01-11,TV (Non-English),1,Land of Sin,Land of Sin: Limited Series,11400000,3.5332999229431152,3200000.0,2
2026-01-11,TV (Non-English),2,Jujutsu Kaisen,Jujutsu Kaisen: Season 3,2500000,0.800000011920929,3100000.0,1
2026-01-11,TV (Non-English),3,Love from 9 to 5,Love from 9 to 5: Season 1,12500000,4.849999904632568,2600000.0,2
2026-01-11,TV (Non-English),4,Cashero,Cashero: Limited Series,16300000,6.98330020904541,2300000.0,3
2026-01-11,TV (Non-English),5,Culinary Class Wars,Culinary Class Wars: Season 2,37000000,16.08329963684082,2300000.0,4
2026-01-11,TV (Non-English),6,Alpha Males,Alpha Males: Season 4,7700000,3.5999999046325684,2100000.0,1
2026-01-11,TV (Non-English),7,Idol I,Idol I: 시즌 1,8300000,6.1666998863220215,1300000.0,3
2026-01-11,TV (Non-English),8,Dynamite Kiss,Dynamite Kiss: Limited Series,18800000,15.316699981689453,1200000.0,9
2026-01-11,TV (Non-English),9,Pro Bono,Pro Bono: Limited Series,17400000,14.48330020904541,1200000.0,2
2026-01-11,TV (Non-English),10,Starto Countdown 2025→2026,Starto Countdown 2025→2026: Season 1,2400000,2.0999999046325684,1100000.0,1
2026-01-04,TV (English),1,Stranger Things,Stranger Things 5,325600000,10.399999618530273,31300000.0,6
2026-01-04,TV (English),2,Run Away,Run Away: Limited Series,79500000,6.26669979095459,12700000.0,1
2026-01-04,TV (English),3,Stranger Things,N/A,52100000,6.816699981689453,7600000.0,20
2026-01-04,TV (English),4,Emily in Paris,Emily in Paris: Season 5,42700000,5.783299922943115,7400000.0,3
2026-01-04,TV (English),5,Stranger Things,Stranger Things 2,43500000,7.883299827575684,5500000.0,18
2026-01-04,TV (English),6,Ricky Gervais: Mortality,N/A,5000000,0.983299970626831,5100000.0,1
2026-01-04,TV (English),7,Stranger Things,Stranger Things 3,37500000,7.550000190734863,5000000.0,18
2026-01-04,TV (English),8,Stranger Things,Stranger Things 4,62200000,13.066699981689453,4800000.0,26
2026-01-04,TV (English),9,Man Vs Baby,Man Vs Baby: Season 1,7900000,1.9666999578475952,4000000.0,4
2026-01-04,TV (English),10,Dave Chappelle: The Unstoppable...,N/A,3500000,1.266700029373169,2800000.0,3
2026-01-04,TV (Non-English),1,Cashero,Cashero: Limited Series,42600000,6.98330020904541,6100000.0,2
2026-01-04,TV (Non-English),2,Land of Sin,Land of Sin: Limited Series,14400000,3.5332999229431152,4100000.0,1
2026-01-04,TV (Non-English),3,Culinary Class Wars,Culinary Class Wars: Season 2,46100000,13.41670036315918,3400000.0,3
2026-01-04,TV (Non-English),4,Love from 9 to 5,Love from 9 to 5: Season 1,10800000,4.849999904632568,2200000.0,1
2026-01-04,TV (Non-English),5,CMXXIV,N/A,3900000,1.8832999467849731,2100000.0,1
2026-01-04,TV (Non-English),6,Dynamite Kiss,Dynamite Kiss: Limited Series,27500000,15.316699981689453,1800000.0,8
2026-01-04,TV (Non-English),7,The Accident,The Accident: Season 2,7100000,4.533299922943115,1600000.0,4
2026-01-04,TV (Non-English),8,Idol I,Idol I: 시즌 1,6100000,4.099999904632568,1500000.0,2
2026-01-04,TV (Non-English),9,City of Shadows,City of Shadows: Limited Series,6700000,4.783299922943115,1400000.0,4
2026-01-04,TV (Non-English),10,My Korean Boyfriend,My Korean Boyfriend: Season 1,3700000,2.700000047683716,1400000.0,1
2025-12-28,TV (English),1,Stranger Things,Stranger Things 5,284800000,8.25,34500000.0,5
2025-12-28,TV (English),2,Emily in Paris,Emily in Paris: Season 5,76800000,5.783299922943115,13300000.0,2
2025-12-28,TV (English),3,Dave Chappelle: The Unstoppable...,N/A,11600000,1.266700029373169,9200000.0,2
2025-12-28,TV (English),4,Man Vs Baby,Man Vs Baby: Season 1,15500000,1.9666999578475952,7900000.0,3
2025-12-28,TV (English),5,Stranger Things,N/A,32600000,6.816699981689453,4800000.0,19
2025-12-28,TV (English),6,Stranger Things,Stranger Things 4,53300000,13.066699981689453,4100000.0,25
2025-12-28,TV (English),7,Sean Combs: The Reckoning,Sean Combs: The Reckoning: Season 1,15200000,4.133299827575684,3700000.0,4
2025-12-28,TV (English),8,Stranger Things,Stranger Things 3,27300000,7.550000190734863,3600000.0,17
2025-12-28,TV (English),9,Stranger Things,Stranger Things 2,28300000,7.883299827575684,3600000.0,17
2025-12-28,TV (English),10,Fireplace for Your Home: Crackling Birchwood Fireplace,N/A,3200000,1.0,3200000.0,4
2025-12-28,TV (Non-English),1,Culinary Class Wars,Culinary Class Wars: Season 2,44800000,9.51669979095459,4700000.0,2
2025-12-28,TV (Non-English),2,Cashero,Cashero: Limited Series,26500000,6.98330020904541,3800000.0,1
2025-12-28,TV (Non-English),3,Dynamite Kiss,Dynamite Kiss: Limited Series,50800000,15.316699981689453,3300000.0,7
2025-12-28,TV (Non-English),4,The Accident,The Accident: Season 2,10300000,4.533299922943115,2300000.0,3
2025-12-28,TV (Non-English),5,City of Shadows,City of Shadows: Limited Series,10400000,4.783299922943115,2200000.0,3
2025-12-28,TV (Non-English),6,Idol I,Idol I: 시즌 1,4200000,2.0332999229431152,2100000.0,1
2025-12-28,TV (Non-English),7,Badly in Love,Badly in Love: Season 1,14000000,7.5,1900000.0,3
2025-12-28,TV (Non-English),8,The Great Indian Kapil Show,The Great Indian Kapil Show: Season 4,3900000,2.266700029373169,1700000.0,1
2025-12-28,TV (Non-English),9,The Price of Confession,The Price of Confession: Season 1,17500000,10.366700172424316,1700000.0,4
2025-12-28,TV (Non-English),10,Record of Ragnarok,Record of Ragnarok: Season 3,10400000,6.300000190734863,1700000.0,3
2025-12-21,TV (English),1,Man Vs Baby,Man Vs Baby: Season 1,28700000,1.9666999578475952,14600000.0,2
2025-12-21,TV (English),2,Emily in Paris,Emily in Paris: Season 5,78200000,5.783299922943115,13500000.0,1
2025-12-21,TV (English),3,Jake Paul vs. Anthony Joshua,N/A,35300000,0.0,10900000.0,1
2025-12-21,TV (English),4,Stranger Things,Stranger Things 5,38900000,4.76669979095459,8200000.0,4
2025-12-21,TV (English),5,Sean Combs: The Reckoning,Sean Combs: The Reckoning: Season 1,26200000,4.133299827575684,6300000.0,3
2025-12-21,TV (English),6,Stranger Things,Stranger Things 4,51400000,13.066699981689453,3900000.0,24
2025-12-21,TV (English),7,Stranger Things,Stranger Things 3,27400000,7.550000190734863,3600000.0,16
2025-12-21,TV (English),8,Stranger Things,N/A,23900000,6.816699981689453,3500000.0,18
2025-12-21,TV (English),9,Dave Chappelle: The Unstoppable...,N/A,4200000,1.266700029373169,3300000.0,1
2025-12-21,TV (English),10,Stranger Things,Stranger Things 2,26000000,7.883299827575684,3300000.0,16
2025-12-21,TV (Non-English),1,Culinary Class Wars,Culinary Class Wars: Season 2,21400000,3.8833000659942627,5500000.0,1
2025-12-21,TV (Non-English),2,City of Shadows,City of Shadows: Limited Series,21700000,4.783299922943115,4500000.0,2
2025-12-21,TV (Non-English),3,The Accident,The Accident: Season 2,19400000,4.533299922943115,4300000.0,2
2025-12-21,TV (Non-English),4,Dynamite Kiss,Dynamite Kiss: Limited Series,46900000,13.149999618530273,3600000.0,6
2025-12-21,TV (Non-English),5,Record of Ragnarok,Record of Ragnarok: Season 3,20600000,6.300000190734863,3300000.0,2
2025-12-21,TV (Non-English),6,Single Papa,Single Papa: Season 1,11200000,3.9667000770568848,2800000.0,2
2025-12-21,TV (Non-English),7,The Price of Confession,The Price of Confession: Season 1,27700000,10.366700172424316,2700000.0,3
2025-12-21,TV (Non-English),8,Home for Christmas,Home for Christmas: Season 3,9000000,4.133299827575684,2200000.0,2
2025-12-21,TV (Non-English),9,Badly in Love,Badly in Love: Season 1,11200000,5.199999809265137,2200000.0,2
2025-12-21,TV (Non-English),10,Blood Coast,Blood Coast: Season 2,8800000,5.1666998863220215,1700000.0,2
2025-12-14,TV (English),1,Man Vs Baby,Man Vs Baby: Season 1,37600000,1.9666999578475952,19100000.0,1
2025-12-14,TV (English),2,Sean Combs: The Reckoning,Sean Combs: The Reckoning: Season 1,74100000,4.133299827575684,17900000.0,2
2025-12-14,TV (English),3,Stranger Things,Stranger Things 5,53200000,4.76669979095459,11200000.0,3
2025-12-14,TV (English),4,The Abandons,The Abandons: Season 1,38500000,5.0833001136779785,7600000.0,2
2025-12-14,TV (English),5,Stranger Things,Stranger Things 3,36400000,7.550000190734863,4800000.0,15
2025-12-14,TV (English),6,Stranger Things,Stranger Things 4,62100000,13.066699981689453,4800000.0,23
2025-12-14,TV (English),7,Stranger Things,N/A,32000000,6.816699981689453,4700000.0,17
2025-12-14,TV (English),8,Stranger Things,Stranger Things 2,36800000,7.883299827575684,4700000.0,15
2025-12-14,TV (English),9,The Beast in Me,The Beast in Me: Limited Series,23200000,6.599999904632568,3500000.0,5
2025-12-14,TV (English),10,Raw,"Raw: December 8, 2025",4400000,1.7000000476837158,2500000.0,1
2025-12-14,TV (Non-English),1,The Price of Confession,The Price of Confession: Season 1,59600000,10.366700172424316,5700000.0,2
2025-12-14,TV (Non-English),2,Record of Ragnarok,Record of Ragnarok: Season 3,33600000,6.300000190734863,5300000.0,1
2025-12-14,TV (Non-English),3,The Accident,The Accident: Season 2,20300000,4.533299922943115,4500000.0,1
2025-12-14,TV (Non-English),4,Dynamite Kiss,Dynamite Kiss: Limited Series,48400000,11.01669979095459,4400000.0,5
2025-12-14,TV (Non-English),5,City of Shadows,City of Shadows: Limited Series,13500000,4.783299922943115,2800000.0,1
2025-12-14,TV (Non-English),6,Blood Coast,Blood Coast: Season 2,10800000,5.1666998863220215,2100000.0,1
2025-12-14,TV (Non-English),7,Pro Bono,Pro Bono: Limited Series,8000000,4.9166998863220215,1600000.0,1
2025-12-14,TV (Non-English),8,Badly in Love,Badly in Love: Season 1,4700000,3.0,1600000.0,1
2025-12-14,TV (Non-English),9,Single Papa,Single Papa: Season 1,6100000,3.9667000770568848,1500000.0,1
2025-12-14,TV (Non-English),10,Home for Christmas,Home for Christmas: Season 3,5900000,4.133299827575684,1400000.0,1
2025-12-07,TV (English),1,Stranger Things,Stranger Things 5,112700000,4.76669979095459,23600000.0,2
2025-12-07,TV (English),2,Sean Combs: The Reckoning,Sean Combs: The Reckoning: Season 1,89900000,4.133299827575684,21800000.0,1
2025-12-07,TV (English),3,Stranger Things,N/A,56100000,6.816699981689453,8200000.0,16
2025-12-07,TV (English),4,The Abandons,The Abandons: Season 1,37000000,5.0833001136779785,7300000.0,1
2025-12-07,TV (English),5,Stranger Things,Stranger Things 2,53800000,7.883299827575684,6800000.0,14
2025-12-07,TV (English),6,Stranger Things,Stranger Things 3,44200000,7.550000190734863,5900000.0,14
2025-12-07,TV (English),7,Stranger Things,Stranger Things 4,69900000,13.066699981689453,5300000.0,22
2025-12-07,TV (English),8,The Rats: A Witcher Tale,N/A,6900000,1.3832999467849731,5000000.0,1
2025-12-07,TV (English),9,The Beast in Me,The Beast in Me: Limited Series,31900000,6.599999904632568,4800000.0,4
2025-12-07,TV (English),10,Matt Rife: Unwrapped - A Christmas Crowd Work Special,N/A,4500000,0.983299970626831,4600000.0,1
2025-12-07,TV (Non-English),1,Dynamite Kiss,Dynamite Kiss: Limited Series,42300000,8.883299827575684,4800000.0,4
2025-12-07,TV (Non-English),2,The Price of Confession,The Price of Confession: Season 1,22700000,10.366700172424316,2200000.0,1
2025-12-07,TV (Non-English),3,Last Samurai Standing,Last Samurai Standing: Season 1,8500000,5.150000095367432,1700000.0,4
2025-12-07,TV (Non-English),4,The Crystal Cuckoo,The Crystal Cuckoo: Limited Series,7600000,4.849999904632568,1600000.0,4
2025-12-07,TV (Non-English),5,Love Is Blind: Italy,Love Is Blind: Italy: Season 1,5400000,4.099999904632568,1300000.0,1
2025-12-07,TV (Non-English),6,Stranded with my Mother-in-Law,Stranded with my Mother-in-Law: Season 3,3900000,3.3833000659942627,1200000.0,1
2025-12-07,TV (Non-English),7,Rulers of Fortune,Rulers of Fortune: Season 1,8500000,7.566699981689453,1100000.0,6
2025-12-07,TV (Non-English),8,As You Stood By,As You Stood By: Limited Series,8700000,8.33329963684082,1000000.0,5
2025-12-07,TV (Non-English),9,Three Idiots in Kenya,Three Idiots in Kenya: Season 1,7900000,7.73330020904541,1000000.0,2
2025-12-07,TV (Non-English),10,Envious,Envious: Season 3,4500000,4.883299827575684,900000.0,3
2025-11-30,TV (English),1,Stranger Things,Stranger Things 5,284200000,4.76669979095459,59600000.0,1
2025-11-30,TV (English),2,Kevin Hart: Acting My Age,N/A,10300000,1.1167000532150269,9200000.0,1
2025-11-30,TV (English),3,Stranger Things,N/A,61000000,6.816699981689453,8900000.0,15
2025-11-30,TV (English),4,The Beast in Me,The Beast in Me: Limited Series,51500000,6.599999904632568,7800000.0,3
2025-11-30,TV (English),5,Stranger Things,Stranger Things 4,79500000,13.066699981689453,6100000.0,21
2025-11-30,TV (English),6,Stranger Things,Stranger Things 2,44200000,7.883299827575684,5600000.0,13
2025-11-30,TV (English),7,Missing: Dead or Alive?,Missing: Dead or Alive?: Season 2,14800000,2.8333001136779785,5200000.0,1
2025-11-30,TV (English),8,Stranger Things,Stranger Things 3,34700000,7.550000190734863,4600000.0,13
2025-11-30,TV (English),9,Absentia,Absentia: Season 1,33100000,7.3333001136779785,4500000.0,3
2025-11-30,TV (English),10,Mark Rober's CrunchLabs,Mark Rober's CrunchLabs: Season 1,8400000,2.1166999340057373,4000000.0,1
2025-11-30,TV (Non-English),1,Dynamite Kiss,Dynamite Kiss: Limited Series,37200000,6.716700077056885,5500000.0,3
2025-11-30,TV (Non-English),2,Last Samurai Standing,Last Samurai Standing: Season 1,16600000,5.150000095367432,3200000.0,3
2025-11-30,TV (Non-English),3,The Crystal Cuckoo,The Crystal Cuckoo: Limited Series,12600000,4.849999904632568,2600000.0,3
2025-11-30,TV (Non-English),4,Envious,Envious: Season 3,10100000,4.883299827575684,2100000.0,2
2025-11-30,TV (Non-English),5,Three Idiots in Kenya,Three Idiots in Kenya: Season 1,6700000,3.483299970626831,1900000.0,1
2025-11-30,TV (Non-English),6,As You Stood By,As You Stood By: Limited Series,14900000,8.33329963684082,1800000.0,4
2025-11-30,TV (Non-English),7,Rulers of Fortune,Rulers of Fortune: Season 1,13000000,7.566699981689453,1700000.0,5
2025-11-30,TV (Non-English),8,Delhi Crime,Delhi Crime: Season 3,5400000,4.76669979095459,1100000.0,3
2025-11-30,TV (Non-English),9,Taxi Driver,Taxi Driver: Season 3,5000000,4.51669979095459,1100000.0,1
2025-11-30,TV (Non-English),10,Just Alice,Just Alice: Season 1,13300000,12.66670036315918,1000000.0,1
2025-11-23,TV (English),1,The Beast in Me,The Beast in Me: Limited Series,93200000,6.599999904632568,14100000.0,2
2025-11-23,TV (English),2,Absentia,Absentia: Season 1,60100000,7.3333001136779785,8200000.0,2
2025-11-23,TV (English),3,Stranger Things,N/A,27800000,6.816699981689453,4100000.0,14
2025-11-23,TV (English),4,Absentia,Absentia: Season 2,28800000,7.183300018310547,4000000.0,1
2025-11-23,TV (English),5,Stranger Things,Stranger Things 4,43500000,13.066699981689453,3300000.0,20
2025-11-23,TV (English),6,Raw,"Raw: November 17, 2025",5800000,1.7999999523162842,3100000.0,1
2025-11-23,TV (English),7,Stranger Things,Stranger Things 2,24700000,7.883299827575684,3100000.0,12
2025-11-23,TV (English),8,Gabby's Dollhouse,Gabby's Dollhouse: Season 12,6300000,2.016700029373169,3100000.0,1
2025-11-23,TV (English),9,Stranger Things,Stranger Things 3,23200000,7.550000190734863,3100000.0,12
2025-11-23,TV (English),10,Absentia,Absentia: Season 3,17300000,7.383299827575684,2300000.0,1
2025-11-23,TV (Non-English),1,Last Samurai Standing,Last Samurai Standing: Season 1,37200000,5.150000095367432,7200000.0,2
2025-11-23,TV (Non-English),2,Dynamite Kiss,Dynamite Kiss: Limited Series,28900000,4.5,6400000.0,2
2025-11-23,TV (Non-English),3,The Crystal Cuckoo,The Crystal Cuckoo: Limited Series,26600000,4.849999904632568,5500000.0,2
2025-11-23,TV (Non-English),4,As You Stood By,As You Stood By: Limited Series,25500000,8.33329963684082,3100000.0,3
2025-11-23,TV (Non-English),5,Envious,Envious: Season 3,13800000,4.883299827575684,2800000.0,1
2025-11-23,TV (Non-English),6,Delhi Crime,Delhi Crime: Season 3,12000000,4.76669979095459,2500000.0,2
2025-11-23,TV (Non-English),7,Rulers of Fortune,Rulers of Fortune: Season 1,17800000,7.566699981689453,2400000.0,4
2025-11-23,TV (Non-English),8,Physical: Asia,Physical: Asia: Season 1,32500000,14.33329963684082,2300000.0,4
2025-11-23,TV (Non-English),9,50 Seconds: The Fernando Báez Sosa Case,50 Seconds: The Fernando Báez Sosa Case: Limited Series,5700000,2.516700029373169,2300000.0,2
2025-11-23,TV (Non-English),10,The Asset,The Asset: Season 1,6000000,4.76669979095459,1300000.0,4
2025-11-16,TV (English),1,The Beast in Me,The Beast in Me: Limited Series,45400000,6.599999904632568,6900000.0,1
2025-11-16,TV (English),2,The Witcher,The Witcher: Season 4,26000000,7.183300018310547,3600000.0,3
2025-11-16,TV (English),3,Absentia,Absentia: Season 1,25400000,7.3333001136779785,3500000.0,1
2025-11-16,TV (English),4,Stranger Things,N/A,22500000,6.816699981689453,3300000.0,13
2025-11-16,TV (English),5,Death by Lightning,Death by Lightning: Limited Series,11500000,3.5833001136779785,3200000.0,2
2025-11-16,TV (English),6,Squid Game: The Challenge,Squid Game: The Challenge: Season 2,21000000,6.633299827575684,3200000.0,2
2025-11-16,TV (English),7,Raw,"Raw: November 10, 2025",5100000,1.733299970626831,2800000.0,1
2025-11-16,TV (English),8,MARINES,MARINES: Season 1,9000000,3.233299970626831,2800000.0,1
2025-11-16,TV (English),9,Stranger Things,Stranger Things 2,21600000,7.883299827575684,2700000.0,11
2025-11-16,TV (English),10,Nobody Wants This,Nobody Wants This: Season 2,11600000,4.433300018310547,2600000.0,4
2025-11-16,TV (Non-English),1,As You Stood By,As You Stood By: Limited Series,65000000,8.33329963684082,7800000.0,2
2025-11-16,TV (Non-English),2,Last Samurai Standing,Last Samurai Standing: Season 1,31700000,5.150000095367432,6200000.0,1
2025-11-16,TV (Non-English),3,Dynamite Kiss,Dynamite Kiss: Limited Series,13800000,2.25,6100000.0,1
2025-11-16,TV (Non-English),4,50 Seconds: The Fernando Báez Sosa Case,50 Seconds: The Fernando Báez Sosa Case: Limited Series,9500000,2.516700029373169,3800000.0,1
2025-11-16,TV (Non-English),5,Rulers of Fortune,Rulers of Fortune: Season 1,23300000,7.566699981689453,3100000.0,3
2025-11-16,TV (Non-English),6,The Crystal Cuckoo,The Crystal Cuckoo: Limited Series,13000000,4.849999904632568,2700000.0,1
2025-11-16,TV (Non-English),7,The Asset,The Asset: Season 1,12200000,4.76669979095459,2600000.0,3
2025-11-16,TV (Non-English),8,Physical: Asia,Physical: Asia: Season 1,25800000,10.383299827575684,2500000.0,3
2025-11-16,TV (Non-English),9,Delhi Crime,Delhi Crime: Season 3,11100000,4.76669979095459,2300000.0,1
2025-11-16,TV (Non-English),10,Heweliusz,Heweliusz: Limited Series,9600000,5.199999809265137,1800000.0,2
2025-11-09,TV (English),1,The Witcher,The Witcher: Season 4,53400000,7.183300018310547,7400000.0,2
2025-11-09,TV (English),2,Nobody Wants This,Nobody Wants This: Season 2,21100000,4.433300018310547,4800000.0,3
2025-11-09,TV (English),3,Bad Influencer,Bad Influencer: Season 1,22200000,5.616700172424316,4000000.0,1
2025-11-09,TV (English),4,Selling Sunset,Selling Sunset: Season 9,25600000,7.050000190734863,3600000.0,2
2025-11-09,TV (English),5,Death by Lightning,Death by Lightning: Limited Series,11600000,3.5833001136779785,3200000.0,1
2025-11-09,TV (English),6,Squid Game: The Challenge,Squid Game: The Challenge: Season 2,11500000,3.566699981689453,3200000.0,1
2025-11-09,TV (English),7,Leanne Morgan: Unspeakable Things,N/A,3300000,1.083299994468689,3000000.0,1
2025-11-09,TV (English),8,Stranger Things,N/A,19300000,6.816699981689453,2800000.0,12
2025-11-09,TV (English),9,Raw,"Raw: November 3, 2025",5200000,2.0999999046325684,2400000.0,1
2025-11-09,TV (English),10,The Bad Guys: The Series,The Bad Guys: The Series: Season 1,9200000,3.816699981689453,2400000.0,1
2025-11-09,TV (Non-English),1,Rulers of Fortune,Rulers of Fortune: Season 1,44400000,7.566699981689453,5900000.0,2
2025-11-09,TV (Non-English),2,The Asset,The Asset: Season 1,25200000,4.76669979095459,5300000.0,2
2025-11-09,TV (Non-English),3,Physical: Asia,Physical: Asia: Season 1,25700000,7.066699981689453,3600000.0,2
2025-11-09,TV (Non-English),4,Heweliusz,Heweliusz: Limited Series,17100000,5.199999809265137,3300000.0,1
2025-11-09,TV (Non-English),5,Breathless,Breathless: Season 2,20100000,6.816699981689453,2900000.0,2
2025-11-09,TV (Non-English),6,Amsterdam Empire,Amsterdam Empire: Season 1,13800000,5.199999809265137,2700000.0,2
2025-11-09,TV (Non-English),7,"Juan Gabriel: I Must, I Can, I Will","Juan Gabriel: I Must, I Can, I Will: Limited Series",9900000,4.0833001136779785,2400000.0,2
2025-11-09,TV (Non-English),8,As You Stood By,As You Stood By: Limited Series,19000000,8.33329963684082,2300000.0,1
2025-11-09,TV (Non-English),9,Typhoon Family,Typhoon Family: Limited Series,17100000,11.366700172424316,1500000.0,4
2025-11-09,TV (Non-English),10,One-Punch Man,One-Punch Man: Season 3,2400000,0.0,1400000.0,3
2025-11-02,TV (English),1,Nobody Wants This,Nobody Wants This: Season 2,41800000,4.433300018310547,9400000.0,2
2025-11-02,TV (English),2,The Witcher,The Witcher: Season 4,53200000,7.183300018310547,7400000.0,1
2025-11-02,TV (English),3,Selling Sunset,Selling Sunset: Season 9,24600000,5.9166998863220215,4200000.0,1
2025-11-02,TV (English),4,Boots,Boots: Season 1,21400000,5.849999904632568,3700000.0,4
2025-11-02,TV (English),5,The Diplomat,The Diplomat: Season 3,20700000,6.48330020904541,3200000.0,3
2025-11-02,TV (English),6,Monster: The Ed Gein Story,Monster: The Ed Gein Story: Season 1,21200000,7.449999809265137,2800000.0,5
2025-11-02,TV (English),7,Nobody Wants This,Nobody Wants This: Season 1,10700000,4.4166998863220215,2400000.0,8
2025-11-02,TV (English),8,Raw,"Raw: October 27, 2025",4600000,1.8832999467849731,2300000.0,1
2025-11-02,TV (English),9,Mob War: Philadelphia vs. The Mafia,Mob War: Philadelphia vs. The Mafia: Season 1,4300000,2.316699981689453,1900000.0,2
2025-11-02,TV (English),10,Stranger Things,N/A,12300000,6.816699981689453,1800000.0,11
2025-11-02,TV (Non-English),1,The Asset,The Asset: Season 1,53700000,4.76669979095459,11300000.0,1
2025-11-02,TV (Non-English),2,Rulers of Fortune,Rulers of Fortune: Season 1,40200000,7.566699981689453,5300000.0,1
2025-11-02,TV (Non-English),3,Physical: Asia,Physical: Asia: Season 1,23100000,4.4166998863220215,5200000.0,1
2025-11-02,TV (Non-English),4,The Monster of Florence,The Monster of Florence: Limited Series,13700000,3.983299970626831,3400000.0,2
2025-11-02,TV (Non-English),5,Amsterdam Empire,Amsterdam Empire: Season 1,13100000,5.199999809265137,2500000.0,1
2025-11-02,TV (Non-English),6,"Juan Gabriel: I Must, I Can, I Will","Juan Gabriel: I Must, I Can, I Will: Limited Series",7400000,4.0833001136779785,1800000.0,1
2025-11-02,TV (Non-English),7,One-Punch Man,One-Punch Man: Season 3,2300000,0.0,1700000.0,2
2025-11-02,TV (Non-English),8,Typhoon Family,Typhoon Family: Limited Series,14900000,9.25,1600000.0,3
2025-11-02,TV (Non-English),9,Breathless,Breathless: Season 2,10200000,6.816699981689453,1500000.0,1
2025-11-02,TV (Non-English),10,"Genie, Make a Wish","Genie, Make a Wish: Season 1",18000000,12.816699981689453,1400000.0,5
2025-10-26,TV (English),1,Nobody Wants This,Nobody Wants This: Season 2,38100000,4.433300018310547,8600000.0,1
2025-10-26,TV (English),2,The Diplomat,The Diplomat: Season 3,40800000,6.48330020904541,6300000.0,2
2025-10-26,TV (English),3,Boots,Boots: Season 1,32700000,5.849999904632568,5600000.0,3
2025-10-26,TV (English),4,Monster: The Ed Gein Story,Monster: The Ed Gein Story: Season 1,38300000,7.449999809265137,5100000.0,4
2025-10-26,TV (English),5,Mob War: Philadelphia vs. The Mafia,Mob War: Philadelphia vs. The Mafia: Season 1,11200000,2.316699981689453,4800000.0,1
2025-10-26,TV (English),6,Raw,"Raw: October 20, 2025",5100000,1.8832999467849731,2600000.0,1
2025-10-26,TV (English),7,Wayward,Wayward: Limited Series,13000000,5.933300018310547,2200000.0,5
2025-10-26,TV (English),8,The Diplomat,The Diplomat: Season 1,13800000,6.75,2000000.0,6
2025-10-26,TV (English),9,Nobody Wants This,Nobody Wants This: Season 1,8900000,4.4166998863220215,2000000.0,7
2025-10-26,TV (English),10,Baby Shark Hospital Play,Baby Shark Hospital Play: Season 1,2900000,1.5666999816894531,1900000.0,1
2025-10-26,TV (Non-English),1,The Monster of Florence,The Monster of Florence: Limited Series,38300000,3.983299970626831,9600000.0,1
2025-10-26,TV (Non-English),2,No One Saw Us Leave,No One Saw Us Leave: Season 1,19800000,4.133299827575684,4800000.0,2
2025-10-26,TV (Non-English),3,Romantics Anonymous,Romantics Anonymous: Season 1,16800000,6.349999904632568,2600000.0,2
2025-10-26,TV (Non-English),4,One-Punch Man,One-Punch Man: Season 3,2200000,0.0,2400000.0,1
2025-10-26,TV (Non-English),5,Old Money,Old Money: Season 1,12100000,5.650000095367432,2100000.0,3
2025-10-26,TV (Non-English),6,"Genie, Make a Wish","Genie, Make a Wish: Season 1",26300000,12.816699981689453,2100000.0,4
2025-10-26,TV (Non-English),7,Typhoon Family,Typhoon Family: Limited Series,12900000,7.0833001136779785,1800000.0,2
2025-10-26,TV (Non-English),8,Néro the Assassin,Néro the Assassin: Season 1,9000000,7.0,1300000.0,3
2025-10-26,TV (Non-English),9,Alice in Borderland,Alice in Borderland: Season 3,7700000,6.5833001136779785,1200000.0,5
2025-10-26,TV (Non-English),10,"Bon Appétit, Your Majesty","Bon Appétit, Your Majesty: Limited Series",17300000,15.683300018310547,1100000.0,10
2025-10-19,TV (English),1,Monster: The Ed Gein Story,Monster: The Ed Gein Story: Season 1,70500000,7.449999809265137,9500000.0,3
2025-10-19,TV (English),2,Boots,Boots: Season 1,55200000,5.849999904632568,9400000.0,2
2025-10-19,TV (English),3,The Diplomat,The Diplomat: Season 3,31400000,6.48330020904541,4800000.0,1
2025-10-19,TV (English),4,Victoria Beckham,Victoria Beckham: Limited Series,9300000,2.4166998863220215,3800000.0,2
2025-10-19,TV (English),5,Wayward,Wayward: Limited Series,18900000,5.933300018310547,3200000.0,4
2025-10-19,TV (English),6,Is It Cake? Halloween,Is It Cake? Halloween: Season 1,7600000,2.6166999340057373,2900000.0,2
2025-10-19,TV (English),7,Love Is Blind,Love Is Blind: S9: Denver,30700000,11.33329963684082,2700000.0,3
2025-10-19,TV (English),8,Raw,"Raw: October 13, 2025",4600000,1.8667000532150269,2400000.0,1
2025-10-19,TV (English),9,House of Guinness,House of Guinness: Season 1,14700000,6.900000095367432,2100000.0,4
2025-10-19,TV (English),10,Wednesday,Wednesday: Season 2,14400000,7.783299922943115,1900000.0,11
2025-10-19,TV (Non-English),1,No One Saw Us Leave,No One Saw Us Leave: Season 1,33000000,4.133299827575684,8000000.0,1
2025-10-19,TV (Non-English),2,Old Money,Old Money: Season 1,32800000,5.650000095367432,5800000.0,2
2025-10-19,TV (Non-English),3,"Genie, Make a Wish","Genie, Make a Wish: Season 1",44100000,12.816699981689453,3400000.0,3
2025-10-19,TV (Non-English),4,Néro the Assassin,Néro the Assassin: Season 1,23000000,7.0,3300000.0,2
2025-10-19,TV (Non-English),5,Typhoon Family,Typhoon Family: Limited Series,11300000,4.883299827575684,2300000.0,1
2025-10-19,TV (Non-English),6,Romantics Anonymous,Romantics Anonymous: Season 1,13500000,6.349999904632568,2100000.0,1
2025-10-19,TV (Non-English),7,Alice in Borderland,Alice in Borderland: Season 3,11900000,6.5833001136779785,1800000.0,4
2025-10-19,TV (Non-English),8,"Old Dog, New Tricks","Old Dog, New Tricks: Season 1",6700000,4.199999809265137,1600000.0,3
2025-10-19,TV (Non-English),9,"Bon Appétit, Your Majesty","Bon Appétit, Your Majesty: Limited Series",22800000,15.683300018310547,1500000.0,9
2025-10-19,TV (Non-English),10,The Guest,The Guest: Season 1,18900000,14.100000381469727,1300000.0,4
2025-10-12,TV (English),1,Monster: The Ed Gein Story,Monster: The Ed Gein Story: Season 1,154200000,7.449999809265137,20700000.0,2
2025-10-12,TV (English),2,Is It Cake? Halloween,Is It Cake? Halloween: Season 1,14800000,2.6166999340057373,5700000.0,1
2025-10-12,TV (English),3,Victoria Beckham,Victoria Beckham: Limited Series,13500000,2.4166998863220215,5600000.0,1
2025-10-12,TV (English),4,Wayward,Wayward: Limited Series,32600000,5.933300018310547,5500000.0,3
2025-10-12,TV (English),5,True Haunting,True Haunting: Season 1,15700000,3.0,5200000.0,1
2025-10-12,TV (English),6,Boots,Boots: Season 1,27500000,5.849999904632568,4700000.0,1
2025-10-12,TV (English),7,Love Is Blind,Love Is Blind: S9: Denver,38200000,9.283300399780273,4100000.0,2
2025-10-12,TV (English),8,House of Guinness,House of Guinness: Season 1,23800000,6.900000095367432,3400000.0,3
2025-10-12,TV (English),9,Raw,"Raw: October 6, 2025",4800000,1.9500000476837158,2400000.0,1
2025-10-12,TV (English),10,Wednesday,Wednesday: Season 2,17600000,7.783299922943115,2300000.0,10
2025-10-12,TV (Non-English),1,"Genie, Make a Wish","Genie, Make a Wish: Season 1",102600000,12.816699981689453,8000000.0,2
2025-10-12,TV (Non-English),2,"Old Dog, New Tricks","Old Dog, New Tricks: Season 1",21800000,4.199999809265137,5200000.0,2
2025-10-12,TV (Non-English),3,Néro the Assassin,Néro the Assassin: Season 1,31600000,7.0,4500000.0,1
2025-10-12,TV (Non-English),4,Old Money,Old Money: Season 1,22300000,5.650000095367432,3900000.0,1
2025-10-12,TV (Non-English),5,Alice in Borderland,Alice in Borderland: Season 3,20500000,6.5833001136779785,3100000.0,3
2025-10-12,TV (Non-English),6,Billionaires' Bunker,Billionaires' Bunker: Season 1,17300000,7.349999904632568,2400000.0,4
2025-10-12,TV (Non-English),7,"Bon Appétit, Your Majesty","Bon Appétit, Your Majesty: Limited Series",35000000,15.683300018310547,2200000.0,8
2025-10-12,TV (Non-English),8,Ángela,Ángela: Limited Series,10500000,5.01669979095459,2100000.0,7
2025-10-12,TV (Non-English),9,The Guest,The Guest: Season 1,26500000,14.100000381469727,1900000.0,3
2025-10-12,TV (Non-English),10,Ranma1/2,Ranma1/2: Season 2,1100000,0.78329998254776,1400000.0,1
2025-10-05,TV (English),1,Wayward,Wayward: Limited Series,83700000,5.933300018310547,14100000.0,2
2025-10-05,TV (English),2,Monster: The Ed Gein Story,Monster: The Ed Gein Story: Season 1,90600000,7.449999809265137,12200000.0,1
2025-10-05,TV (English),3,House of Guinness,House of Guinness: Season 1,44400000,6.900000095367432,6400000.0,2
2025-10-05,TV (English),4,Love Is Blind,Love Is Blind: S9: Denver,24400000,6.616700172424316,3700000.0,1
2025-10-05,TV (English),5,Black Rabbit,Black Rabbit: Limited Series,24700000,7.599999904632568,3300000.0,3
2025-10-05,TV (English),6,Wednesday,Wednesday: Season 2,23400000,7.783299922943115,3000000.0,9
2025-10-05,TV (English),7,Dark Winds,Dark Winds: Season 1,12200000,4.349999904632568,2800000.0,3
2025-10-05,TV (English),8,Raw,"Raw: September 29, 2025",4500000,1.8832999467849731,2300000.0,1
2025-10-05,TV (English),9,Doc,Doc: Season 1,12300000,7.3333001136779785,1700000.0,2
2025-10-05,TV (English),10,Ms. Rachel,Ms. Rachel: Season 1,4900000,3.0332999229431152,1600000.0,25
2025-10-05,TV (Non-English),1,Alice in Borderland,Alice in Borderland: Season 3,46300000,6.5833001136779785,7000000.0,2
2025-10-05,TV (Non-English),2,Ángela,Ángela: Limited Series,28100000,5.01669979095459,5600000.0,6
2025-10-05,TV (Non-English),3,"Bon Appétit, Your Majesty","Bon Appétit, Your Majesty: Limited Series",76400000,15.683300018310547,4900000.0,7
2025-10-05,TV (Non-English),4,Billionaires' Bunker,Billionaires' Bunker: Season 1,31900000,7.349999904632568,4300000.0,3
2025-10-05,TV (Non-English),5,"Genie, Make a Wish","Genie, Make a Wish: Season 1",50900000,12.816699981689453,4000000.0,1
2025-10-05,TV (Non-English),6,The Guest,The Guest: Season 1,41900000,14.100000381469727,3000000.0,2
2025-10-05,TV (Non-English),7,"Old Dog, New Tricks","Old Dog, New Tricks: Season 1",12100000,4.199999809265137,2900000.0,1
2025-10-05,TV (Non-English),8,Alice in Borderland,Alice in Borderland: Season 1,13300000,6.48330020904541,2100000.0,11
2025-10-05,TV (Non-English),9,Alice in Borderland,Alice in Borderland: Season 2,12700000,8.51669979095459,1500000.0,6
2025-10-05,TV (Non-English),10,The Ba***ds of Bollywood,The Ba***ds of Bollywood: Season 1,7300000,5.3333001136779785,1400000.0,3
2025-09-28,TV (English),1,Wayward,Wayward: Limited Series,48800000,5.933300018310547,8200000.0,1
2025-09-28,TV (English),2,Black Rabbit,Black Rabbit: Limited Series,52900000,7.599999904632568,7000000.0,2
2025-09-28,TV (English),3,House of Guinness,House of Guinness: Season 1,35700000,6.900000095367432,5200000.0,1
2025-09-28,TV (English),4,Wednesday,Wednesday: Season 2,34200000,7.783299922943115,4400000.0,8
2025-09-28,TV (English),5,Adolescence,Adolescence: Limited Series,13400000,3.8333001136779785,3500000.0,10
2025-09-28,TV (English),6,Beauty in Black,Beauty in Black: Season 2,21200000,6.933300018310547,3100000.0,3
2025-09-28,TV (English),7,Haunted Hotel,Haunted Hotel: Season 1,11900000,4.23330020904541,2800000.0,2
2025-09-28,TV (English),8,Raw,"Raw: September 22, 2025",4500000,1.916700005531311,2300000.0,1
2025-09-28,TV (English),9,My Life With the Walter Boys,My Life With the Walter Boys: Season 2,14900000,7.449999809265137,2000000.0,5
2025-09-28,TV (English),10,Doc,Doc: Season 1,13600000,7.3333001136779785,1900000.0,1
2025-09-28,TV (Non-English),1,Billionaires' Bunker,Billionaires' Bunker: Season 1,75600000,7.349999904632568,10300000.0,2
2025-09-28,TV (Non-English),2,Alice in Borderland,Alice in Borderland: Season 3,55900000,6.5833001136779785,8500000.0,1
2025-09-28,TV (Non-English),3,"Bon Appétit, Your Majesty","Bon Appétit, Your Majesty: Limited Series",94600000,15.683300018310547,6000000.0,6
2025-09-28,TV (Non-English),4,The Ba***ds of Bollywood,The Ba***ds of Bollywood: Season 1,16900000,5.3333001136779785,3200000.0,2
2025-09-28,TV (Non-English),5,Ángela,Ángela: Limited Series,14500000,5.01669979095459,2900000.0,5
2025-09-28,TV (Non-English),6,The Guest,The Guest: Season 1,38000000,14.100000381469727,2700000.0,1
2025-09-28,TV (Non-English),7,Alice in Borderland,Alice in Borderland: Season 1,9100000,6.48330020904541,1400000.0,10
2025-09-28,TV (Non-English),8,The Fragrant Flower Blooms With Dignity,The Fragrant Flower Blooms With Dignity: Season 1,3700000,0.0,1300000.0,4
2025-09-28,TV (Non-English),9,The Dead Girls,The Dead Girls: Limited Series,9000000,6.866700172424316,1300000.0,3
2025-09-28,TV (Non-English),10,Crime Scene Zero,Crime Scene Zero: Season 1,5900000,5.466700077056885,1100000.0,1
2025-09-21,TV (English),1,Wednesday,Wednesday: Season 2,56200000,7.783299922943115,7200000.0,7
2025-09-21,TV (English),2,Black Rabbit,Black Rabbit: Limited Series,50500000,7.599999904632568,6600000.0,1
2025-09-21,TV (English),3,Beauty in Black,Beauty in Black: Season 2,46000000,6.933300018310547,6600000.0,2
2025-09-21,TV (English),4,Beauty and the Bester,Beauty and the Bester: Limited Series,8600000,2.25,3800000.0,2
2025-09-21,TV (English),5,Adolescence,Adolescence: Limited Series,13700000,3.8333001136779785,3600000.0,9
2025-09-21,TV (English),6,My Life With the Walter Boys,My Life With the Walter Boys: Season 2,22400000,7.449999809265137,3000000.0,4
2025-09-21,TV (English),7,Raw,"Raw: September 15, 2025",5300000,1.9666999578475952,2600000.0,1
2025-09-21,TV (English),8,Beauty in Black,Beauty in Black: Season 1,28800000,12.600000381469727,2300000.0,7
2025-09-21,TV (English),9,Wednesday,Wednesday: Season 1,14500000,6.816699981689453,2100000.0,28
2025-09-21,TV (English),10,Haunted Hotel,Haunted Hotel: Season 1,7500000,4.23330020904541,1800000.0,1
2025-09-21,TV (Non-English),1,"Bon Appétit, Your Majesty","Bon Appétit, Your Majesty: Limited Series",84700000,12.966699600219727,6500000.0,5
2025-09-21,TV (Non-English),2,Billionaires' Bunker,Billionaires' Bunker: Season 1,27200000,7.349999904632568,3700000.0,1
2025-09-21,TV (Non-English),3,The Dead Girls,The Dead Girls: Limited Series,21300000,6.866700172424316,3100000.0,2
2025-09-21,TV (Non-English),4,The Ba***ds of Bollywood,The Ba***ds of Bollywood: Season 1,14800000,5.3333001136779785,2800000.0,1
2025-09-21,TV (Non-English),5,You and Everything Else,You and Everything Else: Limited Series,25100000,14.550000190734863,1700000.0,1
2025-09-21,TV (Non-English),6,The Fragrant Flower Blooms With Dignity,The Fragrant Flower Blooms With Dignity: Season 1,3400000,0.0,1500000.0,3
2025-09-21,TV (Non-English),7,Two Graves,Two Graves: Limited Series,3500000,2.483299970626831,1400000.0,4
2025-09-21,TV (Non-English),8,Maledictions,Maledictions: Limited Series,2800000,2.1333000659942627,1300000.0,2
2025-09-21,TV (Non-English),9,DAN DA DAN,DAN DA DAN: Season 2,6500000,4.966700077056885,1300000.0,11
2025-09-21,TV (Non-English),10,Love is Blind: France,Love is Blind: France: Season 1,8900000,6.900000095367432,1300000.0,2
2025-09-14,TV (English),1,Canelo Álvarez vs. Terence Crawford,N/A,69600000,0.0,17700000.0,1
2025-09-14,TV (English),2,Wednesday,Wednesday: Season 2,116400000,7.783299922943115,15000000.0,6
2025-09-14,TV (English),3,Beauty in Black,Beauty in Black: Season 2,60000000,6.933300018310547,8700000.0,1
2025-09-14,TV (English),4,My Life With the Walter Boys,My Life With the Walter Boys: Season 2,38700000,7.449999809265137,5200000.0,3
2025-09-14,TV (English),5,Love Con Revenge,Love Con Revenge: Season 1,17200000,4.183300018310547,4100000.0,2
2025-09-14,TV (English),6,Wednesday,Wednesday: Season 1,24400000,6.816699981689453,3600000.0,27
2025-09-14,TV (English),7,Hostage,Hostage: Limited Series,10600000,3.5833001136779785,3000000.0,4
2025-09-14,TV (English),8,Raw,"Raw: September 8, 2025",5100000,1.7999999523162842,2600000.0,1
2025-09-14,TV (English),9,Beauty and the Bester,Beauty and the Bester: Limited Series,5600000,2.25,2500000.0,1
2025-09-14,TV (English),10,"Dr. Seuss’s Red Fish, Blue Fish","Dr. Seuss’s Red Fish, Blue Fish: Season 1",4500000,2.299999952316284,2000000.0,1
2025-09-14,TV (Non-English),1,"Bon Appétit, Your Majesty","Bon Appétit, Your Majesty: Limited Series",70000000,10.33329963684082,6800000.0,4
2025-09-14,TV (Non-English),2,The Dead Girls,The Dead Girls: Limited Series,26800000,6.866700172424316,3900000.0,1
2025-09-14,TV (Non-English),3,Two Graves,Two Graves: Limited Series,7600000,2.483299970626831,3100000.0,3
2025-09-14,TV (Non-English),4,Beyond the Bar,Beyond the Bar: Limited Series,36600000,14.066699981689453,2600000.0,7
2025-09-14,TV (Non-English),5,The Fragrant Flower Blooms With Dignity,The Fragrant Flower Blooms With Dignity: Season 1,4000000,0.0,2500000.0,2
2025-09-14,TV (Non-English),6,Queen Mantis,Queen Mantis: Season 1,6500000,4.066699981689453,1600000.0,2
2025-09-14,TV (Non-English),7,DAN DA DAN,DAN DA DAN: Season 2,6200000,4.550000190734863,1400000.0,10
2025-09-14,TV (Non-English),8,Love is Blind: France,Love is Blind: France: Season 1,5500000,4.23330020904541,1300000.0,1
2025-09-14,TV (Non-English),9,Maledictions,Maledictions: Limited Series,2700000,2.1333000659942627,1300000.0,1
2025-09-14,TV (Non-English),10,Diary of a Ditched Girl,Diary of a Ditched Girl: Season 1,4500000,3.5999999046325684,1300000.0,1
2025-09-07,TV (English),1,Wednesday,Wednesday: Season 2,219200000,7.783299922943115,28200000.0,5
2025-09-07,TV (English),2,My Life With the Walter Boys,My Life With the Walter Boys: Season 2,81400000,7.449999809265137,10900000.0,2
2025-09-07,TV (English),3,Hostage,Hostage: Limited Series,19700000,3.5833001136779785,5500000.0,3
2025-09-07,TV (English),4,Katrina: Come Hell and High Water,Katrina: Come Hell and High Water: Season 1,13600000,3.549999952316284,3800000.0,2
2025-09-07,TV (English),5,My Life With the Walter Boys,My Life With the Walter Boys: Season 1,26900000,7.616700172424316,3500000.0,10
2025-09-07,TV (English),6,Wednesday,Wednesday: Season 1,23500000,6.816699981689453,3400000.0,26
2025-09-07,TV (English),7,Love Con Revenge,Love Con Revenge: Season 1,12400000,4.183300018310547,3000000.0,1
2025-09-07,TV (English),8,Raw,"Raw: September 1, 2025",5200000,2.0999999046325684,2400000.0,1
2025-09-07,TV (English),9,The Great British Baking Show,The Great British Baking Show: Collection 13,2200000,1.1332999467849731,1900000.0,1
2025-09-07,TV (English),10,Ms. Rachel,Ms. Rachel: Season 2,5500000,3.0332999229431152,1800000.0,1
2025-09-07,TV (Non-English),1,Two Graves,Two Graves: Limited Series,22600000,2.483299970626831,9100000.0,2
2025-09-07,TV (Non-English),2,"Bon Appétit, Your Majesty","Bon Appétit, Your Majesty: Limited Series",58500000,7.8333001136779785,7500000.0,3
2025-09-07,TV (Non-English),3,Beyond the Bar,Beyond the Bar: Limited Series,42700000,0.0,3200000.0,6
2025-09-07,TV (Non-English),4,Rivers of Fate,Rivers of Fate: Limited Series,6200000,3.6333000659942627,1700000.0,3
2025-09-07,TV (Non-English),5,DAN DA DAN,DAN DA DAN: Season 2,6600000,4.150000095367432,1600000.0,9
2025-09-07,TV (Non-English),6,The Fragrant Flower Blooms With Dignity,The Fragrant Flower Blooms With Dignity: Season 1,2100000,0.0,1500000.0,1
2025-09-07,TV (Non-English),7,Queen Mantis,Queen Mantis: Season 1,2600000,2.0332999229431152,1300000.0,1
2025-09-07,TV (Non-English),8,In the Mud,In the Mud: Season 1,6700000,7.050000190734863,1000000.0,4
2025-09-07,TV (Non-English),9,SAKAMOTO DAYS,SAKAMOTO DAYS: Season 1,7300000,0.0,900000.0,14
2025-09-07,TV (Non-English),10,Unspeakable Sins,Unspeakable Sins: Season 1,10200000,11.16670036315918,900000.0,6
2025-08-31,TV (English),1,My Life With the Walter Boys,My Life With the Walter Boys: Season 2,88000000,7.449999809265137,11800000.0,1
2025-08-31,TV (English),2,Hostage,Hostage: Limited Series,41500000,3.5833001136779785,11600000.0,2
2025-08-31,TV (English),3,Wednesday,Wednesday: Season 2,33800000,4.033299922943115,8400000.0,4
2025-08-31,TV (English),4,Katrina: Come Hell and High Water,Katrina: Come Hell and High Water: Season 1,26000000,3.549999952316284,7300000.0,1
2025-08-31,TV (English),5,Wednesday,Wednesday: Season 1,19900000,6.816699981689453,2900000.0,25
2025-08-31,TV (English),6,Raw,"Raw: August 25, 2025",5000000,1.9333000183105469,2600000.0,1
2025-08-31,TV (English),7,My Life With the Walter Boys,My Life With the Walter Boys: Season 1,19400000,7.616700172424316,2500000.0,9
2025-08-31,TV (English),8,Fit for TV: The Reality of the Biggest Loser,Fit for TV: The Reality of the Biggest Loser: Season 1,5300000,2.0999999046325684,2500000.0,3
2025-08-31,TV (English),9,Ms. Rachel,Ms. Rachel: Season 1,6600000,3.0332999229431152,2200000.0,24
2025-08-31,TV (English),10,UNTAMED,UNTAMED: Season 1,10400000,4.866700172424316,2100000.0,7
2025-08-31,TV (Non-English),1,Two Graves,Two Graves: Limited Series,21400000,2.483299970626831,8600000.0,1
2025-08-31,TV (Non-English),2,"Bon Appétit, Your Majesty","Bon Appétit, Your Majesty: Limited Series",43200000,5.3333001136779785,8100000.0,2
2025-08-31,TV (Non-English),3,Rivers of Fate,Rivers of Fate: Limited Series,12900000,3.6333000659942627,3600000.0,2
2025-08-31,TV (Non-English),4,Beyond the Bar,Beyond the Bar: Limited Series,37600000,0.0,3500000.0,5
2025-08-31,TV (Non-English),5,In the Mud,In the Mud: Season 1,13400000,7.050000190734863,1900000.0,3
2025-08-31,TV (Non-English),6,DAN DA DAN,DAN DA DAN: Season 2,6900000,3.733299970626831,1800000.0,8
2025-08-31,TV (Non-English),7,Unspeakable Sins,Unspeakable Sins: Season 1,15300000,11.16670036315918,1400000.0,5
2025-08-31,TV (Non-English),8,Aema,Aema: Limited Series,6700000,5.883299827575684,1100000.0,1
2025-08-31,TV (Non-English),9,SAKAMOTO DAYS,SAKAMOTO DAYS: Season 1,7600000,0.0,1000000.0,13
2025-08-31,TV (Non-English),10,Young Millionaires,Young Millionaires: Season 1,4400000,4.383299827575684,1000000.0,3
2025-08-24,TV (English),1,Wednesday,Wednesday: Season 2,54000000,4.033299922943115,13400000.0,3
2025-08-24,TV (English),2,Hostage,Hostage: Limited Series,38600000,3.5833001136779785,10800000.0,1
2025-08-24,TV (English),3,Fit for TV: The Reality of the Biggest Loser,Fit for TV: The Reality of the Biggest Loser: Season 1,17900000,2.0999999046325684,8500000.0,2
2025-08-24,TV (English),4,Wednesday,Wednesday: Season 1,27100000,6.816699981689453,4000000.0,24
2025-08-24,TV (English),5,UNTAMED,UNTAMED: Season 1,15600000,4.866700172424316,3200000.0,6
2025-08-24,TV (English),6,Love Is Blind: UK,Love Is Blind: UK: Season 2,22800000,7.633299827575684,3000000.0,2
2025-08-24,TV (English),7,Raw,"Raw: August 18, 2025",5400000,1.8166999816894531,2800000.0,1
2025-08-24,TV (English),8,Ms. Rachel,Ms. Rachel: Season 1,6500000,3.0332999229431152,2100000.0,23
2025-08-24,TV (English),9,America's Team: The Gambler and His Cowboys,America's Team: The Gambler and His Cowboys: Season 1,15200000,7.800000190734863,1900000.0,1
2025-08-24,TV (English),10,The Hunting Wives,The Hunting Wives: Season 1,12800000,6.683300018310547,1900000.0,5
2025-08-24,TV (Non-English),1,In the Mud,In the Mud: Season 1,37800000,7.050000190734863,5400000.0,2
2025-08-24,TV (Non-English),2,Rivers of Fate,Rivers of Fate: Limited Series,19000000,3.6333000659942627,5200000.0,1
2025-08-24,TV (Non-English),3,Beyond the Bar,Beyond the Bar: Limited Series,35600000,0.0,4100000.0,4
2025-08-24,TV (Non-English),4,"Bon Appétit, Your Majesty","Bon Appétit, Your Majesty: Limited Series",9400000,2.6500000953674316,3500000.0,1
2025-08-24,TV (Non-English),5,Young Millionaires,Young Millionaires: Season 1,10800000,4.383299827575684,2500000.0,2
2025-08-24,TV (Non-English),6,Unspeakable Sins,Unspeakable Sins: Season 1,25700000,11.16670036315918,2300000.0,4
2025-08-24,TV (Non-English),7,DAN DA DAN,DAN DA DAN: Season 2,6500000,3.316699981689453,2000000.0,7
2025-08-24,TV (Non-English),8,Saare Jahan Se Accha: The Silent Guardians,Saare Jahan Se Accha: The Silent Guardians: Season 1,6000000,4.050000190734863,1500000.0,2
2025-08-24,TV (Non-English),9,Final Draft,Final Draft: Season 1,7100000,5.449999809265137,1300000.0,2
2025-08-24,TV (Non-English),10,Squid Game,Squid Game: Season 3,7500000,6.133299827575684,1200000.0,9
2025-08-17,TV (English),1,Wednesday,Wednesday: Season 2,117300000,4.033299922943115,29100000.0,2
2025-08-17,TV (English),2,Fit for TV: The Reality of the Biggest Loser,Fit for TV: The Reality of the Biggest Loser: Season 1,15700000,2.0999999046325684,7500000.0,1
2025-08-17,TV (English),3,Wednesday,Wednesday: Season 1,50600000,6.816699981689453,7400000.0,23
2025-08-17,TV (English),4,UNTAMED,UNTAMED: Season 1,24000000,4.866700172424316,4900000.0,5
2025-08-17,TV (English),5,The Hunting Wives,The Hunting Wives: Season 1,20200000,6.683300018310547,3000000.0,4
2025-08-17,TV (English),6,Sullivan's Crossing,Sullivan's Crossing: Season 3,20600000,7.3333001136779785,2800000.0,1
2025-08-17,TV (English),7,Raw,"Raw: August 11, 2025",5300000,1.850000023841858,2800000.0,1
2025-08-17,TV (English),8,Love Is Blind: UK,Love Is Blind: UK: Season 2,10900000,4.216700077056885,2600000.0,1
2025-08-17,TV (English),9,Jim Jefferies: Two Limb Policy,N/A,2200000,1.0499999523162842,2100000.0,1
2025-08-17,TV (English),10,Ms. Rachel,Ms. Rachel: Season 1,6200000,3.0332999229431152,2000000.0,22
2025-08-17,TV (Non-English),1,In the Mud,In the Mud: Season 1,39300000,7.050000190734863,5600000.0,1
2025-08-17,TV (Non-English),2,Beyond the Bar,Beyond the Bar: Limited Series,28300000,0.0,4500000.0,3
2025-08-17,TV (Non-English),3,Unspeakable Sins,Unspeakable Sins: Season 1,39400000,11.16670036315918,3500000.0,3
2025-08-17,TV (Non-English),4,Young Millionaires,Young Millionaires: Season 1,15400000,4.383299827575684,3500000.0,1
2025-08-17,TV (Non-English),5,Saare Jahan Se Accha: The Silent Guardians,Saare Jahan Se Accha: The Silent Guardians: Season 1,9500000,4.050000190734863,2300000.0,1
2025-08-17,TV (Non-English),6,DAN DA DAN,DAN DA DAN: Season 2,6400000,2.9166998863220215,2200000.0,6
2025-08-17,TV (Non-English),7,Squid Game,Squid Game: Season 3,9600000,6.133299827575684,1600000.0,8
2025-08-17,TV (Non-English),8,Final Draft,Final Draft: Season 1,7600000,5.449999809265137,1400000.0,1
2025-08-17,TV (Non-English),9,Trigger,Trigger: Limited Series,10800000,7.883299827575684,1400000.0,4
2025-08-17,TV (Non-English),10,SAKAMOTO DAYS,SAKAMOTO DAYS: Season 1,7700000,0.0,1100000.0,12
2025-08-10,TV (English),1,Wednesday,Wednesday: Season 2,201600000,4.033299922943115,50000000.0,1
2025-08-10,TV (English),2,Wednesday,Wednesday: Season 1,58500000,6.816699981689453,8600000.0,22
2025-08-10,TV (English),3,UNTAMED,UNTAMED: Season 1,34900000,4.866700172424316,7200000.0,4
2025-08-10,TV (English),4,The Hunting Wives,The Hunting Wives: Season 1,31300000,6.683300018310547,4700000.0,3
2025-08-10,TV (English),5,Raw,"Raw: August 4, 2025",6100000,1.983299970626831,3000000.0,1
2025-08-10,TV (English),6,Leanne,Leanne: Season 1,15800000,5.5833001136779785,2800000.0,2
2025-08-10,TV (English),7,Perfect Match,Perfect Match: Season 3,22800000,8.100000381469727,2800000.0,1
2025-08-10,TV (English),8,Amy Bradley Is Missing,Amy Bradley Is Missing: Season 1,5400000,2.2167000770568848,2400000.0,4
2025-08-10,TV (English),9,Ms. Rachel,Ms. Rachel: Season 1,6200000,3.0332999229431152,2000000.0,21
2025-08-10,TV (English),10,Conversations with a Killer: The Son of Sam Tapes,Conversations with a Killer: The Son of Sam Tapes: Season 1,5000000,2.9000000953674316,1700000.0,2
2025-08-10,TV (Non-English),1,Unspeakable Sins,Unspeakable Sins: Season 1,68800000,11.16670036315918,6200000.0,2
2025-08-10,TV (Non-English),2,Beyond the Bar,Beyond the Bar: Limited Series,18100000,0.0,4600000.0,2
2025-08-10,TV (Non-English),3,DAN DA DAN,DAN DA DAN: Season 2,6200000,2.5,2500000.0,5
2025-08-10,TV (Non-English),4,Marked,Marked: Season 1,11500000,4.6666998863220215,2500000.0,2
2025-08-10,TV (Non-English),5,Trigger,Trigger: Limited Series,18300000,7.883299827575684,2300000.0,3
2025-08-10,TV (Non-English),6,Squid Game,Squid Game: Season 3,12500000,6.133299827575684,2000000.0,7
2025-08-10,TV (Non-English),7,Tougen Anki,N/A,2700000,0.0,1400000.0,3
2025-08-10,TV (Non-English),8,Glass Heart,Glass Heart: Season 1,8600000,7.199999809265137,1200000.0,1
2025-08-10,TV (Non-English),9,Mandala Murders,Mandala Murders: Season 1,5900000,5.1666998863220215,1100000.0,3
2025-08-10,TV (Non-English),10,SAKAMOTO DAYS,SAKAMOTO DAYS: Season 1,7000000,0.0,1100000.0,11
2025-08-03,TV (English),1,UNTAMED,UNTAMED: Season 1,59600000,4.866700172424316,12200000.0,3
2025-08-03,TV (English),2,The Hunting Wives,The Hunting Wives: Season 1,38500000,6.683300018310547,5800000.0,2
2025-08-03,TV (English),3,Amy Bradley Is Missing,Amy Bradley Is Missing: Season 1,9300000,2.2167000770568848,4200000.0,3
2025-08-03,TV (English),4,Conversations with a Killer: The Son of Sam Tapes,Conversations with a Killer: The Son of Sam Tapes: Season 1,9900000,2.9000000953674316,3400000.0,1
2025-08-03,TV (English),5,The Sandman,The Sandman: Season 2,29800000,10.783300399780273,2800000.0,5
2025-08-03,TV (English),6,Wednesday,Wednesday: Season 1,18300000,6.816699981689453,2700000.0,21
2025-08-03,TV (English),7,Leanne,Leanne: Season 1,14900000,5.5833001136779785,2700000.0,1
2025-08-03,TV (English),8,Raw,"Raw: July 28, 2025",5500000,1.983299970626831,2700000.0,1
2025-08-03,TV (English),9,WWE: Unreal,WWE: Unreal: Season 1,10700000,4.683300018310547,2300000.0,1
2025-08-03,TV (English),10,Ms. Rachel,Ms. Rachel: Season 1,6300000,3.0332999229431152,2100000.0,20
2025-08-03,TV (Non-English),1,Unspeakable Sins,Unspeakable Sins: Season 1,56900000,11.16670036315918,5100000.0,1
2025-08-03,TV (Non-English),2,Trigger,Trigger: Limited Series,39600000,7.883299827575684,5000000.0,2
2025-08-03,TV (Non-English),3,Squid Game,Squid Game: Season 3,17800000,6.133299827575684,2900000.0,6
2025-08-03,TV (Non-English),4,My Melody & Kuromi,My Melody & Kuromi: Season 1,7800000,2.75,2800000.0,2
2025-08-03,TV (Non-English),5,DAN DA DAN,DAN DA DAN: Season 2,5600000,2.0833001136779785,2700000.0,4
2025-08-03,TV (Non-English),6,"Angi: Fake Life, True Crime","Angi: Fake Life, True Crime: Limited Series",3400000,1.266700029373169,2700000.0,1
2025-08-03,TV (Non-English),7,Mandala Murders,Mandala Murders: Season 1,13700000,5.1666998863220215,2700000.0,2
2025-08-03,TV (Non-English),8,Marked,Marked: Season 1,10000000,4.6666998863220215,2100000.0,1
2025-08-03,TV (Non-English),9,Letters From The Past,Letters From The Past: Limited Series,9600000,5.23330020904541,1800000.0,2
2025-08-03,TV (Non-English),10,Beyond the Bar,Beyond the Bar: Limited Series,3100000,0.0,1800000.0,1
2025-07-27,TV (English),1,UNTAMED,UNTAMED: Season 1,127100000,4.866700172424316,26100000.0,2
2025-07-27,TV (English),2,Amy Bradley Is Missing,Amy Bradley Is Missing: Season 1,22500000,2.2167000770568848,10200000.0,2
2025-07-27,TV (English),3,The Hunting Wives,The Hunting Wives: Season 1,34600000,6.683300018310547,5200000.0,1
2025-07-27,TV (English),4,The Sandman,The Sandman: Season 2,32600000,9.816699981689453,3300000.0,4
2025-07-27,TV (English),5,Raw,"Raw: July 21, 2025",5700000,2.016700029373169,2700000.0,1
2025-07-27,TV (English),6,Ms. Rachel,Ms. Rachel: Season 1,6200000,3.0332999229431152,2000000.0,19
2025-07-27,TV (English),7,Critical: Between Life and Death,Critical: Between Life and Death: Season 1,9300000,4.683300018310547,2000000.0,1
2025-07-27,TV (English),8,Sirens,Sirens: Limited Series,8500000,4.73330020904541,1800000.0,8
2025-07-27,TV (English),9,Building The Band,Building The Band: Season 1,14700000,9.26669979095459,1600000.0,1
2025-07-27,TV (English),10,7 Bears,7 Bears: Limited Series,7200000,4.599999904632568,1600000.0,3
2025-07-27,TV (Non-English),1,Squid Game,Squid Game: Season 3,28500000,6.133299827575684,4600000.0,5
2025-07-27,TV (Non-English),2,My Melody & Kuromi,My Melody & Kuromi: Season 1,11800000,2.75,4300000.0,1
2025-07-27,TV (Non-English),3,DAN DA DAN,DAN DA DAN: Season 2,5200000,1.666700005531311,3100000.0,3
2025-07-27,TV (Non-English),4,Trigger,Trigger: Limited Series,22500000,7.883299827575684,2900000.0,1
2025-07-27,TV (Non-English),5,Letters From The Past,Letters From The Past: Limited Series,12900000,5.23330020904541,2500000.0,1
2025-07-27,TV (Non-English),6,Delirium,Delirium: Limited Series,12300000,5.699999809265137,2200000.0,2
2025-07-27,TV (Non-English),7,Ángela,Ángela: Limited Series,10400000,5.01669979095459,2100000.0,4
2025-07-27,TV (Non-English),8,Under a Dark Sun,Under a Dark Sun: Season 1,9900000,4.849999904632568,2000000.0,3
2025-07-27,TV (Non-English),9,Mandala Murders,Mandala Murders: Season 1,9600000,5.1666998863220215,1900000.0,1
2025-07-27,TV (Non-English),10,Tougen Anki,N/A,1900000,0.0,1600000.0,2
2025-07-20,TV (English),1,UNTAMED,UNTAMED: Season 1,119500000,4.866700172424316,24600000.0,1
2025-07-20,TV (English),2,Amy Bradley Is Missing,Amy Bradley Is Missing: Season 1,27100000,2.2167000770568848,12200000.0,1
2025-07-20,TV (English),3,The Sandman,The Sandman: Season 2,17800000,5.3333001136779785,3300000.0,3
2025-07-20,TV (English),4,7 Bears,7 Bears: Limited Series,15300000,4.599999904632568,3300000.0,2
2025-07-20,TV (English),5,Raw,"Raw: July 14, 2025",5400000,1.916700005531311,2700000.0,1
2025-07-20,TV (English),6,Sullivan's Crossing,Sullivan's Crossing: Season 1,16300000,7.349999904632568,2200000.0,2
2025-07-20,TV (English),7,The Waterfront,The Waterfront: Season 1,13600000,6.4166998863220215,2100000.0,5
2025-07-20,TV (English),8,Ms. Rachel,Ms. Rachel: Season 1,6300000,3.0332999229431152,2100000.0,18
2025-07-20,TV (English),9,Sullivan's Crossing,Sullivan's Crossing: Season 2,14000000,7.3333001136779785,1900000.0,1
2025-07-20,TV (English),10,Too Much,Too Much: Season 1,12500000,6.75,1900000.0,1
2025-07-20,TV (Non-English),1,Squid Game,Squid Game: Season 3,47900000,6.133299827575684,7800000.0,4
2025-07-20,TV (Non-English),2,Under a Dark Sun,Under a Dark Sun: Season 1,28200000,4.849999904632568,5800000.0,2
2025-07-20,TV (Non-English),3,DAN DA DAN,DAN DA DAN: Season 2,5000000,1.25,4000000.0,2
2025-07-20,TV (Non-English),4,Ángela,Ángela: Limited Series,16900000,5.01669979095459,3400000.0,3
2025-07-20,TV (Non-English),5,Tougen Anki,N/A,1600000,0.0,2000000.0,1
2025-07-20,TV (Non-English),6,Squid Game,Squid Game: Season 2,13700000,7.1666998863220215,1900000.0,14
2025-07-20,TV (Non-English),7,Olympo,Olympo: Season 1,10100000,6.366700172424316,1600000.0,5
2025-07-20,TV (Non-English),8,The Summer Hikaru Died,The Summer Hikaru Died: Season 1,1600000,1.149999976158142,1400000.0,2
2025-07-20,TV (Non-English),9,Delirium,Delirium: Limited Series,7900000,5.699999809265137,1400000.0,1
2025-07-20,TV (Non-English),10,Better Late Than Single,Better Late Than Single: Season 1,10800000,7.883299827575684,1400000.0,2
2025-07-13,TV (English),1,The Sandman,The Sandman: Season 2,31500000,5.3333001136779785,5900000.0,2
2025-07-13,TV (English),2,The Waterfront,The Waterfront: Season 1,22900000,6.4166998863220215,3600000.0,4
2025-07-13,TV (English),3,Sullivan's Crossing,Sullivan's Crossing: Season 1,22100000,7.349999904632568,3000000.0,1
2025-07-13,TV (English),4,7 Bears,7 Bears: Limited Series,13300000,4.599999904632568,2900000.0,1
2025-07-13,TV (English),5,Katie Taylor vs. Amanda Serrano 3,N/A,9400000,0.0,2800000.0,1
2025-07-13,TV (English),6,Raw,"Raw: July 7, 2025",5100000,1.850000023841858,2600000.0,1
2025-07-13,TV (English),7,The Sandman,The Sandman: Season 1,22400000,9.149999618530273,2400000.0,9
2025-07-13,TV (English),8,Ginny & Georgia,Ginny & Georgia: Season 3,24700000,10.566699981689453,2300000.0,6
2025-07-13,TV (English),9,1923,1923: Season 1,17300000,7.783299922943115,2200000.0,1
2025-07-13,TV (English),10,Ms. Rachel,Ms. Rachel: Season 1,6200000,3.0332999229431152,2000000.0,17
2025-07-13,TV (Non-English),1,Squid Game,Squid Game: Season 3,97400000,6.133299827575684,15900000.0,3
2025-07-13,TV (Non-English),2,Ángela,Ángela: Limited Series,34800000,5.01669979095459,6900000.0,2
2025-07-13,TV (Non-English),3,Under a Dark Sun,Under a Dark Sun: Season 1,28300000,4.849999904632568,5800000.0,1
2025-07-13,TV (Non-English),4,DAN DA DAN,DAN DA DAN: Season 2,4500000,0.833299994468689,5400000.0,1
2025-07-13,TV (Non-English),5,Squid Game,Squid Game: Season 2,23100000,7.1666998863220215,3200000.0,13
2025-07-13,TV (Non-English),6,Olympo,Olympo: Season 1,15500000,6.366700172424316,2400000.0,4
2025-07-13,TV (Non-English),7,Squid Game,Squid Game: Season 1,19100000,8.316699981689453,2300000.0,32
2025-07-13,TV (Non-English),8,The Summer Hikaru Died,The Summer Hikaru Died: Season 1,1500000,0.766700029373169,2000000.0,1
2025-07-13,TV (Non-English),9,The Gringo Hunters,The Gringo Hunters: Season 1,16800000,9.91670036315918,1700000.0,1
2025-07-13,TV (Non-English),10,Better Late Than Single,Better Late Than Single: Season 1,6000000,3.8499999046325684,1600000.0,1
2025-07-06,TV (English),1,The Waterfront,The Waterfront: Season 1,36000000,6.4166998863220215,5600000.0,3
2025-07-06,TV (English),2,The Sandman,The Sandman: Season 2,28200000,5.3333001136779785,5300000.0,1
2025-07-06,TV (English),3,Attack on London: Hunting The 7/7 Bombers,Attack on London: Hunting The 7/7 Bombers: Limited Series,14300000,3.0332999229431152,4700000.0,1
2025-07-06,TV (English),4,Ginny & Georgia,Ginny & Georgia: Season 3,34400000,10.566699981689453,3300000.0,5
2025-07-06,TV (English),5,Raw,"Raw: June 30, 2025",4600000,1.7999999523162842,2500000.0,1
2025-07-06,TV (English),6,Ms. Rachel,Ms. Rachel: Season 1,6200000,3.0332999229431152,2000000.0,16
2025-07-06,TV (English),7,Sirens,Sirens: Limited Series,8500000,4.73330020904541,1800000.0,7
2025-07-06,TV (English),8,Dept. Q,Dept. Q: Season 1,14600000,8.26669979095459,1800000.0,6
2025-07-06,TV (English),9,The Sandman,The Sandman: Season 1,15900000,9.149999618530273,1700000.0,8
2025-07-06,TV (English),10,The Survivors,The Survivors: Limited Series,7300000,4.966700077056885,1500000.0,4
2025-07-06,TV (Non-English),1,Squid Game,Squid Game: Season 3,283800000,6.133299827575684,46300000.0,2
2025-07-06,TV (Non-English),2,Squid Game,Squid Game: Season 2,35100000,7.1666998863220215,4900000.0,12
2025-07-06,TV (Non-English),3,Squid Game,Squid Game: Season 1,31300000,8.316699981689453,3800000.0,31
2025-07-06,TV (Non-English),4,Olympo,Olympo: Season 1,23100000,6.366700172424316,3600000.0,3
2025-07-06,TV (Non-English),5,Ángela,Ángela: Limited Series,16800000,5.01669979095459,3300000.0,1
2025-07-06,TV (Non-English),6,Our Unwritten Seoul,Our Unwritten Seoul: Limited Series,28600000,15.783300399780273,1800000.0,6
2025-07-06,TV (Non-English),7,The Great Indian Kapil Show,The Great Indian Kapil Show: Season 3,3700000,3.1666998863220215,1200000.0,3
2025-07-06,TV (Non-English),8,Mercy For None,Mercy For None: Limited Series,5000000,5.01669979095459,1000000.0,5
2025-07-06,TV (Non-English),9,Sara - Woman in the Shadows,Sara - Woman in the Shadows: Season 1,4900000,5.4166998863220215,900000.0,3
2025-07-06,TV (Non-English),10,Tour de France: Unchained,Tour de France: Unchained: Season 3,4900000,5.4166998863220215,900000.0,1
2025-06-29,TV (English),1,The Waterfront,The Waterfront: Season 1,74300000,6.4166998863220215,11600000.0,2
2025-06-29,TV (English),2,Ginny & Georgia,Ginny & Georgia: Season 3,51200000,10.566699981689453,4800000.0,4
2025-06-29,TV (English),3,AMERICA'S SWEETHEARTS: Dallas Cowboys Cheerleaders,AMERICA'S SWEETHEARTS: Dallas Cowboys Cheerleaders: Season 2,19400000,6.933300018310547,2800000.0,2
2025-06-29,TV (English),4,Raw,"Raw: June 23, 2025",5200000,1.8667000532150269,2600000.0,1
2025-06-29,TV (English),5,Dept. Q,Dept. Q: Season 1,21500000,8.26669979095459,2600000.0,5
2025-06-29,TV (English),6,Sirens,Sirens: Limited Series,11900000,4.73330020904541,2500000.0,6
2025-06-29,TV (English),7,Ms. Rachel,Ms. Rachel: Season 1,6400000,3.0332999229431152,2100000.0,15
2025-06-29,TV (English),8,Ginny & Georgia,Ginny & Georgia: Season 2,18100000,9.783300399780273,1900000.0,11
2025-06-29,TV (English),9,FUBAR,FUBAR: Season 2,11800000,6.449999809265137,1800000.0,3
2025-06-29,TV (English),10,Ginny & Georgia,Ginny & Georgia: Season 1,16000000,9.133299827575684,1800000.0,10
2025-06-29,TV (Non-English),1,Squid Game,Squid Game: Season 3,368400000,6.133299827575684,60100000.0,1
2025-06-29,TV (Non-English),2,Olympo,Olympo: Season 1,44100000,6.366700172424316,6900000.0,2
2025-06-29,TV (Non-English),3,Squid Game,Squid Game: Season 2,20300000,7.1666998863220215,2800000.0,11
2025-06-29,TV (Non-English),4,The Great Indian Kapil Show,The Great Indian Kapil Show: Season 3,4500000,2.25,2000000.0,2
2025-06-29,TV (Non-English),5,Our Unwritten Seoul,Our Unwritten Seoul: Limited Series,30100000,15.783300399780273,1900000.0,5
2025-06-29,TV (Non-English),6,Squid Game,Squid Game: Season 1,14300000,8.316699981689453,1700000.0,30
2025-06-29,TV (Non-English),7,La Palma,La Palma: Limited Series,5000000,3.066699981689453,1600000.0,7
2025-06-29,TV (Non-English),8,Rosario Tijeras (Mexico),Rosario Tijeras (Mexico): Season 4,47900000,29.549999237060547,1600000.0,2
2025-06-29,TV (Non-English),9,Mercy For None,Mercy For None: Limited Series,7500000,5.01669979095459,1500000.0,4
2025-06-29,TV (Non-English),10,The Many Deaths of Nora Dalmasso,The Many Deaths of Nora Dalmasso: Limited Series,3800000,2.5999999046325684,1500000.0,2
2025-06-22,TV (English),1,The Waterfront,The Waterfront: Season 1,53300000,6.4166998863220215,8300000.0,1
2025-06-22,TV (English),2,Ginny & Georgia,Ginny & Georgia: Season 3,85900000,10.566699981689453,8100000.0,3
2025-06-22,TV (English),3,The Survivors,The Survivors: Limited Series,17100000,4.966700077056885,3400000.0,3
2025-06-22,TV (English),4,Dept. Q,Dept. Q: Season 1,28100000,8.26669979095459,3400000.0,4
2025-06-22,TV (English),5,AMERICA'S SWEETHEARTS: Dallas Cowboys Cheerleaders,AMERICA'S SWEETHEARTS: Dallas Cowboys Cheerleaders: Season 2,23100000,6.933300018310547,3300000.0,1
2025-06-22,TV (English),6,Sirens,Sirens: Limited Series,15700000,4.73330020904541,3300000.0,5
2025-06-22,TV (English),7,FUBAR,FUBAR: Season 2,21300000,6.449999809265137,3300000.0,2
2025-06-22,TV (English),8,Ginny & Georgia,Ginny & Georgia: Season 1,25000000,9.133299827575684,2700000.0,9
2025-06-22,TV (English),9,Raw,"Raw: June 16, 2025",5000000,1.7166999578475952,2700000.0,1
2025-06-22,TV (English),10,Ginny & Georgia,Ginny & Georgia: Season 2,26200000,9.783300399780273,2700000.0,10
2025-06-22,TV (Non-English),1,Olympo,Olympo: Season 1,20500000,6.366700172424316,3200000.0,1
2025-06-22,TV (Non-English),2,Mercy For None,Mercy For None: Limited Series,14100000,5.01669979095459,2800000.0,3
2025-06-22,TV (Non-English),3,The Many Deaths of Nora Dalmasso,The Many Deaths of Nora Dalmasso: Limited Series,6700000,2.5999999046325684,2600000.0,1
2025-06-22,TV (Non-English),4,La Palma,La Palma: Limited Series,7900000,3.066699981689453,2600000.0,6
2025-06-22,TV (Non-English),5,Our Unwritten Seoul,Our Unwritten Seoul: Limited Series,28000000,13.033300399780273,2100000.0,4
2025-06-22,TV (Non-English),6,Rosario Tijeras (Mexico),Rosario Tijeras (Mexico): Season 4,54600000,29.549999237060547,1800000.0,1
2025-06-22,TV (Non-English),7,The Great Indian Kapil Show,The Great Indian Kapil Show: Season 3,1900000,1.2166999578475952,1600000.0,1
2025-06-22,TV (Non-English),8,"Cocaine Air: Smugglers at 30,000 Ft.","Cocaine Air: Smugglers at 30,000 Ft.: Limited Series",3400000,2.200000047683716,1500000.0,2
2025-06-22,TV (Non-English),9,Tastefully Yours,Tastefully Yours: Limited Series,14400000,10.050000190734863,1400000.0,6
2025-06-22,TV (Non-English),10,Criminal Code,Criminal Code: Season 2,9300000,6.9166998863220215,1300000.0,3
2025-06-15,TV (English),1,Ginny & Georgia,Ginny & Georgia: Season 3,178200000,10.566699981689453,16900000.0,2
2025-06-15,TV (English),2,The Survivors,The Survivors: Limited Series,44600000,4.966700077056885,9000000.0,2
2025-06-15,TV (English),3,Sirens,Sirens: Limited Series,20200000,4.73330020904541,4300000.0,4
2025-06-15,TV (English),4,Dept. Q,Dept. Q: Season 1,35200000,8.26669979095459,4300000.0,3
2025-06-15,TV (English),5,Ginny & Georgia,Ginny & Georgia: Season 1,38600000,9.133299827575684,4200000.0,8
2025-06-15,TV (English),6,Ginny & Georgia,Ginny & Georgia: Season 2,32100000,9.783300399780273,3300000.0,9
2025-06-15,TV (English),7,Raw,"Raw: June 9, 2025",6100000,2.0332999229431152,2900000.0,1
2025-06-15,TV (English),8,Tires,Tires: Season 2,13700000,4.900000095367432,2800000.0,1
2025-06-15,TV (English),9,The Creature Cases,The Creature Cases: Chapter 5,6600000,2.6166999340057373,2500000.0,1
2025-06-15,TV (English),10,FUBAR,FUBAR: Season 2,14400000,6.449999809265137,2200000.0,1
2025-06-15,TV (Non-English),1,Mercy For None,Mercy For None: Limited Series,37900000,5.01669979095459,7600000.0,2
2025-06-15,TV (Non-English),2,"Cocaine Air: Smugglers at 30,000 Ft.","Cocaine Air: Smugglers at 30,000 Ft.: Limited Series",9200000,2.200000047683716,4200000.0,1
2025-06-15,TV (Non-English),3,Tastefully Yours,Tastefully Yours: Limited Series,30600000,10.050000190734863,3000000.0,5
2025-06-15,TV (Non-English),4,Sara - Woman in the Shadows,Sara - Woman in the Shadows: Season 1,12900000,5.4166998863220215,2400000.0,2
2025-06-15,TV (Non-English),5,Criminal Code,Criminal Code: Season 2,15400000,6.9166998863220215,2200000.0,2
2025-06-15,TV (Non-English),6,Our Unwritten Seoul,Our Unwritten Seoul: Limited Series,21900000,10.550000190734863,2100000.0,3
2025-06-15,TV (Non-English),7,Criminal Code,Criminal Code: Season 1,10800000,7.76669979095459,1400000.0,6
2025-06-15,TV (Non-English),8,Magic and Muscles,Magic and Muscles: Mashle: Magic And Muscles The Divine Visionary Candidate Exam Arc,6200000,4.75,1300000.0,1
2025-06-15,TV (Non-English),9,Secrets We Keep,Secrets We Keep: Limited Series,4600000,3.733299970626831,1200000.0,5
2025-06-15,TV (Non-English),10,Aniela,Aniela: Season 1,7400000,6.033299922943115,1200000.0,1
2025-06-08,TV (English),1,Ginny & Georgia,Ginny & Georgia: Season 3,186500000,10.566699981689453,17600000.0,1
2025-06-08,TV (English),2,Dept. Q,Dept. Q: Season 1,73400000,8.26669979095459,8900000.0,2
2025-06-08,TV (English),3,Sirens,Sirens: Limited Series,37400000,4.73330020904541,7900000.0,3
2025-06-08,TV (English),4,The Survivors,The Survivors: Limited Series,26400000,4.966700077056885,5300000.0,1
2025-06-08,TV (English),5,American Manhunt: Osama bin Laden,American Manhunt: Osama bin Laden: Season 1,10300000,3.066699981689453,3400000.0,4
2025-06-08,TV (English),6,Ginny & Georgia,Ginny & Georgia: Season 1,27000000,9.133299827575684,3000000.0,7
2025-06-08,TV (English),7,Cold Case: The Tylenol Murders,Cold Case: The Tylenol Murders: Season 1,5700000,1.9666999578475952,2900000.0,2
2025-06-08,TV (English),8,Raw,"Raw: June 2, 2025",5000000,1.833299994468689,2700000.0,1
2025-06-08,TV (English),9,Ginny & Georgia,Ginny & Georgia: Season 2,24100000,9.783300399780273,2500000.0,8
2025-06-08,TV (English),10,Ms. Rachel,Ms. Rachel: Season 1,6500000,3.0332999229431152,2100000.0,14
2025-06-08,TV (Non-English),1,Sara - Woman in the Shadows,Sara - Woman in the Shadows: Season 1,33100000,5.4166998863220215,6100000.0,1
2025-06-08,TV (Non-English),2,Mercy For None,Mercy For None: Limited Series,24700000,5.01669979095459,4900000.0,1
2025-06-08,TV (Non-English),3,Tastefully Yours,Tastefully Yours: Limited Series,28200000,7.98330020904541,3500000.0,4
2025-06-08,TV (Non-English),4,Mad Unicorn,Mad Unicorn: Limited Series,20900000,7.099999904632568,2900000.0,2
2025-06-08,TV (Non-English),5,Secrets We Keep,Secrets We Keep: Limited Series,9600000,3.733299970626831,2600000.0,4
2025-06-08,TV (Non-English),6,Our Unwritten Seoul,Our Unwritten Seoul: Limited Series,17300000,7.866700172424316,2200000.0,2
2025-06-08,TV (Non-English),7,Criminal Code,Criminal Code: Season 2,14200000,6.9166998863220215,2100000.0,1
2025-06-08,TV (Non-English),8,Oh My Ghost Clients,Oh My Ghost Clients: Season 1,4700000,4.26669979095459,1100000.0,2
2025-06-08,TV (Non-English),9,GOOD BOY,GOOD BOY: Season 1,3900000,3.7167000770568848,1000000.0,1
2025-06-08,TV (Non-English),10,Criminal Code,Criminal Code: Season 1,7400000,7.76669979095459,1000000.0,5
2025-06-01,TV (English),1,Sirens,Sirens: Limited Series,86300000,4.73330020904541,18200000.0,2
2025-06-01,TV (English),2,Cold Case: The Tylenol Murders,Cold Case: The Tylenol Murders: Season 1,23500000,1.9666999578475952,11900000.0,1
2025-06-01,TV (English),3,Dept. Q,Dept. Q: Season 1,49300000,8.26669979095459,6000000.0,1
2025-06-01,TV (English),4,American Manhunt: Osama bin Laden,American Manhunt: Osama bin Laden: Season 1,16500000,3.066699981689453,5400000.0,3
2025-06-01,TV (English),5,Bet,Bet: Season 1,16600000,5.816699981689453,2900000.0,3
2025-06-01,TV (English),6,Raw,"Raw: May 26, 2025",4800000,1.7166999578475952,2600000.0,1
2025-06-01,TV (English),7,The Four Seasons,The Four Seasons: Season 1,10400000,4.300000190734863,2400000.0,5
2025-06-01,TV (English),8,Fred and Rose West: A British Horror Story,Fred and Rose West: A British Horror Story: Limited Series,6100000,2.6166999340057373,2300000.0,3
2025-06-01,TV (English),9,Miss Governor,Miss Governor: Season 1,7600000,3.299999952316284,2300000.0,2
2025-06-01,TV (English),10,FOREVER,FOREVER: Season 1,14700000,6.5,2300000.0,4
2025-06-01,TV (Non-English),1,Secrets We Keep,Secrets We Keep: Limited Series,18900000,3.733299970626831,5100000.0,3
2025-06-01,TV (Non-English),2,Tastefully Yours,Tastefully Yours: Limited Series,23800000,6.0,4000000.0,3
2025-06-01,TV (Non-English),3,Our Unwritten Seoul,Our Unwritten Seoul: Limited Series,14700000,5.216700077056885,2800000.0,1
2025-06-01,TV (Non-English),4,Mad Unicorn,Mad Unicorn: Limited Series,11700000,7.099999904632568,1600000.0,1
2025-06-01,TV (Non-English),5,Dear Hongrang,Dear Hongrang: Season 1,16400000,11.16670036315918,1500000.0,3
2025-06-01,TV (Non-English),6,The Royals,The Royals: Season 1,8600000,5.949999809265137,1400000.0,4
2025-06-01,TV (Non-English),7,"Thank You, Next","Thank You, Next: Season 2",6800000,5.550000190734863,1200000.0,3
2025-06-01,TV (Non-English),8,The Eternaut,The Eternaut: Season 1,6400000,5.400000095367432,1200000.0,5
2025-06-01,TV (Non-English),9,Heavenly Ever After,Heavenly Ever After: Limited Series,16600000,14.699999809265137,1100000.0,5
2025-06-01,TV (Non-English),10,Oh My Ghost Clients,Oh My Ghost Clients: Season 1,2000000,2.1666998863220215,900000.0,1
2025-05-25,TV (English),1,Sirens,Sirens: Limited Series,79200000,4.73330020904541,16700000.0,1
2025-05-25,TV (English),2,American Manhunt: Osama bin Laden,American Manhunt: Osama bin Laden: Season 1,32800000,3.066699981689453,10700000.0,2
2025-05-25,TV (English),3,Fred and Rose West: A British Horror Story,Fred and Rose West: A British Horror Story: Limited Series,15800000,2.6166999340057373,6000000.0,2
2025-05-25,TV (English),4,Bet,Bet: Season 1,28800000,5.816699981689453,5000000.0,2
2025-05-25,TV (English),5,"Love, Death & Robots","Love, Death & Robots: Volume 4",7000000,2.0332999229431152,3400000.0,2
2025-05-25,TV (English),6,The Four Seasons,The Four Seasons: Season 1,13900000,4.300000190734863,3200000.0,4
2025-05-25,TV (English),7,FOREVER,FOREVER: Season 1,20600000,6.5,3200000.0,3
2025-05-25,TV (English),8,Miss Governor,Miss Governor: Season 1,9000000,3.299999952316284,2700000.0,1
2025-05-25,TV (English),9,Raw,"Raw: May 19, 2025",5000000,1.666700005531311,2700000.0,1
2025-05-25,TV (English),10,Ms. Rachel,Ms. Rachel: Season 1,6700000,3.0332999229431152,2200000.0,13
2025-05-25,TV (Non-English),1,Secrets We Keep,Secrets We Keep: Limited Series,47500000,3.733299970626831,12700000.0,2
2025-05-25,TV (Non-English),2,Tastefully Yours,Tastefully Yours: Limited Series,17900000,4.0,4500000.0,2
2025-05-25,TV (Non-English),3,Dear Hongrang,Dear Hongrang: Season 1,39400000,11.16670036315918,3500000.0,2
2025-05-25,TV (Non-English),4,Rotten Legacy,Rotten Legacy: Season 1,17800000,6.683300018310547,2700000.0,2
2025-05-25,TV (Non-English),5,"Thank You, Next","Thank You, Next: Season 2",12600000,5.550000190734863,2300000.0,2
2025-05-25,TV (Non-English),6,The Royals,The Royals: Season 1,13000000,5.949999809265137,2200000.0,3
2025-05-25,TV (Non-English),7,The Eternaut,The Eternaut: Season 1,10800000,5.400000095367432,2000000.0,4
2025-05-25,TV (Non-English),8,Resident Playbook,Resident Playbook: Limited Series,26500000,16.36669921875,1600000.0,7
2025-05-25,TV (Non-English),9,Heavenly Ever After,Heavenly Ever After: Limited Series,18900000,0.0,1300000.0,4
2025-05-25,TV (Non-English),10,Franklin,Franklin: Season 1,6200000,4.6666998863220215,1300000.0,2
2025-05-18,TV (English),1,American Manhunt: Osama bin Laden,American Manhunt: Osama bin Laden: Season 1,38700000,3.066699981689453,12600000.0,1
2025-05-18,TV (English),2,Fred and Rose West: A British Horror Story,Fred and Rose West: A British Horror Story: Limited Series,21700000,2.6166999340057373,8300000.0,1
2025-05-18,TV (English),3,FOREVER,FOREVER: Season 1,43700000,6.5,6700000.0,2
2025-05-18,TV (English),4,The Four Seasons,The Four Seasons: Season 1,23000000,4.300000190734863,5300000.0,3
2025-05-18,TV (English),5,Bad Thoughts,Bad Thoughts: Season 1,7500000,1.9666999578475952,3800000.0,1
2025-05-18,TV (English),6,You,You: Season 5,28000000,8.449999809265137,3300000.0,4
2025-05-18,TV (English),7,"Love, Death & Robots","Love, Death & Robots: Volume 4",5900000,2.0332999229431152,2900000.0,1
2025-05-18,TV (English),8,Raw,"Raw: May 12, 2025",5100000,1.8166999816894531,2700000.0,1
2025-05-18,TV (English),9,Bet,Bet: Season 1,13700000,5.816699981689453,2400000.0,1
2025-05-18,TV (English),10,Ms. Rachel,Ms. Rachel: Season 1,6700000,3.0332999229431152,2200000.0,12
2025-05-18,TV (Non-English),1,Secrets We Keep,Secrets We Keep: Limited Series,38600000,3.733299970626831,10300000.0,1
2025-05-18,TV (Non-English),2,Tastefully Yours,Tastefully Yours: Limited Series,13100000,2.0,6600000.0,1
2025-05-18,TV (Non-English),3,The Royals,The Royals: Season 1,33000000,5.949999809265137,5500000.0,2
2025-05-18,TV (Non-English),4,The Eternaut,The Eternaut: Season 1,19900000,5.400000095367432,3700000.0,3
2025-05-18,TV (Non-English),5,Rotten Legacy,Rotten Legacy: Season 1,14700000,6.683300018310547,2200000.0,1
2025-05-18,TV (Non-English),6,Dear Hongrang,Dear Hongrang: Season 1,24100000,11.16670036315918,2200000.0,1
2025-05-18,TV (Non-English),7,Franklin,Franklin: Season 1,9500000,4.6666998863220215,2000000.0,1
2025-05-18,TV (Non-English),8,Asterix & Obelix: The Big Fight,Asterix & Obelix: The Big Fight: Limited Series,5900000,3.0332999229431152,1900000.0,3
2025-05-18,TV (Non-English),9,Resident Playbook,Resident Playbook: Limited Series,30600000,16.36669921875,1900000.0,6
2025-05-18,TV (Non-English),10,"Thank You, Next","Thank You, Next: Season 2",9700000,5.550000190734863,1700000.0,1
2025-05-11,TV (English),1,The Four Seasons,The Four Seasons: Season 1,53900000,4.300000190734863,12500000.0,2
2025-05-11,TV (English),2,You,You: Season 5,45300000,8.449999809265137,5400000.0,3
2025-05-11,TV (English),3,FOREVER,FOREVER: Season 1,24200000,6.5,3700000.0,1
2025-05-11,TV (English),4,Raw,"Raw: May 5, 2025",5700000,1.9333000183105469,2800000.0,1
2025-05-11,TV (English),5,Ransom Canyon,Ransom Canyon: Season 1,20000000,7.900000095367432,2500000.0,4
2025-05-11,TV (English),6,Ms. Rachel,Ms. Rachel: Season 1,6700000,3.0332999229431152,2200000.0,11
2025-05-11,TV (English),7,Unseen,Unseen: Season 2,9000000,4.433300018310547,2000000.0,1
2025-05-11,TV (English),8,Unseen,Unseen: Season 1,9000000,4.466700077056885,2000000.0,3
2025-05-11,TV (English),9,You,You: Season 1,11800000,7.51669979095459,1600000.0,10
2025-05-11,TV (English),10,Black Mirror,Black Mirror: Season 7,9600000,6.183300018310547,1600000.0,5
2025-05-11,TV (Non-English),1,The Eternaut,The Eternaut: Season 1,52000000,5.400000095367432,9600000.0,2
2025-05-11,TV (Non-English),2,Asterix & Obelix: The Big Fight,Asterix & Obelix: The Big Fight: Limited Series,12900000,3.0332999229431152,4300000.0,2
2025-05-11,TV (Non-English),3,The Royals,The Royals: Season 1,17700000,5.949999809265137,3000000.0,1
2025-05-11,TV (Non-English),4,Weak Hero,Weak Hero: Class 2,14100000,5.76669979095459,2400000.0,3
2025-05-11,TV (Non-English),5,Heavenly Ever After,Heavenly Ever After: Limited Series,19100000,0.0,2100000.0,3
2025-05-11,TV (Non-English),6,Resident Playbook,Resident Playbook: Limited Series,27600000,13.350000381469727,2100000.0,5
2025-05-11,TV (Non-English),7,The Gardener,The Gardener: Limited Series,8600000,4.6666998863220215,1800000.0,5
2025-05-11,TV (Non-English),8,Bad Boy,Bad Boy: Season 1,9100000,5.216700077056885,1700000.0,1
2025-05-11,TV (Non-English),9,The Devil's Plan,The Devil's Plan: Season 2,10300000,6.01669979095459,1700000.0,1
2025-05-11,TV (Non-English),10,The Glass Dome,The Glass Dome: Limited Series,6200000,4.633299827575684,1300000.0,4
2025-05-04,TV (English),1,The Four Seasons,The Four Seasons: Season 1,51100000,4.300000190734863,11900000.0,1
2025-05-04,TV (English),2,You,You: Season 5,92400000,8.449999809265137,10900000.0,2
2025-05-04,TV (English),3,Ransom Canyon,Ransom Canyon: Season 1,33100000,7.900000095367432,4200000.0,3
2025-05-04,TV (English),4,Raw,"Raw: April 28, 2025",5800000,1.850000023841858,3000000.0,1
2025-05-04,TV (English),5,You,You: Season 1,21300000,7.51669979095459,2800000.0,9
2025-05-04,TV (English),6,Black Mirror,Black Mirror: Season 7,15200000,6.183300018310547,2500000.0,4
2025-05-04,TV (English),7,Adolescence,Adolescence: Limited Series,9000000,3.8333001136779785,2300000.0,8
2025-05-04,TV (English),8,Battle Camp,Battle Camp: Season 1,20300000,8.850000381469727,2300000.0,1
2025-05-04,TV (English),9,Ms. Rachel,Ms. Rachel: Season 1,6800000,3.0332999229431152,2200000.0,10
2025-05-04,TV (English),10,Turning Point: The Vietnam War,Turning Point: The Vietnam War: Season 1,13700000,6.400000095367432,2100000.0,1
2025-05-04,TV (Non-English),1,The Eternaut,The Eternaut: Season 1,58300000,5.400000095367432,10800000.0,1
2025-05-04,TV (Non-English),2,Weak Hero,Weak Hero: Class 2,36800000,5.76669979095459,6400000.0,2
2025-05-04,TV (Non-English),3,Asterix & Obelix: The Big Fight,Asterix & Obelix: The Big Fight: Limited Series,17500000,3.0332999229431152,5800000.0,1
2025-05-04,TV (Non-English),4,The Gardener,The Gardener: Limited Series,12100000,4.6666998863220215,2600000.0,4
2025-05-04,TV (Non-English),5,Weak Hero,Weak Hero: Class 1,12100000,5.51669979095459,2200000.0,6
2025-05-04,TV (Non-English),6,Heavenly Ever After,Heavenly Ever After: Limited Series,14000000,0.0,2100000.0,2
2025-05-04,TV (Non-English),7,Resident Playbook,Resident Playbook: Limited Series,20700000,10.600000381469727,2000000.0,4
2025-05-04,TV (Non-English),8,The Glass Dome,The Glass Dome: Limited Series,9000000,4.633299827575684,1900000.0,3
2025-05-04,TV (Non-English),9,When Life Gives You Tangerines,When Life Gives You Tangerines: Limited Series,26400000,16.58329963684082,1600000.0,9
2025-05-04,TV (Non-English),10,A Tragedy Foretold: Flight 3054,A Tragedy Foretold: Flight 3054: Season 1,3400000,2.3333001136779785,1500000.0,2
2025-04-27,TV (English),1,You,You: Season 5,85200000,8.449999809265137,10100000.0,1
2025-04-27,TV (English),2,Ransom Canyon,Ransom Canyon: Season 1,73900000,7.900000095367432,9400000.0,2
2025-04-27,TV (English),3,Black Mirror,Black Mirror: Season 7,27700000,6.183300018310547,4500000.0,3
2025-04-27,TV (English),4,Adolescence,Adolescence: Limited Series,14500000,3.8333001136779785,3800000.0,7
2025-04-27,TV (English),5,Raw,"Raw: April 21, 2025",8700000,2.299999952316284,3600000.0,1
2025-04-27,TV (English),6,Special Ops: Lioness,Special Ops: Lioness: Season 1,21100000,5.949999809265137,3500000.0,2
2025-04-27,TV (English),7,A Discovery of Witches,A Discovery of Witches: Season 1,15400000,5.75,2700000.0,2
2025-04-27,TV (English),8,Ms. Rachel,Ms. Rachel: Season 1,6900000,3.0332999229431152,2300000.0,9
2025-04-27,TV (English),9,PULSE,PULSE: Season 1,16200000,7.966700077056885,2000000.0,4
2025-04-27,TV (English),10,You,You: Season 1,13600000,7.51669979095459,1800000.0,8
2025-04-27,TV (Non-English),1,Weak Hero,Weak Hero: Class 2,34900000,5.76669979095459,6100000.0,1
2025-04-27,TV (Non-English),2,The Gardener,The Gardener: Limited Series,23000000,4.6666998863220215,4900000.0,3
2025-04-27,TV (Non-English),3,The Glass Dome,The Glass Dome: Limited Series,22000000,4.633299827575684,4700000.0,2
2025-04-27,TV (Non-English),4,A Tragedy Foretold: Flight 3054,A Tragedy Foretold: Flight 3054: Season 1,9000000,2.3333001136779785,3900000.0,1
2025-04-27,TV (Non-English),5,Heavenly Ever After,Heavenly Ever After: Limited Series,12000000,0.0,2900000.0,1
2025-04-27,TV (Non-English),6,Resident Playbook,Resident Playbook: Limited Series,16400000,7.933300018310547,2100000.0,3
2025-04-27,TV (Non-English),7,When Life Gives You Tangerines,When Life Gives You Tangerines: Limited Series,32800000,16.58329963684082,2000000.0,8
2025-04-27,TV (Non-English),8,Weak Hero,Weak Hero: Class 1,10500000,5.51669979095459,1900000.0,5
2025-04-27,TV (Non-English),9,The Haunted Palace,The Haunted Palace: Season 1,5800000,4.199999809265137,1400000.0,1
2025-04-27,TV (Non-English),10,I Am Not Mendoza,I Am Not Mendoza: Season 1,35200000,29.86669921875,1200000.0,1
2025-04-20,TV (English),1,Black Mirror,Black Mirror: Season 7,65700000,6.183300018310547,10600000.0,2
2025-04-20,TV (English),2,Ransom Canyon,Ransom Canyon: Season 1,56600000,7.900000095367432,7200000.0,1
2025-04-20,TV (English),3,Adolescence,Adolescence: Limited Series,22900000,3.8333001136779785,6000000.0,6
2025-04-20,TV (English),4,Bad Influence: The Dark Side of Kidfluencing,Bad Influence: The Dark Side of Kidfluencing: Season 1,10600000,2.5332999229431152,4200000.0,2
2025-04-20,TV (English),5,A Discovery of Witches,A Discovery of Witches: Season 1,19700000,5.75,3400000.0,1
2025-04-20,TV (English),6,Special Ops: Lioness,Special Ops: Lioness: Season 1,20000000,5.949999809265137,3400000.0,1
2025-04-20,TV (English),7,PULSE,PULSE: Season 1,25800000,7.966700077056885,3200000.0,3
2025-04-20,TV (English),8,The Diamond Heist,The Diamond Heist: Limited Series,7000000,2.25,3100000.0,1
2025-04-20,TV (English),9,Raw,"Raw: April 14, 2025",5600000,1.733299970626831,2900000.0,1
2025-04-20,TV (English),10,North of North,North of North: Season 1,9100000,3.3499999046325684,2700000.0,2
2025-04-20,TV (Non-English),1,The Gardener,The Gardener: Limited Series,57300000,4.6666998863220215,12300000.0,2
2025-04-20,TV (Non-English),2,The Glass Dome,The Glass Dome: Limited Series,42600000,4.633299827575684,9200000.0,1
2025-04-20,TV (Non-English),3,Resident Playbook,Resident Playbook: Limited Series,15000000,5.383299827575684,2800000.0,2
2025-04-20,TV (Non-English),4,When Life Gives You Tangerines,When Life Gives You Tangerines: Limited Series,45200000,16.58329963684082,2700000.0,7
2025-04-20,TV (Non-English),5,How to Sell Drugs Online (Fast),How to Sell Drugs Online (Fast): Season 4,6400000,3.5332999229431152,1800000.0,2
2025-04-20,TV (Non-English),6,Weak Hero,Weak Hero: Class 1,9700000,5.51669979095459,1800000.0,4
2025-04-20,TV (Non-English),7,Karma,Karma: Limited Series,9200000,5.349999904632568,1700000.0,3
2025-04-20,TV (Non-English),8,Kian’s Bizarre B&B,Kian’s Bizarre B&B: Season 1,9000000,6.283299922943115,1400000.0,2
2025-04-20,TV (Non-English),9,The Lady's Companion,The Lady's Companion: Season 1,7200000,5.5833001136779785,1300000.0,4
2025-04-20,TV (Non-English),10,Project UFO,Project UFO: Limited Series,3800000,3.3499999046325684,1100000.0,1
2025-04-13,TV (English),1,Bad Influence: The Dark Side of Kidfluencing,Bad Influence: The Dark Side of Kidfluencing: Season 1,24800000,2.5332999229431152,9800000.0,1
2025-04-13,TV (English),2,Adolescence,Adolescence: Limited Series,37000000,3.8333001136779785,9700000.0,5
2025-04-13,TV (English),3,PULSE,PULSE: Season 1,68100000,7.966700077056885,8500000.0,2
2025-04-13,TV (English),4,Black Mirror,Black Mirror: Season 7,43700000,6.183300018310547,7100000.0,1
2025-04-13,TV (English),5,Devil May Cry,Devil May Cry: Season 1,20200000,3.933300018310547,5100000.0,2
2025-04-13,TV (English),6,Gone Girls: The Long Island Serial Killer,Gone Girls: The Long Island Serial Killer: Season 1,10100000,2.6500000953674316,3800000.0,2
2025-04-13,TV (English),7,Love on the Spectrum,Love on the Spectrum: Season 3,20000000,5.5833001136779785,3600000.0,2
2025-04-13,TV (English),8,The Residence,The Residence: Season 1,24100000,7.73330020904541,3100000.0,4
2025-04-13,TV (English),9,North of North,North of North: Season 1,10000000,3.3499999046325684,3000000.0,1
2025-04-13,TV (English),10,Raw,"Raw: April 7, 2025",5700000,1.833299994468689,2800000.0,1
2025-04-13,TV (Non-English),1,The Gardener,The Gardener: Limited Series,36000000,4.6666998863220215,7700000.0,1
2025-04-13,TV (Non-English),2,Karma,Karma: Limited Series,25700000,5.349999904632568,4800000.0,2
2025-04-13,TV (Non-English),3,When Life Gives You Tangerines,When Life Gives You Tangerines: Limited Series,60600000,16.58329963684082,3700000.0,6
2025-04-13,TV (Non-English),4,The Lady's Companion,The Lady's Companion: Season 1,13500000,5.5833001136779785,2400000.0,3
2025-04-13,TV (Non-English),5,How to Sell Drugs Online (Fast),How to Sell Drugs Online (Fast): Season 4,7300000,3.5332999229431152,2100000.0,1
2025-04-13,TV (Non-English),6,Kian’s Bizarre B&B,Kian’s Bizarre B&B: Season 1,6200000,3.066699981689453,2000000.0,1
2025-04-13,TV (Non-English),7,Weak Hero,Weak Hero: Class 1,10000000,5.51669979095459,1800000.0,3
2025-04-13,TV (Non-English),8,Caught,Caught: Season 1,8900000,5.216700077056885,1700000.0,3
2025-04-13,TV (Non-English),9,Friendly Rivalry,Friendly Rivalry: Season 1,9200000,8.050000190734863,1100000.0,1
2025-04-13,TV (Non-English),10,Resident Playbook,Resident Playbook: Limited Series,3100000,2.75,1100000.0,1
2025-04-06,TV (English),1,Adolescence,Adolescence: Limited Series,68400000,3.8333001136779785,17800000.0,4
2025-04-06,TV (English),2,Gone Girls: The Long Island Serial Killer,Gone Girls: The Long Island Serial Killer: Season 1,34500000,2.6500000953674316,13000000.0,1
2025-04-06,TV (English),3,PULSE,PULSE: Season 1,52000000,7.966700077056885,6500000.0,1
2025-04-06,TV (English),4,Devil May Cry,Devil May Cry: Season 1,21000000,3.933300018310547,5300000.0,1
2025-04-06,TV (English),5,The Residence,The Residence: Season 1,35700000,7.73330020904541,4600000.0,3
2025-04-06,TV (English),6,Love on the Spectrum,Love on the Spectrum: Season 3,19400000,5.5833001136779785,3500000.0,1
2025-04-06,TV (English),7,Million Dollar Secret,Million Dollar Secret: Season 1,15400000,5.1666998863220215,3000000.0,2
2025-04-06,TV (English),8,Raw,"Raw: March 31, 2025",5900000,1.850000023841858,2900000.0,1
2025-04-06,TV (English),9,Jurassic World: Chaos Theory,Jurassic World: Chaos Theory: Season 3,9600000,3.8833000659942627,2500000.0,1
2025-04-06,TV (English),10,Ms. Rachel,Ms. Rachel: Season 1,7000000,3.0332999229431152,2300000.0,8
2025-04-06,TV (Non-English),1,When Life Gives You Tangerines,When Life Gives You Tangerines: Limited Series,89700000,16.58329963684082,5400000.0,5
2025-04-06,TV (Non-English),2,The Lady's Companion,The Lady's Companion: Season 1,27600000,5.5833001136779785,4900000.0,2
2025-04-06,TV (Non-English),3,Caught,Caught: Season 1,23900000,5.216700077056885,4600000.0,2
2025-04-06,TV (Non-English),4,Weak Hero,Weak Hero: Class 1,20500000,5.51669979095459,3700000.0,2
2025-04-06,TV (Non-English),5,Karma,Karma: Limited Series,19300000,5.349999904632568,3600000.0,1
2025-04-06,TV (Non-English),6,From Rock Star to Killer,From Rock Star to Killer: Limited Series,3000000,2.0833001136779785,1400000.0,2
2025-04-06,TV (Non-English),7,The Apothecary Diaries,The Apothecary Diaries: Season 1,11900000,9.149999618530273,1300000.0,1
2025-04-06,TV (Non-English),8,The Potato Lab,The Potato Lab: Limited Series,17700000,15.033300399780273,1200000.0,4
2025-04-06,TV (Non-English),9,High Tides,High Tides: Season 2,4400000,4.349999904632568,1000000.0,2
2025-04-06,TV (Non-English),10,Until You Burn,Until You Burn: Season 1,44400000,47.58330154418945,900000.0,1
2025-03-30,TV (English),1,Adolescence,Adolescence: Limited Series,116700000,3.8333001136779785,30400000.0,3
2025-03-30,TV (English),2,The Residence,The Residence: Season 1,68100000,7.73330020904541,8800000.0,2
2025-03-30,TV (English),3,Million Dollar Secret,Million Dollar Secret: Season 1,9500000,2.566699981689453,3700000.0,1
2025-03-30,TV (English),4,Raw,"Raw: March 24, 2025",5600000,1.733299970626831,3000000.0,1
2025-03-30,TV (English),5,Wolf King,Wolf King: Season 1,9300000,3.5332999229431152,2600000.0,2
2025-03-30,TV (English),6,Running Point,Running Point: Season 1,11800000,5.066699981689453,2300000.0,5
2025-03-30,TV (English),7,Ms. Rachel,Ms. Rachel: Season 1,7000000,3.0332999229431152,2300000.0,7
2025-03-30,TV (English),8,Gold & Greed: The Hunt for Fenn's Treasure,Gold & Greed: The Hunt for Fenn's Treasure: Season 1,5700000,2.683300018310547,2100000.0,1
2025-03-30,TV (English),9,Zero Day,Zero Day: Limited Series,9000000,5.150000095367432,1700000.0,6
2025-03-30,TV (English),10,Chelsea Handler: The Feeling,N/A,1600000,0.983299970626831,1600000.0,1
2025-03-30,TV (Non-English),1,Caught,Caught: Season 1,42700000,5.216700077056885,8200000.0,1
2025-03-30,TV (Non-English),2,Weak Hero,Weak Hero: Class 1,36800000,5.51669979095459,6700000.0,1
2025-03-30,TV (Non-English),3,When Life Gives You Tangerines,When Life Gives You Tangerines: Limited Series,99400000,16.58329963684082,6000000.0,4
2025-03-30,TV (Non-English),4,The Lady's Companion,The Lady's Companion: Season 1,14700000,5.5833001136779785,2600000.0,1
2025-03-30,TV (Non-English),5,From Rock Star to Killer,From Rock Star to Killer: Limited Series,4000000,2.0833001136779785,1900000.0,1
2025-03-30,TV (Non-English),6,Woman of the Dead,Woman of the Dead: Season 2,8600000,4.5,1900000.0,2
2025-03-30,TV (Non-English),7,High Tides,High Tides: Season 2,6900000,4.349999904632568,1600000.0,1
2025-03-30,TV (Non-English),8,Medusa,Medusa: Season 1,11200000,7.48330020904541,1500000.0,4
2025-03-30,TV (Non-English),9,Khakee: The Bengal Chapter,Khakee: The Bengal Chapter: Season 1,8500000,5.849999904632568,1500000.0,2
2025-03-30,TV (Non-English),10,Woman of the Dead,Woman of the Dead: Season 1,6200000,4.550000190734863,1400000.0,5
2025-03-23,TV (English),1,Adolescence,Adolescence: Limited Series,161000000,3.8333001136779785,42000000.0,2
2025-03-23,TV (English),2,The Residence,The Residence: Season 1,49500000,7.73330020904541,6400000.0,1
2025-03-23,TV (English),3,Running Point,Running Point: Season 1,17800000,5.066699981689453,3500000.0,4
2025-03-23,TV (English),4,Raw,"Raw: March 17, 2025",5800000,1.8166999816894531,3100000.0,1
2025-03-23,TV (English),5,Zero Day,Zero Day: Limited Series,15200000,5.150000095367432,3000000.0,5
2025-03-23,TV (English),6,Wolf King,Wolf King: Season 1,10100000,3.5332999229431152,2900000.0,1
2025-03-23,TV (English),7,Temptation Island,Temptation Island: Season 1,25000000,9.399999618530273,2700000.0,1
2025-03-23,TV (English),8,1883,1883: Season 1,24500000,9.366700172424316,2600000.0,2
2025-03-23,TV (English),9,Bert Kreischer: Lucky,N/A,2900000,1.1332999467849731,2600000.0,1
2025-03-23,TV (English),10,Ms. Rachel,Ms. Rachel: Season 1,7100000,3.0332999229431152,2300000.0,6
2025-03-23,TV (Non-English),1,When Life Gives You Tangerines,When Life Gives You Tangerines: Limited Series,65500000,11.866700172424316,5500000.0,3
2025-03-23,TV (Non-English),2,Medusa,Medusa: Season 1,20400000,7.48330020904541,2700000.0,3
2025-03-23,TV (Non-English),3,Woman of the Dead,Woman of the Dead: Season 2,9000000,4.5,2000000.0,1
2025-03-23,TV (Non-English),4,Welcome to the Family,Welcome to the Family: Season 1,7600000,4.199999809265137,1800000.0,2
2025-03-23,TV (Non-English),5,SAKAMOTO DAYS,SAKAMOTO DAYS: Season 1,7700000,4.366700172424316,1800000.0,10
2025-03-23,TV (Non-English),6,Just One Look,Just One Look: Limited Series,7300000,4.48330020904541,1600000.0,3
2025-03-23,TV (Non-English),7,Khakee: The Bengal Chapter,Khakee: The Bengal Chapter: Season 1,9200000,5.849999904632568,1600000.0,1
2025-03-23,TV (Non-English),8,Go!,Go!: Season 1,4000000,2.683300018310547,1500000.0,1
2025-03-23,TV (Non-English),9,The Potato Lab,The Potato Lab: Limited Series,13800000,9.76669979095459,1400000.0,3
2025-03-23,TV (Non-English),10,Woman of the Dead,Woman of the Dead: Season 1,6300000,4.550000190734863,1400000.0,4
2025-03-16,TV (English),1,Adolescence,Adolescence: Limited Series,93000000,3.8333001136779785,24300000.0,1
2025-03-16,TV (English),2,Running Point,Running Point: Season 1,30300000,5.066699981689453,6000000.0,3
2025-03-16,TV (English),3,Zero Day,Zero Day: Limited Series,22700000,5.150000095367432,4400000.0,4
2025-03-16,TV (English),4,Beauty in Black,Beauty in Black: Season 1,49200000,12.600000381469727,3900000.0,6
2025-03-16,TV (English),5,Formula 1: Drive to Survive,Formula 1: Drive to Survive: Season 7,22900000,7.25,3200000.0,2
2025-03-16,TV (English),6,Raw,"Raw: March 10, 2025",6000000,1.8166999816894531,3000000.0,1
2025-03-16,TV (English),7,1883,1883: Season 1,26800000,9.366700172424316,2900000.0,1
2025-03-16,TV (English),8,Ms. Rachel,Ms. Rachel: Season 1,7300000,3.0332999229431152,2400000.0,5
2025-03-16,TV (English),9,American Murder: Gabby Petito,American Murder: Gabby Petito: Season 1,4800000,2.1500000953674316,2200000.0,4
2025-03-16,TV (English),10,Toxic Town,Toxic Town: Limited Series,6700000,3.6666998863220215,1800000.0,3
2025-03-16,TV (Non-English),1,Medusa,Medusa: Season 1,45800000,7.48330020904541,6100000.0,2
2025-03-16,TV (Non-English),2,When Life Gives You Tangerines,When Life Gives You Tangerines: Limited Series,48100000,8.033300399780273,6000000.0,2
2025-03-16,TV (Non-English),3,Just One Look,Just One Look: Limited Series,17900000,4.48330020904541,4000000.0,2
2025-03-16,TV (Non-English),4,The Leopard,The Leopard: Limited Series,16500000,5.8333001136779785,2800000.0,2
2025-03-16,TV (Non-English),5,Welcome to the Family,Welcome to the Family: Season 1,11800000,4.199999809265137,2800000.0,1
2025-03-16,TV (Non-English),6,Cassandra,Cassandra: Limited Series,10200000,4.933300018310547,2100000.0,6
2025-03-16,TV (Non-English),7,SAKAMOTO DAYS,SAKAMOTO DAYS: Season 1,7900000,0.0,1900000.0,9
2025-03-16,TV (Non-English),8,The Potato Lab,The Potato Lab: Limited Series,10200000,7.366700172424316,1400000.0,2
2025-03-16,TV (Non-English),9,Dabba Cartel,Dabba Cartel: Season 1,7300000,5.633299827575684,1300000.0,3
2025-03-16,TV (Non-English),10,Graveyard,Graveyard: Season 1,8200000,7.116700172424316,1200000.0,2
2025-03-09,TV (English),1,Running Point,Running Point: Season 1,61800000,5.066699981689453,12200000.0,2
2025-03-09,TV (English),2,Zero Day,Zero Day: Limited Series,38600000,5.150000095367432,7500000.0,3
2025-03-09,TV (English),3,Toxic Town,Toxic Town: Limited Series,17400000,3.6666998863220215,4700000.0,2
2025-03-09,TV (English),4,Halo,Halo: Season 1,32100000,7.616700172424316,4200000.0,1
2025-03-09,TV (English),5,American Murder: Gabby Petito,American Murder: Gabby Petito: Season 1,9000000,2.1500000953674316,4200000.0,3
2025-03-09,TV (English),6,Beauty in Black,Beauty in Black: Season 1,47800000,12.600000381469727,3800000.0,5
2025-03-09,TV (English),7,Raw,"Raw: March 3, 2025",6300000,1.916700005531311,3100000.0,1
2025-03-09,TV (English),8,Andrew Schulz: LIFE,N/A,2900000,0.983299970626831,2900000.0,1
2025-03-09,TV (English),9,Formula 1: Drive to Survive,Formula 1: Drive to Survive: Season 7,19200000,7.25,2600000.0,1
2025-03-09,TV (English),10,"With Love, Meghan","With Love, Meghan: Season 1",12600000,4.783299922943115,2600000.0,1
2025-03-09,TV (Non-English),1,Medusa,Medusa: Season 1,51000000,7.48330020904541,6800000.0,1
2025-03-09,TV (Non-English),2,Just One Look,Just One Look: Limited Series,20100000,4.48330020904541,4500000.0,1
2025-03-09,TV (Non-English),3,Cassandra,Cassandra: Limited Series,18400000,4.933300018310547,3700000.0,5
2025-03-09,TV (Non-English),4,When Life Gives You Tangerines,When Life Gives You Tangerines: Limited Series,13900000,3.9000000953674316,3600000.0,1
2025-03-09,TV (Non-English),5,The Leopard,The Leopard: Limited Series,19800000,5.8333001136779785,3400000.0,1
2025-03-09,TV (Non-English),6,Dabba Cartel,Dabba Cartel: Season 1,15600000,5.633299827575684,2800000.0,2
2025-03-09,TV (Non-English),7,Tuiskoms,Tuiskoms: Season 1,12500000,5.48330020904541,2300000.0,2
2025-03-09,TV (Non-English),8,SAKAMOTO DAYS,SAKAMOTO DAYS: Season 1,7700000,0.0,2000000.0,8
2025-03-09,TV (Non-English),9,The Potato Lab,The Potato Lab: Limited Series,9300000,4.8333001136779785,1900000.0,1
2025-03-09,TV (Non-English),10,Graveyard,Graveyard: Season 1,9200000,7.116700172424316,1300000.0,1
2025-03-02,TV (English),1,Zero Day,Zero Day: Limited Series,92100000,5.150000095367432,17900000.0,2
2025-03-02,TV (English),2,American Murder: Gabby Petito,American Murder: Gabby Petito: Season 1,24200000,2.1500000953674316,11300000.0,2
2025-03-02,TV (English),3,Running Point,Running Point: Season 1,47200000,5.066699981689453,9300000.0,1
2025-03-02,TV (English),4,Toxic Town,Toxic Town: Limited Series,17500000,3.6666998863220215,4800000.0,1
2025-03-02,TV (English),5,The Search For Instagram's Worst Con Artist,The Search For Instagram's Worst Con Artist: Season 1,5600000,1.483299970626831,3800000.0,2
2025-03-02,TV (English),6,Love Is Blind,Love Is Blind: S8: Minneapolis,43200000,13.41670036315918,3200000.0,3
2025-03-02,TV (English),7,The 31st Annual Screen Actors Guild Awards,N/A,5500000,2.0999999046325684,2600000.0,1
2025-03-02,TV (English),8,Raw,"Raw: February 24, 2025",5500000,1.9500000476837158,2600000.0,1
2025-03-02,TV (English),9,Ms. Rachel,Ms. Rachel: Season 1,7500000,3.0332999229431152,2500000.0,4
2025-03-02,TV (English),10,American Murder: Laci Peterson,American Murder: Laci Peterson: Season 1,5500000,2.6666998863220215,2100000.0,5
2025-03-02,TV (Non-English),1,Cassandra,Cassandra: Limited Series,25400000,4.933300018310547,5100000.0,4
2025-03-02,TV (Non-English),2,SAKAMOTO DAYS,SAKAMOTO DAYS: Season 1,7400000,0.0,2200000.0,7
2025-03-02,TV (Non-English),3,The Åre Murders,The Åre Murders: Season 1,6700000,3.6333000659942627,1800000.0,4
2025-03-02,TV (Non-English),4,Dabba Cartel,Dabba Cartel: Season 1,10200000,5.633299827575684,1800000.0,1
2025-03-02,TV (Non-English),5,Squid Game,Squid Game: Season 2,11100000,7.1666998863220215,1500000.0,10
2025-03-02,TV (Non-English),6,Dog Days Out,Dog Days Out: Part 1,3100000,2.1166999340057373,1500000.0,3
2025-03-02,TV (Non-English),7,Melo Movie,Melo Movie: Limited Series,14300000,10.283300399780273,1400000.0,2
2025-03-02,TV (Non-English),8,Tuiskoms,Tuiskoms: Season 1,7000000,5.48330020904541,1300000.0,1
2025-03-02,TV (Non-English),9,Valeria,Valeria: Season 4,5300000,4.199999809265137,1300000.0,2
2025-03-02,TV (Non-English),10,Love Never Lies: Poland,Love Never Lies: Poland: Season 3,6000000,5.033299922943115,1200000.0,1
2025-02-23,TV (English),1,American Murder: Gabby Petito,American Murder: Gabby Petito: Season 1,67300000,2.1500000953674316,31300000.0,1
2025-02-23,TV (English),2,Zero Day,Zero Day: Limited Series,98500000,5.150000095367432,19100000.0,1
2025-02-23,TV (English),3,The Search For Instagram's Worst Con Artist,The Search For Instagram's Worst Con Artist: Season 1,8100000,1.483299970626831,5500000.0,1
2025-02-23,TV (English),4,Love Is Blind,Love Is Blind: S8: Minneapolis,50700000,10.08329963684082,5000000.0,2
2025-02-23,TV (English),5,Cobra Kai,Cobra Kai: Season 6,36100000,10.116700172424316,3600000.0,9
2025-02-23,TV (English),6,Gabby's Dollhouse,Gabby's Dollhouse: Season 11,8000000,2.433300018310547,3300000.0,1
2025-02-23,TV (English),7,The Night Agent,The Night Agent: Season 2,24800000,8.600000381469727,2900000.0,5
2025-02-23,TV (English),8,Court of Gold,Court of Gold: Season 1,12400000,4.400000095367432,2800000.0,1
2025-02-23,TV (English),9,Apple Cider Vinegar,Apple Cider Vinegar: Limited Series,17200000,6.23330020904541,2800000.0,3
2025-02-23,TV (English),10,Raw,"Raw: February 17, 2025",5500000,1.850000023841858,2800000.0,1
2025-02-23,TV (Non-English),1,Cassandra,Cassandra: Limited Series,36700000,4.933300018310547,7400000.0,3
2025-02-23,TV (Non-English),2,The Åre Murders,The Åre Murders: Season 1,16300000,3.6333000659942627,4500000.0,3
2025-02-23,TV (Non-English),3,Dog Days Out,Dog Days Out: Part 1,6700000,2.1166999340057373,3200000.0,2
2025-02-23,TV (Non-English),4,Melo Movie,Melo Movie: Limited Series,32500000,10.283300399780273,3200000.0,1
2025-02-23,TV (Non-English),5,Valeria,Valeria: Season 4,10900000,4.199999809265137,2600000.0,1
2025-02-23,TV (Non-English),6,SAKAMOTO DAYS,SAKAMOTO DAYS: Season 1,7600000,0.0,2600000.0,6
2025-02-23,TV (Non-English),7,Squid Game,Squid Game: Season 2,15000000,7.1666998863220215,2100000.0,9
2025-02-23,TV (Non-English),8,Wrong Side of the Tracks,Wrong Side of the Tracks: Season 4,18400000,9.649999618530273,1900000.0,3
2025-02-23,TV (Non-English),9,The Trauma Code: Heroes on Call,The Trauma Code: Heroes on Call: Season 1,12300000,6.933300018310547,1800000.0,5
2025-02-23,TV (Non-English),10,My Family,My Family: Season 1,7100000,4.51669979095459,1600000.0,1
2025-02-16,TV (English),1,Surviving Black Hawk Down,Surviving Black Hawk Down: Limited Series,20800000,2.6166999340057373,7900000.0,1
2025-02-16,TV (English),2,Cobra Kai,Cobra Kai: Season 6,59200000,10.116700172424316,5900000.0,8
2025-02-16,TV (English),3,Apple Cider Vinegar,Apple Cider Vinegar: Limited Series,34600000,6.23330020904541,5600000.0,2
2025-02-16,TV (English),4,Sweet Magnolias,Sweet Magnolias: Season 4,37600000,8.399999618530273,4500000.0,2
2025-02-16,TV (English),5,The Night Agent,The Night Agent: Season 2,37300000,8.600000381469727,4300000.0,4
2025-02-16,TV (English),6,Love Is Blind,Love Is Blind: S8: Minneapolis,27600000,6.900000095367432,4000000.0,1
2025-02-16,TV (English),7,The Recruit,The Recruit: Season 2,17700000,5.400000095367432,3300000.0,3
2025-02-16,TV (English),8,Raw,"Raw: February 10, 2025",5500000,1.850000023841858,2800000.0,1
2025-02-16,TV (English),9,Ms. Rachel,Ms. Rachel: Season 1,8000000,3.0332999229431152,2600000.0,3
2025-02-16,TV (English),10,Ghosts,Ghosts: Season 1,13400000,6.48330020904541,2100000.0,2
2025-02-16,TV (Non-English),1,The Åre Murders,The Åre Murders: Season 1,38700000,3.6333000659942627,10700000.0,2
2025-02-16,TV (Non-English),2,Cassandra,Cassandra: Limited Series,50300000,4.933300018310547,10200000.0,2
2025-02-16,TV (Non-English),3,Wrong Side of the Tracks,Wrong Side of the Tracks: Season 4,36900000,9.649999618530273,3800000.0,2
2025-02-16,TV (Non-English),4,Prison Cell 211,Prison Cell 211: Season 1,13400000,3.733299970626831,3600000.0,2
2025-02-16,TV (Non-English),5,Dog Days Out,Dog Days Out: Part 1,7000000,2.1166999340057373,3300000.0,1
2025-02-16,TV (Non-English),6,SAKAMOTO DAYS,SAKAMOTO DAYS: Season 1,7900000,0.0,3100000.0,5
2025-02-16,TV (Non-English),7,The Trauma Code: Heroes on Call,The Trauma Code: Heroes on Call: Season 1,19500000,6.933300018310547,2800000.0,4
2025-02-16,TV (Non-English),8,Squid Game,Squid Game: Season 2,19200000,7.1666998863220215,2700000.0,8
2025-02-16,TV (Non-English),9,Envious,Envious: Season 2,10500000,4.716700077056885,2200000.0,2
2025-02-16,TV (Non-English),10,Sintonia,Sintonia: Season 5,9400000,5.116700172424316,1800000.0,2
2025-02-09,TV (English),1,The Night Agent,The Night Agent: Season 2,64400000,8.600000381469727,7500000.0,3
2025-02-09,TV (English),2,The Recruit,The Recruit: Season 2,33000000,5.400000095367432,6100000.0,2
2025-02-09,TV (English),3,American Manhunt: O.J. Simpson,American Manhunt: O.J. Simpson: Season 1,22500000,5.01669979095459,4500000.0,2
2025-02-09,TV (English),4,Sweet Magnolias,Sweet Magnolias: Season 4,33700000,8.399999618530273,4000000.0,1
2025-02-09,TV (English),5,Apple Cider Vinegar,Apple Cider Vinegar: Limited Series,23800000,6.23330020904541,3800000.0,1
2025-02-09,TV (English),6,The Recruit,The Recruit: Season 1,24000000,7.3333001136779785,3300000.0,8
2025-02-09,TV (English),7,Raw,"Raw: February 3, 2025",6100000,1.916700005531311,3100000.0,1
2025-02-09,TV (English),8,Ms. Rachel,Ms. Rachel: Season 1,9200000,3.0332999229431152,3000000.0,2
2025-02-09,TV (English),9,The Night Agent,The Night Agent: Season 1,21500000,8.183300018310547,2600000.0,16
2025-02-09,TV (English),10,Ghosts,Ghosts: Season 1,14200000,6.48330020904541,2200000.0,1
2025-02-09,TV (Non-English),1,The Åre Murders,The Åre Murders: Season 1,31900000,3.6333000659942627,8800000.0,1
2025-02-09,TV (Non-English),2,The Trauma Code: Heroes on Call,The Trauma Code: Heroes on Call: Season 1,37400000,6.933300018310547,5400000.0,3
2025-02-09,TV (Non-English),3,Prison Cell 211,Prison Cell 211: Season 1,19800000,3.733299970626831,5300000.0,1
2025-02-09,TV (Non-English),4,Sintonia,Sintonia: Season 5,25100000,5.116700172424316,4900000.0,1
2025-02-09,TV (Non-English),5,Cassandra,Cassandra: Limited Series,20600000,4.933300018310547,4200000.0,1
2025-02-09,TV (Non-English),6,SAKAMOTO DAYS,SAKAMOTO DAYS: Season 1,8100000,0.0,3800000.0,4
2025-02-09,TV (Non-English),7,Squid Game,Squid Game: Season 2,26100000,7.1666998863220215,3600000.0,7
2025-02-09,TV (Non-English),8,Envious,Envious: Season 2,15800000,4.716700077056885,3300000.0,1
2025-02-09,TV (Non-English),9,The Snow Girl,The Snow Girl: 2. The Soul Game,13600000,4.966700077056885,2700000.0,2
2025-02-09,TV (Non-English),10,Wrong Side of the Tracks,Wrong Side of the Tracks: Season 4,24400000,9.649999618530273,2500000.0,1
2025-02-02,TV (English),1,The Night Agent,The Night Agent: Season 2,131100000,8.600000381469727,15200000.0,2
2025-02-02,TV (English),2,The Recruit,The Recruit: Season 2,31800000,5.400000095367432,5900000.0,1
2025-02-02,TV (English),3,American Manhunt: O.J. Simpson,American Manhunt: O.J. Simpson: Season 1,27400000,5.01669979095459,5500000.0,1
2025-02-02,TV (English),4,The Night Agent,The Night Agent: Season 1,41100000,8.183300018310547,5000000.0,15
2025-02-02,TV (English),5,Ms. Rachel,Ms. Rachel: Season 1,12100000,3.0332999229431152,4000000.0,1
2025-02-02,TV (English),6,American Primeval,American Primeval: Limited Series,18800000,5.033299922943115,3700000.0,4
2025-02-02,TV (English),7,"XO, Kitty","XO, Kitty: Season 2",15100000,4.066699981689453,3700000.0,3
2025-02-02,TV (English),8,The Recruit,The Recruit: Season 1,22700000,7.3333001136779785,3100000.0,7
2025-02-02,TV (English),9,Raw,"Raw: January 27, 2025",6600000,2.5999999046325684,2900000.0,1
2025-02-02,TV (English),10,Royal Rumble,Royal Rumble 2025,9600000,4.48330020904541,2100000.0,1
2025-02-02,TV (Non-English),1,The Trauma Code: Heroes on Call,The Trauma Code: Heroes on Call: Season 1,82700000,6.933300018310547,11900000.0,2
2025-02-02,TV (Non-English),2,Squid Game,Squid Game: Season 2,37400000,7.1666998863220215,5200000.0,6
2025-02-02,TV (Non-English),3,SAKAMOTO DAYS,SAKAMOTO DAYS: Season 1,7900000,0.0,4600000.0,3
2025-02-02,TV (Non-English),4,The Hooligan,The Hooligan: Season 1,13600000,3.799999952316284,3600000.0,1
2025-02-02,TV (Non-English),5,Squid Game,Squid Game: Season 1,17300000,8.316699981689453,2100000.0,29
2025-02-02,TV (Non-English),6,Single’s Inferno,Single’s Inferno: Season 4,21300000,10.466699600219727,2000000.0,3
2025-02-02,TV (Non-English),7,The Seven Deadly Sins: Four Knights of the Apocalypse,The Seven Deadly Sins: Four Knights of the Apocalypse: Season 2,9400000,4.75,2000000.0,1
2025-02-02,TV (Non-English),8,The Snow Girl,The Snow Girl: 2. The Soul Game,9500000,4.966700077056885,1900000.0,1
2025-02-02,TV (Non-English),9,Fake Profile,Fake Profile: Season 2,12900000,7.133299827575684,1800000.0,4
2025-02-02,TV (Non-English),10,The Breakthrough,The Breakthrough: Limited Series,4400000,2.6500000953674316,1700000.0,4
2025-01-26,TV (English),1,The Night Agent,The Night Agent: Season 2,119900000,8.600000381469727,13900000.0,1
2025-01-26,TV (English),2,"XO, Kitty","XO, Kitty: Season 2",37400000,4.066699981689453,9200000.0,2
2025-01-26,TV (English),3,American Primeval,American Primeval: Limited Series,33500000,5.033299922943115,6700000.0,3
2025-01-26,TV (English),4,The Night Agent,The Night Agent: Season 1,39800000,8.183300018310547,4900000.0,14
2025-01-26,TV (English),5,"XO, Kitty","XO, Kitty: Season 1",19500000,5.0833001136779785,3800000.0,6
2025-01-26,TV (English),6,Missing You,Missing You: Limited Series,12200000,3.766700029373169,3200000.0,4
2025-01-26,TV (English),7,Raw,"Raw: January 20, 2025",6600000,2.0,3000000.0,1
2025-01-26,TV (English),8,W.A.G.s to Riches,W.A.G.s to Riches: Season 1,10400000,4.550000190734863,2300000.0,1
2025-01-26,TV (English),9,Castlevania: Nocturne,Castlevania: Nocturne: Season 2,7400000,3.950000047683716,1900000.0,2
2025-01-26,TV (English),10,The Recruit,The Recruit: Season 1,12600000,7.3333001136779785,1700000.0,6
2025-01-26,TV (Non-English),1,Squid Game,Squid Game: Season 2,56700000,7.1666998863220215,7900000.0,5
2025-01-26,TV (Non-English),2,SAKAMOTO DAYS,SAKAMOTO DAYS: Season 1,7300000,0.0,5700000.0,2
2025-01-26,TV (Non-English),3,The Trauma Code: Heroes on Call,The Trauma Code: Heroes on Call: Season 1,32600000,6.933300018310547,4700000.0,1
2025-01-26,TV (Non-English),4,The Breakthrough,The Breakthrough: Limited Series,9100000,2.6500000953674316,3400000.0,3
2025-01-26,TV (Non-English),5,Single’s Inferno,Single’s Inferno: Season 4,24900000,7.9166998863220215,3100000.0,2
2025-01-26,TV (Non-English),6,Squid Game,Squid Game: Season 1,25600000,8.316699981689453,3100000.0,28
2025-01-26,TV (Non-English),7,Fake Profile,Fake Profile: Season 2,21300000,7.133299827575684,3000000.0,3
2025-01-26,TV (Non-English),8,Fake Profile,Fake Profile: Season 1,10800000,6.3333001136779785,1700000.0,8
2025-01-26,TV (Non-English),9,Alpha Males,Alpha Males: Season 3,8700000,5.76669979095459,1500000.0,2
2025-01-26,TV (Non-English),10,My Happy Marriage,My Happy Marriage: Season 2,1800000,1.2000000476837158,1500000.0,1
2025-01-19,TV (English),1,American Primeval,American Primeval: Limited Series,72100000,5.033299922943115,14300000.0,2
2025-01-19,TV (English),2,"XO, Kitty","XO, Kitty: Season 2",57700000,4.066699981689453,14200000.0,1
2025-01-19,TV (English),3,Missing You,Missing You: Limited Series,21000000,3.766700029373169,5600000.0,3
2025-01-19,TV (English),4,Raw,"Raw: January 13, 2025",8200000,2.016700029373169,3700000.0,1
2025-01-19,TV (English),5,"Jerry Springer: Fights, Camera, Action","Jerry Springer: Fights, Camera, Action: Limited Series",5700000,1.6332999467849731,3500000.0,2
2025-01-19,TV (English),6,"XO, Kitty","XO, Kitty: Season 1",15700000,5.0833001136779785,3100000.0,5
2025-01-19,TV (English),7,The Night Agent,The Night Agent: Season 1,19400000,8.183300018310547,2400000.0,13
2025-01-19,TV (English),8,The Walking Dead: The Ones Who Live,The Walking Dead: The Ones Who Live: Season 1,11700000,5.033299922943115,2300000.0,1
2025-01-19,TV (English),9,I AM A KILLER,I AM A KILLER: Season 6,10000000,4.383299827575684,2300000.0,1
2025-01-19,TV (English),10,Castlevania: Nocturne,Castlevania: Nocturne: Season 2,9000000,3.950000047683716,2300000.0,1
2025-01-19,TV (Non-English),1,Squid Game,Squid Game: Season 2,94800000,7.1666998863220215,13200000.0,4
2025-01-19,TV (Non-English),2,SAKAMOTO DAYS,SAKAMOTO DAYS: Season 1,7700000,0.0,8600000.0,1
2025-01-19,TV (Non-English),3,The Breakthrough,The Breakthrough: Limited Series,18400000,2.6500000953674316,6900000.0,2
2025-01-19,TV (Non-English),4,Fake Profile,Fake Profile: Season 2,36200000,7.133299827575684,5100000.0,2
2025-01-19,TV (Non-English),5,Squid Game,Squid Game: Season 1,41500000,8.316699981689453,5000000.0,27
2025-01-19,TV (Non-English),6,Single’s Inferno,Single’s Inferno: Season 4,23100000,4.8333001136779785,4800000.0,1
2025-01-19,TV (Non-English),7,Fake Profile,Fake Profile: Season 1,18500000,6.3333001136779785,2900000.0,7
2025-01-19,TV (Non-English),8,Alpha Males,Alpha Males: Season 3,15100000,5.76669979095459,2600000.0,1
2025-01-19,TV (Non-English),9,Subteran,Subteran: Season 1,11200000,4.48330020904541,2500000.0,2
2025-01-19,TV (Non-English),10,Black Warrant,Black Warrant: Season 1,12600000,5.566699981689453,2300000.0,1
2025-01-12,TV (English),1,Missing You,Missing You: Limited Series,57200000,3.766700029373169,15200000.0,2
2025-01-12,TV (English),2,American Primeval,American Primeval: Limited Series,52400000,5.033299922943115,10400000.0,1
2025-01-12,TV (English),3,"Jerry Springer: Fights, Camera, Action","Jerry Springer: Fights, Camera, Action: Limited Series",12600000,1.6332999467849731,7700000.0,1
2025-01-12,TV (English),4,Raw,"Raw: January 6, 2025",17700000,2.4166998863220215,5900000.0,1
2025-01-12,TV (English),5,Departure,Departure: Season 1,15500000,4.26669979095459,3600000.0,2
2025-01-12,TV (English),6,Virgin River,Virgin River: Season 6,25800000,8.316699981689453,3100000.0,4
2025-01-12,TV (English),7,Gabriel Iglesias: Legend of Fluffy,N/A,4900000,1.7000000476837158,2900000.0,1
2025-01-12,TV (English),8,Black Doves,Black Doves: Season 1,15200000,5.5,2800000.0,6
2025-01-12,TV (English),9,Departure,Departure: Season 2,10200000,4.26669979095459,2400000.0,2
2025-01-12,TV (English),10,The Night Agent,The Night Agent: Season 1,18700000,8.183300018310547,2300000.0,12
2025-01-12,TV (Non-English),1,Squid Game,Squid Game: Season 2,188300000,7.1666998863220215,26300000.0,3
2025-01-12,TV (Non-English),2,The Breakthrough,The Breakthrough: Limited Series,28000000,2.6500000953674316,10600000.0,1
2025-01-12,TV (Non-English),3,Squid Game,Squid Game: Season 1,72600000,8.316699981689453,8700000.0,26
2025-01-12,TV (Non-English),4,Fake Profile,Fake Profile: Season 2,33000000,7.133299827575684,4600000.0,1
2025-01-12,TV (Non-English),5,Subteran,Subteran: Season 1,16500000,4.48330020904541,3700000.0,1
2025-01-12,TV (Non-English),6,La Palma,La Palma: Limited Series,11000000,3.066699981689453,3600000.0,5
2025-01-12,TV (Non-English),7,When the Phone Rings,When the Phone Rings: Limited Series,39900000,13.550000190734863,2900000.0,8
2025-01-12,TV (Non-English),8,When the Stars Gossip,When the Stars Gossip: Limited Series,10800000,4.4166998863220215,2400000.0,1
2025-01-12,TV (Non-English),9,Hound's Hill,Hound's Hill: Limited Series,12900000,5.283299922943115,2400000.0,1
2025-01-12,TV (Non-English),10,Dubai Bling,Dubai Bling: Season 3,18600000,7.76669979095459,2400000.0,1
2025-01-05,TV (English),1,Missing You,Missing You: Limited Series,81700000,3.766700029373169,21700000.0,1
2025-01-05,TV (English),2,Virgin River,Virgin River: Season 6,43400000,8.316699981689453,5200000.0,3
2025-01-05,TV (English),3,Black Doves,Black Doves: Season 1,27300000,5.5,5000000.0,5
2025-01-05,TV (English),4,Departure,Departure: Season 1,15200000,4.26669979095459,3600000.0,1
2025-01-05,TV (English),5,The Madness,The Madness: Limited Series,18300000,6.5833001136779785,2800000.0,6
2025-01-05,TV (English),6,"Your Friend, Nate Bargatze",N/A,2700000,1.0666999816894531,2500000.0,2
2025-01-05,TV (English),7,No Good Deed,No Good Deed: Season 1,10600000,4.550000190734863,2300000.0,4
2025-01-05,TV (English),8,Torching 2024: A Roast of the Year,N/A,1500000,0.71670001745224,2100000.0,1
2025-01-05,TV (English),9,The Night Agent,The Night Agent: Season 1,13100000,8.183300018310547,1600000.0,11
2025-01-05,TV (English),10,Departure,Departure: Season 2,6700000,4.26669979095459,1600000.0,1
2025-01-05,TV (Non-English),1,Squid Game,Squid Game: Season 2,417100000,7.1666998863220215,58200000.0,2
2025-01-05,TV (Non-English),2,Squid Game,Squid Game: Season 1,112700000,8.316699981689453,13600000.0,25
2025-01-05,TV (Non-English),3,La Palma,La Palma: Limited Series,25400000,3.066699981689453,8300000.0,4
2025-01-05,TV (Non-English),4,When the Phone Rings,When the Phone Rings: Limited Series,62000000,13.550000190734863,4600000.0,7
2025-01-05,TV (Non-English),5,Stranded with my Mother-in-Law,Stranded with my Mother-in-Law: Season 2,5500000,3.4000000953674316,1600000.0,1
2025-01-05,TV (Non-English),6,The Manny,The Manny: Season 2,6900000,4.5,1500000.0,3
2025-01-05,TV (Non-English),7,One Hundred Years of Solitude,One Hundred Years of Solitude: Part 1,12400000,8.600000381469727,1400000.0,4
2025-01-05,TV (Non-English),8,SPY x FAMILY,SPY x FAMILY: Season 2,6500000,4.73330020904541,1400000.0,2
2025-01-05,TV (Non-English),9,Love Is Blind: Germany,Love Is Blind: Germany: Season 1,4600000,3.516700029373169,1300000.0,1
2025-01-05,TV (Non-English),10,Alice in Borderland,Alice in Borderland: Season 1,8100000,6.48330020904541,1200000.0,9
2024-12-29,TV (English),1,Christmas Gameday: Ravens vs. Texans,N/A,42800000,0.0,14400000.0,1
2024-12-29,TV (English),2,Christmas Gameday: Chiefs vs. Steelers,N/A,41200000,0.0,14300000.0,1
2024-12-29,TV (English),3,Virgin River,Virgin River: Season 6,76100000,8.316699981689453,9200000.0,2
2024-12-29,TV (English),4,"Your Friend, Nate Bargatze",N/A,6700000,1.0666999816894531,6300000.0,1
2024-12-29,TV (English),5,Black Doves,Black Doves: Season 1,29800000,5.5,5400000.0,4
2024-12-29,TV (English),6,Fireplace for Your Home: Crackling Birchwood Fireplace,N/A,3600000,1.0,3600000.0,3
2024-12-29,TV (English),7,The Madness,The Madness: Limited Series,19900000,6.5833001136779785,3000000.0,5
2024-12-29,TV (English),8,No Good Deed,No Good Deed: Season 1,12300000,4.550000190734863,2700000.0,3
2024-12-29,TV (English),9,Fireplace for Your Home: Classic Crackling Fireplace,N/A,1600000,1.0,1600000.0,1
2024-12-29,TV (English),10,Virgin River,Virgin River: Season 1,9900000,7.4166998863220215,1300000.0,4
2024-12-29,TV (Non-English),1,Squid Game,Squid Game: Season 2,487600000,7.1666998863220215,68000000.0,1
2024-12-29,TV (Non-English),2,La Palma,La Palma: Limited Series,37400000,3.066699981689453,12200000.0,3
2024-12-29,TV (Non-English),3,Squid Game,Squid Game: Season 1,67100000,8.316699981689453,8100000.0,24
2024-12-29,TV (Non-English),4,When the Phone Rings,When the Phone Rings: Limited Series,50100000,11.366700172424316,4400000.0,6
2024-12-29,TV (Non-English),5,The Manny,The Manny: Season 2,12100000,4.5,2700000.0,2
2024-12-29,TV (Non-English),6,One Hundred Years of Solitude,One Hundred Years of Solitude: Part 1,15400000,8.600000381469727,1800000.0,3
2024-12-29,TV (Non-English),7,DAN DA DAN,DAN DA DAN: Season 1,7000000,4.9166998863220215,1400000.0,12
2024-12-29,TV (Non-English),8,Senna,Senna: Limited Series,8600000,6.349999904632568,1400000.0,5
2024-12-29,TV (Non-English),9,1992,1992: Season 1,5500000,4.449999809265137,1200000.0,3
2024-12-29,TV (Non-English),10,The Manny,The Manny: Season 1,6200000,5.75,1100000.0,5
2024-12-22,TV (English),1,Virgin River,Virgin River: Season 6,67700000,8.316699981689453,8100000.0,1
2024-12-22,TV (English),2,Black Doves,Black Doves: Season 1,37000000,5.5,6700000.0,3
2024-12-22,TV (English),3,No Good Deed,No Good Deed: Season 1,25600000,4.550000190734863,5600000.0,2
2024-12-22,TV (English),4,The Madness,The Madness: Limited Series,20300000,6.5833001136779785,3100000.0,4
2024-12-22,TV (English),5,Jamie Foxx: What Had Happened Was...,N/A,2800000,1.149999976158142,2400000.0,2
2024-12-22,TV (English),6,The Ultimatum: Marry or Move On,The Ultimatum: Marry or Move On: Season 3,19500000,9.23330020904541,2100000.0,3
2024-12-22,TV (English),7,Aaron Rodgers: Enigma,Aaron Rodgers: Enigma: Season 1,6000000,3.3333001136779785,1800000.0,1
2024-12-22,TV (English),8,Ronny Chieng: Love to Hate It,N/A,1600000,1.083299994468689,1500000.0,1
2024-12-22,TV (English),9,A Man on the Inside,A Man on the Inside: Season 1,5400000,3.9667000770568848,1400000.0,5
2024-12-22,TV (English),10,Arcane,Arcane: Season 2,7700000,6.216700077056885,1200000.0,6
2024-12-22,TV (Non-English),1,La Palma,La Palma: Limited Series,75700000,3.066699981689453,24700000.0,2
2024-12-22,TV (Non-English),2,When the Phone Rings,When the Phone Rings: Limited Series,43900000,9.133299827575684,4800000.0,5
2024-12-22,TV (Non-English),3,1992,1992: Season 1,16200000,4.449999809265137,3600000.0,2
2024-12-22,TV (Non-English),4,The Manny,The Manny: Season 2,14100000,4.5,3100000.0,1
2024-12-22,TV (Non-English),5,One Hundred Years of Solitude,One Hundred Years of Solitude: Part 1,26100000,8.600000381469727,3000000.0,2
2024-12-22,TV (Non-English),6,DAN DA DAN,DAN DA DAN: Season 1,10400000,4.9166998863220215,2100000.0,11
2024-12-22,TV (Non-English),7,Senna,Senna: Limited Series,10700000,6.349999904632568,1700000.0,4
2024-12-22,TV (Non-English),8,Squid Game,Squid Game: Season 1,12400000,8.316699981689453,1500000.0,23
2024-12-22,TV (Non-English),9,Mismatched,Mismatched: Season 3,7200000,5.099999904632568,1400000.0,1
2024-12-22,TV (Non-English),10,The Empress,The Empress: Season 2,7200000,5.466700077056885,1300000.0,5
2024-12-15,TV (English),1,Black Doves,Black Doves: Season 1,80100000,5.5,14600000.0,2
2024-12-15,TV (English),2,Jamie Foxx: What Had Happened Was...,N/A,9400000,1.149999976158142,8200000.0,1
2024-12-15,TV (English),3,No Good Deed,No Good Deed: Season 1,27400000,4.550000190734863,6000000.0,1
2024-12-15,TV (English),4,The Madness,The Madness: Limited Series,35600000,6.5833001136779785,5400000.0,3
2024-12-15,TV (English),5,The Ultimatum: Marry or Move On,The Ultimatum: Marry or Move On: Season 3,24600000,7.3333001136779785,3400000.0,2
2024-12-15,TV (English),6,La Brea,La Brea: Season 1,18600000,7.183300018310547,2600000.0,2
2024-12-15,TV (English),7,A Nonsense Christmas with Sabrina Carpenter,N/A,1700000,0.833299994468689,2000000.0,2
2024-12-15,TV (English),8,A Man on the Inside,A Man on the Inside: Season 1,7700000,3.9667000770568848,1900000.0,4
2024-12-15,TV (English),9,The Kings of Tupelo: A Southern Crime Saga,The Kings of Tupelo: A Southern Crime Saga: Season 1,6000000,3.25,1800000.0,1
2024-12-15,TV (English),10,Cold Case: Who Killed JonBenét Ramsey,Cold Case: Who Killed JonBenét Ramsey: Season 1,5400000,3.0,1800000.0,3
2024-12-15,TV (Non-English),1,La Palma,La Palma: Limited Series,40200000,3.066699981689453,13100000.0,1
2024-12-15,TV (Non-English),2,When the Phone Rings,When the Phone Rings: Limited Series,29900000,6.8333001136779785,4400000.0,4
2024-12-15,TV (Non-English),3,One Hundred Years of Solitude,One Hundred Years of Solitude: Part 1,31100000,8.600000381469727,3600000.0,1
2024-12-15,TV (Non-English),4,Senna,Senna: Limited Series,19000000,6.349999904632568,3000000.0,3
2024-12-15,TV (Non-English),5,DAN DA DAN,DAN DA DAN: Season 1,10100000,4.51669979095459,2200000.0,10
2024-12-15,TV (Non-English),6,1992,1992: Season 1,9300000,4.449999809265137,2100000.0,1
2024-12-15,TV (Non-English),7,The Empress,The Empress: Season 2,10900000,5.466700077056885,2000000.0,4
2024-12-15,TV (Non-English),8,The Trunk,The Trunk: Limited Series,15000000,8.449999809265137,1800000.0,3
2024-12-15,TV (Non-English),9,The Tale of Lady Ok,The Tale of Lady Ok: Limited Series,6300000,0.0,1700000.0,2
2024-12-15,TV (Non-English),10,Nevertheless : The Shapes of Love,Nevertheless : The Shapes of Love: Season 1,1800000,1.5666999816894531,1100000.0,1
2024-12-08,TV (English),1,The Madness,The Madness: Limited Series,87300000,6.5833001136779785,13300000.0,2
2024-12-08,TV (English),2,Black Doves,Black Doves: Season 1,59400000,5.5,10800000.0,1
2024-12-08,TV (English),3,La Brea,La Brea: Season 1,35600000,7.183300018310547,5000000.0,1
2024-12-08,TV (English),4,Cold Case: Who Killed JonBenét Ramsey,Cold Case: Who Killed JonBenét Ramsey: Season 1,13700000,3.0,4600000.0,2
2024-12-08,TV (English),5,The Ultimatum: Marry or Move On,The Ultimatum: Marry or Move On: Season 3,15100000,4.533299922943115,3300000.0,1
2024-12-08,TV (English),6,Is It Cake? Holiday,Is It Cake? Holiday: Season 1,8200000,2.683300018310547,3100000.0,2
2024-12-08,TV (English),7,A Man on the Inside,A Man on the Inside: Season 1,12000000,3.9667000770568848,3000000.0,3
2024-12-08,TV (English),8,A Nonsense Christmas with Sabrina Carpenter,N/A,2200000,0.833299994468689,2600000.0,1
2024-12-08,TV (English),9,Arcane,Arcane: Season 2,14300000,6.216700077056885,2300000.0,5
2024-12-08,TV (English),10,The Later Daters,The Later Daters: Season 1,9800000,5.533299922943115,1800000.0,1
2024-12-08,TV (Non-English),1,Senna,Senna: Limited Series,37000000,6.349999904632568,5800000.0,2
2024-12-08,TV (Non-English),2,When the Phone Rings,When the Phone Rings: Limited Series,19400000,4.5,4300000.0,3
2024-12-08,TV (Non-English),3,The Trunk,The Trunk: Limited Series,34400000,8.449999809265137,4100000.0,2
2024-12-08,TV (Non-English),4,The Empress,The Empress: Season 2,19700000,5.466700077056885,3600000.0,3
2024-12-08,TV (Non-English),5,DAN DA DAN,DAN DA DAN: Season 1,10000000,4.099999904632568,2400000.0,9
2024-12-08,TV (Non-English),6,Asaf,Asaf: Limited Series,10600000,4.550000190734863,2300000.0,1
2024-12-08,TV (Non-English),7,The Empress,The Empress: Season 1,10400000,5.716700077056885,1800000.0,8
2024-12-08,TV (Non-English),8,The Tale of Lady Ok,The Tale of Lady Ok: Limited Series,4400000,2.75,1600000.0,1
2024-12-08,TV (Non-English),9,Sisters' Feud,Sisters' Feud: Season 1,19600000,12.616700172424316,1600000.0,4
2024-12-08,TV (Non-English),10,Valle Salvaje,Valle Salvaje: Season 1,7900000,0.0,1300000.0,1
2024-12-01,TV (English),1,Cold Case: Who Killed JonBenét Ramsey,Cold Case: Who Killed JonBenét Ramsey: Season 1,40300000,3.0,13400000.0,1
2024-12-01,TV (English),2,The Madness,The Madness: Limited Series,61200000,6.5833001136779785,9300000.0,1
2024-12-01,TV (English),3,A Man on the Inside,A Man on the Inside: Season 1,27800000,3.9667000770568848,7000000.0,2
2024-12-01,TV (English),4,Arcane,Arcane: Season 2,26300000,6.216700077056885,4200000.0,4
2024-12-01,TV (English),5,Is It Cake? Holiday,Is It Cake? Holiday: Season 1,9400000,2.683300018310547,3500000.0,1
2024-12-01,TV (English),6,Cobra Kai,Cobra Kai: Season 6,17000000,6.51669979095459,2600000.0,7
2024-12-01,TV (English),7,Anthony Jeselnik: Bones and All,N/A,2000000,0.8500000238418579,2400000.0,1
2024-12-01,TV (English),8,The Creature Cases,The Creature Cases: Chapter 4,6200000,2.7167000770568848,2300000.0,1
2024-12-01,TV (English),9,Arcane,Arcane: Season 1,13600000,6.216700077056885,2200000.0,9
2024-12-01,TV (English),10,Outer Banks,Outer Banks: Season 4,14200000,8.966699600219727,1600000.0,8
2024-12-01,TV (Non-English),1,The Empress,The Empress: Season 2,36500000,5.466700077056885,6700000.0,2
2024-12-01,TV (Non-English),2,When the Phone Rings,When the Phone Rings: Limited Series,29700000,4.5,6600000.0,2
2024-12-01,TV (Non-English),3,The Empress,The Empress: Season 1,17200000,5.716700077056885,3000000.0,7
2024-12-01,TV (Non-English),4,DAN DA DAN,DAN DA DAN: Season 1,10300000,3.700000047683716,2800000.0,8
2024-12-01,TV (Non-English),5,Sisters' Feud,Sisters' Feud: Season 1,33300000,12.616700172424316,2600000.0,3
2024-12-01,TV (Non-English),6,Senna,Senna: Limited Series,16500000,6.349999904632568,2600000.0,1
2024-12-01,TV (Non-English),7,Adoration,Adoration: Limited Series,11700000,4.533299922943115,2600000.0,2
2024-12-01,TV (Non-English),8,The Cage,The Cage: Season 1,9200000,4.283299922943115,2100000.0,4
2024-12-01,TV (Non-English),9,The Helicopter Heist,The Helicopter Heist: Limited Series,12800000,6.0,2100000.0,2
2024-12-01,TV (Non-English),10,The Trunk,The Trunk: Limited Series,17300000,8.449999809265137,2000000.0,1
2024-11-24,TV (English),1,A Man on the Inside,A Man on the Inside: Season 1,27500000,3.9667000770568848,6900000.0,1
2024-11-24,TV (English),2,Arcane,Arcane: Season 2,39800000,6.216700077056885,6400000.0,3
2024-11-24,TV (English),3,Cobra Kai,Cobra Kai: Season 6,37000000,6.51669979095459,5700000.0,6
2024-11-24,TV (English),4,Outer Banks,Outer Banks: Season 4,24100000,8.966699600219727,2700000.0,7
2024-11-24,TV (English),5,Arcane,Arcane: Season 1,13700000,6.216700077056885,2200000.0,8
2024-11-24,TV (English),6,Our Oceans,Our Oceans: Season 1,10900000,5.116700172424316,2100000.0,1
2024-11-24,TV (English),7,The Diplomat,The Diplomat: Season 2,9900000,4.949999809265137,2000000.0,4
2024-11-24,TV (English),8,The Fairly OddParents: A New Wish,The Fairly OddParents: A New Wish: Season 1,7500000,3.799999952316284,2000000.0,1
2024-11-24,TV (English),9,Jake Paul vs. Mike Tyson,N/A,8700000,0.0,1800000.0,2
2024-11-24,TV (English),10,The Lincoln Lawyer,The Lincoln Lawyer: Season 3,14500000,8.51669979095459,1700000.0,6
2024-11-24,TV (Non-English),1,The Cage,The Cage: Season 1,23700000,4.283299922943115,5500000.0,3
2024-11-24,TV (Non-English),2,Sisters' Feud,Sisters' Feud: Season 1,63300000,12.616700172424316,5000000.0,2
2024-11-24,TV (Non-English),3,The Empress,The Empress: Season 2,24000000,5.466700077056885,4400000.0,1
2024-11-24,TV (Non-English),4,When the Phone Rings,When the Phone Rings: Limited Series,7400000,2.233299970626831,3300000.0,1
2024-11-24,TV (Non-English),5,Adoration,Adoration: Limited Series,14500000,4.533299922943115,3200000.0,1
2024-11-24,TV (Non-English),6,DAN DA DAN,DAN DA DAN: Season 1,9800000,3.2832999229431152,3000000.0,7
2024-11-24,TV (Non-English),7,The Helicopter Heist,The Helicopter Heist: Limited Series,16500000,6.0,2800000.0,1
2024-11-24,TV (Non-English),8,900 Days Without Anabel,900 Days Without Anabel: Limited Series,5700000,2.6333000659942627,2200000.0,1
2024-11-24,TV (Non-English),9,Mr. Plankton,Mr. Plankton: Limited Series,22300000,10.399999618530273,2100000.0,2
2024-11-24,TV (Non-English),10,Beyond Goodbye,Beyond Goodbye: Limited Series,13000000,6.383299827575684,2000000.0,2
2024-11-17,TV (English),1,Jake Paul vs. Mike Tyson,N/A,224800000,0.0,46600000.0,1
2024-11-17,TV (English),2,Arcane,Arcane: Season 2,29600000,4.01669979095459,7400000.0,2
2024-11-17,TV (English),3,Cobra Kai,Cobra Kai: Season 6,48000000,6.51669979095459,7400000.0,5
2024-11-17,TV (English),4,Outer Banks,Outer Banks: Season 4,54700000,8.966699600219727,6100000.0,6
2024-11-17,TV (English),5,Countdown: Paul vs. Tyson,Countdown: Paul vs. Tyson: Season 1,9000000,1.8832999467849731,4800000.0,2
2024-11-17,TV (English),6,The Diplomat,The Diplomat: Season 2,16400000,4.949999809265137,3300000.0,3
2024-11-17,TV (English),7,Investigation Alien,Investigation Alien: Season 1,11400000,3.7832999229431152,3000000.0,2
2024-11-17,TV (English),8,Arcane,Arcane: Season 1,16400000,6.216700077056885,2600000.0,7
2024-11-17,TV (English),9,The Lincoln Lawyer,The Lincoln Lawyer: Season 3,21400000,8.51669979095459,2500000.0,5
2024-11-17,TV (English),10,Beauty in Black,Beauty in Black: Season 1,14400000,6.566699981689453,2200000.0,4
2024-11-17,TV (Non-English),1,The Cage,The Cage: Season 1,37100000,4.283299922943115,8700000.0,2
2024-11-17,TV (Non-English),2,Bank Under Siege,Bank Under Siege: Limited Series,15000000,3.5999999046325684,4200000.0,2
2024-11-17,TV (Non-English),3,Sisters' Feud,Sisters' Feud: Season 1,41300000,12.616700172424316,3300000.0,1
2024-11-17,TV (Non-English),4,DAN DA DAN,DAN DA DAN: Season 1,9300000,2.8833000659942627,3200000.0,6
2024-11-17,TV (Non-English),5,Mr. Plankton,Mr. Plankton: Limited Series,33300000,10.399999618530273,3200000.0,1
2024-11-17,TV (Non-English),6,Murder Mindfully,Murder Mindfully: Season 1,11600000,4.366700172424316,2700000.0,3
2024-11-17,TV (Non-English),7,A Virtuous Business,A Virtuous Business: Limited Series,13300000,0.0,1400000.0,3
2024-11-17,TV (Non-English),8,The Law According to Lidia Poët,The Law According to Lidia Poët: Season 2,7500000,5.5,1400000.0,3
2024-11-17,TV (Non-English),9,Beyond Goodbye,Beyond Goodbye: Limited Series,8600000,6.383299827575684,1300000.0,1
2024-11-17,TV (Non-English),10,The Empress,The Empress: Season 1,7100000,5.716700077056885,1200000.0,6
2024-11-10,TV (English),1,Outer Banks,Outer Banks: Season 4,77100000,8.966699600219727,8600000.0,5
2024-11-10,TV (English),2,Arcane,Arcane: Season 2,12600000,2.0,6300000.0,1
2024-11-10,TV (English),3,The Diplomat,The Diplomat: Season 2,29000000,4.949999809265137,5900000.0,2
2024-11-10,TV (English),4,Countdown: Paul vs. Tyson,Countdown: Paul vs. Tyson: Season 1,6000000,1.350000023841858,4400000.0,1
2024-11-10,TV (English),5,Beauty in Black,Beauty in Black: Season 1,28000000,6.566699981689453,4300000.0,3
2024-11-10,TV (English),6,The Lincoln Lawyer,The Lincoln Lawyer: Season 3,29300000,8.51669979095459,3400000.0,4
2024-11-10,TV (English),7,The Diplomat,The Diplomat: Season 1,17500000,6.75,2600000.0,5
2024-11-10,TV (English),8,Territory,Territory: Season 1,13800000,5.76669979095459,2400000.0,3
2024-11-10,TV (English),9,This Is the Zodiac Speaking,This Is the Zodiac Speaking: Season 1,4800000,2.266700029373169,2100000.0,3
2024-11-10,TV (English),10,Investigation Alien,Investigation Alien: Season 1,7400000,3.7832999229431152,2000000.0,1
2024-11-10,TV (Non-English),1,Murder Mindfully,Murder Mindfully: Season 1,20400000,4.366700172424316,4700000.0,2
2024-11-10,TV (Non-English),2,The Cage,The Cage: Season 1,13600000,4.283299922943115,3200000.0,1
2024-11-10,TV (Non-English),3,DAN DA DAN,DAN DA DAN: Season 1,7800000,2.4667000770568848,3200000.0,5
2024-11-10,TV (Non-English),4,Don’t Come Home,Don’t Come Home: Limited Series,13100000,4.550000190734863,2900000.0,2
2024-11-10,TV (Non-English),5,Bank Under Siege,Bank Under Siege: Limited Series,9600000,3.5999999046325684,2700000.0,1
2024-11-10,TV (Non-English),6,"Go Ahead, Brother","Go Ahead, Brother: Season 1",13900000,5.8333001136779785,2400000.0,2
2024-11-10,TV (Non-English),7,The Law According to Lidia Poët,The Law According to Lidia Poët: Season 2,12000000,5.5,2200000.0,2
2024-11-10,TV (Non-English),8,Demon Slayer: Kimetsu no Yaiba,Demon Slayer: Kimetsu no Yaiba: Hashira Training Arc,7800000,3.9667000770568848,2000000.0,10
2024-11-10,TV (Non-English),9,Pinkfong Little Dino School,Pinkfong Little Dino School: Season 1,1300000,0.699999988079071,1900000.0,1
2024-11-10,TV (Non-English),10,Dragon Ball DAIMA,N/A,2300000,0.0,1300000.0,3
2024-11-03,TV (English),1,Beauty in Black,Beauty in Black: Season 1,57400000,6.566699981689453,8700000.0,2
2024-11-03,TV (English),2,Territory,Territory: Season 1,36300000,5.76669979095459,6300000.0,2
2024-11-03,TV (English),3,The Diplomat,The Diplomat: Season 2,27500000,4.949999809265137,5600000.0,1
2024-11-03,TV (English),4,This Is the Zodiac Speaking,This Is the Zodiac Speaking: Season 1,12400000,2.266700029373169,5500000.0,2
2024-11-03,TV (English),5,The Lincoln Lawyer,The Lincoln Lawyer: Season 3,43000000,8.51669979095459,5000000.0,3
2024-11-03,TV (English),6,The Manhattan Alien Abduction,The Manhattan Alien Abduction: Season 1,8300000,2.0833001136779785,4000000.0,1
2024-11-03,TV (English),7,Nobody Wants This,Nobody Wants This: Season 1,12000000,4.4166998863220215,2700000.0,6
2024-11-03,TV (English),8,Outer Banks,Outer Banks: Season 4,9700000,4.01669979095459,2400000.0,4
2024-11-03,TV (English),9,Monsters,Monsters: The Lyle and Erik Menendez Story,17100000,7.900000095367432,2200000.0,7
2024-11-03,TV (English),10,My Wife My Abuser: Captured On Camera,My Wife My Abuser: Captured On Camera: Season 1,3200000,1.516700029373169,2100000.0,1
2024-11-03,TV (Non-English),1,"Go Ahead, Brother","Go Ahead, Brother: Season 1",21100000,5.8333001136779785,3600000.0,1
2024-11-03,TV (Non-English),2,DAN DA DAN,DAN DA DAN: Season 1,6100000,2.049999952316284,3000000.0,4
2024-11-03,TV (Non-English),3,Don’t Come Home,Don’t Come Home: Limited Series,13000000,4.550000190734863,2900000.0,1
2024-11-03,TV (Non-English),4,Murder Mindfully,Murder Mindfully: Season 1,12000000,4.366700172424316,2700000.0,1
2024-11-03,TV (Non-English),5,Demon Slayer: Kimetsu no Yaiba,Demon Slayer: Kimetsu no Yaiba: Hashira Training Arc,10300000,3.9667000770568848,2600000.0,9
2024-11-03,TV (Non-English),6,Hellbound,Hellbound: Season 2,11700000,4.9166998863220215,2400000.0,2
2024-11-03,TV (Non-English),7,The Law According to Lidia Poët,The Law According to Lidia Poët: Season 2,12300000,5.5,2200000.0,1
2024-11-03,TV (Non-English),8,Children of the Church Steps,Children of the Church Steps: Limited Series,6600000,3.316699981689453,2000000.0,1
2024-11-03,TV (Non-English),9,Deceitful Love,Deceitful Love: Limited Series,9200000,4.816699981689453,1900000.0,4
2024-11-03,TV (Non-English),10,Dragon Ball DAIMA,N/A,2400000,0.0,1800000.0,2
2024-10-27,TV (English),1,The Lincoln Lawyer,The Lincoln Lawyer: Season 3,72300000,8.51669979095459,8500000.0,2
2024-10-27,TV (English),2,This Is the Zodiac Speaking,This Is the Zodiac Speaking: Season 1,17100000,2.266700029373169,7500000.0,1
2024-10-27,TV (English),3,Territory,Territory: Season 1,37000000,5.76669979095459,6400000.0,1
2024-10-27,TV (English),4,Beauty in Black,Beauty in Black: Season 1,37100000,6.566699981689453,5600000.0,1
2024-10-27,TV (English),5,Nobody Wants This,Nobody Wants This: Season 1,17800000,4.4166998863220215,4000000.0,5
2024-10-27,TV (English),6,Outer Banks,Outer Banks: Season 4,15500000,4.01669979095459,3900000.0,3
2024-10-27,TV (English),7,Monsters,Monsters: The Lyle and Erik Menendez Story,26300000,7.900000095367432,3300000.0,6
2024-10-27,TV (English),8,The Lincoln Lawyer,The Lincoln Lawyer: Season 1,22300000,8.316699981689453,2700000.0,12
2024-10-27,TV (English),9,Car Masters: Rust to Riches,Car Masters: Rust to Riches: Season 6,11000000,5.0833001136779785,2200000.0,1
2024-10-27,TV (English),10,Love Is Blind,Love Is Blind: S7: Washington D.C.,30000000,13.91670036315918,2200000.0,4
2024-10-27,TV (Non-English),1,Deceitful Love,Deceitful Love: Limited Series,16000000,4.816699981689453,3300000.0,3
2024-10-27,TV (Non-English),2,Dragon Ball DAIMA,N/A,3000000,0.0,3200000.0,1
2024-10-27,TV (Non-English),3,DAN DA DAN,DAN DA DAN: Season 1,5100000,1.649999976158142,3100000.0,3
2024-10-27,TV (Non-English),4,The Secret of the River,The Secret of the River: Season 1,16600000,5.550000190734863,3000000.0,3
2024-10-27,TV (Non-English),5,Hellbound,Hellbound: Season 2,8300000,4.9166998863220215,1700000.0,1
2024-10-27,TV (Non-English),6,Ranma1/2,Ranma1/2: Season 1,2100000,1.5499999523162842,1400000.0,3
2024-10-27,TV (Non-English),7,Culinary Class Wars,Culinary Class Wars: Season 1,16700000,13.216699600219727,1300000.0,6
2024-10-27,TV (Non-English),8,A Virtuous Business,A Virtuous Business: Limited Series,7600000,0.0,1200000.0,2
2024-10-27,TV (Non-English),9,Love Next Door,Love Next Door: Limited Series,24300000,21.25,1100000.0,11
2024-10-27,TV (Non-English),10,The Envoys,The Envoys: Season 1,6600000,6.433300018310547,1000000.0,2
2024-10-20,TV (English),1,Outer Banks,Outer Banks: Season 4,35200000,4.01669979095459,8800000.0,2
2024-10-20,TV (English),2,The Lincoln Lawyer,The Lincoln Lawyer: Season 3,59200000,8.51669979095459,7000000.0,1
2024-10-20,TV (English),3,Nobody Wants This,Nobody Wants This: Season 1,27200000,4.4166998863220215,6200000.0,4
2024-10-20,TV (English),4,Monsters,Monsters: The Lyle and Erik Menendez Story,42000000,7.900000095367432,5300000.0,5
2024-10-20,TV (English),5,Love Is Blind,Love Is Blind: S7: Washington D.C.,41500000,12.533300399780273,3300000.0,3
2024-10-20,TV (English),6,Jurassic World: Chaos Theory,Jurassic World: Chaos Theory: Season 2,11400000,3.9166998863220215,2900000.0,1
2024-10-20,TV (English),7,Gundam: Requiem for Vengeance,Gundam: Requiem for Vengeance: Season 1,5800000,2.433300018310547,2400000.0,1
2024-10-20,TV (English),8,Outer Banks,Outer Banks: Season 1,18400000,8.41670036315918,2200000.0,9
2024-10-20,TV (English),9,Ancient Apocalypse,Ancient Apocalypse: The Americas,8900000,4.0833001136779785,2200000.0,1
2024-10-20,TV (English),10,I AM A KILLER,I AM A KILLER: Season 5,9600000,4.699999809265137,2000000.0,1
2024-10-20,TV (Non-English),1,Deceitful Love,Deceitful Love: Limited Series,40200000,4.816699981689453,8300000.0,2
2024-10-20,TV (Non-English),2,The Secret of the River,The Secret of the River: Season 1,29500000,5.550000190734863,5300000.0,2
2024-10-20,TV (Non-English),3,DAN DA DAN,DAN DA DAN: Season 1,4200000,1.233299970626831,3400000.0,2
2024-10-20,TV (Non-English),4,Culinary Class Wars,Culinary Class Wars: Season 1,23100000,13.216699600219727,1700000.0,5
2024-10-20,TV (Non-English),5,A Virtuous Business,A Virtuous Business: Limited Series,6100000,0.0,1600000.0,1
2024-10-20,TV (Non-English),6,"Love Is Blind, Habibi","Love Is Blind, Habibi: Season 1",13300000,8.383299827575684,1600000.0,2
2024-10-20,TV (Non-English),7,Love Next Door,Love Next Door: Limited Series,32900000,21.25,1500000.0,10
2024-10-20,TV (Non-English),8,Ranma1/2,Ranma1/2: Season 1,1800000,1.166700005531311,1500000.0,2
2024-10-20,TV (Non-English),9,The Envoys,The Envoys: Season 1,8700000,6.433300018310547,1400000.0,1
2024-10-20,TV (Non-English),10,Gyeongseong Creature,Gyeongseong Creature: Season 2,4800000,5.699999809265137,800000.0,4
2024-10-13,TV (English),1,Outer Banks,Outer Banks: Season 4,62300000,4.01669979095459,15500000.0,1
2024-10-13,TV (English),2,Nobody Wants This,Nobody Wants This: Season 1,42300000,4.4166998863220215,9600000.0,3
2024-10-13,TV (English),3,Monsters,Monsters: The Lyle and Erik Menendez Story,68600000,7.900000095367432,8700000.0,4
2024-10-13,TV (English),4,Love Is Blind,Love Is Blind: S7: Washington D.C.,49300000,10.100000381469727,4900000.0,2
2024-10-13,TV (English),5,The Amazing Digital Circus,The Amazing Digital Circus: Season 1,4800000,1.333299994468689,3600000.0,2
2024-10-13,TV (English),6,Ali Wong: Single Lady,N/A,2700000,1.0,2700000.0,1
2024-10-13,TV (English),7,Heartstopper,Heartstopper: Season 3,12400000,4.716700077056885,2600000.0,2
2024-10-13,TV (English),8,The Perfect Couple,The Perfect Couple: Season 1,12700000,5.099999904632568,2500000.0,6
2024-10-13,TV (English),9,Unsolved Mysteries,Unsolved Mysteries: Volume 5,5700000,2.9667000770568848,1900000.0,2
2024-10-13,TV (English),10,Prison Break,Prison Break: Season 1,28600000,16.016700744628906,1800000.0,6
2024-10-13,TV (Non-English),1,Deceitful Love,Deceitful Love: Limited Series,46400000,4.816699981689453,9600000.0,1
2024-10-13,TV (Non-English),2,DAN DA DAN,DAN DA DAN: Season 1,3500000,0.8166999816894531,4300000.0,1
2024-10-13,TV (Non-English),3,The Secret of the River,The Secret of the River: Season 1,18400000,5.550000190734863,3300000.0,1
2024-10-13,TV (Non-English),4,Culinary Class Wars,Culinary Class Wars: Season 1,41300000,13.216699600219727,3100000.0,4
2024-10-13,TV (Non-English),5,Ranma1/2,Ranma1/2: Season 1,1900000,0.766700029373169,2500000.0,1
2024-10-13,TV (Non-English),6,Love Next Door,Love Next Door: Limited Series,43000000,0.0,2100000.0,9
2024-10-13,TV (Non-English),7,Gyeongseong Creature,Gyeongseong Creature: Season 2,8700000,5.699999809265137,1500000.0,3
2024-10-13,TV (Non-English),8,"Love Is Blind, Habibi","Love Is Blind, Habibi: Season 1",10700000,8.383299827575684,1300000.0,1
2024-10-13,TV (Non-English),9,Envious,Envious: Season 1,7200000,6.25,1200000.0,4
2024-10-13,TV (Non-English),10,The Great Indian Kapil Show,The Great Indian Kapil Show: Season 2,4200000,4.550000190734863,900000.0,4
2024-10-06,TV (English),1,Nobody Wants This,Nobody Wants This: Season 1,70400000,4.4166998863220215,15900000.0,2
2024-10-06,TV (English),2,Monsters,Monsters: The Lyle and Erik Menendez Story,103600000,7.900000095367432,13100000.0,3
2024-10-06,TV (English),3,Love Is Blind,Love Is Blind: S7: Washington D.C.,36300000,6.949999809265137,5200000.0,1
2024-10-06,TV (English),4,Heartstopper,Heartstopper: Season 3,21300000,4.716700077056885,4500000.0,1
2024-10-06,TV (English),5,The Perfect Couple,The Perfect Couple: Season 1,19600000,5.099999904632568,3800000.0,5
2024-10-06,TV (English),6,Mr. McMahon,Mr. McMahon: Limited Series,19500000,5.76669979095459,3400000.0,2
2024-10-06,TV (English),7,The Amazing Digital Circus,The Amazing Digital Circus: Season 1,4500000,1.333299994468689,3400000.0,1
2024-10-06,TV (English),8,Unsolved Mysteries,Unsolved Mysteries: Volume 5,8200000,2.9667000770568848,2800000.0,1
2024-10-06,TV (English),9,Emily in Paris,Emily in Paris: Season 4,15400000,5.949999809265137,2600000.0,8
2024-10-06,TV (English),10,Prison Break,Prison Break: Season 1,37000000,16.016700744628906,2300000.0,5
2024-10-06,TV (Non-English),1,Culinary Class Wars,Culinary Class Wars: Season 1,44300000,11.08329963684082,4000000.0,3
2024-10-06,TV (Non-English),2,Gyeongseong Creature,Gyeongseong Creature: Season 2,21100000,5.699999809265137,3700000.0,2
2024-10-06,TV (Non-English),3,Love Next Door,Love Next Door: Limited Series,47300000,0.0,2500000.0,8
2024-10-06,TV (Non-English),4,Envious,Envious: Season 1,10300000,6.25,1600000.0,3
2024-10-06,TV (Non-English),5,We Were Kings,We Were Kings: Season 1,5800000,3.816699981689453,1500000.0,2
2024-10-06,TV (Non-English),6,The Great Indian Kapil Show,The Great Indian Kapil Show: Season 2,4400000,3.3333001136779785,1300000.0,3
2024-10-06,TV (Non-English),7,I Am Georgina,I Am Georgina: Season 3,4300000,4.366700172424316,1000000.0,3
2024-10-06,TV (Non-English),8,The Accident,The Accident: Season 1,6700000,7.366700172424316,900000.0,7
2024-10-06,TV (Non-English),9,Gyeongseong Creature,Gyeongseong Creature: Season 1,10400000,11.533300399780273,900000.0,5
2024-10-06,TV (Non-English),10,Finding Ola,Finding Ola: Season 2,4600000,5.449999809265137,800000.0,1
2024-09-29,TV (English),1,Monsters,Monsters: The Lyle and Erik Menendez Story,153800000,7.900000095367432,19500000.0,2
2024-09-29,TV (English),2,Nobody Wants This,Nobody Wants This: Season 1,45700000,4.4166998863220215,10300000.0,1
2024-09-29,TV (English),3,The Perfect Couple,The Perfect Couple: Season 1,30700000,5.099999904632568,6000000.0,4
2024-09-29,TV (English),4,Mr. McMahon,Mr. McMahon: Limited Series,28200000,5.76669979095459,4900000.0,1
2024-09-29,TV (English),5,Emily in Paris,Emily in Paris: Season 4,25100000,5.949999809265137,4200000.0,7
2024-09-29,TV (English),6,The Resident,The Resident: Season 1,33800000,10.25,3300000.0,1
2024-09-29,TV (English),7,Prison Break,Prison Break: Season 1,45100000,16.016700744628906,2800000.0,4
2024-09-29,TV (English),8,Prison Break,Prison Break: Season 2,38400000,16.033300399780273,2400000.0,3
2024-09-29,TV (English),9,Ellen DeGeneres: For Your Approval,N/A,2800000,1.1833000183105469,2400000.0,1
2024-09-29,TV (English),10,Prison Break,Prison Break: Season 3,20000000,9.383299827575684,2100000.0,3
2024-09-29,TV (Non-English),1,Culinary Class Wars,Culinary Class Wars: Season 1,37700000,7.699999809265137,4900000.0,2
2024-09-29,TV (Non-English),2,Gyeongseong Creature,Gyeongseong Creature: Season 2,17400000,5.699999809265137,3100000.0,1
2024-09-29,TV (Non-English),3,Envious,Envious: Season 1,17400000,6.25,2800000.0,2
2024-09-29,TV (Non-English),4,Love Next Door,Love Next Door: Limited Series,44200000,0.0,2700000.0,7
2024-09-29,TV (Non-English),5,I Am Georgina,I Am Georgina: Season 3,9400000,4.366700172424316,2200000.0,2
2024-09-29,TV (Non-English),6,The Great Indian Kapil Show,The Great Indian Kapil Show: Season 2,4100000,2.3333001136779785,1800000.0,2
2024-09-29,TV (Non-English),7,The Accident,The Accident: Season 1,10300000,7.366700172424316,1400000.0,6
2024-09-29,TV (Non-English),8,We Were Kings,We Were Kings: Season 1,4800000,3.816699981689453,1300000.0,1
2024-09-29,TV (Non-English),9,Breathless,Breathless: Season 1,6900000,6.383299827575684,1100000.0,5
2024-09-29,TV (Non-English),10,Blood Legacy,Blood Legacy: Season 1,9000000,8.383299827575684,1100000.0,1
2024-09-22,TV (English),1,Monsters,Monsters: The Lyle and Erik Menendez Story,97500000,7.900000095367432,12300000.0,1
2024-09-22,TV (English),2,The Perfect Couple,The Perfect Couple: Season 1,52900000,5.099999904632568,10400000.0,3
2024-09-22,TV (English),3,Emily in Paris,Emily in Paris: Season 4,54800000,5.949999809265137,9200000.0,6
2024-09-22,TV (English),4,Prison Break,Prison Break: Season 1,54100000,16.016700744628906,3400000.0,3
2024-09-22,TV (English),5,Prison Break,Prison Break: Season 2,44700000,16.033300399780273,2800000.0,2
2024-09-22,TV (English),6,Prison Break,Prison Break: Season 3,20700000,9.383299827575684,2200000.0,2
2024-09-22,TV (English),7,KAOS,N/A,14500000,6.6666998863220215,2200000.0,4
2024-09-22,TV (English),8,CoComelon,CoComelon: Season 11,2200000,1.083299994468689,2000000.0,1
2024-09-22,TV (English),9,Selling Sunset,Selling Sunset: Season 8,11000000,6.4166998863220215,1700000.0,3
2024-09-22,TV (English),10,Worst Ex Ever,Worst Ex Ever: Season 1,6400000,3.8333001136779785,1700000.0,4
2024-09-22,TV (Non-English),1,Culinary Class Wars,Culinary Class Wars: Season 1,17600000,4.599999904632568,3800000.0,1
2024-09-22,TV (Non-English),2,Love Next Door,Love Next Door: Limited Series,41400000,0.0,3000000.0,6
2024-09-22,TV (Non-English),3,I Am Georgina,I Am Georgina: Season 3,12800000,4.366700172424316,2900000.0,1
2024-09-22,TV (Non-English),4,The Accident,The Accident: Season 1,17700000,7.366700172424316,2400000.0,5
2024-09-22,TV (Non-English),5,Envious,Envious: Season 1,14400000,6.25,2300000.0,1
2024-09-22,TV (Non-English),6,Breathless,Breathless: Season 1,11600000,6.383299827575684,1800000.0,4
2024-09-22,TV (Non-English),7,Ángel Di María: Breaking Down the Wall,Ángel Di María: Breaking Down the Wall: Limited Series,3800000,2.7832999229431152,1400000.0,2
2024-09-22,TV (Non-English),8,The Great Indian Kapil Show,The Great Indian Kapil Show: Season 2,1400000,1.2000000476837158,1200000.0,1
2024-09-22,TV (Non-English),9,Billionaire Island,Billionaire Island: Season 1,4500000,4.566699981689453,1000000.0,2
2024-09-22,TV (Non-English),10,Romance in the House,Romance in the House: Limited Series,12800000,13.216699600219727,1000000.0,7
2024-09-15,TV (English),1,The Perfect Couple,The Perfect Couple: Season 1,111600000,5.099999904632568,21900000.0,2
2024-09-15,TV (English),2,Emily in Paris,Emily in Paris: Season 4,68700000,5.949999809265137,11500000.0,5
2024-09-15,TV (English),3,Prison Break,Prison Break: Season 1,74600000,16.016700744628906,4700000.0,2
2024-09-15,TV (English),4,Selling Sunset,Selling Sunset: Season 8,28300000,6.4166998863220215,4400000.0,2
2024-09-15,TV (English),5,KAOS,N/A,22400000,6.6666998863220215,3400000.0,3
2024-09-15,TV (English),6,Worst Ex Ever,Worst Ex Ever: Season 1,10800000,3.8333001136779785,2800000.0,3
2024-09-15,TV (English),7,Prison Break,Prison Break: Season 2,44300000,16.033300399780273,2800000.0,1
2024-09-15,TV (English),8,Outlast,Outlast: Season 2,14800000,6.599999904632568,2200000.0,2
2024-09-15,TV (English),9,Hot Wheels Let's Race,Hot Wheels Let's Race: Season 2,4300000,1.983299970626831,2200000.0,1
2024-09-15,TV (English),10,Prison Break,Prison Break: Season 3,15900000,9.383299827575684,1700000.0,1
2024-09-15,TV (Non-English),1,The Accident,The Accident: Season 1,25700000,7.366700172424316,3500000.0,4
2024-09-15,TV (Non-English),2,Love Next Door,Love Next Door: Limited Series,35600000,0.0,3300000.0,5
2024-09-15,TV (Non-English),3,Breathless,Breathless: Season 1,19500000,6.383299827575684,3100000.0,3
2024-09-15,TV (Non-English),4,Ángel Di María: Breaking Down the Wall,Ángel Di María: Breaking Down the Wall: Limited Series,4600000,2.7832999229431152,1700000.0,1
2024-09-15,TV (Non-English),5,Caught in the Web: The Murders Behind Zona Divas,Caught in the Web: The Murders Behind Zona Divas: Limited Series,4200000,2.799999952316284,1500000.0,2
2024-09-15,TV (Non-English),6,IC 814: The Kandahar Hijack,IC 814: The Kandahar Hijack: Limited Series,5300000,4.433300018310547,1200000.0,3
2024-09-15,TV (Non-English),7,Romance in the House,Romance in the House: Limited Series,14500000,0.0,1100000.0,6
2024-09-15,TV (Non-English),8,Billionaire Island,Billionaire Island: Season 1,4500000,4.566699981689453,1000000.0,1
2024-09-15,TV (Non-English),9,Midnight at the Pera Palace,Midnight at the Pera Palace: Season 2,4400000,5.683300018310547,800000.0,1
2024-09-15,TV (Non-English),10,Midnight at the Pera Palace,Midnight at the Pera Palace: Season 1,4000000,5.900000095367432,700000.0,3
2024-09-08,TV (English),1,The Perfect Couple,The Perfect Couple: Season 1,103500000,5.099999904632568,20300000.0,1
2024-09-08,TV (English),2,Worst Ex Ever,Worst Ex Ever: Season 1,27600000,3.8333001136779785,7200000.0,2
2024-09-08,TV (English),3,KAOS,N/A,39200000,6.6666998863220215,5900000.0,2
2024-09-08,TV (English),4,Emily in Paris,Emily in Paris: Season 4,10800000,2.8333001136779785,3800000.0,4
2024-09-08,TV (English),5,Prison Break,Prison Break: Season 1,54900000,16.016700744628906,3400000.0,1
2024-09-08,TV (English),6,Selling Sunset,Selling Sunset: Season 8,19400000,6.4166998863220215,3000000.0,1
2024-09-08,TV (English),7,Outlast,Outlast: Season 2,10600000,4.816699981689453,2200000.0,1
2024-09-08,TV (English),8,American Murder: Laci Peterson,American Murder: Laci Peterson: Season 1,5400000,2.6666998863220215,2000000.0,4
2024-09-08,TV (English),9,Mermaid Magic,Mermaid Magic: Season 1,6300000,4.316699981689453,1500000.0,2
2024-09-08,TV (English),10,The Umbrella Academy,The Umbrella Academy: Season 4,7900000,5.6666998863220215,1400000.0,5
2024-09-08,TV (Non-English),1,Breathless,Breathless: Season 1,41100000,6.383299827575684,6400000.0,2
2024-09-08,TV (Non-English),2,The Accident,The Accident: Season 1,43600000,7.366700172424316,5900000.0,3
2024-09-08,TV (Non-English),3,Love Next Door,Love Next Door: Limited Series,31800000,0.0,4000000.0,4
2024-09-08,TV (Non-English),4,IC 814: The Kandahar Hijack,IC 814: The Kandahar Hijack: Limited Series,16500000,4.433300018310547,3700000.0,2
2024-09-08,TV (Non-English),5,Caught in the Web: The Murders Behind Zona Divas,Caught in the Web: The Murders Behind Zona Divas: Limited Series,4600000,2.799999952316284,1600000.0,1
2024-09-08,TV (Non-English),6,The Frog,The Frog: Limited Series,11400000,7.73330020904541,1500000.0,3
2024-09-08,TV (Non-English),7,Terminator Zero,Terminator Zero: Season 1,5100000,3.7832999229431152,1300000.0,2
2024-09-08,TV (Non-English),8,Romance in the House,Romance in the House: Limited Series,14100000,0.0,1300000.0,5
2024-09-08,TV (Non-English),9,Chastity High,Chastity High: Season 1,7000000,6.716700077056885,1000000.0,1
2024-09-08,TV (Non-English),10,Represent,Represent: Season 2,2600000,3.1166999340057373,800000.0,1
2024-09-01,TV (English),1,Worst Ex Ever,Worst Ex Ever: Season 1,32300000,3.8333001136779785,8400000.0,1
2024-09-01,TV (English),2,Emily in Paris,Emily in Paris: Season 4,18500000,2.8333001136779785,6500000.0,3
2024-09-01,TV (English),3,American Murder: Laci Peterson,American Murder: Laci Peterson: Season 1,10900000,2.6666998863220215,4100000.0,3
2024-09-01,TV (English),4,KAOS,N/A,22800000,6.6666998863220215,3400000.0,1
2024-09-01,TV (English),5,Adam Sandler: Love You,N/A,2900000,1.233299970626831,2400000.0,1
2024-09-01,TV (English),6,Mermaid Magic,Mermaid Magic: Season 1,9900000,4.316699981689453,2300000.0,1
2024-09-01,TV (English),7,Wyatt Earp and The Cowboy War,Wyatt Earp and The Cowboy War: Season 1,8500000,3.8666999340057373,2200000.0,2
2024-09-01,TV (English),8,The Umbrella Academy,The Umbrella Academy: Season 4,11900000,5.6666998863220215,2100000.0,4
2024-09-01,TV (English),9,Love Is Blind: UK,Love Is Blind: UK: Season 1,23200000,11.75,2000000.0,4
2024-09-01,TV (English),10,Dark Winds,Dark Winds: Season 1,6900000,4.349999904632568,1600000.0,2
2024-09-01,TV (Non-English),1,The Accident,The Accident: Season 1,87900000,7.366700172424316,11900000.0,2
2024-09-01,TV (Non-English),2,IC 814: The Kandahar Hijack,IC 814: The Kandahar Hijack: Limited Series,18300000,4.433300018310547,4100000.0,1
2024-09-01,TV (Non-English),3,Breathless,Breathless: Season 1,24400000,6.383299827575684,3800000.0,1
2024-09-01,TV (Non-English),4,The Frog,The Frog: Limited Series,29500000,7.73330020904541,3800000.0,2
2024-09-01,TV (Non-English),5,Love Next Door,Love Next Door: Limited Series,22200000,0.0,3700000.0,3
2024-09-01,TV (Non-English),6,Terminator Zero,Terminator Zero: Season 1,6400000,3.7832999229431152,1700000.0,1
2024-09-01,TV (Non-English),7,Baby Fever,Baby Fever: Season 1,5100000,3.0833001136779785,1700000.0,1
2024-09-01,TV (Non-English),8,Romance in the House,Romance in the House: Limited Series,12200000,0.0,1500000.0,4
2024-09-01,TV (Non-English),9,Baby Fever,Baby Fever: Season 2,4400000,3.1166999340057373,1400000.0,1
2024-09-01,TV (Non-English),10,Back to 15,Back to 15: Season 3,5100000,3.9667000770568848,1300000.0,2
2024-08-25,TV (English),1,Emily in Paris,Emily in Paris: Season 4,42100000,2.8333001136779785,14900000.0,2
2024-08-25,TV (English),2,American Murder: Laci Peterson,American Murder: Laci Peterson: Season 1,28200000,2.6666998863220215,10600000.0,2
2024-08-25,TV (English),3,Wyatt Earp and The Cowboy War,Wyatt Earp and The Cowboy War: Season 1,15200000,3.8666999340057373,3900000.0,1
2024-08-25,TV (English),4,The Umbrella Academy,The Umbrella Academy: Season 4,20100000,5.6666998863220215,3500000.0,3
2024-08-25,TV (English),5,Love Is Blind: UK,Love Is Blind: UK: Season 1,28300000,10.783300399780273,2600000.0,3
2024-08-25,TV (English),6,Dark Winds,Dark Winds: Season 1,10000000,4.349999904632568,2300000.0,1
2024-08-25,TV (English),7,Emily in Paris,Emily in Paris: Season 1,10400000,4.816699981689453,2200000.0,6
2024-08-25,TV (English),8,Emily in Paris,Emily in Paris: Season 3,11600000,5.5,2100000.0,7
2024-08-25,TV (English),9,Lost,Lost: Season 1,36800000,17.850000381469727,2100000.0,1
2024-08-25,TV (English),10,Matt Rife: Lucid - A Crowd Work Special,N/A,1700000,0.8999999761581421,1900000.0,2
2024-08-25,TV (Non-English),1,The Accident,The Accident: Season 1,76600000,7.366700172424316,10400000.0,1
2024-08-25,TV (Non-English),2,Love Next Door,Love Next Door: Limited Series,14800000,4.9166998863220215,3000000.0,2
2024-08-25,TV (Non-English),3,Back to 15,Back to 15: Season 3,8400000,3.9667000770568848,2100000.0,1
2024-08-25,TV (Non-English),4,The Frog,The Frog: Limited Series,15200000,7.73330020904541,2000000.0,1
2024-08-25,TV (Non-English),5,Romance in the House,Romance in the House: Limited Series,10500000,0.0,1800000.0,3
2024-08-25,TV (Non-English),6,Terror Tuesday: Extreme,Terror Tuesday: Extreme: Season 1,9500000,5.683300018310547,1700000.0,1
2024-08-25,TV (Non-English),7,KENGAN ASHURA,KENGAN ASHURA: Season 2,12000000,11.816699981689453,1000000.0,4
2024-08-25,TV (Non-English),8,Tokyo Swindlers,Tokyo Swindlers: Season 1,5500000,6.150000095367432,900000.0,5
2024-08-25,TV (Non-English),9,Elite,Elite: Season 8,5100000,6.433300018310547,800000.0,5
2024-08-25,TV (Non-English),10,Miss Night and Day,Miss Night and Day: Limited Series,12400000,0.0,800000.0,10
2024-08-18,TV (English),1,Emily in Paris,Emily in Paris: Season 4,56500000,2.8333001136779785,19900000.0,1
2024-08-18,TV (English),2,American Murder: Laci Peterson,American Murder: Laci Peterson: Season 1,33000000,2.6666998863220215,12400000.0,1
2024-08-18,TV (English),3,The Umbrella Academy,The Umbrella Academy: Season 4,42800000,5.6666998863220215,7600000.0,2
2024-08-18,TV (English),4,Matt Rife: Lucid - A Crowd Work Special,N/A,4400000,0.8999999761581421,4900000.0,1
2024-08-18,TV (English),5,Love Is Blind: UK,Love Is Blind: UK: Season 1,34400000,8.533300399780273,4000000.0,2
2024-08-18,TV (English),6,A Good Girl's Guide to Murder,A Good Girl's Guide to Murder: Season 1,17100000,4.616700172424316,3700000.0,3
2024-08-18,TV (English),7,Gabby's Dollhouse,Gabby's Dollhouse: Season 10,4600000,2.433300018310547,1900000.0,2
2024-08-18,TV (English),8,Simone Biles Rising,Simone Biles Rising: Season 1,3200000,1.75,1800000.0,5
2024-08-18,TV (English),9,Emily in Paris,Emily in Paris: Season 1,8500000,4.816699981689453,1800000.0,5
2024-08-18,TV (English),10,Emily in Paris,Emily in Paris: Season 3,9200000,5.5,1700000.0,6
2024-08-18,TV (Non-English),1,Romance in the House,Romance in the House: Limited Series,9700000,0.0,2600000.0,2
2024-08-18,TV (Non-English),2,Tokyo Swindlers,Tokyo Swindlers: Season 1,8400000,6.150000095367432,1400000.0,4
2024-08-18,TV (Non-English),3,Shahmaran,Shahmaran: Season 2,6000000,4.51669979095459,1300000.0,2
2024-08-18,TV (Non-English),4,Elite,Elite: Season 8,7600000,6.433300018310547,1200000.0,4
2024-08-18,TV (Non-English),5,Love Next Door,Love Next Door: Limited Series,2700000,2.3499999046325684,1100000.0,1
2024-08-18,TV (Non-English),6,The Influencer,The Influencer: Season 1,8200000,7.433300018310547,1100000.0,2
2024-08-18,TV (Non-English),7,Miss Night and Day,Miss Night and Day: Limited Series,14700000,0.0,1000000.0,9
2024-08-18,TV (Non-English),8,KENGAN ASHURA,KENGAN ASHURA: Season 2,11600000,11.816699981689453,1000000.0,3
2024-08-18,TV (Non-English),9,Dear Child,Dear Child: Limited Series,4500000,4.816699981689453,900000.0,9
2024-08-18,TV (Non-English),10,Shahmaran,Shahmaran: Season 1,6100000,6.900000095367432,900000.0,4
2024-08-11,TV (English),1,A Good Girl's Guide to Murder,A Good Girl's Guide to Murder: Season 1,38900000,4.616700172424316,8400000.0,2
2024-08-11,TV (English),2,The Umbrella Academy,The Umbrella Academy: Season 4,47500000,5.6666998863220215,8400000.0,1
2024-08-11,TV (English),3,Simone Biles Rising,Simone Biles Rising: Season 1,6500000,1.75,3700000.0,4
2024-08-11,TV (English),4,Love Is Blind: UK,Love Is Blind: UK: Season 1,14400000,4.01669979095459,3600000.0,1
2024-08-11,TV (English),5,Gabby's Dollhouse,Gabby's Dollhouse: Season 10,7300000,2.433300018310547,3000000.0,1
2024-08-11,TV (English),6,Joe Rogan: Burn the Boats,N/A,3200000,1.1167000532150269,2900000.0,2
2024-08-11,TV (English),7,Unsolved Mysteries,Unsolved Mysteries: Volume 4,10600000,3.9000000953674316,2700000.0,2
2024-08-11,TV (English),8,Cobra Kai,Cobra Kai: Season 6,7800000,3.200000047683716,2400000.0,4
2024-08-11,TV (English),9,Too Hot to Handle,Too Hot to Handle: Season 6,14100000,9.183300018310547,1500000.0,4
2024-08-11,TV (English),10,Vikings: Valhalla,Vikings: Valhalla: Season 3,8200000,6.400000095367432,1300000.0,5
2024-08-11,TV (Non-English),1,Elite,Elite: Season 8,12500000,6.433300018310547,1900000.0,3
2024-08-11,TV (Non-English),2,Miss Night and Day,Miss Night and Day: Limited Series,22300000,0.0,1500000.0,8
2024-08-11,TV (Non-English),3,Tokyo Swindlers,Tokyo Swindlers: Season 1,7800000,6.150000095367432,1300000.0,3
2024-08-11,TV (Non-English),4,The Influencer,The Influencer: Season 1,5500000,4.349999904632568,1300000.0,1
2024-08-11,TV (Non-English),5,Shahmaran,Shahmaran: Season 2,5600000,4.51669979095459,1200000.0,1
2024-08-11,TV (Non-English),6,Romance in the House,Romance in the House: Limited Series,2100000,0.0,1200000.0,1
2024-08-11,TV (Non-English),7,Love is Blind: Mexico,Love is Blind: Mexico: Season 1,8800000,7.316699981689453,1200000.0,2
2024-08-11,TV (Non-English),8,Desperate Lies,Desperate Lies: Season 1,16200000,13.550000190734863,1200000.0,6
2024-08-11,TV (Non-English),9,Rising Impact,Rising Impact: Season 2,6500000,5.73330020904541,1100000.0,1
2024-08-11,TV (Non-English),10,Another Self,Another Self: Season 2,6800000,7.316699981689453,900000.0,5
2024-08-04,TV (English),1,A Good Girl's Guide to Murder,A Good Girl's Guide to Murder: Season 1,34000000,4.616700172424316,7400000.0,1
2024-08-04,TV (English),2,Cobra Kai,Cobra Kai: Season 6,13100000,3.200000047683716,4100000.0,3
2024-08-04,TV (English),3,Simone Biles Rising,Simone Biles Rising: Season 1,6700000,1.75,3800000.0,3
2024-08-04,TV (English),4,Dirty Pop: The Boy Band Scam,Dirty Pop: The Boy Band Scam: Limited Series,7600000,2.1500000953674316,3500000.0,2
2024-08-04,TV (English),5,Unsolved Mysteries,Unsolved Mysteries: Volume 4,12200000,3.9000000953674316,3100000.0,1
2024-08-04,TV (English),6,Too Hot to Handle,Too Hot to Handle: Season 6,24600000,9.183300018310547,2700000.0,3
2024-08-04,TV (English),7,Joe Rogan: Burn the Boats,N/A,2800000,1.1167000532150269,2500000.0,1
2024-08-04,TV (English),8,The Decameron,The Decameron: Limited Series,15600000,7.349999904632568,2100000.0,2
2024-08-04,TV (English),9,Vikings: Valhalla,Vikings: Valhalla: Season 3,12400000,6.400000095367432,1900000.0,4
2024-08-04,TV (English),10,Supacell,Supacell: Season 1,7500000,5.199999809265137,1400000.0,6
2024-08-04,TV (Non-English),1,Elite,Elite: Season 8,25400000,6.433300018310547,3900000.0,2
2024-08-04,TV (Non-English),2,Master of the House,Master of the House: Limited Series,12300000,5.933300018310547,2100000.0,3
2024-08-04,TV (Non-English),3,Tokyo Swindlers,Tokyo Swindlers: Season 1,11900000,6.150000095367432,1900000.0,2
2024-08-04,TV (Non-English),4,Miss Night and Day,Miss Night and Day: Limited Series,23400000,0.0,1800000.0,7
2024-08-04,TV (Non-English),5,Desperate Lies,Desperate Lies: Season 1,22500000,13.550000190734863,1700000.0,5
2024-08-04,TV (Non-English),6,Another Self,Another Self: Season 2,9600000,7.316699981689453,1300000.0,4
2024-08-04,TV (Non-English),7,Sweet Home,Sweet Home: Season 3,8600000,7.0833001136779785,1200000.0,3
2024-08-04,TV (Non-English),8,Kleo,Kleo: Season 2,5100000,4.849999904632568,1100000.0,1
2024-08-04,TV (Non-English),9,The Yara Gambirasio Case: Beyond Reasonable Doubt,The Yara Gambirasio Case: Beyond Reasonable Doubt: Limited Series,3500000,4.300000190734863,800000.0,3
2024-08-04,TV (Non-English),10,Love is Blind: Mexico,Love is Blind: Mexico: Season 1,3200000,3.933300018310547,800000.0,1
2024-07-28,TV (English),1,Cobra Kai,Cobra Kai: Season 6,30300000,3.200000047683716,9500000.0,2
2024-07-28,TV (English),2,Dirty Pop: The Boy Band Scam,Dirty Pop: The Boy Band Scam: Limited Series,12100000,2.1500000953674316,5600000.0,1
2024-07-28,TV (English),3,Too Hot to Handle,Too Hot to Handle: Season 6,25200000,6.616700172424316,3800000.0,2
2024-07-28,TV (English),4,Simone Biles Rising,Simone Biles Rising: Season 1,6100000,1.75,3500000.0,2
2024-07-28,TV (English),5,Vikings: Valhalla,Vikings: Valhalla: Season 3,21400000,6.400000095367432,3300000.0,3
2024-07-28,TV (English),6,Supacell,Supacell: Season 1,13200000,5.199999809265137,2500000.0,5
2024-07-28,TV (English),7,Homicide,Homicide: Los Angeles,11000000,4.550000190734863,2400000.0,2
2024-07-28,TV (English),8,The Decameron,The Decameron: Limited Series,15300000,7.349999904632568,2100000.0,1
2024-07-28,TV (English),9,Cobra Kai,Cobra Kai: Season 1,9600000,5.0833001136779785,1900000.0,3
2024-07-28,TV (English),10,Bridgerton,Bridgerton: Season 3,11700000,7.98330020904541,1500000.0,11
2024-07-28,TV (Non-English),1,Master of the House,Master of the House: Limited Series,28800000,5.933300018310547,4900000.0,2
2024-07-28,TV (Non-English),2,Sweet Home,Sweet Home: Season 3,19900000,7.0833001136779785,2800000.0,2
2024-07-28,TV (Non-English),3,Desperate Lies,Desperate Lies: Season 1,32600000,13.550000190734863,2400000.0,4
2024-07-28,TV (Non-English),4,Elite,Elite: Season 8,15300000,6.433300018310547,2400000.0,1
2024-07-28,TV (Non-English),5,The Yara Gambirasio Case: Beyond Reasonable Doubt,The Yara Gambirasio Case: Beyond Reasonable Doubt: Limited Series,10000000,4.300000190734863,2300000.0,2
2024-07-28,TV (Non-English),6,Another Self,Another Self: Season 2,14700000,7.316699981689453,2000000.0,3
2024-07-28,TV (Non-English),7,Miss Night and Day,Miss Night and Day: Limited Series,21400000,0.0,1900000.0,6
2024-07-28,TV (Non-English),8,Tokyo Swindlers,Tokyo Swindlers: Season 1,8300000,6.150000095367432,1300000.0,1
2024-07-28,TV (Non-English),9,Eve,N/A,22100000,16.86669921875,1300000.0,1
2024-07-28,TV (Non-English),10,Tribhuvan Mishra CA Topper,Tribhuvan Mishra CA Topper: Season 1,10500000,8.58329963684082,1200000.0,1
2024-07-21,TV (English),1,Cobra Kai,Cobra Kai: Season 6,47500000,3.200000047683716,14800000.0,1
2024-07-21,TV (English),2,Vikings: Valhalla,Vikings: Valhalla: Season 3,41000000,6.400000095367432,6400000.0,2
2024-07-21,TV (English),3,Simone Biles Rising,Simone Biles Rising: Season 1,8300000,1.75,4700000.0,1
2024-07-21,TV (English),4,Homicide,Homicide: Los Angeles,19600000,4.550000190734863,4300000.0,1
2024-07-21,TV (English),5,Supacell,Supacell: Season 1,21900000,5.199999809265137,4200000.0,4
2024-07-21,TV (English),6,Vikings: Valhalla,Vikings: Valhalla: Season 1,16300000,6.866700172424316,2400000.0,8
2024-07-21,TV (English),7,Too Hot to Handle,Too Hot to Handle: Season 6,7700000,3.8333001136779785,2000000.0,1
2024-07-21,TV (English),8,Exploding Kittens,Exploding Kittens: Season 1,7500000,3.8499999046325684,1900000.0,2
2024-07-21,TV (English),9,Bridgerton,Bridgerton: Season 3,14900000,7.98330020904541,1900000.0,10
2024-07-21,TV (English),10,Vikings: Valhalla,Vikings: Valhalla: Season 2,12000000,6.48330020904541,1900000.0,5
2024-07-21,TV (Non-English),1,Desperate Lies,Desperate Lies: Season 1,50900000,13.550000190734863,3800000.0,3
2024-07-21,TV (Non-English),2,Master of the House,Master of the House: Limited Series,22200000,5.933300018310547,3700000.0,1
2024-07-21,TV (Non-English),3,Another Self,Another Self: Season 2,23000000,7.316699981689453,3100000.0,2
2024-07-21,TV (Non-English),4,The Yara Gambirasio Case: Beyond Reasonable Doubt,The Yara Gambirasio Case: Beyond Reasonable Doubt: Limited Series,11000000,4.300000190734863,2600000.0,1
2024-07-21,TV (Non-English),5,Sweet Home,Sweet Home: Season 3,17500000,7.0833001136779785,2500000.0,1
2024-07-21,TV (Non-English),6,Miss Night and Day,Miss Night and Day: Limited Series,19900000,0.0,2100000.0,5
2024-07-21,TV (Non-English),7,Another Self,Another Self: Season 1,11400000,7.033299922943115,1600000.0,7
2024-07-21,TV (Non-English),8,Gangs of Galicia,Gangs of Galicia: Season 1,5700000,5.349999904632568,1100000.0,5
2024-07-21,TV (Non-English),9,Eva Lasting,Eva Lasting: Season 2,7500000,8.149999618530273,900000.0,1
2024-07-21,TV (Non-English),10,Rhythm + Flow France,Rhythm + Flow France: Season 3,7000000,0.0,900000.0,3
2024-07-14,TV (English),1,Supacell,Supacell: Season 1,37100000,5.199999809265137,7100000.0,3
2024-07-14,TV (English),2,The Man with 1000 Kids,The Man with 1000 Kids: Limited Series,11300000,2.0833001136779785,5400000.0,2
2024-07-14,TV (English),3,Vikings: Valhalla,Vikings: Valhalla: Season 3,34400000,6.400000095367432,5400000.0,1
2024-07-14,TV (English),4,Bridgerton,Bridgerton: Season 3,21200000,7.98330020904541,2700000.0,9
2024-07-14,TV (English),5,Worst Roommate Ever,Worst Roommate Ever: Season 2,8100000,3.5999999046325684,2300000.0,3
2024-07-14,TV (English),6,Receiver,Receiver: Season 1,16100000,7.349999904632568,2200000.0,1
2024-07-14,TV (English),7,Hannah Berner: We Ride at Dawn,N/A,1600000,0.8500000238418579,1900000.0,1
2024-07-14,TV (English),8,AMERICA'S SWEETHEARTS: Dallas Cowboys Cheerleaders,AMERICA'S SWEETHEARTS: Dallas Cowboys Cheerleaders: Season 1,12300000,6.633299827575684,1900000.0,4
2024-07-14,TV (English),9,SPRINT,SPRINT: Season 1,6500000,4.150000095367432,1600000.0,2
2024-07-14,TV (English),10,Exploding Kittens,Exploding Kittens: Season 1,6000000,3.8499999046325684,1600000.0,1
2024-07-14,TV (Non-English),1,Desperate Lies,Desperate Lies: Season 1,78500000,13.550000190734863,5800000.0,2
2024-07-14,TV (Non-English),2,Another Self,Another Self: Season 2,15000000,7.316699981689453,2100000.0,1
2024-07-14,TV (Non-English),3,Miss Night and Day,Miss Night and Day: Limited Series,16400000,0.0,1900000.0,4
2024-07-14,TV (Non-English),4,Gangs of Galicia,Gangs of Galicia: Season 1,7800000,5.349999904632568,1500000.0,4
2024-07-14,TV (Non-English),5,Rhythm + Flow France,Rhythm + Flow France: Season 3,6400000,5.199999809265137,1200000.0,2
2024-07-14,TV (Non-English),6,A Body that Works,A Body that Works: Season 1,7700000,7.26669979095459,1100000.0,2
2024-07-14,TV (Non-English),7,【OSHI NO KO】,【OSHI NO KO】: Season 2,800000,0.8166999816894531,1000000.0,1
2024-07-14,TV (Non-English),8,The Boyfriend,The Boyfriend: Season 1,2000000,2.25,900000.0,1
2024-07-14,TV (Non-English),9,The Rising of the Shield Hero,The Rising of the Shield Hero: Season 1,8900000,10.26669979095459,900000.0,1
2024-07-14,TV (Non-English),10,Raising Voices,Raising Voices: Limited Series,5200000,6.050000190734863,900000.0,6
2024-07-07,TV (English),1,Supacell,Supacell: Season 1,61200000,5.199999809265137,11800000.0,2
2024-07-07,TV (English),2,The Man with 1000 Kids,The Man with 1000 Kids: Limited Series,13800000,2.0833001136779785,6600000.0,1
2024-07-07,TV (English),3,Worst Roommate Ever,Worst Roommate Ever: Season 2,19400000,3.5999999046325684,5400000.0,2
2024-07-07,TV (English),4,Bridgerton,Bridgerton: Season 3,31600000,7.98330020904541,4000000.0,8
2024-07-07,TV (English),5,Owning Manhattan,Owning Manhattan: Season 1,16000000,6.133299827575684,2600000.0,1
2024-07-07,TV (English),6,SPRINT,SPRINT: Season 1,10000000,4.150000095367432,2400000.0,1
2024-07-07,TV (English),7,AMERICA'S SWEETHEARTS: Dallas Cowboys Cheerleaders,AMERICA'S SWEETHEARTS: Dallas Cowboys Cheerleaders: Season 1,15400000,6.633299827575684,2300000.0,3
2024-07-07,TV (English),8,That '90s Show,That '90s Show: Part 2,5600000,3.066699981689453,1800000.0,1
2024-07-07,TV (English),9,The Mole,The Mole: Season 2,11100000,6.283299922943115,1800000.0,1
2024-07-07,TV (English),10,Worst Roommate Ever,Worst Roommate Ever: Season 1,6900000,4.066699981689453,1700000.0,3
2024-07-07,TV (Non-English),1,Gangs of Galicia,Gangs of Galicia: Season 1,13000000,5.349999904632568,2400000.0,3
2024-07-07,TV (Non-English),2,A Body that Works,A Body that Works: Season 1,15500000,7.26669979095459,2100000.0,1
2024-07-07,TV (Non-English),3,Demon Slayer: Kimetsu no Yaiba,Demon Slayer: Kimetsu no Yaiba: Hashira Training Arc,8100000,0.0,2000000.0,8
2024-07-07,TV (Non-English),4,The Whirlwind,The Whirlwind: Limited Series,16200000,9.183300018310547,1800000.0,1
2024-07-07,TV (Non-English),5,Desperate Lies,Desperate Lies: Season 1,23800000,13.550000190734863,1800000.0,1
2024-07-07,TV (Non-English),6,Òlòtūré: The Journey,Òlòtūré: The Journey: Season 1,3200000,1.8667000532150269,1700000.0,1
2024-07-07,TV (Non-English),7,Miss Night and Day,Miss Night and Day: Limited Series,13400000,0.0,1700000.0,3
2024-07-07,TV (Non-English),8,The Turkish Passion,The Turkish Passion: Season 1,7400000,5.133299827575684,1400000.0,1
2024-07-07,TV (Non-English),9,Rhythm + Flow France,Rhythm + Flow France: Season 3,4300000,3.0999999046325684,1400000.0,1
2024-07-07,TV (Non-English),10,Dear Child,Dear Child: Limited Series,6400000,4.816699981689453,1300000.0,8
2024-06-30,TV (English),1,Bridgerton,Bridgerton: Season 3,52900000,7.98330020904541,6600000.0,7
2024-06-30,TV (English),2,Supacell,Supacell: Season 1,33500000,5.199999809265137,6400000.0,1
2024-06-30,TV (English),3,Worst Roommate Ever,Worst Roommate Ever: Season 2,20500000,3.5999999046325684,5700000.0,1
2024-06-30,TV (English),4,AMERICA'S SWEETHEARTS: Dallas Cowboys Cheerleaders,AMERICA'S SWEETHEARTS: Dallas Cowboys Cheerleaders: Season 1,24500000,6.633299827575684,3700000.0,2
2024-06-30,TV (English),5,Bridgerton,Bridgerton: Season 2,17800000,8.5,2100000.0,22
2024-06-30,TV (English),6,Bridgerton,Bridgerton: Season 1,16400000,8.199999809265137,2000000.0,16
2024-06-30,TV (English),7,Your Honor,Your Honor: Season 1,18600000,9.449999809265137,2000000.0,3
2024-06-30,TV (English),8,Queen Charlotte: A Bridgerton Story,N/A,11700000,6.48330020904541,1800000.0,10
2024-06-30,TV (English),9,Sweet Tooth,Sweet Tooth: Season 3,11200000,6.300000190734863,1800000.0,4
2024-06-30,TV (English),10,Perfect Match,Perfect Match: Season 2,16800000,9.616700172424316,1700000.0,4
2024-06-30,TV (Non-English),1,Gangs of Galicia,Gangs of Galicia: Season 1,32300000,5.349999904632568,6000000.0,2
2024-06-30,TV (Non-English),2,Love Is Blind: Brazil,Love Is Blind: Brazil: Season 4,15600000,7.866700172424316,2000000.0,2
2024-06-30,TV (Non-English),3,Raising Voices,Raising Voices: Limited Series,11100000,6.050000190734863,1800000.0,5
2024-06-30,TV (Non-English),4,Miss Night and Day,Miss Night and Day: Limited Series,9800000,0.0,1700000.0,2
2024-06-30,TV (Non-English),5,Demon Slayer: Kimetsu no Yaiba,Demon Slayer: Kimetsu no Yaiba: Hashira Training Arc,4600000,0.0,1400000.0,7
2024-06-30,TV (Non-English),6,Hierarchy,Hierarchy: Limited Series,9900000,7.633299827575684,1300000.0,4
2024-06-30,TV (Non-English),7,Dear Child,Dear Child: Limited Series,5600000,4.816699981689453,1200000.0,7
2024-06-30,TV (Non-English),8,Kota Factory,Kota Factory: Season 3,4700000,4.116700172424316,1100000.0,2
2024-06-30,TV (Non-English),9,Rising Impact,Rising Impact: Season 1,5500000,5.26669979095459,1000000.0,1
2024-06-30,TV (Non-English),10,Kaulitz & Kaulitz,Kaulitz & Kaulitz: Season 1,5900000,6.199999809265137,1000000.0,1
2024-06-23,TV (English),1,Bridgerton,Bridgerton: Season 3,131500000,7.98330020904541,16500000.0,6
2024-06-23,TV (English),2,Perfect Match,Perfect Match: Season 2,34600000,9.616700172424316,3600000.0,3
2024-06-23,TV (English),3,Bridgerton,Bridgerton: Season 1,28400000,8.199999809265137,3500000.0,15
2024-06-23,TV (English),4,Sweet Tooth,Sweet Tooth: Season 3,19700000,6.300000190734863,3100000.0,3
2024-06-23,TV (English),5,Bridgerton,Bridgerton: Season 2,25100000,8.5,3000000.0,21
2024-06-23,TV (English),6,Eric,Eric: Limited Series,15500000,5.349999904632568,2900000.0,4
2024-06-23,TV (English),7,Your Honor,Your Honor: Season 1,24100000,9.449999809265137,2600000.0,2
2024-06-23,TV (English),8,AMERICA'S SWEETHEARTS: Dallas Cowboys Cheerleaders,AMERICA'S SWEETHEARTS: Dallas Cowboys Cheerleaders: Season 1,15400000,6.633299827575684,2300000.0,1
2024-06-23,TV (English),9,Geek Girl,Geek Girl: Season 1,12900000,5.633299827575684,2300000.0,4
2024-06-23,TV (English),10,Queen Charlotte: A Bridgerton Story,N/A,13600000,6.48330020904541,2100000.0,9
2024-06-23,TV (Non-English),1,Gangs of Galicia,Gangs of Galicia: Season 1,15400000,5.349999904632568,2900000.0,1
2024-06-23,TV (Non-English),2,Raising Voices,Raising Voices: Limited Series,17400000,6.050000190734863,2900000.0,4
2024-06-23,TV (Non-English),3,Hierarchy,Hierarchy: Limited Series,18900000,7.633299827575684,2500000.0,3
2024-06-23,TV (Non-English),4,Joko Anwar's Nightmares and Daydreams,Joko Anwar's Nightmares and Daydreams: Season 1,12900000,6.066699981689453,2100000.0,2
2024-06-23,TV (Non-English),5,Love Is Blind: Brazil,Love Is Blind: Brazil: Season 4,8100000,3.8666999340057373,2100000.0,1
2024-06-23,TV (Non-English),6,Miss Night and Day,Miss Night and Day: Limited Series,6400000,0.0,1800000.0,1
2024-06-23,TV (Non-English),7,Kota Factory,Kota Factory: Season 3,5500000,4.116700172424316,1300000.0,1
2024-06-23,TV (Non-English),8,Demon Slayer: Kimetsu no Yaiba,Demon Slayer: Kimetsu no Yaiba: Hashira Training Arc,3600000,0.0,1300000.0,6
2024-06-23,TV (Non-English),9,The Atypical Family,The Atypical Family: Limited Series,14000000,0.0,1100000.0,7
2024-06-23,TV (Non-English),10,Tour de France: Unchained,Tour de France: Unchained: Season 2,5100000,5.866700172424316,900000.0,2
2024-06-16,TV (English),1,Bridgerton,Bridgerton: Season 3,223300000,7.98330020904541,28000000.0,5
2024-06-16,TV (English),2,Sweet Tooth,Sweet Tooth: Season 3,37600000,6.300000190734863,6000000.0,2
2024-06-16,TV (English),3,Perfect Match,Perfect Match: Season 2,39900000,7.8333001136779785,5100000.0,2
2024-06-16,TV (English),4,Eric,Eric: Limited Series,26000000,5.349999904632568,4900000.0,3
2024-06-16,TV (English),5,Geek Girl,Geek Girl: Season 1,21400000,5.633299827575684,3800000.0,3
2024-06-16,TV (English),6,Bridgerton,Bridgerton: Season 1,22000000,8.199999809265137,2700000.0,14
2024-06-16,TV (English),7,Hitler and the Nazis: Evil on Trial,Hitler and the Nazis: Evil on Trial: Season 1,16900000,6.366700172424316,2700000.0,2
2024-06-16,TV (English),8,Dancing for the Devil: The 7M TikTok Cult,Dancing for the Devil: The 7M TikTok Cult: Season 1,6400000,2.683300018310547,2400000.0,3
2024-06-16,TV (English),9,Bridgerton,Bridgerton: Season 2,19800000,8.5,2300000.0,20
2024-06-16,TV (English),10,Your Honor,Your Honor: Season 1,20700000,9.449999809265137,2200000.0,1
2024-06-16,TV (Non-English),1,Hierarchy,Hierarchy: Limited Series,48000000,7.633299827575684,6300000.0,2
2024-06-16,TV (Non-English),2,Raising Voices,Raising Voices: Limited Series,30900000,6.050000190734863,5100000.0,3
2024-06-16,TV (Non-English),3,The Atypical Family,The Atypical Family: Limited Series,20300000,0.0,1700000.0,6
2024-06-16,TV (Non-English),4,Demon Slayer: Kimetsu no Yaiba,Demon Slayer: Kimetsu no Yaiba: Hashira Training Arc,3500000,0.0,1500000.0,5
2024-06-16,TV (Non-English),5,Tour de France: Unchained,Tour de France: Unchained: Season 2,6700000,5.866700172424316,1100000.0,1
2024-06-16,TV (Non-English),6,The 8 Show,The 8 Show: Limited Series,6000000,6.98330020904541,900000.0,5
2024-06-16,TV (Non-English),7,Joko Anwar's Nightmares and Daydreams,Joko Anwar's Nightmares and Daydreams: Season 1,4800000,6.066699981689453,800000.0,1
2024-06-16,TV (Non-English),8,Queen of Tears,Queen of Tears: Limited Series,16400000,23.36669921875,700000.0,15
2024-06-16,TV (Non-English),9,Jujutsu Kaisen,Jujutsu Kaisen: Season 1,6500000,9.5,700000.0,2
2024-06-16,TV (Non-English),10,Kaiju No. 8,Kaiju No. 8: Season 1,2600000,3.950000047683716,700000.0,2
2024-06-09,TV (English),1,Eric,Eric: Limited Series,54300000,5.349999904632568,10100000.0,2
2024-06-09,TV (English),2,Geek Girl,Geek Girl: Season 1,41000000,5.633299827575684,7300000.0,2
2024-06-09,TV (English),3,Bridgerton,Bridgerton: Season 3,25300000,3.6666998863220215,6900000.0,4
2024-06-09,TV (English),4,Dancing for the Devil: The 7M TikTok Cult,Dancing for the Devil: The 7M TikTok Cult: Season 1,18000000,2.683300018310547,6700000.0,2
2024-06-09,TV (English),5,Sweet Tooth,Sweet Tooth: Season 3,34300000,6.300000190734863,5400000.0,1
2024-06-09,TV (English),6,Hitler and the Nazis: Evil on Trial,Hitler and the Nazis: Evil on Trial: Season 1,21900000,6.366700172424316,3400000.0,1
2024-06-09,TV (English),7,Bridgerton,Bridgerton: Season 2,22700000,8.5,2700000.0,19
2024-06-09,TV (English),8,Perfect Match,Perfect Match: Season 2,12900000,5.150000095367432,2500000.0,1
2024-06-09,TV (English),9,Jo Koy: Live from Brooklyn,N/A,2500000,1.0,2500000.0,1
2024-06-09,TV (English),10,Bridgerton,Bridgerton: Season 1,19900000,8.199999809265137,2400000.0,13
2024-06-09,TV (Non-English),1,Raising Voices,Raising Voices: Limited Series,65100000,6.050000190734863,10800000.0,2
2024-06-09,TV (Non-English),2,Hierarchy,Hierarchy: Limited Series,26600000,7.633299827575684,3500000.0,1
2024-06-09,TV (Non-English),3,The Atypical Family,The Atypical Family: Limited Series,19800000,0.0,1800000.0,5
2024-06-09,TV (Non-English),4,Demon Slayer: Kimetsu no Yaiba,Demon Slayer: Kimetsu no Yaiba: Hashira Training Arc,3400000,0.0,1700000.0,4
2024-06-09,TV (Non-English),5,How to Ruin Love,How to Ruin Love: The Proposal,4900000,3.1500000953674316,1600000.0,1
2024-06-09,TV (Non-English),6,The 8 Show,The 8 Show: Limited Series,10300000,6.98330020904541,1500000.0,4
2024-06-09,TV (Non-English),7,The Life You Wanted,The Life You Wanted: Limited Series,6400000,4.866700172424316,1300000.0,2
2024-06-09,TV (Non-English),8,Hell's Paradise: Jigokuraku,Hell's Paradise: Jigokuraku: Season 1,4600000,5.300000190734863,900000.0,1
2024-06-09,TV (Non-English),9,Queen of Tears,Queen of Tears: Limited Series,19700000,23.36669921875,800000.0,14
2024-06-09,TV (Non-English),10,"Thank You, Next","Thank You, Next: Season 1",4900000,5.866700172424316,800000.0,5
2024-06-02,TV (English),1,Bridgerton,Bridgerton: Season 3,42400000,3.6666998863220215,11600000.0,3
2024-06-02,TV (English),2,Dancing for the Devil: The 7M TikTok Cult,Dancing for the Devil: The 7M TikTok Cult: Season 1,23500000,2.683300018310547,8800000.0,1
2024-06-02,TV (English),3,Eric,Eric: Limited Series,36500000,5.349999904632568,6800000.0,1
2024-06-02,TV (English),4,Jurassic World: Chaos Theory,Jurassic World: Chaos Theory: Season 1,20200000,3.933300018310547,5100000.0,2
2024-06-02,TV (English),5,Bridgerton,Bridgerton: Season 2,34000000,8.5,4000000.0,18
2024-06-02,TV (English),6,Bridgerton,Bridgerton: Season 1,32500000,8.199999809265137,4000000.0,12
2024-06-02,TV (English),7,Geek Girl,Geek Girl: Season 1,18900000,5.633299827575684,3400000.0,1
2024-06-02,TV (English),8,Tires,Tires: Season 1,7000000,2.25,3100000.0,2
2024-06-02,TV (English),9,Queen Charlotte: A Bridgerton Story,N/A,20100000,6.48330020904541,3100000.0,8
2024-06-02,TV (English),10,Baby Reindeer,Baby Reindeer: Limited Series,11300000,3.9667000770568848,2800000.0,8
2024-06-02,TV (Non-English),1,Raising Voices,Raising Voices: Limited Series,29200000,6.050000190734863,4800000.0,1
2024-06-02,TV (Non-English),2,The 8 Show,The 8 Show: Limited Series,19300000,6.98330020904541,2800000.0,3
2024-06-02,TV (Non-English),3,Demon Slayer: Kimetsu no Yaiba,Demon Slayer: Kimetsu no Yaiba: Hashira Training Arc,3300000,0.0,2100000.0,3
2024-06-02,TV (Non-English),4,The Atypical Family,The Atypical Family: Limited Series,17400000,0.0,2100000.0,4
2024-06-02,TV (Non-English),5,"Thank You, Next","Thank You, Next: Season 1",9700000,5.866700172424316,1700000.0,4
2024-06-02,TV (Non-English),6,Franco Escamilla: Ladies' man,N/A,2000000,1.2166999578475952,1600000.0,2
2024-06-02,TV (Non-English),7,The Life You Wanted,The Life You Wanted: Limited Series,7500000,4.866700172424316,1500000.0,1
2024-06-02,TV (Non-English),8,The Asunta Case,The Asunta Case: Limited Series,6500000,5.4166998863220215,1200000.0,6
2024-06-02,TV (Non-English),9,Garouden: The Way of the Lone Wolf,Garouden: The Way of the Lone Wolf: Season 1,4100000,3.450000047683716,1200000.0,2
2024-06-02,TV (Non-English),10,Queen of Tears,Queen of Tears: Limited Series,24600000,23.36669921875,1100000.0,13
2024-05-26,TV (English),1,Bridgerton,Bridgerton: Season 3,92800000,3.6666998863220215,25300000.0,2
2024-05-26,TV (English),2,Bridgerton,Bridgerton: Season 1,52700000,8.199999809265137,6400000.0,11
2024-05-26,TV (English),3,"Ashley Madison: Sex, Lies & Scandal","Ashley Madison: Sex, Lies & Scandal: Season 1",16300000,2.5999999046325684,6300000.0,2
2024-05-26,TV (English),4,Bridgerton,Bridgerton: Season 2,44700000,8.5,5300000.0,17
2024-05-26,TV (English),5,Baby Reindeer,Baby Reindeer: Limited Series,17700000,3.9667000770568848,4500000.0,7
2024-05-26,TV (English),6,Jurassic World: Chaos Theory,Jurassic World: Chaos Theory: Season 1,15000000,3.933300018310547,3800000.0,1
2024-05-26,TV (English),7,Tires,Tires: Season 1,8500000,2.25,3800000.0,1
2024-05-26,TV (English),8,Queen Charlotte: A Bridgerton Story,N/A,20400000,6.48330020904541,3100000.0,7
2024-05-26,TV (English),9,Bodkin,Bodkin: Season 1,11200000,5.800000190734863,1900000.0,3
2024-05-26,TV (English),10,Buying London,Buying London: Season 1,8000000,4.199999809265137,1900000.0,1
2024-05-26,TV (Non-English),1,The 8 Show,The 8 Show: Limited Series,33200000,6.98330020904541,4800000.0,2
2024-05-26,TV (Non-English),2,Demon Slayer: Kimetsu no Yaiba,Demon Slayer: Kimetsu no Yaiba: Hashira Training Arc,3200000,1.2166999578475952,2600000.0,2
2024-05-26,TV (Non-English),3,"Thank You, Next","Thank You, Next: Season 1",14400000,5.866700172424316,2500000.0,3
2024-05-26,TV (Non-English),4,Franco Escamilla: Ladies' man,N/A,2300000,1.2166999578475952,1900000.0,1
2024-05-26,TV (Non-English),5,The Asunta Case,The Asunta Case: Limited Series,10200000,5.4166998863220215,1900000.0,5
2024-05-26,TV (Non-English),6,The Atypical Family,The Atypical Family: Limited Series,12200000,0.0,1600000.0,3
2024-05-26,TV (Non-English),7,Heeramandi: The Diamond Bazaar,Heeramandi: The Diamond Bazaar: Season 1,11300000,7.316699981689453,1500000.0,4
2024-05-26,TV (Non-English),8,Queen of Tears,Queen of Tears: Limited Series,30700000,23.36669921875,1300000.0,12
2024-05-26,TV (Non-English),9,Garouden: The Way of the Lone Wolf,Garouden: The Way of the Lone Wolf: Season 1,4000000,3.450000047683716,1200000.0,1
2024-05-26,TV (Non-English),10,Maestro in Blue,Maestro in Blue: Season 2,6200000,6.566699981689453,900000.0,1
2024-05-19,TV (English),1,Bridgerton,Bridgerton: Season 3,165200000,3.6666998863220215,45100000.0,1
2024-05-19,TV (English),2,"Ashley Madison: Sex, Lies & Scandal","Ashley Madison: Sex, Lies & Scandal: Season 1",24600000,2.5999999046325684,9500000.0,1
2024-05-19,TV (English),3,Baby Reindeer,Baby Reindeer: Limited Series,29500000,3.9667000770568848,7400000.0,6
2024-05-19,TV (English),4,Bridgerton,Bridgerton: Season 1,37300000,8.199999809265137,4500000.0,10
2024-05-19,TV (English),5,Kevin Hart: The Kennedy Center Mark Twain Prize for American Humor,N/A,5400000,1.3166999816894531,4100000.0,1
2024-05-19,TV (English),6,Bodkin,Bodkin: Season 1,23300000,5.800000190734863,4000000.0,2
2024-05-19,TV (English),7,The Roast of Tom Brady,N/A,10500000,3.066699981689453,3400000.0,3
2024-05-19,TV (English),8,Bridgerton,Bridgerton: Season 2,27700000,8.5,3300000.0,16
2024-05-19,TV (English),9,A Man in Full,A Man in Full: Limited Series,10900000,4.466700077056885,2400000.0,3
2024-05-19,TV (English),10,Blood of Zeus,Blood of Zeus: Season 2,7400000,4.01669979095459,1800000.0,1
2024-05-19,TV (Non-English),1,Demon Slayer: Kimetsu no Yaiba,Demon Slayer: Kimetsu no Yaiba: Hashira Training Arc,4400000,0.8166999816894531,5400000.0,1
2024-05-19,TV (Non-English),2,"Thank You, Next","Thank You, Next: Season 1",29900000,5.866700172424316,5100000.0,2
2024-05-19,TV (Non-English),3,Cooking Up Murder: Uncovering the Story of César Román,Cooking Up Murder: Uncovering the Story of César Román: Limited Series,7100000,2.4667000770568848,2900000.0,2
2024-05-19,TV (Non-English),4,The Asunta Case,The Asunta Case: Limited Series,15300000,5.4166998863220215,2800000.0,4
2024-05-19,TV (Non-English),5,Heeramandi: The Diamond Bazaar,Heeramandi: The Diamond Bazaar: Season 1,17300000,7.316699981689453,2400000.0,3
2024-05-19,TV (Non-English),6,Queen of Tears,Queen of Tears: Limited Series,43100000,23.36669921875,1800000.0,11
2024-05-19,TV (Non-English),7,The 8 Show,The 8 Show: Limited Series,11900000,6.98330020904541,1700000.0,1
2024-05-19,TV (Non-English),8,The Atypical Family,The Atypical Family: Limited Series,9800000,0.0,1500000.0,2
2024-05-19,TV (Non-English),9,Kaiju No. 8,Kaiju No. 8: Season 1,1900000,2.3666999340057373,800000.0,1
2024-05-19,TV (Non-English),10,Dr.STONE,Dr.STONE: Season 2,3200000,4.400000095367432,700000.0,1
2024-05-12,TV (English),1,The Roast of Tom Brady,N/A,42200000,3.066699981689453,13800000.0,2
2024-05-12,TV (English),2,Baby Reindeer,Baby Reindeer: Limited Series,45400000,3.9667000770568848,11400000.0,5
2024-05-12,TV (English),3,A Man in Full,A Man in Full: Limited Series,29800000,4.466700077056885,6700000.0,2
2024-05-12,TV (English),4,Katt Williams: Woke Foke,N/A,4400000,1.0333000421524048,4300000.0,2
2024-05-12,TV (English),5,Bodkin,Bodkin: Season 1,18900000,5.800000190734863,3300000.0,1
2024-05-12,TV (English),6,Selling The OC,Selling The OC: Season 3,12600000,4.633299827575684,2700000.0,2
2024-05-12,TV (English),7,Dead Boy Detectives,Dead Boy Detectives: Season 1,13300000,7.26669979095459,1800000.0,3
2024-05-12,TV (English),8,Bridgerton,Bridgerton: Season 1,13600000,8.199999809265137,1700000.0,9
2024-05-12,TV (English),9,Bridgerton,Bridgerton: Season 2,12000000,8.5,1400000.0,15
2024-05-12,TV (English),10,The Gentlemen,The Gentlemen: Season 1,9100000,6.683300018310547,1400000.0,10
2024-05-12,TV (Non-English),1,The Asunta Case,The Asunta Case: Limited Series,28600000,5.4166998863220215,5300000.0,3
2024-05-12,TV (Non-English),2,Heeramandi: The Diamond Bazaar,Heeramandi: The Diamond Bazaar: Season 1,29300000,7.316699981689453,4000000.0,2
2024-05-12,TV (Non-English),3,"Thank You, Next","Thank You, Next: Season 1",21300000,5.866700172424316,3600000.0,1
2024-05-12,TV (Non-English),4,Queen of Tears,Queen of Tears: Limited Series,58700000,23.36669921875,2500000.0,10
2024-05-12,TV (Non-English),5,Cooking Up Murder: Uncovering the Story of César Román,Cooking Up Murder: Uncovering the Story of César Román: Limited Series,5500000,2.4667000770568848,2200000.0,1
2024-05-12,TV (Non-English),6,The Atypical Family,The Atypical Family: Limited Series,7600000,0.0,2000000.0,1
2024-05-12,TV (Non-English),7,Larva in Mars,Larva in Mars: Larva In Mars,1200000,0.96670001745224,1200000.0,1
2024-05-12,TV (Non-English),8,Super Rich in Korea,Super Rich in Korea: Season 1,3300000,2.983299970626831,1100000.0,1
2024-05-12,TV (Non-English),9,Jujutsu Kaisen,Jujutsu Kaisen: Season 1,9200000,9.5,1000000.0,1
2024-05-12,TV (Non-English),10,Frankly Speaking,Frankly Speaking: Limited Series,3900000,4.099999904632568,1000000.0,2
2024-05-05,TV (English),1,Baby Reindeer,Baby Reindeer: Limited Series,73600000,3.9667000770568848,18600000.0,4
2024-05-05,TV (English),2,A Man in Full,A Man in Full: Limited Series,28000000,4.466700077056885,6300000.0,1
2024-05-05,TV (English),3,Dead Boy Detectives,Dead Boy Detectives: Season 1,34100000,7.26669979095459,4700000.0,2
2024-05-05,TV (English),4,Katt Williams: Woke Foke,N/A,4100000,1.0333000421524048,4000000.0,1
2024-05-05,TV (English),5,Selling The OC,Selling The OC: Season 3,10300000,4.633299827575684,2200000.0,1
2024-05-05,TV (English),6,The Roast of Tom Brady,N/A,6200000,3.066699981689453,2000000.0,1
2024-05-05,TV (English),7,The Gentlemen,The Gentlemen: Season 1,11700000,6.683300018310547,1800000.0,9
2024-05-05,TV (English),8,CoComelon Lane,CoComelon Lane: Season 2,3400000,2.0999999046325684,1600000.0,2
2024-05-05,TV (English),9,3 Body Problem,3 Body Problem: Season 1,11400000,7.400000095367432,1500000.0,7
2024-05-05,TV (English),10,Unlocked: A Jail Experiment,Unlocked: A Jail Experiment: Season 1,6800000,5.51669979095459,1200000.0,4
2024-05-05,TV (Non-English),1,The Asunta Case,The Asunta Case: Limited Series,64700000,5.4166998863220215,11900000.0,2
2024-05-05,TV (Non-English),2,Heeramandi: The Diamond Bazaar,Heeramandi: The Diamond Bazaar: Season 1,33000000,7.316699981689453,4500000.0,1
2024-05-05,TV (Non-English),3,Queen of Tears,Queen of Tears: Limited Series,87500000,0.0,4100000.0,9
2024-05-05,TV (Non-English),4,Deliver Me,Deliver Me: Limited Series,8400000,3.75,2200000.0,2
2024-05-05,TV (Non-English),5,Goodbye Earth,Goodbye Earth: Limited Series,20200000,11.800000190734863,1700000.0,2
2024-05-05,TV (Non-English),6,Anthracite,Anthracite: Secrets of the Sect,7000000,4.949999809265137,1400000.0,4
2024-05-05,TV (Non-English),7,Fiasco,Fiasco: Limited Series,6000000,4.349999904632568,1400000.0,1
2024-05-05,TV (Non-English),8,Frankly Speaking,Frankly Speaking: Limited Series,2500000,2.049999952316284,1200000.0,1
2024-05-05,TV (Non-English),9,Brigands: The Quest for Gold,Brigands: The Quest for Gold: Season 1,5600000,5.099999904632568,1100000.0,2
2024-05-05,TV (Non-English),10,The Great Indian Kapil Show,The Great Indian Kapil Show: Season 1,5400000,5.199999809265137,1000000.0,5
2024-04-28,TV (English),1,Baby Reindeer,Baby Reindeer: Limited Series,87400000,3.9667000770568848,22000000.0,3
2024-04-28,TV (English),2,Dead Boy Detectives,Dead Boy Detectives: Season 1,22200000,7.26669979095459,3100000.0,1
2024-04-28,TV (English),3,Unlocked: A Jail Experiment,Unlocked: A Jail Experiment: Season 1,13600000,5.51669979095459,2500000.0,3
2024-04-28,TV (English),4,CoComelon Lane,CoComelon Lane: Season 2,4800000,2.0999999046325684,2300000.0,1
2024-04-28,TV (English),5,The Gentlemen,The Gentlemen: Season 1,15100000,6.683300018310547,2300000.0,8
2024-04-28,TV (English),6,3 Body Problem,3 Body Problem: Season 1,16000000,7.400000095367432,2200000.0,6
2024-04-28,TV (English),7,Our Living World,Our Living World: Limited Series,6400000,3.3499999046325684,1900000.0,2
2024-04-28,TV (English),8,The Circle,The Circle: Season 6,12200000,6.599999904632568,1800000.0,2
2024-04-28,TV (English),9,Heartbreak High,Heartbreak High: Season 2,12000000,6.783299922943115,1800000.0,3
2024-04-28,TV (English),10,Bad Dinosaurs,Bad Dinosaurs: Season 1,4600000,2.8333001136779785,1600000.0,5
2024-04-28,TV (Non-English),1,The Asunta Case,The Asunta Case: Limited Series,29400000,5.4166998863220215,5400000.0,1
2024-04-28,TV (Non-English),2,Queen of Tears,Queen of Tears: Limited Series,85600000,0.0,4100000.0,8
2024-04-28,TV (Non-English),3,Brigands: The Quest for Gold,Brigands: The Quest for Gold: Season 1,13700000,5.099999904632568,2700000.0,1
2024-04-28,TV (Non-English),4,Deliver Me,Deliver Me: Limited Series,9800000,3.75,2600000.0,1
2024-04-28,TV (Non-English),5,Anthracite,Anthracite: Secrets of the Sect,12100000,4.949999809265137,2400000.0,3
2024-04-28,TV (Non-English),6,Parasyte: The Grey,Parasyte: The Grey: Limited Series,9100000,5.0,1800000.0,4
2024-04-28,TV (Non-English),7,Crooks,Crooks: Season 1,12200000,7.066699981689453,1700000.0,4
2024-04-28,TV (Non-English),8,Midsummer Night,Midsummer Night: Limited Series,4200000,2.549999952316284,1600000.0,3
2024-04-28,TV (Non-English),9,Goodbye Earth,Goodbye Earth: Limited Series,17700000,11.800000190734863,1500000.0,1
2024-04-28,TV (Non-English),10,The Hijacking of Flight 601,The Hijacking of Flight 601: Season 1,6700000,5.25,1300000.0,3
2024-04-21,TV (English),1,Baby Reindeer,Baby Reindeer: Limited Series,52800000,3.9667000770568848,13300000.0,2
2024-04-21,TV (English),2,Unlocked: A Jail Experiment,Unlocked: A Jail Experiment: Season 1,27800000,5.51669979095459,5000000.0,2
2024-04-21,TV (English),3,3 Body Problem,3 Body Problem: Season 1,24000000,7.400000095367432,3200000.0,5
2024-04-21,TV (English),4,Our Living World,Our Living World: Limited Series,10700000,3.3499999046325684,3200000.0,1
2024-04-21,TV (English),5,Heartbreak High,Heartbreak High: Season 2,20000000,6.783299922943115,2900000.0,2
2024-04-21,TV (English),6,The Gentlemen,The Gentlemen: Season 1,19100000,6.683300018310547,2900000.0,7
2024-04-21,TV (English),7,Bad Dinosaurs,Bad Dinosaurs: Season 1,6600000,2.8333001136779785,2300000.0,4
2024-04-21,TV (English),8,Jimmy Carr: Natural Born Killer,N/A,2300000,1.0,2300000.0,1
2024-04-21,TV (English),9,The Circle,The Circle: Season 6,6600000,3.25,2000000.0,1
2024-04-21,TV (English),10,CoComelon Lane,CoComelon Lane: Season 1,5800000,3.9166998863220215,1500000.0,6
2024-04-21,TV (Non-English),1,Anthracite,Anthracite: Secrets of the Sect,25400000,4.949999809265137,5100000.0,2
2024-04-21,TV (Non-English),2,Midsummer Night,Midsummer Night: Limited Series,12700000,2.549999952316284,5000000.0,2
2024-04-21,TV (Non-English),3,Queen of Tears,Queen of Tears: Limited Series,75300000,0.0,4800000.0,7
2024-04-21,TV (Non-English),4,Parasyte: The Grey,Parasyte: The Grey: Limited Series,19500000,5.0,3900000.0,3
2024-04-21,TV (Non-English),5,The Hijacking of Flight 601,The Hijacking of Flight 601: Season 1,16700000,5.25,3200000.0,2
2024-04-21,TV (Non-English),6,Crooks,Crooks: Season 1,19700000,7.066699981689453,2800000.0,3
2024-04-21,TV (Non-English),7,As the Crow Flies,As the Crow Flies: Season 3,11900000,6.550000190734863,1800000.0,2
2024-04-21,TV (Non-English),8,The Great Indian Kapil Show,The Great Indian Kapil Show: Season 1,3900000,3.25,1200000.0,4
2024-04-21,TV (Non-English),9,The Grimm Variations,The Grimm Variations: Season 1,4600000,4.199999809265137,1100000.0,1
2024-04-21,TV (Non-English),10,Don't Hate the Player,Don't Hate the Player: Season 1,3000000,2.799999952316284,1100000.0,1
2024-04-14,TV (English),1,3 Body Problem,3 Body Problem: Season 1,35500000,7.400000095367432,4800000.0,4
2024-04-14,TV (English),2,Unlocked: A Jail Experiment,Unlocked: A Jail Experiment: Season 1,21600000,5.51669979095459,3900000.0,1
2024-04-14,TV (English),3,The Gentlemen,The Gentlemen: Season 1,24500000,6.683300018310547,3700000.0,6
2024-04-14,TV (English),4,Bad Dinosaurs,Bad Dinosaurs: Season 1,8700000,2.8333001136779785,3100000.0,3
2024-04-14,TV (English),5,Baby Reindeer,Baby Reindeer: Limited Series,10400000,3.9667000770568848,2600000.0,1
2024-04-14,TV (English),6,RIPLEY,RIPLEY: Limited Series,18400000,7.48330020904541,2500000.0,2
2024-04-14,TV (English),7,Heartbreak High,Heartbreak High: Season 2,15800000,6.783299922943115,2300000.0,1
2024-04-14,TV (English),8,Files of the Unexplained,Files of the Unexplained: Season 1,10600000,4.8333001136779785,2200000.0,2
2024-04-14,TV (English),9,Testament: The Story of Moses,Testament: The Story of Moses: Season 1,9000000,4.26669979095459,2100000.0,3
2024-04-14,TV (English),10,I Woke Up A Vampire,I Woke Up A Vampire: Season 2,5600000,3.433300018310547,1600000.0,1
2024-04-14,TV (Non-English),1,Parasyte: The Grey,Parasyte: The Grey: Limited Series,49000000,5.0,9800000.0,2
2024-04-14,TV (Non-English),2,Crooks,Crooks: Season 1,35400000,7.066699981689453,5000000.0,2
2024-04-14,TV (Non-English),3,Queen of Tears,Queen of Tears: Limited Series,64800000,0.0,4400000.0,6
2024-04-14,TV (Non-English),4,Anthracite,Anthracite: Secrets of the Sect,20700000,4.949999809265137,4200000.0,1
2024-04-14,TV (Non-English),5,The Hijacking of Flight 601,The Hijacking of Flight 601: Season 1,18100000,5.25,3400000.0,1
2024-04-14,TV (Non-English),6,Midsummer Night,Midsummer Night: Limited Series,6800000,2.549999952316284,2700000.0,1
2024-04-14,TV (Non-English),7,The Great Indian Kapil Show,The Great Indian Kapil Show: Season 1,4100000,2.4166998863220215,1700000.0,3
2024-04-14,TV (Non-English),8,As the Crow Flies,As the Crow Flies: Season 3,11000000,6.550000190734863,1700000.0,1
2024-04-14,TV (Non-English),9,Between Lands,Between Lands: Season 1,12900000,8.683300018310547,1500000.0,3
2024-04-14,TV (Non-English),10,Crime Scene Berlin: Nightlife Killer,Crime Scene Berlin: Nightlife Killer: Season 1,2600000,1.7833000421524048,1500000.0,2
2024-04-07,TV (English),1,3 Body Problem,3 Body Problem: Season 1,61300000,7.400000095367432,8300000.0,3
2024-04-07,TV (English),2,Testament: The Story of Moses,Testament: The Story of Moses: Season 1,24200000,4.26669979095459,5700000.0,2
2024-04-07,TV (English),3,The Gentlemen,The Gentlemen: Season 1,37300000,6.683300018310547,5600000.0,5
2024-04-07,TV (English),4,Files of the Unexplained,Files of the Unexplained: Season 1,21400000,4.8333001136779785,4400000.0,1
2024-04-07,TV (English),5,Bad Dinosaurs,Bad Dinosaurs: Season 1,11900000,2.8333001136779785,4200000.0,2
2024-04-07,TV (English),6,Sex and the City,Sex and the City: Season 1,12300000,4.949999809265137,2500000.0,1
2024-04-07,TV (English),7,Is It Cake?,Is It Cake?: Season 3,14200000,5.76669979095459,2500000.0,1
2024-04-07,TV (English),8,RIPLEY,RIPLEY: Limited Series,16900000,7.48330020904541,2300000.0,1
2024-04-07,TV (English),9,THE MAGIC PRANK SHOW with Justin Willman,THE MAGIC PRANK SHOW with Justin Willman: Season 1,5700000,2.8666999340057373,2000000.0,1
2024-04-07,TV (English),10,Together: Treble Winners,Together: Treble Winners: Limited Series,8300000,4.51669979095459,1800000.0,1
2024-04-07,TV (Non-English),1,Parasyte: The Grey,Parasyte: The Grey: Limited Series,31500000,5.0,6300000.0,1
2024-04-07,TV (Non-English),2,Queen of Tears,Queen of Tears: Limited Series,53700000,0.0,4300000.0,5
2024-04-07,TV (Non-English),3,Crooks,Crooks: Season 1,20100000,7.066699981689453,2800000.0,1
2024-04-07,TV (Non-English),4,Physical: 100,Physical: 100: Season 2,27800000,10.383299827575684,2700000.0,3
2024-04-07,TV (Non-English),5,The Great Indian Kapil Show,The Great Indian Kapil Show: Season 1,4600000,1.766700029373169,2600000.0,2
2024-04-07,TV (Non-English),6,Between Lands,Between Lands: Season 1,20100000,8.683300018310547,2300000.0,2
2024-04-07,TV (Non-English),7,Crime Scene Berlin: Nightlife Killer,Crime Scene Berlin: Nightlife Killer: Season 1,3200000,1.7833000421524048,1800000.0,1
2024-04-07,TV (Non-English),8,SPY x FAMILY,SPY x FAMILY: Season 1,12900000,10.08329963684082,1300000.0,2
2024-04-07,TV (Non-English),9,Bandidos,Bandidos: Season 1,5700000,5.3333001136779785,1100000.0,4
2024-04-07,TV (Non-English),10,Furies,Furies: Season 1:,6300000,6.0,1100000.0,6
2024-03-31,TV (English),1,3 Body Problem,3 Body Problem: Season 1,115600000,7.400000095367432,15600000.0,2
2024-03-31,TV (English),2,Testament: The Story of Moses,Testament: The Story of Moses: Season 1,57400000,4.26669979095459,13500000.0,1
2024-03-31,TV (English),3,The Gentlemen,The Gentlemen: Season 1,51900000,6.683300018310547,7800000.0,4
2024-03-31,TV (English),4,Homicide,Homicide: New York: Season 1,21100000,4.51669979095459,4700000.0,2
2024-03-31,TV (English),5,Avatar: The Last Airbender,Avatar: The Last Airbender: Season 1,17200000,7.25,2400000.0,6
2024-03-31,TV (English),6,Gabby's Dollhouse,Gabby's Dollhouse: Season 9,5500000,2.433300018310547,2300000.0,1
2024-03-31,TV (English),7,Bad Dinosaurs,Bad Dinosaurs: Season 1,5600000,2.8333001136779785,2000000.0,1
2024-03-31,TV (English),8,Buying Beverly Hills,Buying Beverly Hills: Season 2,15200000,7.900000095367432,1900000.0,1
2024-03-31,TV (English),9,Hot Wheels Let's Race,Hot Wheels Let's Race: Season 1,7600000,4.033299922943115,1900000.0,4
2024-03-31,TV (English),10,Dave Attell: Hot Cross Buns,N/A,1000000,0.666700005531311,1500000.0,1
2024-03-31,TV (Non-English),1,Queen of Tears,Queen of Tears: Limited Series,41400000,0.0,4300000.0,4
2024-03-31,TV (Non-English),2,Physical: 100,Physical: 100: Season 2,30900000,7.3333001136779785,4200000.0,2
2024-03-31,TV (Non-English),3,The Great Indian Kapil Show,The Great Indian Kapil Show: Season 1,2400000,0.949999988079071,2500000.0,1
2024-03-31,TV (Non-English),4,Bandidos,Bandidos: Season 1,12000000,5.3333001136779785,2300000.0,3
2024-03-31,TV (Non-English),5,Iron Reign,Iron Reign: Season 1,15400000,8.33329963684082,1800000.0,3
2024-03-31,TV (Non-English),6,SPY x FAMILY,SPY x FAMILY: Season 1,16700000,10.08329963684082,1700000.0,1
2024-03-31,TV (Non-English),7,Between Lands,Between Lands: Season 1,14300000,8.683300018310547,1600000.0,1
2024-03-31,TV (Non-English),8,Furies,Furies: Season 1:,9100000,6.0,1500000.0,5
2024-03-31,TV (Non-English),9,My Hero Academia,My Hero Academia: Season 1,7800000,0.0,1500000.0,1
2024-03-31,TV (Non-English),10,The Signal,The Signal: Limited Series,5600000,4.150000095367432,1300000.0,4
2024-03-24,TV (English),1,The Gentlemen,The Gentlemen: Season 1,78000000,6.683300018310547,11700000.0,3
2024-03-24,TV (English),2,3 Body Problem,3 Body Problem: Season 1,81700000,7.400000095367432,11000000.0,1
2024-03-24,TV (English),3,Homicide,Homicide: New York: Season 1,29700000,4.51669979095459,6600000.0,1
2024-03-24,TV (English),4,Avatar: The Last Airbender,Avatar: The Last Airbender: Season 1,24600000,7.25,3400000.0,5
2024-03-24,TV (English),5,Hot Wheels Let's Race,Hot Wheels Let's Race: Season 1,9500000,4.033299922943115,2400000.0,3
2024-03-24,TV (English),6,Monk,Monk: Season 1,18400000,9.350000381469727,2000000.0,1
2024-03-24,TV (English),7,Turning Point: The Bomb and the Cold War,Turning Point: The Bomb and the Cold War: Season 1,13700000,10.283300399780273,1300000.0,2
2024-03-24,TV (English),8,"The Program: Cons, Cults and Kidnapping","The Program: Cons, Cults and Kidnapping: Limited Series",4100000,3.200000047683716,1300000.0,3
2024-03-24,TV (English),9,Fool Me Once,Fool Me Once: Limited Series,8100000,6.4166998863220215,1300000.0,8
2024-03-24,TV (English),10,One Day,One Day: Limited Series,8400000,6.6666998863220215,1300000.0,7
2024-03-24,TV (Non-English),1,Physical: 100,Physical: 100: Season 2,25300000,4.116700172424316,6100000.0,1
2024-03-24,TV (Non-English),2,Bandidos,Bandidos: Season 1,25700000,5.3333001136779785,4800000.0,2
2024-03-24,TV (Non-English),3,Iron Reign,Iron Reign: Season 1,37100000,8.33329963684082,4500000.0,2
2024-03-24,TV (Non-English),4,Queen of Tears,Queen of Tears: Limited Series,30000000,0.0,4200000.0,3
2024-03-24,TV (Non-English),5,The Signal,The Signal: Limited Series,9400000,4.150000095367432,2300000.0,3
2024-03-24,TV (Non-English),6,The Outreau Case: A French Nightmare,The Outreau Case: A French Nightmare: Limited Series,5600000,3.049999952316284,1800000.0,2
2024-03-24,TV (Non-English),7,Furies,Furies: Season 1:,10800000,6.0,1800000.0,4
2024-03-24,TV (Non-English),8,Doctor Slump,Doctor Slump: Limited Series,25600000,0.0,1700000.0,9
2024-03-24,TV (Non-English),9,Young Royals,Young Royals: Season 3,7800000,4.900000095367432,1600000.0,2
2024-03-24,TV (Non-English),10,Chicken Nugget,Chicken Nugget: Limited Series,6600000,5.349999904632568,1200000.0,1
2024-03-17,TV (English),1,The Gentlemen,The Gentlemen: Season 1,134200000,6.683300018310547,20100000.0,2
2024-03-17,TV (English),2,Avatar: The Last Airbender,Avatar: The Last Airbender: Season 1,37500000,7.25,5200000.0,4
2024-03-17,TV (English),3,"The Program: Cons, Cults and Kidnapping","The Program: Cons, Cults and Kidnapping: Limited Series",10600000,3.200000047683716,3300000.0,2
2024-03-17,TV (English),4,Hot Wheels Let's Race,Hot Wheels Let's Race: Season 1,13200000,4.033299922943115,3300000.0,2
2024-03-17,TV (English),5,Love Is Blind,Love Is Blind: S6: Charlotte,45600000,14.316699981689453,3200000.0,5
2024-03-17,TV (English),6,Turning Point: The Bomb and the Cold War,Turning Point: The Bomb and the Cold War: Season 1,20300000,10.283300399780273,2000000.0,1
2024-03-17,TV (English),7,One Day,One Day: Limited Series,12700000,6.6666998863220215,1900000.0,6
2024-03-17,TV (English),8,Blown Away,Blown Away: Season 4,7600000,5.216700077056885,1500000.0,1
2024-03-17,TV (English),9,Steve Treviño: Simple Man,N/A,1200000,0.949999988079071,1300000.0,1
2024-03-17,TV (English),10,Resident Alien,Resident Alien: Season 1,9300000,7.550000190734863,1200000.0,5
2024-03-17,TV (Non-English),1,The Signal,The Signal: Limited Series,28700000,4.150000095367432,6900000.0,2
2024-03-17,TV (Non-English),2,Bandidos,Bandidos: Season 1,27800000,5.3333001136779785,5200000.0,1
2024-03-17,TV (Non-English),3,Queen of Tears,Queen of Tears: Limited Series,19100000,5.633299827575684,3400000.0,2
2024-03-17,TV (Non-English),4,Furies,Furies: Season 1:,20300000,6.0,3400000.0,3
2024-03-17,TV (Non-English),5,Young Royals,Young Royals: Season 3,11500000,3.950000047683716,2900000.0,1
2024-03-17,TV (Non-English),6,Iron Reign,Iron Reign: Season 1,20200000,8.33329963684082,2400000.0,1
2024-03-17,TV (Non-English),7,Supersex,Supersex: Limited Series,14000000,5.9166998863220215,2400000.0,2
2024-03-17,TV (Non-English),8,Doctor Slump,Doctor Slump: Limited Series,26300000,0.0,1900000.0,8
2024-03-17,TV (Non-English),9,The Outreau Case: A French Nightmare,The Outreau Case: A French Nightmare: Limited Series,4400000,3.049999952316284,1400000.0,1
2024-03-17,TV (Non-English),10,Wrong Side of the Tracks,Wrong Side of the Tracks: Season 3,13800000,9.883299827575684,1400000.0,4
2024-03-10,TV (English),1,The Gentlemen,The Gentlemen: Season 1,81500000,6.683300018310547,12200000.0,1
2024-03-10,TV (English),2,Avatar: The Last Airbender,Avatar: The Last Airbender: Season 1,65700000,7.25,9100000.0,3
2024-03-10,TV (English),3,"The Program: Cons, Cults and Kidnapping","The Program: Cons, Cults and Kidnapping: Limited Series",22700000,3.200000047683716,7100000.0,1
2024-03-10,TV (English),4,Hot Wheels Let's Race,Hot Wheels Let's Race: Season 1,16300000,4.033299922943115,4000000.0,1
2024-03-10,TV (English),5,Love Is Blind,Love Is Blind: S6: Charlotte,43800000,12.699999809265137,3400000.0,4
2024-03-10,TV (English),6,One Day,One Day: Limited Series,20400000,6.6666998863220215,3100000.0,5
2024-03-10,TV (English),7,American Conspiracy: The Octopus Murders,American Conspiracy: The Octopus Murders: Season 1,8900000,3.733299970626831,2400000.0,2
2024-03-10,TV (English),8,Blood & Water,Blood & Water: Season 4,10500000,4.6666998863220215,2200000.0,1
2024-03-10,TV (English),9,Resident Alien,Resident Alien: Season 1,16200000,7.550000190734863,2100000.0,4
2024-03-10,TV (English),10,The Tourist,The Tourist: Season 2,11300000,5.75,2000000.0,1
2024-03-10,TV (Non-English),1,Furies,Furies: Season 1:,47500000,6.0,7900000.0,2
2024-03-10,TV (Non-English),2,The Signal,The Signal: Limited Series,20500000,4.150000095367432,4900000.0,1
2024-03-10,TV (Non-English),3,Supersex,Supersex: Limited Series,19200000,5.9166998863220215,3200000.0,1
2024-03-10,TV (Non-English),4,Wrong Side of the Tracks,Wrong Side of the Tracks: Season 3,23100000,9.883299827575684,2300000.0,3
2024-03-10,TV (Non-English),5,Doctor Slump,Doctor Slump: Limited Series,24200000,0.0,2200000.0,7
2024-03-10,TV (Non-English),6,Maamla Legal Hai,Maamla Legal Hai: Season 1,8500000,4.199999809265137,2000000.0,2
2024-03-10,TV (Non-English),7,Queen of Tears,Queen of Tears: Limited Series,3300000,2.75,1200000.0,1
2024-03-10,TV (Non-English),8,House of Ninjas,House of Ninjas: Season 1,7800000,7.116700172424316,1100000.0,4
2024-03-10,TV (Non-English),9,Wrong Side of the Tracks,Wrong Side of the Tracks: Season 1,9500000,9.633299827575684,1000000.0,10
2024-03-10,TV (Non-English),10,Wrong Side of the Tracks,Wrong Side of the Tracks: Season 2,9000000,9.649999618530273,900000.0,6
2024-03-03,TV (English),1,Avatar: The Last Airbender,Avatar: The Last Airbender: Season 1,144200000,7.25,19900000.0,2
2024-03-03,TV (English),2,Love Is Blind,Love Is Blind: S6: Charlotte,57500000,11.16670036315918,5100000.0,3
2024-03-03,TV (English),3,One Day,One Day: Limited Series,32300000,6.6666998863220215,4800000.0,4
2024-03-03,TV (English),4,American Conspiracy: The Octopus Murders,American Conspiracy: The Octopus Murders: Season 1,14500000,3.733299970626831,3900000.0,1
2024-03-03,TV (English),5,Formula 1: Drive to Survive,Formula 1: Drive to Survive: Season 6,28100000,7.466700077056885,3800000.0,2
2024-03-03,TV (English),6,Can I Tell You A Secret?,Can I Tell You A Secret?: Limited Series,4600000,1.7000000476837158,2700000.0,2
2024-03-03,TV (English),7,The Indrani Mukerjea Story: Buried Truth,The Indrani Mukerjea Story: Buried Truth: Season 1,6900000,3.066699981689453,2200000.0,1
2024-03-03,TV (English),8,Griselda,Griselda: Limited Series,10000000,5.533299922943115,1800000.0,6
2024-03-03,TV (English),9,Warrior,Warrior: Season 1,14400000,8.100000381469727,1800000.0,3
2024-03-03,TV (English),10,Resident Alien,Resident Alien: Season 1,13200000,7.550000190734863,1700000.0,3
2024-03-03,TV (Non-English),1,Wrong Side of the Tracks,Wrong Side of the Tracks: Season 3,40000000,9.883299827575684,4000000.0,2
2024-03-03,TV (Non-English),2,Furies,Furies: Season 1:,16200000,6.0,2700000.0,1
2024-03-03,TV (Non-English),3,Doctor Slump,Doctor Slump: Limited Series,21900000,0.0,2500000.0,6
2024-03-03,TV (Non-English),4,House of Ninjas,House of Ninjas: Season 1,14800000,7.116700172424316,2100000.0,3
2024-03-03,TV (Non-English),5,Wrong Side of the Tracks,Wrong Side of the Tracks: Season 1,15500000,9.633299827575684,1600000.0,9
2024-03-03,TV (Non-English),6,"Ready, Set, Love","Ready, Set, Love: Season 1",10500000,6.8333001136779785,1500000.0,2
2024-03-03,TV (Non-English),7,Maamla Legal Hai,Maamla Legal Hai: Season 1,4800000,4.199999809265137,1100000.0,1
2024-03-03,TV (Non-English),8,A Killer Paradox,A Killer Paradox: Season 1,8100000,7.1666998863220215,1100000.0,4
2024-03-03,TV (Non-English),9,AlRawabi School for Girls,AlRawabi School for Girls: Season 2,6600000,5.900000095367432,1100000.0,3
2024-03-03,TV (Non-English),10,The Mire,The Mire: Millennium,5400000,5.23330020904541,1000000.0,1
2024-02-25,TV (English),1,Avatar: The Last Airbender,Avatar: The Last Airbender: Season 1,153400000,7.25,21200000.0,1
2024-02-25,TV (English),2,One Day,One Day: Limited Series,50300000,6.6666998863220215,7500000.0,3
2024-02-25,TV (English),3,Love Is Blind,Love Is Blind: S6: Charlotte,67000000,8.98330020904541,7500000.0,2
2024-02-25,TV (English),4,Can I Tell You A Secret?,Can I Tell You A Secret?: Limited Series,11000000,1.7000000476837158,6500000.0,1
2024-02-25,TV (English),5,Griselda,Griselda: Limited Series,17300000,5.533299922943115,3100000.0,5
2024-02-25,TV (English),6,Warrior,Warrior: Season 1,25300000,8.100000381469727,3100000.0,2
2024-02-25,TV (English),7,Mike Epps: Ready to Sell Out,N/A,3100000,1.016700029373169,3000000.0,1
2024-02-25,TV (English),8,Formula 1: Drive to Survive,Formula 1: Drive to Survive: Season 6,21800000,7.466700077056885,2900000.0,1
2024-02-25,TV (English),9,Resident Alien,Resident Alien: Season 1,16400000,7.550000190734863,2200000.0,2
2024-02-25,TV (English),10,The Tourist,The Tourist: Season 1,11700000,5.699999809265137,2100000.0,4
2024-02-25,TV (Non-English),1,House of Ninjas,House of Ninjas: Season 1,32200000,7.116700172424316,4500000.0,2
2024-02-25,TV (Non-English),2,"Ready, Set, Love","Ready, Set, Love: Season 1",17500000,6.8333001136779785,2600000.0,1
2024-02-25,TV (Non-English),3,AlRawabi School for Girls,AlRawabi School for Girls: Season 2,14600000,5.900000095367432,2500000.0,2
2024-02-25,TV (Non-English),4,A Killer Paradox,A Killer Paradox: Season 1,15800000,7.1666998863220215,2200000.0,3
2024-02-25,TV (Non-English),5,"Good Morning, Verônica","Good Morning, Verônica: Season 3",5800000,2.8833000659942627,2000000.0,2
2024-02-25,TV (Non-English),6,Doctor Slump,Doctor Slump: Limited Series,16500000,0.0,2000000.0,5
2024-02-25,TV (Non-English),7,Alpha Males,Alpha Males: Season 2,9600000,5.949999809265137,1600000.0,3
2024-02-25,TV (Non-English),8,Wrong Side of the Tracks,Wrong Side of the Tracks: Season 3,15200000,9.883299827575684,1500000.0,1
2024-02-25,TV (Non-English),9,Luz: The Light of the Heart,Luz: The Light of the Heart: Season 1,12900000,11.383299827575684,1100000.0,2
2024-02-25,TV (Non-English),10,"Good Morning, Verônica","Good Morning, Verônica: Season 1",6400000,5.933300018310547,1100000.0,3
2024-02-18,TV (English),1,One Day,One Day: Limited Series,66300000,6.6666998863220215,9900000.0,2
2024-02-18,TV (English),2,Love Is Blind,Love Is Blind: S6: Charlotte,39500000,6.300000190734863,6300000.0,1
2024-02-18,TV (English),3,Griselda,Griselda: Limited Series,32000000,5.533299922943115,5800000.0,4
2024-02-18,TV (English),4,The Tourist,The Tourist: Season 1,28200000,5.699999809265137,4900000.0,3
2024-02-18,TV (English),5,Fool Me Once,Fool Me Once: Limited Series,15000000,6.4166998863220215,2300000.0,7
2024-02-18,TV (English),6,Taylor Tomlinson: Have It All,N/A,2600000,1.1167000532150269,2300000.0,1
2024-02-18,TV (English),7,American Nightmare,American Nightmare: Season 1,4900000,2.25,2200000.0,5
2024-02-18,TV (English),8,Warrior,Warrior: Season 1,14100000,8.100000381469727,1700000.0,1
2024-02-18,TV (English),9,Resident Alien,Resident Alien: Season 1,12700000,7.550000190734863,1700000.0,1
2024-02-18,TV (English),10,"House, M.D.","House, M.D.: Season 1",26700000,16.0,1700000.0,2
2024-02-18,TV (Non-English),1,A Killer Paradox,A Killer Paradox: Season 1,39500000,7.1666998863220215,5500000.0,2
2024-02-18,TV (Non-English),2,House of Ninjas,House of Ninjas: Season 1,29800000,7.116700172424316,4200000.0,1
2024-02-18,TV (Non-English),3,"Good Morning, Verônica","Good Morning, Verônica: Season 3",10200000,2.8833000659942627,3500000.0,1
2024-02-18,TV (Non-English),4,Alpha Males,Alpha Males: Season 2,15300000,5.949999809265137,2600000.0,2
2024-02-18,TV (Non-English),5,AlRawabi School for Girls,AlRawabi School for Girls: Season 2,11500000,5.900000095367432,1900000.0,1
2024-02-18,TV (Non-English),6,Doctor Slump,Doctor Slump: Limited Series,14800000,0.0,1800000.0,4
2024-02-18,TV (Non-English),7,Baby Bandito,Baby Bandito: Season 1,9400000,5.183300018310547,1800000.0,3
2024-02-18,TV (Non-English),8,Luz: The Light of the Heart,Luz: The Light of the Heart: Season 1,16300000,11.383299827575684,1400000.0,1
2024-02-18,TV (Non-English),9,Raël: The Alien Prophet,Raël: The Alien Prophet: Limited Series,4000000,3.0332999229431152,1300000.0,2
2024-02-18,TV (Non-English),10,Captivating the King,Captivating the King: Limited Series,15800000,0.0,1300000.0,4
2024-02-11,TV (English),1,Griselda,Griselda: Limited Series,56900000,5.533299922943115,10300000.0,3
2024-02-11,TV (English),2,The Tourist,The Tourist: Season 1,38700000,5.699999809265137,6800000.0,2
2024-02-11,TV (English),3,One Day,One Day: Limited Series,35200000,6.6666998863220215,5300000.0,1
2024-02-11,TV (English),4,Alexander: The Making of a God,Alexander: The Making of a God: Season 1,13700000,3.9166998863220215,3500000.0,2
2024-02-11,TV (English),5,Fool Me Once,Fool Me Once: Limited Series,21100000,6.4166998863220215,3300000.0,6
2024-02-11,TV (English),6,American Nightmare,American Nightmare: Season 1,6700000,2.25,3000000.0,4
2024-02-11,TV (English),7,"House, M.D.","House, M.D.: Season 1",36500000,16.0,2300000.0,1
2024-02-11,TV (English),8,Regular Show,Regular Show: Season 1,3600000,0.0,1600000.0,1
2024-02-11,TV (English),9,Young Sheldon,Young Sheldon: Season 6,10800000,7.133299827575684,1500000.0,2
2024-02-11,TV (English),10,Love on the Spectrum,Love on the Spectrum: Season 2,6400000,5.150000095367432,1200000.0,3
2024-02-11,TV (Non-English),1,Baby Bandito,Baby Bandito: Season 1,17000000,5.183300018310547,3300000.0,2
2024-02-11,TV (Non-English),2,A Killer Paradox,A Killer Paradox: Season 1,21900000,7.1666998863220215,3100000.0,1
2024-02-11,TV (Non-English),3,Doctor Slump,Doctor Slump: Limited Series,12900000,0.0,2200000.0,3
2024-02-11,TV (Non-English),4,Raël: The Alien Prophet,Raël: The Alien Prophet: Limited Series,6200000,3.0332999229431152,2000000.0,1
2024-02-11,TV (Non-English),5,The Seven Deadly Sins: Four Knights of the Apocalypse,The Seven Deadly Sins: Four Knights of the Apocalypse: Season 1,8800000,0.0,1900000.0,2
2024-02-11,TV (Non-English),6,Captivating the King,Captivating the King: Limited Series,12600000,0.0,1400000.0,3
2024-02-11,TV (Non-English),7,Berlin and the Jewels of Paris,Berlin and the Jewels of Paris: Limited Series,7900000,6.566699981689453,1200000.0,7
2024-02-11,TV (Non-English),8,Mighty Bheem's Playtime,Mighty Bheem's Playtime: Season 1,2800000,2.516700029373169,1100000.0,2
2024-02-11,TV (Non-English),9,Delicious in Dungeon,Delicious in Dungeon: Season 1,2800000,2.549999952316284,1100000.0,5
2024-02-11,TV (Non-English),10,Alpha Males,Alpha Males: Season 2,5600000,5.949999809265137,900000.0,1
2024-02-04,TV (English),1,Griselda,Griselda: Limited Series,114100000,5.533299922943115,20600000.0,2
2024-02-04,TV (English),2,Alexander: The Making of a God,Alexander: The Making of a God: Season 1,27700000,3.9166998863220215,7100000.0,1
2024-02-04,TV (English),3,American Nightmare,American Nightmare: Season 1,12600000,2.25,5600000.0,3
2024-02-04,TV (English),4,Fool Me Once,Fool Me Once: Limited Series,33000000,6.4166998863220215,5100000.0,5
2024-02-04,TV (English),5,Love on the Spectrum,Love on the Spectrum: Season 2,11800000,5.150000095367432,2300000.0,2
2024-02-04,TV (English),6,The Tourist,The Tourist: Season 1,11400000,5.699999809265137,2000000.0,1
2024-02-04,TV (English),7,The Brothers Sun,The Brothers Sun: Season 1,11500000,7.3333001136779785,1600000.0,5
2024-02-04,TV (English),8,Yellowstone,Yellowstone: Season 1,11100000,7.533299922943115,1500000.0,3
2024-02-04,TV (English),9,Full Speed,Full Speed: Season 1,5700000,3.9166998863220215,1500000.0,1
2024-02-04,TV (English),10,Young Sheldon,Young Sheldon: Season 6,9500000,7.133299827575684,1300000.0,1
2024-02-04,TV (Non-English),1,Doctor Slump,Doctor Slump: Limited Series,10200000,0.0,2900000.0,2
2024-02-04,TV (Non-English),2,Baby Bandito,Baby Bandito: Season 1,10300000,5.183300018310547,2000000.0,1
2024-02-04,TV (Non-English),3,The Seven Deadly Sins: Four Knights of the Apocalypse,The Seven Deadly Sins: Four Knights of the Apocalypse: Season 1,8900000,0.0,1900000.0,1
2024-02-04,TV (Non-English),4,Berlin and the Jewels of Paris,Berlin and the Jewels of Paris: Limited Series,11800000,6.566699981689453,1800000.0,6
2024-02-04,TV (Non-English),5,Mighty Bheem's Playtime,Mighty Bheem's Playtime: Season 1,3900000,2.516700029373169,1500000.0,1
2024-02-04,TV (Non-English),6,Captivating the King,Captivating the King: Limited Series,8400000,0.0,1400000.0,2
2024-02-04,TV (Non-English),7,My Demon,My Demon: Limited Series,23700000,17.58329963684082,1300000.0,11
2024-02-04,TV (Non-English),8,Delicious in Dungeon,Delicious in Dungeon: Season 1,2700000,2.1333000659942627,1300000.0,4
2024-02-04,TV (Non-English),9,The Bequeathed,The Bequeathed: Limited Series,5800000,4.73330020904541,1200000.0,3
2024-02-04,TV (Non-English),10,Welcome to Samdal-ri,Welcome to Samdal-ri: Limited Series,17600000,0.0,1000000.0,8
2024-01-28,TV (English),1,Griselda,Griselda: Limited Series,113800000,5.533299922943115,20600000.0,1
2024-01-28,TV (English),2,American Nightmare,American Nightmare: Season 1,29300000,2.25,13000000.0,2
2024-01-28,TV (English),3,Fool Me Once,Fool Me Once: Limited Series,48800000,6.4166998863220215,7600000.0,4
2024-01-28,TV (English),4,Love on the Spectrum,Love on the Spectrum: Season 2,15500000,5.150000095367432,3000000.0,1
2024-01-28,TV (English),5,Yellowstone,Yellowstone: Season 1,14700000,7.533299922943115,2000000.0,2
2024-01-28,TV (English),6,The Brothers Sun,The Brothers Sun: Season 1,14200000,7.3333001136779785,1900000.0,4
2024-01-28,TV (English),7,Boy Swallows Universe,Boy Swallows Universe: Limited Series,11600000,6.73330020904541,1700000.0,3
2024-01-28,TV (English),8,Yellowstone,Yellowstone: Season 2,13000000,7.76669979095459,1700000.0,2
2024-01-28,TV (English),9,Masters of the Universe: Revolution,Masters of the Universe: Revolution: Season 1,3400000,2.200000047683716,1500000.0,1
2024-01-28,TV (English),10,My Life With the Walter Boys,My Life With the Walter Boys: Season 1,11500000,7.616700172424316,1500000.0,8
2024-01-28,TV (Non-English),1,The Bequeathed,The Bequeathed: Limited Series,14500000,4.73330020904541,3100000.0,2
2024-01-28,TV (Non-English),2,Berlin and the Jewels of Paris,Berlin and the Jewels of Paris: Limited Series,18600000,6.566699981689453,2800000.0,5
2024-01-28,TV (Non-English),3,My Demon,My Demon: Limited Series,38600000,17.58329963684082,2200000.0,10
2024-01-28,TV (Non-English),4,Kübra,Kübra: Season 1,10400000,5.866700172424316,1800000.0,2
2024-01-28,TV (Non-English),5,Detective Forst,Detective Forst: Season 1,6800000,4.300000190734863,1600000.0,3
2024-01-28,TV (Non-English),6,Welcome to Samdal-ri,Welcome to Samdal-ri: Limited Series,26600000,0.0,1500000.0,7
2024-01-28,TV (Non-English),7,Captivating the King,Captivating the King: Limited Series,7300000,4.800000190734863,1500000.0,1
2024-01-28,TV (Non-English),8,Delicious in Dungeon,Delicious in Dungeon: Season 1,2500000,1.7166999578475952,1500000.0,3
2024-01-28,TV (Non-English),9,Doctor Slump,Doctor Slump: Limited Series,1900000,0.0,1400000.0,1
2024-01-28,TV (Non-English),10,Demon Slayer: Kimetsu no Yaiba,Demon Slayer: Kimetsu no Yaiba: Swordsmith Village Arc,7300000,5.283299922943115,1400000.0,3
2024-01-21,TV (English),1,American Nightmare,American Nightmare: Season 1,48100000,2.25,21400000.0,1
2024-01-21,TV (English),2,Fool Me Once,Fool Me Once: Limited Series,71700000,6.4166998863220215,11200000.0,3
2024-01-21,TV (English),3,Boy Swallows Universe,Boy Swallows Universe: Limited Series,27200000,6.73330020904541,4000000.0,2
2024-01-21,TV (English),4,Yellowstone,Yellowstone: Season 1,27600000,7.533299922943115,3700000.0,1
2024-01-21,TV (English),5,The Brothers Sun,The Brothers Sun: Season 1,19700000,7.3333001136779785,2700000.0,3
2024-01-21,TV (English),6,My Life With the Walter Boys,My Life With the Walter Boys: Season 1,16100000,7.616700172424316,2100000.0,7
2024-01-21,TV (English),7,The Stranger,The Stranger: Limited Series,12200000,6.116700172424316,2000000.0,1
2024-01-21,TV (English),8,Sonic Prime,Sonic Prime: Season 3,5100000,2.8333001136779785,1800000.0,2
2024-01-21,TV (English),9,Yellowstone,Yellowstone: Season 2,13200000,7.76669979095459,1700000.0,1
2024-01-21,TV (English),10,Loudermilk,Loudermilk: Season 1,8000000,4.73330020904541,1700000.0,1
2024-01-21,TV (Non-English),1,Berlin and the Jewels of Paris,Berlin and the Jewels of Paris: Limited Series,32700000,6.566699981689453,5000000.0,4
2024-01-21,TV (Non-English),2,Detective Forst,Detective Forst: Season 1,20100000,4.300000190734863,4700000.0,2
2024-01-21,TV (Non-English),3,My Demon,My Demon: Limited Series,44000000,0.0,2600000.0,9
2024-01-21,TV (Non-English),4,The Bequeathed,The Bequeathed: Limited Series,11800000,4.73330020904541,2500000.0,1
2024-01-21,TV (Non-English),5,Kübra,Kübra: Season 1,13100000,5.866700172424316,2200000.0,1
2024-01-21,TV (Non-English),6,Demon Slayer: Kimetsu no Yaiba,Demon Slayer: Kimetsu no Yaiba: Swordsmith Village Arc,9300000,5.283299922943115,1800000.0,2
2024-01-21,TV (Non-English),7,Love is Blind: Sweden,Love is Blind: Sweden: Season 1,12600000,7.433300018310547,1700000.0,2
2024-01-21,TV (Non-English),8,Welcome to Samdal-ri,Welcome to Samdal-ri: Limited Series,26200000,0.0,1700000.0,6
2024-01-21,TV (Non-English),9,The Manny,The Manny: Season 1,9400000,5.75,1600000.0,4
2024-01-21,TV (Non-English),10,Delicious in Dungeon,Delicious in Dungeon: Season 1,2000000,1.2833000421524048,1600000.0,2
2024-01-14,TV (English),1,Fool Me Once,Fool Me Once: Limited Series,153300000,6.4166998863220215,23900000.0,2
2024-01-14,TV (English),2,The Brothers Sun,The Brothers Sun: Season 1,50500000,7.3333001136779785,6900000.0,2
2024-01-14,TV (English),3,Jeffrey Epstein: Filthy Rich,Jeffrey Epstein: Filthy Rich: Limited Series,15100000,3.766700029373169,4000000.0,1
2024-01-14,TV (English),4,You Are What You Eat: A Twin Experiment,You Are What You Eat: A Twin Experiment: Limited Series,13100000,3.3333001136779785,3900000.0,2
2024-01-14,TV (English),5,Boy Swallows Universe,Boy Swallows Universe: Limited Series,24500000,6.73330020904541,3600000.0,1
2024-01-14,TV (English),6,My Life With the Walter Boys,My Life With the Walter Boys: Season 1,22500000,7.616700172424316,3000000.0,6
2024-01-14,TV (English),7,Dave Chappelle: The Dreamer,N/A,2500000,0.949999988079071,2600000.0,3
2024-01-14,TV (English),8,Pete Davidson: Turbo Fonzarelli,N/A,2100000,0.9333000183105469,2300000.0,1
2024-01-14,TV (English),9,The Trust,The Trust: Season 1,7500000,3.516700029373169,2100000.0,1
2024-01-14,TV (English),10,Sonic Prime,Sonic Prime: Season 3,5900000,2.8333001136779785,2100000.0,1
2024-01-14,TV (Non-English),1,Berlin and the Jewels of Paris,Berlin and the Jewels of Paris: Limited Series,57000000,6.566699981689453,8700000.0,3
2024-01-14,TV (Non-English),2,Detective Forst,Detective Forst: Season 1,20500000,4.300000190734863,4800000.0,1
2024-01-14,TV (Non-English),3,My Demon,My Demon: Limited Series,39200000,0.0,2700000.0,8
2024-01-14,TV (Non-English),4,Gyeongseong Creature,Gyeongseong Creature: Season 1,29900000,11.533300399780273,2600000.0,4
2024-01-14,TV (Non-English),5,The Manny,The Manny: Season 1,13600000,5.75,2400000.0,3
2024-01-14,TV (Non-English),6,Delicious in Dungeon,Delicious in Dungeon: Season 1,1900000,0.8833000063896179,2200000.0,1
2024-01-14,TV (Non-English),7,Single’s Inferno,Single’s Inferno: Season 3,24500000,13.949999809265137,1800000.0,5
2024-01-14,TV (Non-English),8,Welcome to Samdal-ri,Welcome to Samdal-ri: Limited Series,22800000,0.0,1700000.0,5
2024-01-14,TV (Non-English),9,True Beauty,True Beauty: Limited Series,26600000,20.016700744628906,1300000.0,7
2024-01-14,TV (Non-English),10,Love is Blind: Sweden,Love is Blind: Sweden: Season 1,4700000,4.150000095367432,1100000.0,1
2024-01-07,TV (English),1,Fool Me Once,Fool Me Once: Limited Series,238200000,6.4166998863220215,37100000.0,1
2024-01-07,TV (English),2,Dave Chappelle: The Dreamer,N/A,9700000,0.949999988079071,10200000.0,2
2024-01-07,TV (English),3,You Are What You Eat: A Twin Experiment,You Are What You Eat: A Twin Experiment: Limited Series,26700000,3.3333001136779785,8000000.0,1
2024-01-07,TV (English),4,My Life With the Walter Boys,My Life With the Walter Boys: Season 1,33800000,7.616700172424316,4400000.0,5
2024-01-07,TV (English),5,The Brothers Sun,The Brothers Sun: Season 1,30200000,7.3333001136779785,4100000.0,1
2024-01-07,TV (English),6,Captains of the World,Captains of the World: Season 1,17300000,4.73330020904541,3700000.0,1
2024-01-07,TV (English),7,The Crown,The Crown: Season 6,21500000,8.75,2500000.0,8
2024-01-07,TV (English),8,Ricky Gervais: Armageddon,N/A,2200000,1.0499999523162842,2100000.0,2
2024-01-07,TV (English),9,Obliterated,Obliterated: Season 1,13700000,6.8333001136779785,2000000.0,6
2024-01-07,TV (English),10,Peppa Pig,Peppa Pig: Season 6,3500000,2.0332999229431152,1700000.0,1
2024-01-07,TV (Non-English),1,Berlin and the Jewels of Paris,Berlin and the Jewels of Paris: Limited Series,146400000,6.566699981689453,22300000.0,2
2024-01-07,TV (Non-English),2,The Manny,The Manny: Season 1,23300000,5.75,4100000.0,2
2024-01-07,TV (Non-English),3,Gyeongseong Creature,Gyeongseong Creature: Season 1,39300000,11.533300399780273,3400000.0,3
2024-01-07,TV (Non-English),4,My Demon,My Demon: Limited Series,33800000,0.0,2800000.0,7
2024-01-07,TV (Non-English),5,Pokémon Concierge,Pokémon Concierge: Season 1,3100000,1.1833000183105469,2600000.0,2
2024-01-07,TV (Non-English),6,Welcome to Samdal-ri,Welcome to Samdal-ri: Limited Series,22500000,0.0,2200000.0,4
2024-01-07,TV (Non-English),7,Single’s Inferno,Single’s Inferno: Season 3,21500000,11.33329963684082,1900000.0,4
2024-01-07,TV (Non-English),8,True Beauty,True Beauty: Limited Series,34600000,20.016700744628906,1700000.0,6
2024-01-07,TV (Non-English),9,Yu Yu Hakusho,Yu Yu Hakusho: Season 1,6400000,4.183300018310547,1500000.0,4
2024-01-07,TV (Non-English),10,Money Heist,Money Heist: Part 1,15200000,0.0,1500000.0,9
2023-12-31,TV (English),1,Ricky Gervais: Armageddon,N/A,8400000,1.0499999523162842,8000000.0,1
2023-12-31,TV (English),2,My Life With the Walter Boys,My Life With the Walter Boys: Season 1,41400000,7.616700172424316,5400000.0,4
2023-12-31,TV (English),3,The Crown,The Crown: Season 6,31600000,8.75,3600000.0,7
2023-12-31,TV (English),4,Obliterated,Obliterated: Season 1,17800000,6.8333001136779785,2600000.0,5
2023-12-31,TV (English),5,Dave Chappelle: The Dreamer,N/A,2100000,0.949999988079071,2200000.0,1
2023-12-31,TV (English),6,Fireplace for Your Home: Crackling Birchwood Fireplace,N/A,1900000,1.0,1900000.0,2
2023-12-31,TV (English),7,World War II: From the Frontlines,World War II: From the Frontlines: Season 1,8800000,4.849999904632568,1800000.0,4
2023-12-31,TV (English),8,Trevor Noah: Where Was I,N/A,1900000,1.1332999467849731,1700000.0,2
2023-12-31,TV (English),9,Young Sheldon,Young Sheldon: Season 1,11000000,7.216700077056885,1500000.0,6
2023-12-31,TV (English),10,Bebefinn Playtime,Bebefinn Playtime: 시즌 1,1500000,1.016700029373169,1500000.0,1
2023-12-31,TV (Non-English),1,Berlin and the Jewels of Paris,Berlin and the Jewels of Paris: Limited Series,74300000,6.566699981689453,11300000.0,1
2023-12-31,TV (Non-English),2,The Manny,The Manny: Season 1,47000000,5.75,8200000.0,1
2023-12-31,TV (Non-English),3,Gyeongseong Creature,Gyeongseong Creature: Season 1,48500000,7.98330020904541,6100000.0,2
2023-12-31,TV (Non-English),4,My Demon,My Demon: Limited Series,27700000,0.0,2800000.0,6
2023-12-31,TV (Non-English),5,Yu Yu Hakusho,Yu Yu Hakusho: Season 1,11000000,4.183300018310547,2600000.0,3
2023-12-31,TV (Non-English),6,Pokémon Concierge,Pokémon Concierge: Season 1,3100000,1.1833000183105469,2600000.0,1
2023-12-31,TV (Non-English),7,Single’s Inferno,Single’s Inferno: Season 3,19400000,8.91670036315918,2200000.0,3
2023-12-31,TV (Non-English),8,The Golden Hour,The Golden Hour: Season 1,10300000,4.883299827575684,2100000.0,2
2023-12-31,TV (Non-English),9,True Beauty,True Beauty: Limited Series,38600000,20.016700744628906,1900000.0,5
2023-12-31,TV (Non-English),10,Welcome to Samdal-ri,Welcome to Samdal-ri: Limited Series,15300000,0.0,1600000.0,3
2023-12-24,TV (English),1,My Life With the Walter Boys,My Life With the Walter Boys: Season 1,57900000,7.616700172424316,7600000.0,3
2023-12-24,TV (English),2,The Crown,The Crown: Season 6,50000000,8.75,5700000.0,6
2023-12-24,TV (English),3,Trevor Noah: Where Was I,N/A,4300000,1.1332999467849731,3800000.0,1
2023-12-24,TV (English),4,Obliterated,Obliterated: Season 1,22200000,6.8333001136779785,3200000.0,4
2023-12-24,TV (English),5,Car Masters: Rust to Riches,Car Masters: Rust to Riches: Season 5,13900000,5.300000190734863,2600000.0,2
2023-12-24,TV (English),6,World War II: From the Frontlines,World War II: From the Frontlines: Season 1,12200000,4.849999904632568,2500000.0,3
2023-12-24,TV (English),7,CoComelon Lane,CoComelon Lane: Season 1,6400000,3.9166998863220215,1600000.0,5
2023-12-24,TV (English),8,Fireplace for Your Home: Crackling Birchwood Fireplace,N/A,1500000,1.0,1500000.0,1
2023-12-24,TV (English),9,Young Sheldon,Young Sheldon: Season 1,10700000,7.216700077056885,1500000.0,5
2023-12-24,TV (English),10,Squid Game: The Challenge,Squid Game: The Challenge: Season 1,12000000,8.16670036315918,1500000.0,5
2023-12-24,TV (Non-English),1,Yu Yu Hakusho,Yu Yu Hakusho: Season 1,26100000,4.183300018310547,6200000.0,2
2023-12-24,TV (Non-English),2,My Demon,My Demon: Limited Series,36100000,0.0,3600000.0,5
2023-12-24,TV (Non-English),3,Gyeongseong Creature,Gyeongseong Creature: Season 1,24000000,7.98330020904541,3000000.0,1
2023-12-24,TV (Non-English),4,Single’s Inferno,Single’s Inferno: Season 3,18200000,6.199999809265137,2900000.0,2
2023-12-24,TV (Non-English),5,High Tides,High Tides: Season 1,14500000,5.76669979095459,2500000.0,3
2023-12-24,TV (Non-English),6,The Golden Hour,The Golden Hour: Season 1,12200000,4.883299827575684,2500000.0,1
2023-12-24,TV (Non-English),7,True Beauty,True Beauty: Limited Series,47100000,20.016700744628906,2400000.0,4
2023-12-24,TV (Non-English),8,Dubai Bling,Dubai Bling: Season 2,12300000,6.48330020904541,1900000.0,2
2023-12-24,TV (Non-English),9,Blood Coast,Blood Coast: Season 1,9800000,5.283299922943115,1900000.0,3
2023-12-24,TV (Non-English),10,Love is Blind Brazil: After the Altar,N/A,2500000,1.4333000183105469,1700000.0,1
2023-12-17,TV (English),1,My Life With the Walter Boys,My Life With the Walter Boys: Season 1,97500000,7.616700172424316,12800000.0,2
2023-12-17,TV (English),2,The Crown,The Crown: Season 6,50900000,8.75,5800000.0,5
2023-12-17,TV (English),3,Obliterated,Obliterated: Season 1,35600000,6.8333001136779785,5200000.0,3
2023-12-17,TV (English),4,World War II: From the Frontlines,World War II: From the Frontlines: Season 1,21200000,4.849999904632568,4400000.0,2
2023-12-17,TV (English),5,Squid Game: The Challenge,Squid Game: The Challenge: Season 1,24900000,8.16670036315918,3000000.0,4
2023-12-17,TV (English),6,Car Masters: Rust to Riches,Car Masters: Rust to Riches: Season 5,12900000,5.300000190734863,2400000.0,1
2023-12-17,TV (English),7,Bad Surgeon: Love Under the Knife,Bad Surgeon: Love Under the Knife: Season 1,6100000,2.6666998863220215,2300000.0,3
2023-12-17,TV (English),8,CoComelon Lane,CoComelon Lane: Season 1,7800000,3.9166998863220215,2000000.0,4
2023-12-17,TV (English),9,Young Sheldon,Young Sheldon: Season 1,11600000,7.216700077056885,1600000.0,4
2023-12-17,TV (English),10,School Spirits,School Spirits: Season 1,8900000,6.199999809265137,1400000.0,1
2023-12-17,TV (Non-English),1,Yu Yu Hakusho,Yu Yu Hakusho: Season 1,32100000,4.183300018310547,7700000.0,1
2023-12-17,TV (Non-English),2,My Demon,My Demon: Limited Series,33600000,0.0,4200000.0,4
2023-12-17,TV (Non-English),3,Blood Coast,Blood Coast: Season 1,19900000,5.283299922943115,3800000.0,2
2023-12-17,TV (Non-English),4,Single’s Inferno,Single’s Inferno: Season 3,11900000,3.299999952316284,3600000.0,1
2023-12-17,TV (Non-English),5,High Tides,High Tides: Season 1,19100000,5.76669979095459,3300000.0,2
2023-12-17,TV (Non-English),6,True Beauty,True Beauty: Limited Series,63500000,20.016700744628906,3200000.0,3
2023-12-17,TV (Non-English),7,A Nearly Normal Family,A Nearly Normal Family: Limited Series,12200000,4.533299922943115,2700000.0,4
2023-12-17,TV (Non-English),8,If I Were Luísa Sonza,If I Were Luísa Sonza: Season 1,4000000,1.850000023841858,2200000.0,1
2023-12-17,TV (Non-English),9,Dubai Bling,Dubai Bling: Season 2,12600000,6.48330020904541,1900000.0,1
2023-12-17,TV (Non-English),10,Welcome to Samdal-ri,Welcome to Samdal-ri: Limited Series,11000000,0.0,1900000.0,2
2023-12-10,TV (English),1,Obliterated,Obliterated: Season 1,61500000,6.8333001136779785,9000000.0,2
2023-12-10,TV (English),2,My Life With the Walter Boys,My Life With the Walter Boys: Season 1,57400000,7.616700172424316,7500000.0,1
2023-12-10,TV (English),3,Squid Game: The Challenge,Squid Game: The Challenge: Season 1,54100000,8.16670036315918,6600000.0,3
2023-12-10,TV (English),4,Bad Surgeon: Love Under the Knife,Bad Surgeon: Love Under the Knife: Season 1,13300000,2.6666998863220215,5000000.0,2
2023-12-10,TV (English),5,World War II: From the Frontlines,World War II: From the Frontlines: Season 1,20300000,4.849999904632568,4200000.0,1
2023-12-10,TV (English),6,The Crown,The Crown: Season 6,8200000,3.316699981689453,2500000.0,4
2023-12-10,TV (English),7,CoComelon Lane,CoComelon Lane: Season 1,9500000,3.9166998863220215,2400000.0,3
2023-12-10,TV (English),8,Virgin River,Virgin River: Season 5,20300000,9.26669979095459,2200000.0,8
2023-12-10,TV (English),9,Young Sheldon,Young Sheldon: Season 1,13900000,7.216700077056885,1900000.0,3
2023-12-10,TV (English),10,Young Sheldon,Young Sheldon: Season 2,10300000,7.1666998863220215,1400000.0,2
2023-12-10,TV (Non-English),1,Blood Coast,Blood Coast: Season 1,29400000,5.283299922943115,5600000.0,1
2023-12-10,TV (Non-English),2,A Nearly Normal Family,A Nearly Normal Family: Limited Series,24500000,4.533299922943115,5400000.0,3
2023-12-10,TV (Non-English),3,My Demon,My Demon: Limited Series,28000000,0.0,4900000.0,3
2023-12-10,TV (Non-English),4,Sweet Home,Sweet Home: Season 2,37100000,9.51669979095459,3900000.0,2
2023-12-10,TV (Non-English),5,Welcome to Samdal-ri,Welcome to Samdal-ri: Limited Series,8200000,0.0,2300000.0,1
2023-12-10,TV (Non-English),6,Criminal Code,Criminal Code: Season 1,15300000,7.76669979095459,2000000.0,4
2023-12-10,TV (Non-English),7,Sweet Home,Sweet Home: Season 1,16600000,8.600000381469727,1900000.0,1
2023-12-10,TV (Non-English),8,Castaway Diva,Castaway Diva: Limited Series,16600000,0.0,1200000.0,6
2023-12-10,TV (Non-English),9,I Hate Christmas,I Hate Christmas: Season 2,3700000,3.299999952316284,1100000.0,1
2023-12-10,TV (Non-English),10,High Tides,High Tides: Season 1,6400000,5.76669979095459,1100000.0,1
2023-12-03,TV (English),1,Squid Game: The Challenge,Squid Game: The Challenge: Season 1,85000000,7.433300018310547,11400000.0,2
2023-12-03,TV (English),2,Bad Surgeon: Love Under the Knife,Bad Surgeon: Love Under the Knife: Season 1,19800000,2.6666998863220215,7400000.0,1
2023-12-03,TV (English),3,Obliterated,Obliterated: Season 1,47600000,6.8333001136779785,7000000.0,1
2023-12-03,TV (English),4,The Crown,The Crown: Season 6,13100000,3.316699981689453,3900000.0,3
2023-12-03,TV (English),5,CoComelon Lane,CoComelon Lane: Season 1,11000000,3.9166998863220215,2800000.0,2
2023-12-03,TV (English),6,Virgin River,Virgin River: Season 5,25300000,9.26669979095459,2700000.0,7
2023-12-03,TV (English),7,Young Sheldon,Young Sheldon: Season 1,19300000,7.216700077056885,2700000.0,2
2023-12-03,TV (English),8,All the Light We Cannot See,All the Light We Cannot See: Limited Series,7600000,3.8333001136779785,2000000.0,5
2023-12-03,TV (English),9,Young Sheldon,Young Sheldon: Season 2,12100000,7.1666998863220215,1700000.0,1
2023-12-03,TV (English),10,First Wives Club,First Wives Club: Season 1,5800000,3.983299970626831,1500000.0,2
2023-12-03,TV (Non-English),1,A Nearly Normal Family,A Nearly Normal Family: Limited Series,47700000,4.533299922943115,10500000.0,2
2023-12-03,TV (Non-English),2,My Demon,My Demon: Limited Series,19700000,0.0,5400000.0,2
2023-12-03,TV (Non-English),3,Criminal Code,Criminal Code: Season 1,27100000,7.76669979095459,3500000.0,3
2023-12-03,TV (Non-English),4,Sweet Home,Sweet Home: Season 2,23700000,9.51669979095459,2500000.0,1
2023-12-03,TV (Non-English),5,The Railway Men - The Untold Story Of Bhopal 1984,The Railway Men - The Untold Story Of Bhopal 1984: Limited Series,8000000,3.9667000770568848,2000000.0,3
2023-12-03,TV (Non-English),6,Nothing to See Here,Nothing to See Here: Season 1,6500000,3.3833000659942627,1900000.0,2
2023-12-03,TV (Non-English),7,Squid Game,Squid Game: Season 1,12700000,8.316699981689453,1500000.0,22
2023-12-03,TV (Non-English),8,Castaway Diva,Castaway Diva: Limited Series,18500000,0.0,1400000.0,5
2023-12-03,TV (Non-English),9,Replacing Chef Chico,Replacing Chef Chico: Season 1,6100000,4.533299922943115,1300000.0,1
2023-12-03,TV (Non-English),10,Strong Girl Nam-soon,Strong Girl Nam-soon: Limited Series,19600000,16.950000762939453,1200000.0,9
2023-11-26,TV (English),1,Squid Game: The Challenge,Squid Game: The Challenge: Season 1,85700000,4.26669979095459,20100000.0,1
2023-11-26,TV (English),2,The Crown,The Crown: Season 6,29300000,3.316699981689453,8800000.0,2
2023-11-26,TV (English),3,CoComelon Lane,CoComelon Lane: Season 1,13200000,3.9166998863220215,3400000.0,1
2023-11-26,TV (English),4,All the Light We Cannot See,All the Light We Cannot See: Limited Series,12600000,3.8333001136779785,3300000.0,4
2023-11-26,TV (English),5,Matt Rife: Natural Selection,N/A,3100000,1.0666999816894531,2900000.0,2
2023-11-26,TV (English),6,Young Sheldon,Young Sheldon: Season 1,15000000,7.216700077056885,2100000.0,1
2023-11-26,TV (English),7,Scott Pilgrim Takes Off,Scott Pilgrim Takes Off: Season 1,7400000,3.683300018310547,2000000.0,1
2023-11-26,TV (English),8,First Wives Club,First Wives Club: Season 1,6600000,3.983299970626831,1700000.0,1
2023-11-26,TV (English),9,Escaping Twin Flames,Escaping Twin Flames: Season 1,4800000,2.9166998863220215,1600000.0,3
2023-11-26,TV (English),10,Mike Birbiglia: The Old Man and The Pool,N/A,2100000,1.2999999523162842,1600000.0,1
2023-11-26,TV (Non-English),1,A Nearly Normal Family,A Nearly Normal Family: Limited Series,29000000,4.533299922943115,6400000.0,1
2023-11-26,TV (Non-English),2,Criminal Code,Criminal Code: Season 1,41000000,7.76669979095459,5300000.0,2
2023-11-26,TV (Non-English),3,The Railway Men - The Untold Story Of Bhopal 1984,The Railway Men - The Untold Story Of Bhopal 1984: Limited Series,18100000,3.9667000770568848,4600000.0,2
2023-11-26,TV (Non-English),4,My Demon,My Demon: Limited Series,6700000,2.200000047683716,3000000.0,1
2023-11-26,TV (Non-English),5,Nothing to See Here,Nothing to See Here: Season 1,8100000,3.3833000659942627,2400000.0,1
2023-11-26,TV (Non-English),6,Squid Game,Squid Game: Season 1,13300000,8.316699981689453,1600000.0,21
2023-11-26,TV (Non-English),7,Castaway Diva,Castaway Diva: Limited Series,16700000,0.0,1600000.0,4
2023-11-26,TV (Non-English),8,Strong Girl Nam-soon,Strong Girl Nam-soon: Limited Series,24500000,0.0,1500000.0,8
2023-11-26,TV (Non-English),9,Holy Family,Holy Family: Season 2,7300000,5.383299827575684,1400000.0,1
2023-11-26,TV (Non-English),10,Suburræterna,Suburræterna: Limited Series,7400000,6.033299922943115,1200000.0,2
2023-11-19,TV (English),1,The Crown,The Crown: Season 6,36900000,3.316699981689453,11100000.0,1
2023-11-19,TV (English),2,Matt Rife: Natural Selection,N/A,7900000,1.0666999816894531,7400000.0,1
2023-11-19,TV (English),3,All the Light We Cannot See,All the Light We Cannot See: Limited Series,21700000,3.8333001136779785,5700000.0,3
2023-11-19,TV (English),4,How to Become a Mob Boss,How to Become a Mob Boss: Season 1,11900000,3.0332999229431152,3900000.0,1
2023-11-19,TV (English),5,Escaping Twin Flames,Escaping Twin Flames: Season 1,9400000,2.9166998863220215,3200000.0,2
2023-11-19,TV (English),6,Selling Sunset,Selling Sunset: Season 7,18300000,7.76669979095459,2400000.0,3
2023-11-19,TV (English),7,Robbie Williams,Robbie Williams: Limited Series,7300000,3.3333001136779785,2200000.0,2
2023-11-19,TV (English),8,Unicorn Academy,Unicorn Academy: Chapter 1,9800000,4.633299827575684,2100000.0,3
2023-11-19,TV (English),9,Life on Our Planet,Life on Our Planet: Season 1,13700000,6.933300018310547,2000000.0,4
2023-11-19,TV (English),10,BLUE EYE SAMURAI,BLUE EYE SAMURAI: Season 1,12300000,6.349999904632568,1900000.0,2
2023-11-19,TV (Non-English),1,Criminal Code,Criminal Code: Season 1,50800000,7.76669979095459,6500000.0,1
2023-11-19,TV (Non-English),2,Suburræterna,Suburræterna: Limited Series,15400000,6.033299922943115,2600000.0,1
2023-11-19,TV (Non-English),3,"The Billionaire, The Butler, and the Boyfriend","The Billionaire, The Butler, and the Boyfriend: Limited Series",5300000,2.5,2100000.0,2
2023-11-19,TV (Non-English),4,The Tailor,The Tailor: Season 3,10200000,5.0833001136779785,2000000.0,3
2023-11-19,TV (Non-English),5,Castaway Diva,Castaway Diva: Limited Series,15200000,0.0,2000000.0,3
2023-11-19,TV (Non-English),6,Daily Dose of Sunshine,Daily Dose of Sunshine: Season 1,23500000,12.949999809265137,1800000.0,2
2023-11-19,TV (Non-English),7,Strong Girl Nam-soon,Strong Girl Nam-soon: Limited Series,23700000,0.0,1600000.0,7
2023-11-19,TV (Non-English),8,The Railway Men - The Untold Story Of Bhopal 1984,The Railway Men - The Untold Story Of Bhopal 1984: Limited Series,6500000,3.9667000770568848,1600000.0,1
2023-11-19,TV (Non-English),9,Lupin,Lupin: Part 3,8500000,5.51669979095459,1500000.0,7
2023-11-19,TV (Non-English),10,Cigarette Girl,Cigarette Girl: Season 1,8200000,5.4166998863220215,1500000.0,2
2023-11-12,TV (English),1,All the Light We Cannot See,All the Light We Cannot See: Limited Series,38700000,3.8333001136779785,10100000.0,2
2023-11-12,TV (English),2,Selling Sunset,Selling Sunset: Season 7,30000000,6.433300018310547,4700000.0,2
2023-11-12,TV (English),3,Escaping Twin Flames,Escaping Twin Flames: Season 1,11900000,2.9166998863220215,4100000.0,1
2023-11-12,TV (English),4,Robbie Williams,Robbie Williams: Limited Series,13100000,3.3333001136779785,3900000.0,1
2023-11-12,TV (English),5,Unicorn Academy,Unicorn Academy: Chapter 1,15300000,4.633299827575684,3300000.0,2
2023-11-12,TV (English),6,BLUE EYE SAMURAI,BLUE EYE SAMURAI: Season 1,18100000,6.349999904632568,2900000.0,1
2023-11-12,TV (English),7,Till Murder Do Us Part: Soering vs. Haysom,Till Murder Do Us Part: Soering vs. Haysom: Limited Series,9000000,3.2167000770568848,2800000.0,2
2023-11-12,TV (English),8,Life on Our Planet,Life on Our Planet: Season 1,18800000,6.933300018310547,2700000.0,3
2023-11-12,TV (English),9,Bodies,Bodies: Limited Series,19600000,7.633299827575684,2600000.0,4
2023-11-12,TV (English),10,Beckham,Beckham: Limited Series,8000000,4.75,1700000.0,6
2023-11-12,TV (Non-English),1,The Tailor,The Tailor: Season 3,22400000,5.0833001136779785,4400000.0,2
2023-11-12,TV (Non-English),2,"The Billionaire, The Butler, and the Boyfriend","The Billionaire, The Butler, and the Boyfriend: Limited Series",9500000,2.5,3800000.0,1
2023-11-12,TV (Non-English),3,Ferry: The Series,Ferry: The Series: The Series,18700000,6.099999904632568,3100000.0,2
2023-11-12,TV (Non-English),4,Daily Dose of Sunshine,Daily Dose of Sunshine: Season 1,36400000,12.949999809265137,2800000.0,1
2023-11-12,TV (Non-English),5,Lupin,Lupin: Part 3,11100000,5.51669979095459,2000000.0,6
2023-11-12,TV (Non-English),6,Castaway Diva,Castaway Diva: Limited Series,10700000,0.0,1900000.0,2
2023-11-12,TV (Non-English),7,Strong Girl Nam-soon,Strong Girl Nam-soon: Limited Series,22900000,0.0,1900000.0,6
2023-11-12,TV (Non-English),8,Pact of Silence,Pact of Silence: Season 1,22000000,12.033300399780273,1800000.0,5
2023-11-12,TV (Non-English),9,Attack on Titan,Attack on Titan: The Final Season Part 3,4700000,0.0,1700000.0,1
2023-11-12,TV (Non-English),10,Cigarette Girl,Cigarette Girl: Season 1,8600000,5.4166998863220215,1600000.0,1
2023-11-05,TV (English),1,All the Light We Cannot See,All the Light We Cannot See: Limited Series,37600000,3.8333001136779785,9800000.0,1
2023-11-05,TV (English),2,Till Murder Do Us Part: Soering vs. Haysom,Till Murder Do Us Part: Soering vs. Haysom: Limited Series,15200000,3.2167000770568848,4700000.0,1
2023-11-05,TV (English),3,Bodies,Bodies: Limited Series,33200000,7.633299827575684,4300000.0,3
2023-11-05,TV (English),4,Life on Our Planet,Life on Our Planet: Season 1,29500000,6.933300018310547,4300000.0,2
2023-11-05,TV (English),5,Unicorn Academy,Unicorn Academy: Chapter 1,15100000,4.633299827575684,3300000.0,1
2023-11-05,TV (English),6,Get Gotti,Get Gotti: Season 1,8000000,2.5332999229431152,3200000.0,2
2023-11-05,TV (English),7,The Fall of the House of Usher,The Fall of the House of Usher: Limited Series,23400000,8.283300399780273,2800000.0,4
2023-11-05,TV (English),8,Selling Sunset,Selling Sunset: Season 7,18100000,6.433300018310547,2800000.0,1
2023-11-05,TV (English),9,Beckham,Beckham: Limited Series,12600000,4.75,2700000.0,5
2023-11-05,TV (English),10,Mysteries of the Faith,Mysteries of the Faith: Season 1,6600000,2.816699981689453,2300000.0,1
2023-11-05,TV (Non-English),1,Lupin,Lupin: Part 3,18100000,5.51669979095459,3300000.0,5
2023-11-05,TV (Non-English),2,Pact of Silence,Pact of Silence: Season 1,33200000,12.033300399780273,2800000.0,4
2023-11-05,TV (Non-English),3,Elite,Elite: Season 7,18000000,7.033299922943115,2600000.0,3
2023-11-05,TV (Non-English),4,Strong Girl Nam-soon,Strong Girl Nam-soon: Limited Series,23100000,0.0,2300000.0,5
2023-11-05,TV (Non-English),5,Doona!,Doona!: Season 1,14400000,7.0,2100000.0,3
2023-11-05,TV (Non-English),6,The Tailor,The Tailor: Season 3,10300000,5.0833001136779785,2000000.0,1
2023-11-05,TV (Non-English),7,Onimusha,Onimusha: Season 1,6800000,3.7167000770568848,1800000.0,1
2023-11-05,TV (Non-English),8,Ferry: The Series,Ferry: The Series: The Series,10100000,6.099999904632568,1700000.0,1
2023-11-05,TV (Non-English),9,Castaway Diva,Castaway Diva: Limited Series,7700000,4.8333001136779785,1600000.0,1
2023-11-05,TV (Non-English),10,Lupin,Lupin: Part 1,5900000,3.983299970626831,1500000.0,5
2023-10-29,TV (English),1,Bodies,Bodies: Limited Series,58600000,7.633299827575684,7700000.0,2
2023-10-29,TV (English),2,Get Gotti,Get Gotti: Season 1,18400000,2.5332999229431152,7300000.0,1
2023-10-29,TV (English),3,Life on Our Planet,Life on Our Planet: Season 1,38300000,6.933300018310547,5500000.0,1
2023-10-29,TV (English),4,The Fall of the House of Usher,The Fall of the House of Usher: Limited Series,34500000,8.283300399780273,4200000.0,3
2023-10-29,TV (English),5,Beckham,Beckham: Limited Series,18900000,4.75,4000000.0,4
2023-10-29,TV (English),6,Big Mouth,Big Mouth: Season 7,12500000,4.650000095367432,2700000.0,2
2023-10-29,TV (English),7,I Woke Up A Vampire,I Woke Up A Vampire: Season 1,8400000,3.516700029373169,2400000.0,2
2023-10-29,TV (English),8,Sex Education,Sex Education: Season 4,13800000,8.100000381469727,1700000.0,6
2023-10-29,TV (English),9,Surviving Paradise,Surviving Paradise: Season 1,8900000,6.650000095367432,1300000.0,1
2023-10-29,TV (English),10,CoComelon,CoComelon: Season 8,1400000,1.0666999816894531,1300000.0,6
2023-10-29,TV (Non-English),1,Elite,Elite: Season 7,37100000,7.033299922943115,5300000.0,2
2023-10-29,TV (Non-English),2,Lupin,Lupin: Part 3,25800000,5.51669979095459,4700000.0,4
2023-10-29,TV (Non-English),3,Doona!,Doona!: Season 1,31800000,7.0,4500000.0,2
2023-10-29,TV (Non-English),4,Pact of Silence,Pact of Silence: Season 1,45500000,12.033300399780273,3800000.0,3
2023-10-29,TV (Non-English),5,Strong Girl Nam-soon,Strong Girl Nam-soon: Limited Series,21600000,0.0,2700000.0,4
2023-10-29,TV (Non-English),6,Lupin,Lupin: Part 1,8100000,3.983299970626831,2000000.0,4
2023-10-29,TV (Non-English),7,Lupin,Lupin: Part 2,7400000,3.7832999229431152,2000000.0,8
2023-10-29,TV (Non-English),8,Creature,Creature: Limited Series,12100000,6.216700077056885,1900000.0,2
2023-10-29,TV (Non-English),9,Kaala Paani,Kaala Paani: Season 1,11100000,7.25,1500000.0,2
2023-10-29,TV (Non-English),10,José Totoy 3,N/A,900000,0.75,1200000.0,1
2023-10-22,TV (English),1,The Fall of the House of Usher,The Fall of the House of Usher: Limited Series,65300000,8.283300399780273,7900000.0,2
2023-10-22,TV (English),2,Beckham,Beckham: Limited Series,32800000,4.75,6900000.0,3
2023-10-22,TV (English),3,Bodies,Bodies: Limited Series,42000000,7.633299827575684,5500000.0,1
2023-10-22,TV (English),4,I Woke Up A Vampire,I Woke Up A Vampire: Season 1,12100000,3.516700029373169,3400000.0,1
2023-10-22,TV (English),5,Sex Education,Sex Education: Season 4,21300000,8.100000381469727,2600000.0,5
2023-10-22,TV (English),6,Love Is Blind,Love Is Blind: S5: Houston,20400000,11.066699981689453,1800000.0,5
2023-10-22,TV (English),7,Big Mouth,Big Mouth: Season 7,7400000,4.650000095367432,1600000.0,1
2023-10-22,TV (English),8,ONE PIECE,ONE PIECE: Season 1,10900000,7.566699981689453,1400000.0,8
2023-10-22,TV (English),9,CoComelon,CoComelon: Season 8,1400000,1.0666999816894531,1300000.0,5
2023-10-22,TV (English),10,CoComelon,CoComelon: Season 1,3600000,2.9667000770568848,1200000.0,2
2023-10-22,TV (Non-English),1,Lupin,Lupin: Part 3,42700000,5.51669979095459,7700000.0,3
2023-10-22,TV (Non-English),2,Pact of Silence,Pact of Silence: Season 1,68800000,12.033300399780273,5700000.0,2
2023-10-22,TV (Non-English),3,Strong Girl Nam-soon,Strong Girl Nam-soon: Limited Series,20700000,0.0,3600000.0,3
2023-10-22,TV (Non-English),4,Lupin,Lupin: Part 1,12900000,3.983299970626831,3200000.0,3
2023-10-22,TV (Non-English),5,Lupin,Lupin: Part 2,11500000,3.7832999229431152,3000000.0,7
2023-10-22,TV (Non-English),6,Elite,Elite: Season 7,21100000,7.033299922943115,3000000.0,1
2023-10-22,TV (Non-English),7,Doona!,Doona!: Season 1,19800000,7.0,2800000.0,1
2023-10-22,TV (Non-English),8,Stranded with my Mother-in-Law,Stranded with my Mother-in-Law: Season 1,11500000,7.033299922943115,1600000.0,2
2023-10-22,TV (Non-English),9,Kaala Paani,Kaala Paani: Season 1,11700000,7.25,1600000.0,1
2023-10-22,TV (Non-English),10,Creature,Creature: Limited Series,8500000,6.216700077056885,1400000.0,1
2023-10-15,TV (English),1,Beckham,Beckham: Limited Series,54900000,4.75,11600000.0,2
2023-10-15,TV (English),2,The Fall of the House of Usher,The Fall of the House of Usher: Limited Series,51900000,8.283300399780273,6300000.0,1
2023-10-15,TV (English),3,Sex Education,Sex Education: Season 4,32700000,8.100000381469727,4000000.0,4
2023-10-15,TV (English),4,Big Vape: The Rise and Fall of Juul,Big Vape: The Rise and Fall of Juul: Limited Series,9700000,3.1500000953674316,3100000.0,1
2023-10-15,TV (English),5,Love Is Blind,Love Is Blind: S5: Houston,27900000,0.0,2600000.0,4
2023-10-15,TV (English),6,ONE PIECE,ONE PIECE: Season 1,14300000,7.566699981689453,1900000.0,7
2023-10-15,TV (English),7,CoComelon,CoComelon: Season 8,1500000,1.0666999816894531,1400000.0,4
2023-10-15,TV (English),8,Virgin River,Virgin River: Season 5,10700000,7.650000095367432,1400000.0,6
2023-10-15,TV (English),9,Everything Now,Everything Now: Season 1,8300000,6.216700077056885,1300000.0,1
2023-10-15,TV (English),10,The Great British Baking Show,The Great British Baking Show: Collection 11,4300000,3.3499999046325684,1300000.0,2
2023-10-15,TV (Non-English),1,Lupin,Lupin: Part 3,77900000,5.51669979095459,14100000.0,2
2023-10-15,TV (Non-English),2,Lupin,Lupin: Part 1,18700000,3.983299970626831,4700000.0,2
2023-10-15,TV (Non-English),3,Strong Girl Nam-soon,Strong Girl Nam-soon: Limited Series,15800000,0.0,4400000.0,2
2023-10-15,TV (Non-English),4,Lupin,Lupin: Part 2,16100000,3.7832999229431152,4300000.0,6
2023-10-15,TV (Non-English),5,Pact of Silence,Pact of Silence: Season 1,43300000,12.033300399780273,3600000.0,1
2023-10-15,TV (Non-English),6,Stranded with my Mother-in-Law,Stranded with my Mother-in-Law: Season 1,6400000,3.5332999229431152,1800000.0,1
2023-10-15,TV (Non-English),7,Dear Child,Dear Child: Limited Series,8400000,4.816699981689453,1700000.0,6
2023-10-15,TV (Non-English),8,Destined with You,Destined with You: Limited Series,28900000,17.299999237060547,1700000.0,8
2023-10-15,TV (Non-English),9,SPY x FAMILY,SPY x FAMILY: Season 2,1200000,0.78329998254776,1500000.0,1
2023-10-15,TV (Non-English),10,DI4RIES,DI4RIES: Season 2,4800000,3.5833001136779785,1300000.0,1
2023-10-08,TV (English),1,Beckham,Beckham: Limited Series,58800000,4.75,12400000.0,1
2023-10-08,TV (English),2,Sex Education,Sex Education: Season 4,53800000,8.100000381469727,6600000.0,3
2023-10-08,TV (English),3,Love Is Blind,Love Is Blind: S5: Houston,32600000,8.76669979095459,3700000.0,3
2023-10-08,TV (English),4,ONE PIECE,ONE PIECE: Season 1,18800000,7.566699981689453,2500000.0,6
2023-10-08,TV (English),5,Encounters,Encounters: Season 1,6800000,3.3833000659942627,2000000.0,2
2023-10-08,TV (English),6,Virgin River,Virgin River: Season 5,15200000,7.650000095367432,2000000.0,5
2023-10-08,TV (English),7,Castlevania: Nocturne,Castlevania: Nocturne: Season 1,6800000,3.700000047683716,1800000.0,2
2023-10-08,TV (English),8,Murdaugh Murders: A Southern Scandal,Murdaugh Murders: A Southern Scandal: Season 2,3200000,1.7833000421524048,1800000.0,3
2023-10-08,TV (English),9,Who Killed Jill Dando?,Who Killed Jill Dando?: Limited Series,3800000,2.316699981689453,1600000.0,2
2023-10-08,TV (English),10,The Great British Baking Show,The Great British Baking Show: Collection 11,3500000,2.233299970626831,1600000.0,1
2023-10-08,TV (Non-English),1,Lupin,Lupin: Part 3,63900000,5.51669979095459,11600000.0,1
2023-10-08,TV (Non-English),2,Lupin,Lupin: Part 1,13900000,3.983299970626831,3500000.0,1
2023-10-08,TV (Non-English),3,Dear Child,Dear Child: Limited Series,14500000,4.816699981689453,3000000.0,5
2023-10-08,TV (Non-English),4,Lupin,Lupin: Part 2,10200000,3.7832999229431152,2700000.0,5
2023-10-08,TV (Non-English),5,Strong Girl Nam-soon,Strong Girl Nam-soon: Limited Series,2500000,0.0,1600000.0,1
2023-10-08,TV (Non-English),6,The Devil's Plan,The Devil's Plan: Season 1,14700000,9.783300399780273,1500000.0,2
2023-10-08,TV (Non-English),7,Destined with You,Destined with You: Limited Series,22500000,15.199999809265137,1500000.0,7
2023-10-08,TV (Non-English),8,Burning Body,Burning Body: Limited Series,8700000,6.566699981689453,1300000.0,5
2023-10-08,TV (Non-English),9,Song of the Bandits,Song of the Bandits: Season 1,8600000,8.633299827575684,1000000.0,3
2023-10-08,TV (Non-English),10,Thursday's Widows,Thursday's Widows: Limited Series,4400000,4.466700077056885,1000000.0,4
2023-10-01,TV (English),1,Sex Education,Sex Education: Season 4,108400000,8.100000381469727,13400000.0,2
2023-10-01,TV (English),2,Who Killed Jill Dando?,Who Killed Jill Dando?: Limited Series,12800000,2.316699981689453,5500000.0,1
2023-10-01,TV (English),3,Love Is Blind,Love Is Blind: S5: Houston,36200000,6.783299922943115,5300000.0,2
2023-10-01,TV (English),4,Murdaugh Murders: A Southern Scandal,Murdaugh Murders: A Southern Scandal: Season 2,8000000,1.7833000421524048,4500000.0,2
2023-10-01,TV (English),5,Encounters,Encounters: Season 1,14900000,3.3833000659942627,4400000.0,1
2023-10-01,TV (English),6,ONE PIECE,ONE PIECE: Season 1,28400000,7.566699981689453,3800000.0,5
2023-10-01,TV (English),7,Virgin River,Virgin River: Season 5,22600000,7.650000095367432,3000000.0,4
2023-10-01,TV (English),8,Castlevania: Nocturne,Castlevania: Nocturne: Season 1,9800000,3.700000047683716,2600000.0,1
2023-10-01,TV (English),9,Sex Education,Sex Education: Season 1,12800000,6.716700077056885,1900000.0,4
2023-10-01,TV (English),10,The Pacific,N/A,15300000,8.899999618530273,1700000.0,2
2023-10-01,TV (Non-English),1,Dear Child,Dear Child: Limited Series,25600000,4.816699981689453,5300000.0,4
2023-10-01,TV (Non-English),2,Song of the Bandits,Song of the Bandits: Season 1,22700000,8.633299827575684,2600000.0,2
2023-10-01,TV (Non-English),3,The Devil's Plan,The Devil's Plan: Season 1,10000000,4.433300018310547,2300000.0,1
2023-10-01,TV (Non-English),4,Burning Body,Burning Body: Limited Series,14300000,6.566699981689453,2200000.0,4
2023-10-01,TV (Non-English),5,KENGAN ASHURA,KENGAN ASHURA: Season 2,9700000,5.066699981689453,1900000.0,2
2023-10-01,TV (Non-English),6,Thursday's Widows,Thursday's Widows: Limited Series,8100000,4.466700077056885,1800000.0,3
2023-10-01,TV (Non-English),7,Destined with You,Destined with You: Limited Series,20200000,13.050000190734863,1500000.0,6
2023-10-01,TV (Non-English),8,A Time Called You,A Time Called You: Limited Series,11900000,12.183300018310547,1000000.0,4
2023-10-01,TV (Non-English),9,Behind Your Touch,Behind Your Touch: Limited Series,15700000,0.0,900000.0,4
2023-10-01,TV (Non-English),10,Class Act,Class Act: Limited Series,5200000,6.316699981689453,800000.0,3
2023-09-24,TV (English),1,Sex Education,Sex Education: Season 4,97600000,8.100000381469727,12000000.0,1
2023-09-24,TV (English),2,Murdaugh Murders: A Southern Scandal,Murdaugh Murders: A Southern Scandal: Season 2,13600000,1.7833000421524048,7600000.0,1
2023-09-24,TV (English),3,ONE PIECE,ONE PIECE: Season 1,46600000,7.566699981689453,6200000.0,4
2023-09-24,TV (English),4,Virgin River,Virgin River: Season 5,37700000,7.650000095367432,4900000.0,3
2023-09-24,TV (English),5,Inside the World’s Toughest Prisons,Inside the World’s Toughest Prisons: Season 7,12300000,3.0833001136779785,4000000.0,2
2023-09-24,TV (English),6,Surviving Summer,Surviving Summer: Season 2,12800000,3.816699981689453,3400000.0,2
2023-09-24,TV (English),7,Love Is Blind,Love Is Blind: S5: Houston,11900000,3.9166998863220215,3000000.0,1
2023-09-24,TV (English),8,Kountry Wayne: A Woman's Prayer,N/A,2600000,1.016700029373169,2600000.0,1
2023-09-24,TV (English),9,The Pacific,N/A,21500000,8.899999618530273,2400000.0,1
2023-09-24,TV (English),10,Murdaugh Murders: A Southern Scandal,Murdaugh Murders: A Southern Scandal: Season 1,5700000,2.3833000659942627,2400000.0,3
2023-09-24,TV (Non-English),1,Dear Child,Dear Child: Limited Series,50200000,4.816699981689453,10400000.0,3
2023-09-24,TV (Non-English),2,Burning Body,Burning Body: Limited Series,24500000,6.566699981689453,3700000.0,3
2023-09-24,TV (Non-English),3,Thursday's Widows,Thursday's Widows: Limited Series,16400000,4.466700077056885,3700000.0,2
2023-09-24,TV (Non-English),4,KENGAN ASHURA,KENGAN ASHURA: Season 2,11700000,5.066699981689453,2300000.0,1
2023-09-24,TV (Non-English),5,Destined with You,Destined with You: Limited Series,18900000,10.949999809265137,1700000.0,5
2023-09-24,TV (Non-English),6,Song of the Bandits,Song of the Bandits: Season 1,14900000,8.633299827575684,1700000.0,1
2023-09-24,TV (Non-English),7,A Time Called You,A Time Called You: Limited Series,19700000,12.183300018310547,1600000.0,3
2023-09-24,TV (Non-English),8,Class Act,Class Act: Limited Series,9300000,6.316699981689453,1500000.0,2
2023-09-24,TV (Non-English),9,Ragnarok,Ragnarok: Season 3,5100000,4.400000095367432,1200000.0,5
2023-09-24,TV (Non-English),10,Infamy,Infamy: Season 1,7000000,6.349999904632568,1100000.0,2
2023-09-17,TV (English),1,ONE PIECE,ONE PIECE: Season 1,75500000,7.566699981689453,10000000.0,3
2023-09-17,TV (English),2,Virgin River,Virgin River: Season 5,73200000,7.650000095367432,9600000.0,2
2023-09-17,TV (English),3,Who is Erin Carter?,Who is Erin Carter?: Limited Series,22000000,5.716700077056885,3800000.0,4
2023-09-17,TV (English),4,Top Boy,Top Boy: Season 3,18600000,5.0833001136779785,3700000.0,2
2023-09-17,TV (English),5,Selling The OC,Selling The OC: Season 2,12300000,4.633299827575684,2700000.0,1
2023-09-17,TV (English),6,Spy Ops,Spy Ops: Season 1,15900000,6.033299922943115,2600000.0,2
2023-09-17,TV (English),7,Surviving Summer,Surviving Summer: Season 2,8000000,3.816699981689453,2100000.0,1
2023-09-17,TV (English),8,Glow Up,Glow Up: Season 5,13600000,6.5833001136779785,2100000.0,1
2023-09-17,TV (English),9,Inside the World’s Toughest Prisons,Inside the World’s Toughest Prisons: Season 7,5400000,3.0833001136779785,1800000.0,1
2023-09-17,TV (English),10,Predators,Predators: Season 1,6500000,3.75,1700000.0,2
2023-09-17,TV (Non-English),1,Dear Child,Dear Child: Limited Series,74000000,4.816699981689453,15400000.0,2
2023-09-17,TV (Non-English),2,Burning Body,Burning Body: Limited Series,43900000,6.566699981689453,6700000.0,2
2023-09-17,TV (Non-English),3,Thursday's Widows,Thursday's Widows: Limited Series,15700000,4.466700077056885,3500000.0,1
2023-09-17,TV (Non-English),4,A Time Called You,A Time Called You: Limited Series,36500000,12.183300018310547,3000000.0,2
2023-09-17,TV (Non-English),5,Destined with You,Destined with You: Limited Series,18200000,8.91670036315918,2000000.0,4
2023-09-17,TV (Non-English),6,Ragnarok,Ragnarok: Season 3,8100000,4.400000095367432,1800000.0,4
2023-09-17,TV (Non-English),7,Gangs of Oslo,Gangs of Oslo: Season 1,7700000,4.8333001136779785,1600000.0,1
2023-09-17,TV (Non-English),8,Class Act,Class Act: Limited Series,8900000,6.316699981689453,1400000.0,1
2023-09-17,TV (Non-English),9,Infamy,Infamy: Season 1,7800000,6.349999904632568,1200000.0,1
2023-09-17,TV (Non-English),10,Reporting for Duty,Reporting for Duty: Season 1,4400000,3.7832999229431152,1200000.0,1
2023-09-10,TV (English),1,ONE PIECE,ONE PIECE: Season 1,145700000,7.566699981689453,19300000.0,2
2023-09-10,TV (English),2,Virgin River,Virgin River: Season 5,68500000,7.650000095367432,9000000.0,1
2023-09-10,TV (English),3,Who is Erin Carter?,Who is Erin Carter?: Limited Series,40600000,5.716700077056885,7100000.0,3
2023-09-10,TV (English),4,Top Boy,Top Boy: Season 3,28700000,5.0833001136779785,5600000.0,1
2023-09-10,TV (English),5,Live to 100: Secrets of the Blue Zones,Live to 100: Secrets of the Blue Zones: Limited Series,8200000,2.6500000953674316,3100000.0,2
2023-09-10,TV (English),6,Shane Gillis: Beautiful Dogs,N/A,2600000,0.8833000063896179,2900000.0,1
2023-09-10,TV (English),7,Predators,Predators: Season 1,10800000,3.75,2900000.0,1
2023-09-10,TV (English),8,Disenchantment,Disenchantment: Part 5,10300000,4.683300018310547,2200000.0,2
2023-09-10,TV (English),9,Painkiller,Painkiller: Limited Series,10100000,4.98330020904541,2000000.0,5
2023-09-10,TV (English),10,Spy Ops,Spy Ops: Season 1,11500000,6.033299922943115,1900000.0,1
2023-09-10,TV (Non-English),1,Dear Child,Dear Child: Limited Series,49100000,4.816699981689453,10200000.0,1
2023-09-10,TV (Non-English),2,Burning Body,Burning Body: Limited Series,26600000,6.566699981689453,4100000.0,1
2023-09-10,TV (Non-English),3,Ragnarok,Ragnarok: Season 3,13500000,4.400000095367432,3100000.0,3
2023-09-10,TV (Non-English),4,Destined with You,Destined with You: Limited Series,16000000,6.75,2400000.0,3
2023-09-10,TV (Non-English),5,Mask Girl,Mask Girl: Limited Series,11700000,6.883299827575684,1700000.0,4
2023-09-10,TV (Non-English),6,Ragnarok,Ragnarok: Season 2,7400000,4.966700077056885,1500000.0,3
2023-09-10,TV (Non-English),7,A Time Called You,A Time Called You: Limited Series,17600000,12.183300018310547,1400000.0,1
2023-09-10,TV (Non-English),8,6ixtynin9 The Series,6ixtynin9 The Series: Limited Series,6500000,4.683300018310547,1400000.0,1
2023-09-10,TV (Non-English),9,Ragnarok,Ragnarok: Season 1,6100000,4.48330020904541,1400000.0,3
2023-09-10,TV (Non-English),10,Miss Adrenaline: A Tale of Twins,Miss Adrenaline: A Tale of Twins: Season 1,24100000,20.299999237060547,1200000.0,1
2023-09-03,TV (English),1,ONE PIECE,ONE PIECE: Season 1,140100000,7.566699981689453,18500000.0,1
2023-09-03,TV (English),2,Who is Erin Carter?,Who is Erin Carter?: Limited Series,90300000,5.716700077056885,15800000.0,2
2023-09-03,TV (English),3,Live to 100: Secrets of the Blue Zones,Live to 100: Secrets of the Blue Zones: Limited Series,15200000,2.6500000953674316,5700000.0,1
2023-09-03,TV (English),4,Painkiller,Painkiller: Limited Series,16700000,4.98330020904541,3400000.0,4
2023-09-03,TV (English),5,The Ultimatum: Marry or Move On,The Ultimatum: Marry or Move On: Season 2,22900000,7.366700172424316,3100000.0,2
2023-09-03,TV (English),6,DEPP V HEARD,DEPP V HEARD: Limited Series,6500000,2.433300018310547,2700000.0,3
2023-09-03,TV (English),7,Untold: Swamp Kings,Untold: Swamp Kings: Season 1,5800000,3.1166999340057373,1900000.0,2
2023-09-03,TV (English),8,CoComelon,CoComelon: Season 8,1700000,1.0666999816894531,1600000.0,3
2023-09-03,TV (English),9,Gabby's Dollhouse,Gabby's Dollhouse: Season 8,3700000,2.433300018310547,1500000.0,4
2023-09-03,TV (English),10,Disenchantment,Disenchantment: Part 5,6600000,4.683300018310547,1400000.0,1
2023-09-03,TV (Non-English),1,Ragnarok,Ragnarok: Season 3,27900000,4.400000095367432,6300000.0,2
2023-09-03,TV (Non-English),2,Mask Girl,Mask Girl: Limited Series,23900000,6.883299827575684,3500000.0,3
2023-09-03,TV (Non-English),3,Destined with You,Destined with You: Limited Series,13200000,4.533299922943115,2900000.0,2
2023-09-03,TV (Non-English),4,Ragnarok,Ragnarok: Season 2,13200000,4.966700077056885,2700000.0,2
2023-09-03,TV (Non-English),5,Ragnarok,Ragnarok: Season 1,11600000,4.48330020904541,2600000.0,2
2023-09-03,TV (Non-English),6,Baki Hanma,Baki Hanma: Season 2,23100000,11.5,2000000.0,6
2023-09-03,TV (Non-English),7,Behind Your Touch,Behind Your Touch: Limited Series,11100000,0.0,1400000.0,3
2023-09-03,TV (Non-English),8,King the Land,King the Land: Limited Series,24900000,19.0,1300000.0,11
2023-09-03,TV (Non-English),9,The Uncanny Counter,The Uncanny Counter: Season 2: Counter Punch,15200000,0.0,1300000.0,4
2023-09-03,TV (Non-English),10,My Happy Marriage,My Happy Marriage: Season 1,4500000,3.6333000659942627,1200000.0,7
2023-08-27,TV (English),1,Who is Erin Carter?,Who is Erin Carter?: Limited Series,75400000,5.716700077056885,13200000.0,1
2023-08-27,TV (English),2,DEPP V HEARD,DEPP V HEARD: Limited Series,20100000,2.433300018310547,8300000.0,2
2023-08-27,TV (English),3,Painkiller,Painkiller: Limited Series,27800000,4.98330020904541,5600000.0,3
2023-08-27,TV (English),4,Untold: Swamp Kings,Untold: Swamp Kings: Season 1,15500000,3.1166999340057373,5000000.0,1
2023-08-27,TV (English),5,The Ultimatum: Marry or Move On,The Ultimatum: Marry or Move On: Season 2,21600000,6.01669979095459,3600000.0,1
2023-08-27,TV (English),6,At Home With The Furys,At Home With The Furys: Season 1,15600000,5.116700172424316,3000000.0,2
2023-08-27,TV (English),7,Ballers,Ballers: Season 1,10500000,4.699999809265137,2200000.0,2
2023-08-27,TV (English),8,The Lincoln Lawyer,The Lincoln Lawyer: Season 2,15300000,8.183300018310547,1900000.0,8
2023-08-27,TV (English),9,Gabby's Dollhouse,Gabby's Dollhouse: Season 8,4400000,2.433300018310547,1800000.0,3
2023-08-27,TV (English),10,My Dad the Bounty Hunter,My Dad the Bounty Hunter: Season 2,7300000,4.383299827575684,1700000.0,1
2023-08-27,TV (Non-English),1,Mask Girl,Mask Girl: Limited Series,50800000,6.883299827575684,7400000.0,2
2023-08-27,TV (Non-English),2,Ragnarok,Ragnarok: Season 3,28800000,4.400000095367432,6500000.0,1
2023-08-27,TV (Non-English),3,The Chosen One,The Chosen One: Season 1,17200000,4.316699981689453,4000000.0,2
2023-08-27,TV (Non-English),4,Destined with You,Destined with You: Limited Series,8100000,2.2832999229431152,3500000.0,1
2023-08-27,TV (Non-English),5,Baki Hanma,Baki Hanma: Season 2,27700000,11.5,2400000.0,5
2023-08-27,TV (Non-English),6,Ragnarok,Ragnarok: Season 1,10000000,4.48330020904541,2200000.0,1
2023-08-27,TV (Non-English),7,Guns & Gulaabs,Guns & Gulaabs: Season 1,13300000,6.183300018310547,2200000.0,2
2023-08-27,TV (Non-English),8,Ragnarok,Ragnarok: Season 2,8800000,4.966700077056885,1800000.0,1
2023-08-27,TV (Non-English),9,Behind Your Touch,Behind Your Touch: Limited Series,9900000,0.0,1700000.0,2
2023-08-27,TV (Non-English),10,A Perfect Story,A Perfect Story: Limited Series,6000000,3.6666998863220215,1600000.0,5
2023-08-20,TV (English),1,DEPP V HEARD,DEPP V HEARD: Limited Series,39500000,2.433300018310547,16200000.0,1
2023-08-20,TV (English),2,Painkiller,Painkiller: Limited Series,54100000,4.98330020904541,10900000.0,2
2023-08-20,TV (English),3,Ballers,Ballers: Season 1,18400000,4.699999809265137,3900000.0,1
2023-08-20,TV (English),4,At Home With The Furys,At Home With The Furys: Season 1,16900000,5.116700172424316,3300000.0,1
2023-08-20,TV (English),5,The Lincoln Lawyer,The Lincoln Lawyer: Season 2,23500000,8.183300018310547,2900000.0,7
2023-08-20,TV (English),6,Gabby's Dollhouse,Gabby's Dollhouse: Season 8,6400000,2.433300018310547,2600000.0,2
2023-08-20,TV (English),7,The Witcher,The Witcher: Season 3,14700000,7.599999904632568,1900000.0,8
2023-08-20,TV (English),8,The Upshaws,The Upshaws: Part 4,4800000,2.5999999046325684,1800000.0,1
2023-08-20,TV (English),9,Mech Cadets,Mech Cadets: Season 1,7300000,4.0,1800000.0,1
2023-08-20,TV (English),10,Heartstopper,Heartstopper: Season 2,8300000,4.699999809265137,1800000.0,3
2023-08-20,TV (Non-English),1,The Chosen One,The Chosen One: Season 1,13200000,4.316699981689453,3100000.0,1
2023-08-20,TV (Non-English),2,Mask Girl,Mask Girl: Limited Series,19200000,6.883299827575684,2800000.0,1
2023-08-20,TV (Non-English),3,A Perfect Story,A Perfect Story: Limited Series,9900000,3.6666998863220215,2700000.0,4
2023-08-20,TV (Non-English),4,Behind Your Touch,Behind Your Touch: Limited Series,9300000,0.0,2500000.0,1
2023-08-20,TV (Non-English),5,King the Land,King the Land: Limited Series,38400000,19.0,2000000.0,10
2023-08-20,TV (Non-English),6,My Happy Marriage,My Happy Marriage: Season 1,5600000,2.8333001136779785,2000000.0,6
2023-08-20,TV (Non-English),7,The Uncanny Counter,The Uncanny Counter: Season 2: Counter Punch,12600000,9.300000190734863,1400000.0,3
2023-08-20,TV (Non-English),8,Guns & Gulaabs,Guns & Gulaabs: Season 1,8100000,6.183300018310547,1300000.0,1
2023-08-20,TV (Non-English),9,The Tailor,The Tailor: Season 2,6800000,5.383299827575684,1300000.0,4
2023-08-20,TV (Non-English),10,Baki Hanma,Baki Hanma: Season 2,5400000,5.533299922943115,1000000.0,4
2023-08-13,TV (English),1,Painkiller,Painkiller: Limited Series,35900000,4.98330020904541,7200000.0,1
2023-08-13,TV (English),2,The Lincoln Lawyer,The Lincoln Lawyer: Season 2,42400000,8.183300018310547,5200000.0,6
2023-08-13,TV (English),3,Gabby's Dollhouse,Gabby's Dollhouse: Season 8,9900000,2.433300018310547,4100000.0,1
2023-08-13,TV (English),4,Heartstopper,Heartstopper: Season 2,18700000,4.699999809265137,4000000.0,2
2023-08-13,TV (English),5,Fatal Seduction,Fatal Seduction: Season 1,20200000,7.199999809265137,2800000.0,6
2023-08-13,TV (English),6,The Witcher,The Witcher: Season 3,21300000,7.599999904632568,2800000.0,7
2023-08-13,TV (English),7,Om Nom Stories,Om Nom Stories: Season 1,2400000,0.983299970626831,2400000.0,2
2023-08-13,TV (English),8,The Lincoln Lawyer,The Lincoln Lawyer: Season 1,18300000,8.316699981689453,2200000.0,11
2023-08-13,TV (English),9,Sweet Magnolias,Sweet Magnolias: Season 3,16200000,8.58329963684082,1900000.0,4
2023-08-13,TV (English),10,Fisk,Fisk: Season 1,4900000,2.7167000770568848,1800000.0,1
2023-08-13,TV (Non-English),1,A Perfect Story,A Perfect Story: Limited Series,17100000,3.6666998863220215,4700000.0,3
2023-08-13,TV (Non-English),2,King the Land,King the Land: Limited Series,60600000,19.0,3200000.0,9
2023-08-13,TV (Non-English),3,My Happy Marriage,My Happy Marriage: Season 1,5500000,2.433300018310547,2300000.0,5
2023-08-13,TV (Non-English),4,The Tailor,The Tailor: Season 2,11400000,5.383299827575684,2100000.0,3
2023-08-13,TV (Non-English),5,Zombieverse,Zombieverse: Season 1,14300000,7.383299827575684,1900000.0,1
2023-08-13,TV (Non-English),6,The Uncanny Counter,The Uncanny Counter: Season 2: Counter Punch,11800000,6.966700077056885,1700000.0,2
2023-08-13,TV (Non-English),7,Baki Hanma,Baki Hanma: Season 2,8500000,5.533299922943115,1500000.0,3
2023-08-13,TV (Non-English),8,The Last Hours of Mario Biondo,The Last Hours of Mario Biondo: Limited Series,3300000,2.1500000953674316,1500000.0,1
2023-08-13,TV (Non-English),9,The Tailor,The Tailor: Season 1,5700000,4.75,1200000.0,5
2023-08-13,TV (Non-English),10,D.P.,D.P.: Season 2,6100000,5.316699981689453,1100000.0,3
2023-08-06,TV (English),1,The Lincoln Lawyer,The Lincoln Lawyer: Season 2,55200000,8.183300018310547,6700000.0,5
2023-08-06,TV (English),2,Heartstopper,Heartstopper: Season 2,28500000,4.699999809265137,6100000.0,1
2023-08-06,TV (English),3,The Witcher,The Witcher: Season 3,41400000,7.599999904632568,5400000.0,6
2023-08-06,TV (English),4,Sweet Magnolias,Sweet Magnolias: Season 3,24800000,8.58329963684082,2900000.0,3
2023-08-06,TV (English),5,How to Become a Cult Leader,How to Become a Cult Leader: Season 1,7300000,3.233299970626831,2300000.0,1
2023-08-06,TV (English),6,The Lincoln Lawyer,The Lincoln Lawyer: Season 1,17300000,8.316699981689453,2100000.0,10
2023-08-06,TV (English),7,Fatal Seduction,Fatal Seduction: Season 1,13600000,7.199999809265137,1900000.0,5
2023-08-06,TV (English),8,Too Hot to Handle,Too Hot to Handle: Season 5,15300000,8.25,1900000.0,4
2023-08-06,TV (English),9,Om Nom Stories,Om Nom Stories: Season 1,1700000,0.983299970626831,1700000.0,1
2023-08-06,TV (English),10,CoComelon,CoComelon: Season 8,1700000,1.0666999816894531,1600000.0,2
2023-08-06,TV (Non-English),1,A Perfect Story,A Perfect Story: Limited Series,24900000,3.6666998863220215,6800000.0,2
2023-08-06,TV (Non-English),2,The Tailor,The Tailor: Season 2,23000000,5.383299827575684,4300000.0,2
2023-08-06,TV (Non-English),3,King the Land,King the Land: Limited Series,66400000,0.0,3600000.0,8
2023-08-06,TV (Non-English),4,Baki Hanma,Baki Hanma: Season 2,19100000,5.533299922943115,3500000.0,2
2023-08-06,TV (Non-English),5,D.P.,D.P.: Season 2,15400000,5.316699981689453,2900000.0,2
2023-08-06,TV (Non-English),6,My Happy Marriage,My Happy Marriage: Season 1,4900000,2.016700029373169,2400000.0,4
2023-08-06,TV (Non-English),7,The Uncanny Counter,The Uncanny Counter: Season 2: Counter Punch,10400000,4.800000190734863,2200000.0,1
2023-08-06,TV (Non-English),8,The Tailor,The Tailor: Season 1,9700000,4.75,2000000.0,4
2023-08-06,TV (Non-English),9,Sintonia,Sintonia: Season 4,11500000,6.566699981689453,1800000.0,2
2023-08-06,TV (Non-English),10,Zom 100: Bucket List of the Dead,Zom 100: Bucket List of the Dead: Season 1,2500000,1.6167000532150269,1500000.0,4
2023-07-30,TV (English),1,The Witcher,The Witcher: Season 3,59000000,7.599999904632568,7800000.0,5
2023-07-30,TV (English),2,Sweet Magnolias,Sweet Magnolias: Season 3,45900000,8.58329963684082,5300000.0,2
2023-07-30,TV (English),3,Too Hot to Handle,Too Hot to Handle: Season 5,26300000,8.25,3200000.0,3
2023-07-30,TV (English),4,The Lincoln Lawyer,The Lincoln Lawyer: Season 2,12600000,4.23330020904541,3000000.0,4
2023-07-30,TV (English),5,Survival of the Thickest,Survival of the Thickest: Season 1,8000000,3.5999999046325684,2200000.0,3
2023-07-30,TV (English),6,Barbie Life in the Dreamhouse,Barbie Life in the Dreamhouse: Season 1,9100000,4.800000190734863,1900000.0,1
2023-07-30,TV (English),7,Quarterback,Quarterback: Season 1,11000000,6.433300018310547,1700000.0,3
2023-07-30,TV (English),8,Fatal Seduction,Fatal Seduction: Season 1,6400000,3.766700029373169,1700000.0,4
2023-07-30,TV (English),9,Mark Normand: Soup to Nuts,N/A,1500000,0.8833000063896179,1700000.0,1
2023-07-30,TV (English),10,CoComelon,CoComelon: Season 8,1800000,1.0666999816894531,1700000.0,1
2023-07-30,TV (Non-English),1,Sintonia,Sintonia: Season 4,42200000,6.566699981689453,6400000.0,1
2023-07-30,TV (Non-English),2,Baki Hanma,Baki Hanma: Season 2,33000000,5.533299922943115,6000000.0,1
2023-07-30,TV (Non-English),3,King the Land,King the Land: Limited Series,64500000,0.0,4000000.0,7
2023-07-30,TV (Non-English),4,A Perfect Story,A Perfect Story: Limited Series,11600000,3.6666998863220215,3200000.0,1
2023-07-30,TV (Non-English),5,D.P.,D.P.: Season 2,15000000,5.316699981689453,2800000.0,1
2023-07-30,TV (Non-English),6,My Happy Marriage,My Happy Marriage: Season 1,4300000,1.6167000532150269,2700000.0,3
2023-07-30,TV (Non-English),7,The Tailor,The Tailor: Season 2,13700000,5.383299827575684,2500000.0,1
2023-07-30,TV (Non-English),8,Burn the House Down,Burn the House Down: Season 1,12800000,6.449999809265137,2000000.0,3
2023-07-30,TV (Non-English),9,Zom 100: Bucket List of the Dead,Zom 100: Bucket List of the Dead: Season 1,2100000,1.2000000476837158,1800000.0,3
2023-07-30,TV (Non-English),10,Jujutsu Kaisen,Jujutsu Kaisen: Season 2,2600000,1.600000023841858,1600000.0,3
2023-07-23,TV (English),1,Sweet Magnolias,Sweet Magnolias: Season 3,39500000,8.58329963684082,4600000.0,1
2023-07-23,TV (English),2,The Lincoln Lawyer,The Lincoln Lawyer: Season 2,19400000,4.23330020904541,4600000.0,3
2023-07-23,TV (English),3,The Witcher,The Witcher: Season 3,20100000,4.816699981689453,4200000.0,4
2023-07-23,TV (English),4,Too Hot to Handle,Too Hot to Handle: Season 5,24000000,5.866700172424316,4100000.0,2
2023-07-23,TV (English),5,Survival of the Thickest,Survival of the Thickest: Season 1,13700000,3.5999999046325684,3800000.0,2
2023-07-23,TV (English),6,Fatal Seduction,Fatal Seduction: Season 1,12100000,3.766700029373169,3200000.0,3
2023-07-23,TV (English),7,Quarterback,Quarterback: Season 1,18800000,6.433300018310547,2900000.0,2
2023-07-23,TV (English),8,Suits,Suits: Season 1,20300000,0.0,2200000.0,4
2023-07-23,TV (English),9,The Lincoln Lawyer,The Lincoln Lawyer: Season 1,17800000,8.316699981689453,2100000.0,9
2023-07-23,TV (English),10,Sonic Prime,Sonic Prime: Season 2,6800000,3.233299970626831,2100000.0,2
2023-07-23,TV (Non-English),1,King the Land,King the Land: Limited Series,65100000,0.0,4700000.0,6
2023-07-23,TV (Non-English),2,Burn the House Down,Burn the House Down: Season 1,22500000,6.449999809265137,3500000.0,2
2023-07-23,TV (Non-English),3,Kohrra,Kohrra: Season 1,11500000,4.8333001136779785,2400000.0,1
2023-07-23,TV (Non-English),4,My Happy Marriage,My Happy Marriage: Season 1,2600000,1.2166999578475952,2100000.0,2
2023-07-23,TV (Non-English),5,Jujutsu Kaisen,Jujutsu Kaisen: Season 2,2200000,1.2000000476837158,1800000.0,2
2023-07-23,TV (Non-English),6,Celebrity,Celebrity: Limited Series,16400000,8.98330020904541,1800000.0,4
2023-07-23,TV (Non-English),7,Zom 100: Bucket List of the Dead,Zom 100: Bucket List of the Dead: Season 1,1900000,1.2000000476837158,1600000.0,2
2023-07-23,TV (Non-English),8,See You in My 19th Life,See You in My 19th Life: Limited Series,18900000,12.300000190734863,1500000.0,5
2023-07-23,TV (Non-English),9,Record of Ragnarok,Record of Ragnarok: Season 2,9600000,6.26669979095459,1500000.0,4
2023-07-23,TV (Non-English),10,The Surrogacy,The Surrogacy: Season 1,20800000,15.16670036315918,1400000.0,6
2023-07-16,TV (English),1,The Lincoln Lawyer,The Lincoln Lawyer: Season 2,35300000,4.23330020904541,8300000.0,2
2023-07-16,TV (English),2,The Witcher,The Witcher: Season 3,32100000,4.816699981689453,6700000.0,3
2023-07-16,TV (English),3,Fatal Seduction,Fatal Seduction: Season 1,24800000,3.766700029373169,6600000.0,2
2023-07-16,TV (English),4,Survival of the Thickest,Survival of the Thickest: Season 1,13300000,3.5999999046325684,3700000.0,1
2023-07-16,TV (English),5,The Lincoln Lawyer,The Lincoln Lawyer: Season 1,28300000,8.316699981689453,3400000.0,8
2023-07-16,TV (English),6,Quarterback,Quarterback: Season 1,21400000,6.433300018310547,3300000.0,1
2023-07-16,TV (English),7,Too Hot to Handle,Too Hot to Handle: Season 5,9000000,3.233299970626831,2800000.0,1
2023-07-16,TV (English),8,Is It Cake?,"Is It Cake?: Is It Cake, Too?",15400000,5.866700172424316,2600000.0,2
2023-07-16,TV (English),9,Hack My Home,Hack My Home: Season 1,11900000,4.550000190734863,2600000.0,1
2023-07-16,TV (English),10,Sonic Prime,Sonic Prime: Season 2,7900000,3.233299970626831,2400000.0,1
2023-07-16,TV (Non-English),1,King the Land,King the Land: Limited Series,51800000,0.0,4600000.0,5
2023-07-16,TV (Non-English),2,Celebrity,Celebrity: Limited Series,30000000,8.98330020904541,3300000.0,3
2023-07-16,TV (Non-English),3,Record of Ragnarok,Record of Ragnarok: Season 2,18600000,0.0,3000000.0,3
2023-07-16,TV (Non-English),4,Burn the House Down,Burn the House Down: Season 1,16800000,6.449999809265137,2600000.0,1
2023-07-16,TV (Non-English),5,Jujutsu Kaisen,Jujutsu Kaisen: Season 2,1900000,0.800000011920929,2400000.0,1
2023-07-16,TV (Non-English),6,My Happy Marriage,My Happy Marriage: Season 1,1600000,0.8166999816894531,2000000.0,1
2023-07-16,TV (Non-English),7,The Surrogacy,The Surrogacy: Season 1,26000000,15.16670036315918,1700000.0,5
2023-07-16,TV (Non-English),8,See You in My 19th Life,See You in My 19th Life: Limited Series,17600000,10.26669979095459,1700000.0,4
2023-07-16,TV (Non-English),9,Zom 100: Bucket List of the Dead,Zom 100: Bucket List of the Dead: Season 1,1300000,0.800000011920929,1600000.0,1
2023-07-16,TV (Non-English),10,Back to 15,Back to 15: Season 2,5400000,3.9000000953674316,1400000.0,2
2023-07-09,TV (English),1,The Witcher,The Witcher: Season 3,66500000,4.816699981689453,13800000.0,2
2023-07-09,TV (English),2,The Lincoln Lawyer,The Lincoln Lawyer: Season 2,31400000,4.23330020904541,7400000.0,1
2023-07-09,TV (English),3,Fatal Seduction,Fatal Seduction: Season 1,19100000,3.766700029373169,5100000.0,1
2023-07-09,TV (English),4,Tom Segura: Sledgehammer,N/A,4600000,1.0333000421524048,4500000.0,1
2023-07-09,TV (English),5,Is It Cake?,"Is It Cake?: Is It Cake, Too?",23700000,5.866700172424316,4000000.0,1
2023-07-09,TV (English),6,Black Mirror,Black Mirror: Season 6,16700000,5.199999809265137,3200000.0,4
2023-07-09,TV (English),7,The Witcher,The Witcher: Season 1,20900000,8.0,2600000.0,8
2023-07-09,TV (English),8,The Witcher,The Witcher: Season 2,18200000,7.683300018310547,2400000.0,7
2023-07-09,TV (English),9,The Lincoln Lawyer,The Lincoln Lawyer: Season 1,19200000,8.316699981689453,2300000.0,7
2023-07-09,TV (English),10,Suits,Suits: Season 1,20700000,0.0,2300000.0,3
2023-07-09,TV (Non-English),1,Celebrity,Celebrity: Limited Series,49900000,8.98330020904541,5600000.0,2
2023-07-09,TV (Non-English),2,King the Land,King the Land: Limited Series,30800000,0.0,3600000.0,4
2023-07-09,TV (Non-English),3,The Surrogacy,The Surrogacy: Season 1,33200000,15.16670036315918,2200000.0,4
2023-07-09,TV (Non-English),4,See You in My 19th Life,See You in My 19th Life: Limited Series,16600000,8.133299827575684,2000000.0,3
2023-07-09,TV (Non-English),5,Back to 15,Back to 15: Season 2,7900000,3.9000000953674316,2000000.0,1
2023-07-09,TV (Non-English),6,Bloodhounds,Bloodhounds: Season 1,12800000,8.133299827575684,1600000.0,5
2023-07-09,TV (Non-English),7,Fake Profile,Fake Profile: Season 1,9500000,6.3333001136779785,1500000.0,6
2023-07-09,TV (Non-English),8,Doom at Your Service,Doom at Your Service: Limited Series,25000000,17.100000381469727,1500000.0,1
2023-07-09,TV (Non-English),9,Sleeping Dog,Sleeping Dog: Limited Series,7200000,5.199999809265137,1400000.0,3
2023-07-09,TV (Non-English),10,DELETE,DELETE: Season 1,7200000,6.23330020904541,1200000.0,2
2023-07-02,TV (English),1,The Witcher,The Witcher: Season 3,73000000,4.816699981689453,15200000.0,1
2023-07-02,TV (English),2,Black Mirror,Black Mirror: Season 6,28000000,5.199999809265137,5400000.0,3
2023-07-02,TV (English),3,Catching Killers,Catching Killers: Season 3,12700000,3.066699981689453,4100000.0,2
2023-07-02,TV (English),4,Glamorous,Glamorous: Season 1,26100000,7.449999809265137,3500000.0,2
2023-07-02,TV (English),5,Our Planet,Our Planet: II,9900000,3.3833000659942627,2900000.0,3
2023-07-02,TV (English),6,Never Have I Ever,Never Have I Ever: Season 4,14200000,4.9166998863220215,2900000.0,4
2023-07-02,TV (English),7,Suits,Suits: Season 1,26200000,0.0,2900000.0,2
2023-07-02,TV (English),8,Muscles & Mayhem: An Unauthorized Story of American Gladiators,Muscles & Mayhem: An Unauthorized Story of American Gladiators: Limited Series,10100000,3.549999952316284,2800000.0,1
2023-07-02,TV (English),9,Titans,Titans: Season 4,21400000,9.949999809265137,2200000.0,1
2023-07-02,TV (English),10,The Witcher,The Witcher: Season 1,17200000,8.0,2200000.0,7
2023-07-02,TV (Non-English),1,King the Land,King the Land: Limited Series,24500000,0.0,4000000.0,3
2023-07-02,TV (Non-English),2,Sleeping Dog,Sleeping Dog: Limited Series,19600000,5.199999809265137,3800000.0,2
2023-07-02,TV (Non-English),3,The Surrogacy,The Surrogacy: Season 1,47500000,15.16670036315918,3100000.0,3
2023-07-02,TV (Non-English),4,Bloodhounds,Bloodhounds: Season 1,20900000,8.133299827575684,2600000.0,4
2023-07-02,TV (Non-English),5,See You in My 19th Life,See You in My 19th Life: Limited Series,13900000,6.0833001136779785,2300000.0,2
2023-07-02,TV (Non-English),6,Fake Profile,Fake Profile: Season 1,13300000,6.3333001136779785,2100000.0,5
2023-07-02,TV (Non-English),7,DELETE,DELETE: Season 1,12200000,6.23330020904541,2000000.0,1
2023-07-02,TV (Non-English),8,Celebrity,Celebrity: Limited Series,16900000,8.98330020904541,1900000.0,1
2023-07-02,TV (Non-English),9,Lies Hidden in my Garden,Lies Hidden in my Garden: Limited Series,4300000,4.066699981689453,1100000.0,2
2023-07-02,TV (Non-English),10,Let's Get Divorced,Let's Get Divorced: Season 1,8500000,9.366700172424316,900000.0,1
2023-06-25,TV (English),1,Black Mirror,Black Mirror: Season 6,60400000,5.199999809265137,11600000.0,2
2023-06-25,TV (English),2,Never Have I Ever,Never Have I Ever: Season 4,24600000,4.9166998863220215,5000000.0,3
2023-06-25,TV (English),3,Our Planet,Our Planet: II,13600000,3.3833000659942627,4000000.0,2
2023-06-25,TV (English),4,Catching Killers,Catching Killers: Season 3,9600000,3.066699981689453,3100000.0,1
2023-06-25,TV (English),5,Suits,Suits: Season 1,27700000,0.0,3000000.0,1
2023-06-25,TV (English),6,85 South: Ghetto Legends,N/A,2700000,0.8999999761581421,3000000.0,1
2023-06-25,TV (English),7,Arnold,Arnold: Limited Series,7800000,3.183300018310547,2500000.0,3
2023-06-25,TV (English),8,Glamorous,Glamorous: Season 1,17000000,7.449999809265137,2300000.0,1
2023-06-25,TV (English),9,Black Mirror,Black Mirror: Season 1,5900000,2.5999999046325684,2300000.0,1
2023-06-25,TV (English),10,FUBAR,FUBAR: Season 1,15300000,7.133299827575684,2100000.0,5
2023-06-25,TV (Non-English),1,The Surrogacy,The Surrogacy: Season 1,80500000,15.16670036315918,5300000.0,2
2023-06-25,TV (Non-English),2,King the Land,King the Land: Limited Series,17500000,0.0,4700000.0,2
2023-06-25,TV (Non-English),3,Bloodhounds,Bloodhounds: Season 1,37300000,8.133299827575684,4600000.0,3
2023-06-25,TV (Non-English),4,Sleeping Dog,Sleeping Dog: Limited Series,22800000,5.199999809265137,4400000.0,1
2023-06-25,TV (Non-English),5,Fake Profile,Fake Profile: Season 1,20600000,6.3333001136779785,3300000.0,4
2023-06-25,TV (Non-English),6,See You in My 19th Life,See You in My 19th Life: Limited Series,7600000,4.050000190734863,1900000.0,1
2023-06-25,TV (Non-English),7,Demon Slayer: Kimetsu no Yaiba,Demon Slayer: Kimetsu no Yaiba: Swordsmith Village Arc,7100000,0.0,1300000.0,1
2023-06-25,TV (Non-English),8,Lies Hidden in my Garden,Lies Hidden in my Garden: Limited Series,2200000,1.9333000183105469,1100000.0,1
2023-06-25,TV (Non-English),9,Valeria,Valeria: Season 3,5500000,5.366700172424316,1000000.0,4
2023-06-25,TV (Non-English),10,Love Is Blind: Brazil,Love Is Blind: Brazil: Season 3,8900000,8.83329963684082,1000000.0,2
2023-06-18,TV (English),1,Never Have I Ever,Never Have I Ever: Season 4,56400000,4.9166998863220215,11500000.0,2
2023-06-18,TV (English),2,Black Mirror,Black Mirror: Season 6,58700000,5.199999809265137,11300000.0,1
2023-06-18,TV (English),3,Arnold,Arnold: Limited Series,16400000,3.183300018310547,5200000.0,2
2023-06-18,TV (English),4,Our Planet,Our Planet: II,11900000,3.3833000659942627,3500000.0,1
2023-06-18,TV (English),5,FUBAR,FUBAR: Season 1,24500000,7.133299827575684,3400000.0,4
2023-06-18,TV (English),6,Tex Mex Motors,Tex Mex Motors: Season 1,13600000,4.883299827575684,2800000.0,1
2023-06-18,TV (English),7,Manifest,Manifest: Season 4,42900000,15.58329963684082,2800000.0,9
2023-06-18,TV (English),8,Never Have I Ever,Never Have I Ever: Season 1,11900000,4.5833001136779785,2600000.0,3
2023-06-18,TV (English),9,Amy Schumer: Emergency Contact,N/A,2000000,0.8500000238418579,2400000.0,1
2023-06-18,TV (English),10,Never Have I Ever,Never Have I Ever: Season 3,10800000,4.699999809265137,2300000.0,5
2023-06-18,TV (Non-English),1,Bloodhounds,Bloodhounds: Season 1,65900000,8.133299827575684,8100000.0,2
2023-06-18,TV (Non-English),2,Fake Profile,Fake Profile: Season 1,35200000,6.3333001136779785,5600000.0,3
2023-06-18,TV (Non-English),3,The Surrogacy,The Surrogacy: Season 1,57100000,15.16670036315918,3800000.0,1
2023-06-18,TV (Non-English),4,THE DAYS,THE DAYS: Limited Series,12200000,7.349999904632568,1700000.0,3
2023-06-18,TV (Non-English),5,Valeria,Valeria: Season 3,8800000,5.366700172424316,1600000.0,3
2023-06-18,TV (Non-English),6,Love Is Blind: Brazil,Love Is Blind: Brazil: Season 3,11400000,7.066699981689453,1600000.0,1
2023-06-18,TV (Non-English),7,King the Land,King the Land: Limited Series,2400000,0.0,1600000.0,1
2023-06-18,TV (Non-English),8,Tour de France: Unchained,Tour de France: Unchained: Season 1,8200000,5.566699981689453,1500000.0,1
2023-06-18,TV (Non-English),9,The Playing Card Killer,The Playing Card Killer: Limited Series,3300000,2.516700029373169,1300000.0,1
2023-06-18,TV (Non-English),10,The Good Bad Mother,The Good Bad Mother: Limited Series,17600000,0.0,1200000.0,7
2023-06-11,TV (English),1,Manifest,Manifest: Season 4,78150000,,,8
2023-06-11,TV (English),2,Never Have I Ever,Never Have I Ever: Season 4,76210000,,,1
2023-06-11,TV (English),3,FUBAR,FUBAR: Season 1,42280000,,,3
2023-06-11,TV (English),4,Arnold,Arnold: Limited Series,24510000,,,1
2023-06-11,TV (English),5,Manifest,Manifest: Season 1,18180000,,,25
2023-06-11,TV (English),6,The Ultimatum: Queer Love,The Ultimatum: Queer Love: Season 1,16890000,,,2
2023-06-11,TV (English),7,Queen Charlotte: A Bridgerton Story,N/A,16710000,,,6
2023-06-11,TV (English),8,"XO, Kitty","XO, Kitty: Season 1",14460000,,,4
2023-06-11,TV (English),9,All American,All American: Season 5,10830000,,,3
2023-06-11,TV (English),10,S.W.A.T.,S.W.A.T.: Season 1,10260000,,,3
2023-06-11,TV (Non-English),1,Fake Profile,Fake Profile: Season 1,64730000,,,2
2023-06-11,TV (Non-English),2,Bloodhounds,Bloodhounds: Season 1,27970000,,,1
2023-06-11,TV (Non-English),3,The Good Bad Mother,The Good Bad Mother: Limited Series,26060000,,,6
2023-06-11,TV (Non-English),4,Doctor Cha,Doctor Cha: Limited Series,25320000,,,7
2023-06-11,TV (Non-English),5,THE DAYS,THE DAYS: Limited Series,25080000,,,2
2023-06-11,TV (Non-English),6,Valeria,Valeria: Season 3,16130000,,,2
2023-06-11,TV (Non-English),7,Agency,Agency: Limited Series,9600000,,,2
2023-06-11,TV (Non-English),8,La Reina del Sur,La Reina del Sur: Season 3,9000000,,,15
2023-06-11,TV (Non-English),9,Turn of the Tide,Turn of the Tide: Season 1,7840000,,,2
2023-06-11,TV (Non-English),10,Valeria,Valeria: Season 1,7690000,,,1
2023-06-04,TV (English),1,FUBAR,FUBAR: Season 1,88030000,,,2
2023-06-04,TV (English),2,Manifest,Manifest: Season 4,39400000,,,7
2023-06-04,TV (English),3,"XO, Kitty","XO, Kitty: Season 1",29830000,,,3
2023-06-04,TV (English),4,Queen Charlotte: A Bridgerton Story,N/A,27210000,,,5
2023-06-04,TV (English),5,All American,All American: Season 5,18760000,,,2
2023-06-04,TV (English),6,S.W.A.T.,S.W.A.T.: Season 1,15470000,,,2
2023-06-04,TV (English),7,The Ultimatum: Queer Love,The Ultimatum: Queer Love: Season 1,15030000,,,1
2023-06-04,TV (English),8,Barbecue Showdown,Barbecue Showdown: Season 2,13630000,,,1
2023-06-04,TV (English),9,Selling Sunset,Selling Sunset: Season 6,12970000,,,3
2023-06-04,TV (English),10,Firefly Lane,Firefly Lane: Season 2,11800000,,,11
2023-06-04,TV (Non-English),1,Fake Profile,Fake Profile: Season 1,76310000,,,1
2023-06-04,TV (Non-English),2,Doctor Cha,Doctor Cha: Limited Series,29350000,,,6
2023-06-04,TV (Non-English),3,The Good Bad Mother,The Good Bad Mother: Limited Series,22810000,,,5
2023-06-04,TV (Non-English),4,Muted,Muted: Limited Series,18040000,,,3
2023-06-04,TV (Non-English),5,THE DAYS,THE DAYS: Limited Series,16980000,,,1
2023-06-04,TV (Non-English),6,La Reina del Sur,La Reina del Sur: Season 3,12400000,,,14
2023-06-04,TV (Non-English),7,Turn of the Tide,Turn of the Tide: Season 1,12050000,,,1
2023-06-04,TV (Non-English),8,Valeria,Valeria: Season 3,9540000,,,1
2023-06-04,TV (Non-English),9,"Pablo Escobar, el patrón del mal","Pablo Escobar, el patrón del mal: Season 1",7680000,,,8
2023-06-04,TV (Non-English),10,Agency,Agency: Limited Series,7100000,,,1
2023-05-28,TV (English),1,FUBAR,FUBAR: Season 1,88940000,,,1
2023-05-28,TV (English),2,"XO, Kitty","XO, Kitty: Season 1",63780000,,,2
2023-05-28,TV (English),3,Queen Charlotte: A Bridgerton Story,N/A,42900000,,,4
2023-05-28,TV (English),4,Selling Sunset,Selling Sunset: Season 6,33350000,,,2
2023-05-28,TV (English),5,S.W.A.T.,S.W.A.T.: Season 1,20230000,,,1
2023-05-28,TV (English),6,All American,All American: Season 5,18050000,,,1
2023-05-28,TV (English),7,Firefly Lane,Firefly Lane: Season 2,16110000,,,10
2023-05-28,TV (English),8,Maid,Maid: Limited Series,13960000,,,14
2023-05-28,TV (English),9,The Night Agent,The Night Agent: Season 1,12650000,,,10
2023-05-28,TV (English),10,Bridgerton,Bridgerton: Season 2,12540000,,,14
2023-05-28,TV (Non-English),1,Muted,Muted: Limited Series,46520000,,,2
2023-05-28,TV (Non-English),2,Doctor Cha,Doctor Cha: Limited Series,26370000,,,5
2023-05-28,TV (Non-English),3,The Good Bad Mother,The Good Bad Mother: Limited Series,19630000,,,4
2023-05-28,TV (Non-English),4,La Reina del Sur,La Reina del Sur: Season 3,14130000,,,13
2023-05-28,TV (Non-English),5,Black Knight,Black Knight: Season 1,13070000,,,3
2023-05-28,TV (Non-English),6,"Pablo Escobar, el patrón del mal","Pablo Escobar, el patrón del mal: Season 1",8250000,,,7
2023-05-28,TV (Non-English),7,The Marked Heart,The Marked Heart: Season 2,7520000,,,6
2023-05-28,TV (Non-English),8,Rhythm + Flow France,Rhythm + Flow France: Season 2,6920000,,,1
2023-05-28,TV (Non-English),9,The Marked Heart,The Marked Heart: Season 1,5960000,,,13
2023-05-28,TV (Non-English),10,Chiquititas,N/A,5280000,,,10
2023-05-21,TV (English),1,Queen Charlotte: A Bridgerton Story,N/A,82390000,,,3
2023-05-21,TV (English),2,"XO, Kitty","XO, Kitty: Season 1",72080000,,,1
2023-05-21,TV (English),3,Firefly Lane,Firefly Lane: Season 2,23140000,,,9
2023-05-21,TV (English),4,Selling Sunset,Selling Sunset: Season 6,22780000,,,1
2023-05-21,TV (English),5,McGREGOR FOREVER,McGREGOR FOREVER: Limited Series,20850000,,,1
2023-05-21,TV (English),6,Bridgerton,Bridgerton: Season 1,19460000,,,8
2023-05-21,TV (English),7,Bridgerton,Bridgerton: Season 2,18170000,,,13
2023-05-21,TV (English),8,The Night Agent,The Night Agent: Season 1,16800000,,,9
2023-05-21,TV (English),9,Sweet Tooth,Sweet Tooth: Season 2,16660000,,,4
2023-05-21,TV (English),10,Missing: Dead or Alive?,Missing: Dead or Alive?: Season 1,15290000,,,2
2023-05-21,TV (Non-English),1,Black Knight,Black Knight: Season 1,35110000,,,2
2023-05-21,TV (Non-English),2,Muted,Muted: Limited Series,35100000,,,1
2023-05-21,TV (Non-English),3,Doctor Cha,Doctor Cha: Limited Series,23130000,,,4
2023-05-21,TV (Non-English),4,The Good Bad Mother,The Good Bad Mother: Limited Series,15370000,,,3
2023-05-21,TV (Non-English),5,The Marked Heart,The Marked Heart: Season 2,10910000,,,5
2023-05-21,TV (Non-English),6,The Tailor,The Tailor: Season 1,8940000,,,3
2023-05-21,TV (Non-English),7,La Reina del Sur,La Reina del Sur: Season 3,8910000,,,12
2023-05-21,TV (Non-English),8,The Marked Heart,The Marked Heart: Season 1,8630000,,,12
2023-05-21,TV (Non-English),9,"Pablo Escobar, el patrón del mal","Pablo Escobar, el patrón del mal: Season 1",7980000,,,6
2023-05-21,TV (Non-English),10,Welcome to Eden,Welcome to Eden: Season 2,6380000,,,5
2023-05-14,TV (English),1,Queen Charlotte: A Bridgerton Story,N/A,158680000,,,2
2023-05-14,TV (English),2,Firefly Lane,Firefly Lane: Season 2,31900000,,,8
2023-05-14,TV (English),3,Sweet Tooth,Sweet Tooth: Season 2,27610000,,,3
2023-05-14,TV (English),4,Missing: Dead or Alive?,Missing: Dead or Alive?: Season 1,23950000,,,1
2023-05-14,TV (English),5,Bridgerton,Bridgerton: Season 1,23880000,,,7
2023-05-14,TV (English),6,The Night Agent,The Night Agent: Season 1,20340000,,,8
2023-05-14,TV (English),7,Queen Cleopatra,Queen Cleopatra: Limited Series,20180000,,,1
2023-05-14,TV (English),8,The Diplomat,The Diplomat: Season 1,18370000,,,4
2023-05-14,TV (English),9,Bridgerton,Bridgerton: Season 2,17250000,,,12
2023-05-14,TV (English),10,Sweet Tooth,Sweet Tooth: Season 1,11010000,,,5
2023-05-14,TV (Non-English),1,Black Knight,Black Knight: Season 1,31220000,,,1
2023-05-14,TV (Non-English),2,Doctor Cha,Doctor Cha: Limited Series,19780000,,,3
2023-05-14,TV (Non-English),3,The Tailor,The Tailor: Season 1,15820000,,,2
2023-05-14,TV (Non-English),4,The Marked Heart,The Marked Heart: Season 2,15070000,,,4
2023-05-14,TV (Non-English),5,The Good Bad Mother,The Good Bad Mother: Limited Series,12210000,,,2
2023-05-14,TV (Non-English),6,Sanctuary,Sanctuary: Season 1,11250000,,,2
2023-05-14,TV (Non-English),7,The Marked Heart,The Marked Heart: Season 1,10510000,,,11
2023-05-14,TV (Non-English),8,Welcome to Eden,Welcome to Eden: Season 2,9670000,,,4
2023-05-14,TV (Non-English),9,"Pablo Escobar, el patrón del mal","Pablo Escobar, el patrón del mal: Season 1",7650000,,,5
2023-05-14,TV (Non-English),10,The Nurse,The Nurse: Limited Series,6840000,,,3
2023-05-07,TV (English),1,Queen Charlotte: A Bridgerton Story,N/A,148280000,,,1
2023-05-07,TV (English),2,Sweet Tooth,Sweet Tooth: Season 2,60470000,,,2
2023-05-07,TV (English),3,Firefly Lane,Firefly Lane: Season 2,54320000,,,7
2023-05-07,TV (English),4,The Diplomat,The Diplomat: Season 1,31150000,,,3
2023-05-07,TV (English),5,The Night Agent,The Night Agent: Season 1,26880000,,,7
2023-05-07,TV (English),6,Sweet Tooth,Sweet Tooth: Season 1,25180000,,,4
2023-05-07,TV (English),7,Firefly Lane,Firefly Lane: Season 1,16500000,,,3
2023-05-07,TV (English),8,Workin' Moms,Workin' Moms: Season 7,15110000,,,2
2023-05-07,TV (English),9,BEEF,BEEF: Season 1,14790000,,,5
2023-05-07,TV (English),10,The Smurfs,The Smurfs: Season 1,9220000,,,1
2023-05-07,TV (Non-English),1,The Tailor,The Tailor: Season 1,26140000,,,1
2023-05-07,TV (Non-English),2,The Marked Heart,The Marked Heart: Season 2,25680000,,,3
2023-05-07,TV (Non-English),3,The Nurse,The Nurse: Limited Series,21580000,,,2
2023-05-07,TV (Non-English),4,Welcome to Eden,Welcome to Eden: Season 2,17900000,,,3
2023-05-07,TV (Non-English),5,The Marked Heart,The Marked Heart: Season 1,15740000,,,10
2023-05-07,TV (Non-English),6,Doctor Cha,Doctor Cha: Limited Series,15680000,,,2
2023-05-07,TV (Non-English),7,Queenmaker,Queenmaker: Season 1,12660000,,,4
2023-05-07,TV (Non-English),8,Rough Diamonds,Rough Diamonds: Season 1,12060000,,,3
2023-05-07,TV (Non-English),9,The Good Bad Mother,The Good Bad Mother: Limited Series,9170000,,,1
2023-05-07,TV (Non-English),10,Sanctuary,Sanctuary: Season 1,9000000,,,1
2023-04-30,TV (English),1,The Diplomat,The Diplomat: Season 1,66460000,,,2
2023-04-30,TV (English),2,Sweet Tooth,Sweet Tooth: Season 2,48340000,,,1
2023-04-30,TV (English),3,Firefly Lane,Firefly Lane: Season 2,43490000,,,6
2023-04-30,TV (English),4,The Night Agent,The Night Agent: Season 1,37680000,,,6
2023-04-30,TV (English),5,BEEF,BEEF: Season 1,24480000,,,4
2023-04-30,TV (English),6,Sweet Tooth,Sweet Tooth: Season 1,19230000,,,3
2023-04-30,TV (English),7,Workin' Moms,Workin' Moms: Season 7,18190000,,,1
2023-04-30,TV (English),8,Better Call Saul,Better Call Saul: Season 6,13960000,,,2
2023-04-30,TV (English),9,Love Is Blind,Love Is Blind: S4: Seattle,12080000,,,6
2023-04-30,TV (English),10,Indian Matchmaking,Indian Matchmaking: Season 3,11410000,,,1
2023-04-30,TV (Non-English),1,The Marked Heart,The Marked Heart: Season 2,46310000,,,2
2023-04-30,TV (Non-English),2,Welcome to Eden,Welcome to Eden: Season 2,37540000,,,2
2023-04-30,TV (Non-English),3,Rough Diamonds,Rough Diamonds: Season 1,28690000,,,2
2023-04-30,TV (Non-English),4,The Nurse,The Nurse: Limited Series,28630000,,,1
2023-04-30,TV (Non-English),5,The Marked Heart,The Marked Heart: Season 1,28310000,,,9
2023-04-30,TV (Non-English),6,Queenmaker,Queenmaker: Season 1,23770000,,,3
2023-04-30,TV (Non-English),7,Welcome to Eden,Welcome to Eden: Season 1,15660000,,,7
2023-04-30,TV (Non-English),8,Doctor Cha,Doctor Cha: Limited Series,11280000,,,1
2023-04-30,TV (Non-English),9,The Glory,The Glory: Season 1,7680000,,,13
2023-04-30,TV (Non-English),10,Love After Music,Love After Music: Season 1,6800000,,,1
2023-04-23,TV (English),1,The Diplomat,The Diplomat: Season 1,57480000,,,1
2023-04-23,TV (English),2,The Night Agent,The Night Agent: Season 1,56650000,,,5
2023-04-23,TV (English),3,BEEF,BEEF: Season 1,42810000,,,3
2023-04-23,TV (English),4,Love Is Blind,Love Is Blind: S4: Seattle,39480000,,,5
2023-04-23,TV (English),5,Florida Man,Florida Man: Limited Series,29500000,,,2
2023-04-23,TV (English),6,Obsession,Obsession: Limited Series,27120000,,,2
2023-04-23,TV (English),7,Better Call Saul,Better Call Saul: Season 6,14790000,,,1
2023-04-23,TV (English),8,How to Get Rich,How to Get Rich: Season 1,14580000,,,1
2023-04-23,TV (English),9,American Manhunt: The Boston Marathon Bombing,American Manhunt: The Boston Marathon Bombing: Limited Series,13190000,,,2
2023-04-23,TV (English),10,Wednesday,Wednesday: Season 1,9500000,,,20
2023-04-23,TV (Non-English),1,The Marked Heart,The Marked Heart: Season 2,52310000,,,1
2023-04-23,TV (Non-English),2,Queenmaker,Queenmaker: Season 1,47180000,,,2
2023-04-23,TV (Non-English),3,The Marked Heart,The Marked Heart: Season 1,26750000,,,8
2023-04-23,TV (Non-English),4,Welcome to Eden,Welcome to Eden: Season 2,20620000,,,1
2023-04-23,TV (Non-English),5,Rough Diamonds,Rough Diamonds: Season 1,11600000,,,1
2023-04-23,TV (Non-English),6,The Glory,The Glory: Season 1,9160000,,,12
2023-04-23,TV (Non-English),7,Welcome to Eden,Welcome to Eden: Season 1,6350000,,,6
2023-04-23,TV (Non-English),8,"Pablo Escobar, el patrón del mal","Pablo Escobar, el patrón del mal: Season 1",6070000,,,4
2023-04-23,TV (Non-English),9,Alchemy of Souls,Alchemy of Souls: Part 1,5800000,,,21
2023-04-23,TV (Non-English),10,Chiquititas,N/A,5770000,,,9
2023-04-16,TV (English),1,The Night Agent,The Night Agent: Season 1,90040000,,,4
2023-04-16,TV (English),2,BEEF,BEEF: Season 1,70380000,,,2
2023-04-16,TV (English),3,Love Is Blind,Love Is Blind: S4: Seattle,41330000,,,4
2023-04-16,TV (English),4,Obsession,Obsession: Limited Series,40890000,,,1
2023-04-16,TV (English),5,Florida Man,Florida Man: Limited Series,26190000,,,1
2023-04-16,TV (English),6,American Manhunt: The Boston Marathon Bombing,American Manhunt: The Boston Marathon Bombing: Limited Series,23370000,,,1
2023-04-16,TV (English),7,Transatlantic,Transatlantic: Limited Series,17390000,,,2
2023-04-16,TV (English),8,Designated Survivor,Designated Survivor: Season 1,13110000,,,2
2023-04-16,TV (English),9,Shadow and Bone,Shadow and Bone: Season 2,11620000,,,5
2023-04-16,TV (English),10,Wednesday,Wednesday: Season 1,10890000,,,19
2023-04-16,TV (Non-English),1,Queenmaker,Queenmaker: Season 1,15870000,,,1
2023-04-16,TV (Non-English),2,Thicker Than Water,Thicker Than Water: Season 1,14780000,,,2
2023-04-16,TV (Non-English),3,The Glory,The Glory: Season 1,12900000,,,11
2023-04-16,TV (Non-English),4,Divorce Attorney Shin,Divorce Attorney Shin: Limited Series,10390000,,,3
2023-04-16,TV (Non-English),5,Copycat Killer,Copycat Killer: Season 1,8220000,,,2
2023-04-16,TV (Non-English),6,Crash Course in Romance,Crash Course in Romance: Limited Series,6600000,,,11
2023-04-16,TV (Non-English),7,Who Were We Running From?,Who Were We Running From?: Limited Series,6560000,,,4
2023-04-16,TV (Non-English),8,"Pablo Escobar, el patrón del mal","Pablo Escobar, el patrón del mal: Season 1",6000000,,,3
2023-04-16,TV (Non-English),9,Alchemy of Souls,Alchemy of Souls: Part 1,5850000,,,20
2023-04-16,TV (Non-English),10,Chiquititas,N/A,5670000,,,8
2023-04-09,TV (English),1,The Night Agent,The Night Agent: Season 1,130480000,,,3
2023-04-09,TV (English),2,Love Is Blind,Love Is Blind: S4: Seattle,43140000,,,3
2023-04-09,TV (English),3,BEEF,BEEF: Season 1,34080000,,,1
2023-04-09,TV (English),4,Unseen,Unseen: Season 1,17580000,,,2
2023-04-09,TV (English),5,The Blacklist,The Blacklist: Season 9,17260000,,,2
2023-04-09,TV (English),6,Shadow and Bone,Shadow and Bone: Season 2,16740000,,,4
2023-04-09,TV (English),7,Wellmania,Wellmania: Season 1,13470000,,,2
2023-04-09,TV (English),8,Transatlantic,Transatlantic: Limited Series,12390000,,,1
2023-04-09,TV (English),9,Designated Survivor,Designated Survivor: Season 1,11990000,,,1
2023-04-09,TV (English),10,You,You: Season 4,11890000,,,8
2023-04-09,TV (Non-English),1,The Glory,The Glory: Season 1,18570000,,,10
2023-04-09,TV (Non-English),2,Copycat Killer,Copycat Killer: Season 1,17740000,,,1
2023-04-09,TV (Non-English),3,War Sailor,War Sailor: Limited Series,13640000,,,1
2023-04-09,TV (Non-English),4,Who Were We Running From?,Who Were We Running From?: Limited Series,13230000,,,3
2023-04-09,TV (Non-English),5,Divorce Attorney Shin,Divorce Attorney Shin: Limited Series,9260000,,,2
2023-04-09,TV (Non-English),6,Crash Course in Romance,Crash Course in Romance: Limited Series,8300000,,,10
2023-04-09,TV (Non-English),7,Thicker Than Water,Thicker Than Water: Season 1,7500000,,,1
2023-04-09,TV (Non-English),8,I Am Georgina,I Am Georgina: Season 2,6920000,,,3
2023-04-09,TV (Non-English),9,From Me to You: Kimi ni Todoke,From Me to You: Kimi ni Todoke: Season 1,6600000,,,2
2023-04-09,TV (Non-English),10,"Pablo Escobar, el patrón del mal","Pablo Escobar, el patrón del mal: Season 1",6140000,,,2
2023-04-02,TV (English),1,The Night Agent,The Night Agent: Season 1,216390000,,,2
2023-04-02,TV (English),2,Love Is Blind,Love Is Blind: S4: Seattle,47640000,,,2
2023-04-02,TV (English),3,Shadow and Bone,Shadow and Bone: Season 2,27000000,,,3
2023-04-02,TV (English),4,Unseen,Unseen: Season 1,24320000,,,1
2023-04-02,TV (English),5,You,You: Season 4,18220000,,,7
2023-04-02,TV (English),6,Emergency: NYC,Emergency: NYC: Season 1,18170000,,,1
2023-04-02,TV (English),7,Wellmania,Wellmania: Season 1,14460000,,,1
2023-04-02,TV (English),8,Wednesday,Wednesday: Season 1,12180000,,,18
2023-04-02,TV (English),9,Unstable,Unstable: Season 1,11360000,,,1
2023-04-02,TV (English),10,Outer Banks,Outer Banks: Season 3,11310000,,,6
2023-04-02,TV (Non-English),1,Who Were We Running From?,Who Were We Running From?: Limited Series,35890000,,,2
2023-04-02,TV (Non-English),2,The Glory,The Glory: Season 1,26720000,,,9
2023-04-02,TV (Non-English),3,I Am Georgina,I Am Georgina: Season 2,17250000,,,2
2023-04-02,TV (Non-English),4,Crash Course in Romance,Crash Course in Romance: Limited Series,10970000,,,9
2023-04-02,TV (Non-English),5,Sky High: The Series,Sky High: The Series: Season 1,8630000,,,3
2023-04-02,TV (Non-English),6,Invisible City,Invisible City: Season 2,7850000,,,2
2023-04-02,TV (Non-English),7,Divorce Attorney Shin,Divorce Attorney Shin: Limited Series,7540000,,,1
2023-04-02,TV (Non-English),8,Close to Home: Murder in the Coalfield,Close to Home: Murder in the Coalfield: Season 1,7260000,,,2
2023-04-02,TV (Non-English),9,Wrong Side of the Tracks,Wrong Side of the Tracks: Season 2,7200000,,,5
2023-04-02,TV (Non-English),10,From Me to You: Kimi ni Todoke,From Me to You: Kimi ni Todoke: Season 1,6730000,,,1
2023-03-26,TV (English),1,The Night Agent,The Night Agent: Season 1,168710000,,,1
2023-03-26,TV (English),2,Shadow and Bone,Shadow and Bone: Season 2,55030000,,,2
2023-03-26,TV (English),3,You,You: Season 4,30230000,,,6
2023-03-26,TV (English),4,Love Is Blind,Love Is Blind: S4: Seattle,25520000,,,1
2023-03-26,TV (English),5,Waco: American Apocalypse,Waco: American Apocalypse: Limited Series,21510000,,,1
2023-03-26,TV (English),6,Shadow and Bone,Shadow and Bone: Season 1,21300000,,,2
2023-03-26,TV (English),7,Outer Banks,Outer Banks: Season 3,16880000,,,5
2023-03-26,TV (English),8,Sex/Life,Sex/Life: Season 2,13910000,,,4
2023-03-26,TV (English),9,Wednesday,Wednesday: Season 1,13400000,,,17
2023-03-26,TV (English),10,MH370: The Plane That Disappeared,MH370: The Plane That Disappeared: Limited Series,9960000,,,3
2023-03-26,TV (Non-English),1,The Glory,The Glory: Season 1,48350000,,,8
2023-03-26,TV (Non-English),2,Sky High: The Series,Sky High: The Series: Season 1,27800000,,,2
2023-03-26,TV (Non-English),3,Who Were We Running From?,Who Were We Running From?: Limited Series,19410000,,,1
2023-03-26,TV (Non-English),4,I Am Georgina,I Am Georgina: Season 2,16080000,,,1
2023-03-26,TV (Non-English),5,Crash Course in Romance,Crash Course in Romance: Limited Series,13510000,,,8
2023-03-26,TV (Non-English),6,Maestro in Blue,Maestro in Blue: Season 1,13260000,,,2
2023-03-26,TV (Non-English),7,Wrong Side of the Tracks,Wrong Side of the Tracks: Season 2,11740000,,,4
2023-03-26,TV (Non-English),8,Close to Home: Murder in the Coalfield,Close to Home: Murder in the Coalfield: Season 1,11540000,,,1
2023-03-26,TV (Non-English),9,Invisible City,Invisible City: Season 2,11130000,,,1
2023-03-26,TV (Non-English),10,Mr. Queen,Mr. Queen: Limited Series,7620000,,,6
2023-03-19,TV (English),1,You,You: Season 4,64060000,,,5
2023-03-19,TV (English),2,Shadow and Bone,Shadow and Bone: Season 2,50400000,,,1
2023-03-19,TV (English),3,MH370: The Plane That Disappeared,MH370: The Plane That Disappeared: Limited Series,28980000,,,2
2023-03-19,TV (English),4,Outer Banks,Outer Banks: Season 3,25950000,,,4
2023-03-19,TV (English),5,Shadow and Bone,Shadow and Bone: Season 1,24070000,,,1
2023-03-19,TV (English),6,Outlast,Outlast: Season 1,23630000,,,1
2023-03-19,TV (English),7,Sex/Life,Sex/Life: Season 2,22280000,,,3
2023-03-19,TV (English),8,Wednesday,Wednesday: Season 1,14990000,,,16
2023-03-19,TV (English),9,Sex/Life,Sex/Life: Season 1,13180000,,,10
2023-03-19,TV (English),10,Perfect Match,Perfect Match: Season 1,11540000,,,5
2023-03-19,TV (Non-English),1,The Glory,The Glory: Season 1,123590000,,,7
2023-03-19,TV (Non-English),2,Wrong Side of the Tracks,Wrong Side of the Tracks: Season 2,20100000,,,3
2023-03-19,TV (Non-English),3,Sky High: The Series,Sky High: The Series: Season 1,19180000,,,1
2023-03-19,TV (Non-English),4,Rana Naidu,Rana Naidu: Season 1,16410000,,,2
2023-03-19,TV (Non-English),5,Crash Course in Romance,Crash Course in Romance: Limited Series,14360000,,,7
2023-03-19,TV (Non-English),6,Wrong Side of the Tracks,Wrong Side of the Tracks: Season 1,10030000,,,8
2023-03-19,TV (Non-English),7,Mr. Queen,Mr. Queen: Limited Series,9770000,,,5
2023-03-19,TV (Non-English),8,In the Name of God: A Holy Betrayal,In the Name of God: A Holy Betrayal: Season 1,8100000,,,2
2023-03-19,TV (Non-English),9,Triptych,Triptych: Season 1,8010000,,,4
2023-03-19,TV (Non-English),10,Maestro in Blue,Maestro in Blue: Season 1,7300000,,,1
2023-03-12,TV (English),1,You,You: Season 4,75810000,,,4
2023-03-12,TV (English),2,MH370: The Plane That Disappeared,MH370: The Plane That Disappeared: Limited Series,59880000,,,1
2023-03-12,TV (English),3,Sex/Life,Sex/Life: Season 2,46720000,,,2
2023-03-12,TV (English),4,Outer Banks,Outer Banks: Season 3,44580000,,,3
2023-03-12,TV (English),5,Sex/Life,Sex/Life: Season 1,25930000,,,9
2023-03-12,TV (English),6,Next in Fashion,Next in Fashion: Season 2,24430000,,,2
2023-03-12,TV (English),7,Perfect Match,Perfect Match: Season 1,18900000,,,4
2023-03-12,TV (English),8,Chris Rock: Selective Outrage,N/A,17790000,,,1
2023-03-12,TV (English),9,Outer Banks,Outer Banks: Season 2,16360000,,,9
2023-03-12,TV (English),10,Outer Banks,Outer Banks: Season 1,16140000,,,8
2023-03-12,TV (Non-English),1,The Glory,The Glory: Season 1,124460000,,,6
2023-03-12,TV (Non-English),2,Wrong Side of the Tracks,Wrong Side of the Tracks: Season 2,39080000,,,2
2023-03-12,TV (Non-English),3,Wrong Side of the Tracks,Wrong Side of the Tracks: Season 1,23830000,,,7
2023-03-12,TV (Non-English),4,Crash Course in Romance,Crash Course in Romance: Limited Series,22350000,,,6
2023-03-12,TV (Non-English),5,In the Name of God: A Holy Betrayal,In the Name of God: A Holy Betrayal: Season 1,16430000,,,1
2023-03-12,TV (Non-English),6,Triptych,Triptych: Season 1,14780000,,,3
2023-03-12,TV (Non-English),7,Mr. Queen,Mr. Queen: Limited Series,13670000,,,4
2023-03-12,TV (Non-English),8,Too Hot to Handle: Germany,Too Hot to Handle: Germany: Season 1,9970000,,,2
2023-03-12,TV (Non-English),9,La Reina del Sur,La Reina del Sur: Season 3,8230000,,,11
2023-03-12,TV (Non-English),10,Rana Naidu,Rana Naidu: Season 1,8070000,,,1
2023-03-05,TV (English),1,Outer Banks,Outer Banks: Season 3,99000000,,,2
2023-03-05,TV (English),2,Sex/Life,Sex/Life: Season 2,43890000,,,1
2023-03-05,TV (English),3,Perfect Match,Perfect Match: Season 1,42660000,,,3
2023-03-05,TV (English),4,Outer Banks,Outer Banks: Season 1,34050000,,,7
2023-03-05,TV (English),5,Murdaugh Murders: A Southern Scandal,Murdaugh Murders: A Southern Scandal: Season 1,33360000,,,2
2023-03-05,TV (English),6,Outer Banks,Outer Banks: Season 2,27750000,,,8
2023-03-05,TV (English),7,Formula 1: Drive to Survive,Formula 1: Drive to Survive: Season 5,26230000,,,2
2023-03-05,TV (English),8,Sex/Life,Sex/Life: Season 1,19630000,,,8
2023-03-05,TV (English),9,Wednesday,Wednesday: Season 1,16410000,,,15
2023-03-05,TV (English),10,Next in Fashion,Next in Fashion: Season 2,16160000,,,1
2023-03-05,TV (Non-English),1,Triptych,Triptych: Season 1,39650000,,,2
2023-03-05,TV (Non-English),2,Wrong Side of the Tracks,Wrong Side of the Tracks: Season 2,34630000,,,1
2023-03-05,TV (Non-English),3,Crash Course in Romance,Crash Course in Romance: Limited Series,25970000,,,5
2023-03-05,TV (Non-English),4,Wrong Side of the Tracks,Wrong Side of the Tracks: Season 1,21980000,,,6
2023-03-05,TV (Non-English),5,Mr. Queen,Mr. Queen: Limited Series,20470000,,,3
2023-03-05,TV (Non-English),6,Physical: 100,Physical: 100: Season 1,14370000,,,6
2023-03-05,TV (Non-English),7,Too Hot to Handle: Germany,Too Hot to Handle: Germany: Season 1,14270000,,,1
2023-03-05,TV (Non-English),8,La Reina del Sur,La Reina del Sur: Season 3,9750000,,,10
2023-03-05,TV (Non-English),9,Monique Olivier: Accessory to Evil,Monique Olivier: Accessory to Evil: Limited Series,8720000,,,1
2023-03-05,TV (Non-English),10,The Law According to Lidia Poët,The Law According to Lidia Poët: Season 1,8540000,,,3
2023-02-26,TV (English),1,Outer Banks,Outer Banks: Season 3,154970000,,,1
2023-02-26,TV (English),2,Murdaugh Murders: A Southern Scandal,Murdaugh Murders: A Southern Scandal: Season 1,40050000,,,1
2023-02-26,TV (English),3,Perfect Match,Perfect Match: Season 1,39510000,,,2
2023-02-26,TV (English),4,Outer Banks,Outer Banks: Season 1,35100000,,,6
2023-02-26,TV (English),5,You,You: Season 4,27750000,,,3
2023-02-26,TV (English),6,Formula 1: Drive to Survive,Formula 1: Drive to Survive: Season 5,25760000,,,1
2023-02-26,TV (English),7,Outer Banks,Outer Banks: Season 2,23860000,,,7
2023-02-26,TV (English),8,Red Rose,Red Rose: Limited Series,20540000,,,2
2023-02-26,TV (English),9,Wednesday,Wednesday: Season 1,18950000,,,14
2023-02-26,TV (English),10,The Walking Dead,The Walking Dead: Season 11,15940000,,,3
2023-02-26,TV (Non-English),1,Triptych,Triptych: Season 1,50730000,,,1
2023-02-26,TV (Non-English),2,Physical: 100,Physical: 100: Season 1,37420000,,,5
2023-02-26,TV (Non-English),3,Mr. Queen,Mr. Queen: Limited Series,32440000,,,2
2023-02-26,TV (Non-English),4,Crash Course in Romance,Crash Course in Romance: Limited Series,23280000,,,4
2023-02-26,TV (Non-English),5,The Law According to Lidia Poët,The Law According to Lidia Poët: Season 1,22500000,,,2
2023-02-26,TV (Non-English),6,Ganglands,Ganglands: Season 2,16790000,,,2
2023-02-26,TV (Non-English),7,Love to Hate You,Love to Hate You: Season 1,14370000,,,3
2023-02-26,TV (Non-English),8,Eva Lasting,Eva Lasting: Season 1,12890000,,,1
2023-02-26,TV (Non-English),9,Ganglands,Ganglands: Season 1,12710000,,,4
2023-02-26,TV (Non-English),10,La Reina del Sur,La Reina del Sur: Season 3,12370000,,,9
2023-02-19,TV (English),1,You,You: Season 4,64060000,,,2
2023-02-19,TV (English),2,Perfect Match,Perfect Match: Season 1,24650000,,,1
2023-02-19,TV (English),3,You,You: Season 1,22400000,,,7
2023-02-19,TV (English),4,Red Rose,Red Rose: Limited Series,21270000,,,1
2023-02-19,TV (English),5,Wednesday,Wednesday: Season 1,20240000,,,13
2023-02-19,TV (English),6,Ginny & Georgia,Ginny & Georgia: Season 2,18510000,,,7
2023-02-19,TV (English),7,Full Swing,Full Swing: Season 1,17110000,,,1
2023-02-19,TV (English),8,Love Is Blind,Love Is Blind: S3: Dallas,15860000,,,7
2023-02-19,TV (English),9,You,You: Season 3,15620000,,,10
2023-02-19,TV (English),10,You,You: Season 2,15120000,,,6
2023-02-19,TV (Non-English),1,Physical: 100,Physical: 100: Season 1,45420000,,,4
2023-02-19,TV (Non-English),2,Love to Hate You,Love to Hate You: Season 1,28570000,,,2
2023-02-19,TV (Non-English),3,The Law According to Lidia Poët,The Law According to Lidia Poët: Season 1,28250000,,,1
2023-02-19,TV (Non-English),4,Crash Course in Romance,Crash Course in Romance: Limited Series,21520000,,,3
2023-02-19,TV (Non-English),5,Mr. Queen,Mr. Queen: Limited Series,20950000,,,1
2023-02-19,TV (Non-English),6,In Love All Over Again,In Love All Over Again: Season 1,16160000,,,1
2023-02-19,TV (Non-English),7,True Beauty,True Beauty: Limited Series,14940000,,,2
2023-02-19,TV (Non-English),8,La Reina del Sur,La Reina del Sur: Season 3,14890000,,,8
2023-02-19,TV (Non-English),9,Alchemy of Souls,Alchemy of Souls: Part 2,11900000,,,8
2023-02-19,TV (Non-English),10,Ganglands,Ganglands: Season 2,10040000,,,1
2023-02-12,TV (English),1,You,You: Season 4,92070000,,,1
2023-02-12,TV (English),2,Ginny & Georgia,Ginny & Georgia: Season 2,25710000,,,6
2023-02-12,TV (English),3,Wednesday,Wednesday: Season 1,22650000,,,12
2023-02-12,TV (English),4,You,You: Season 1,19240000,,,6
2023-02-12,TV (English),5,Ginny & Georgia,Ginny & Georgia: Season 1,15790000,,,6
2023-02-12,TV (English),6,New Amsterdam,New Amsterdam: Season 1,15410000,,,6
2023-02-12,TV (English),7,Lockwood & Co.,Lockwood & Co.: Season 1,15370000,,,3
2023-02-12,TV (English),8,Love Is Blind,Love Is Blind: S3: Dallas,12530000,,,6
2023-02-12,TV (English),9,You,You: Season 3,11440000,,,9
2023-02-12,TV (English),10,New Amsterdam,New Amsterdam: Season 4,10210000,,,1
2023-02-12,TV (Non-English),1,Physical: 100,Physical: 100: Season 1,41610000,,,3
2023-02-12,TV (Non-English),2,Crash Course in Romance,Crash Course in Romance: Limited Series,21040000,,,2
2023-02-12,TV (Non-English),3,The Snow Girl,The Snow Girl 1.,19610000,,,3
2023-02-12,TV (Non-English),4,La Reina del Sur,La Reina del Sur: Season 3,19610000,,,7
2023-02-12,TV (Non-English),5,True Beauty,True Beauty: Limited Series,16510000,,,1
2023-02-12,TV (Non-English),6,The Interest of Love,The Interest of Love: Limited Series,12390000,,,2
2023-02-12,TV (Non-English),7,Alchemy of Souls,Alchemy of Souls: Part 2,11610000,,,7
2023-02-12,TV (Non-English),8,Love to Hate You,Love to Hate You: Season 1,11270000,,,1
2023-02-12,TV (Non-English),9,Class,Class: Season 1,9910000,,,1
2023-02-12,TV (Non-English),10,Til Money Do Us Part,Til Money Do Us Part: Season 1,9330000,,,12
2023-02-05,TV (English),1,Lockwood & Co.,Lockwood & Co.: Season 1,39420000,,,2
2023-02-05,TV (English),2,Ginny & Georgia,Ginny & Georgia: Season 2,38090000,,,5
2023-02-05,TV (English),3,Wednesday,Wednesday: Season 1,28230000,,,11
2023-02-05,TV (English),4,Ginny & Georgia,Ginny & Georgia: Season 1,22550000,,,5
2023-02-05,TV (English),5,New Amsterdam,New Amsterdam: Season 1,18960000,,,5
2023-02-05,TV (English),6,Vikings: Valhalla,Vikings: Valhalla: Season 2,14840000,,,4
2023-02-05,TV (English),7,New Amsterdam,New Amsterdam: Season 2,9370000,,,1
2023-02-05,TV (English),8,That '90s Show,That '90s Show: Part 1,9370000,,,3
2023-02-05,TV (English),9,Freeridge,Freeridge: Season 1,8270000,,,1
2023-02-05,TV (English),10,New Amsterdam,New Amsterdam: Season 3,7910000,,,1
2023-02-05,TV (Non-English),1,The Snow Girl,The Snow Girl 1.,50240000,,,2
2023-02-05,TV (Non-English),2,Physical: 100,Physical: 100: Season 1,31300000,,,2
2023-02-05,TV (Non-English),3,La Reina del Sur,La Reina del Sur: Season 3,25730000,,,6
2023-02-05,TV (Non-English),4,Record of Ragnarok,Record of Ragnarok: Season 2,18880000,,,2
2023-02-05,TV (Non-English),5,Crash Course in Romance,Crash Course in Romance: Limited Series,15550000,,,1
2023-02-05,TV (Non-English),6,The Endless Night,The Endless Night: Limited Series,14950000,,,2
2023-02-05,TV (Non-English),7,Alchemy of Souls,Alchemy of Souls: Part 2,11520000,,,6
2023-02-05,TV (Non-English),8,Women at War,Women at War: Limited Series,11230000,,,3
2023-02-05,TV (Non-English),9,The Interest of Love,The Interest of Love: Limited Series,10950000,,,1
2023-02-05,TV (Non-English),10,Shahmaran,Shahmaran: Season 1,10700000,,,3
2023-01-29,TV (English),1,Ginny & Georgia,Ginny & Georgia: Season 2,55610000,,,4
2023-01-29,TV (English),2,Wednesday,Wednesday: Season 1,35860000,,,10
2023-01-29,TV (English),3,Ginny & Georgia,Ginny & Georgia: Season 1,31140000,,,4
2023-01-29,TV (English),4,That '90s Show,That '90s Show: Part 1,26250000,,,2
2023-01-29,TV (English),5,Vikings: Valhalla,Vikings: Valhalla: Season 2,25120000,,,3
2023-01-29,TV (English),6,Lockwood & Co.,Lockwood & Co.: Season 1,25120000,,,1
2023-01-29,TV (English),7,New Amsterdam,New Amsterdam: Season 1,14320000,,,4
2023-01-29,TV (English),8,Bling Empire: New York,Bling Empire: New York: Season 1,14280000,,,1
2023-01-29,TV (English),9,Bake Squad,Bake Squad: Season 2,13040000,,,1
2023-01-29,TV (English),10,Kaleidoscope,Kaleidoscope: Limited Series,12110000,,,4
2023-01-29,TV (Non-English),1,La Reina del Sur,La Reina del Sur: Season 3,37470000,,,5
2023-01-29,TV (Non-English),2,Shahmaran,Shahmaran: Season 1,33960000,,,2
2023-01-29,TV (Non-English),3,The Snow Girl,The Snow Girl 1.,31830000,,,1
2023-01-29,TV (Non-English),4,Women at War,Women at War: Limited Series,30280000,,,2
2023-01-29,TV (Non-English),5,Record of Ragnarok,Record of Ragnarok: Season 2,29190000,,,1
2023-01-29,TV (Non-English),6,The Endless Night,The Endless Night: Limited Series,28330000,,,1
2023-01-29,TV (Non-English),7,Physical: 100,Physical: 100: Season 1,22510000,,,1
2023-01-29,TV (Non-English),8,Fauda,Fauda: Season 4,19210000,,,2
2023-01-29,TV (Non-English),9,The Glory,The Glory: Season 1,17360000,,,5
2023-01-29,TV (Non-English),10,Alchemy of Souls,Alchemy of Souls: Part 1,14930000,,,19
2023-01-22,TV (English),1,Ginny & Georgia,Ginny & Georgia: Season 2,87400000,,,3
2023-01-22,TV (English),2,Vikings: Valhalla,Vikings: Valhalla: Season 2,55530000,,,2
2023-01-22,TV (English),3,Wednesday,Wednesday: Season 1,45740000,,,9
2023-01-22,TV (English),4,Ginny & Georgia,Ginny & Georgia: Season 1,43290000,,,3
2023-01-22,TV (English),5,That '90s Show,That '90s Show: Part 1,41080000,,,1
2023-01-22,TV (English),6,Vikings: Valhalla,Vikings: Valhalla: Season 1,25370000,,,7
2023-01-22,TV (English),7,Kaleidoscope,Kaleidoscope: Limited Series,22990000,,,3
2023-01-22,TV (English),8,Emily in Paris,Emily in Paris: Season 3,15550000,,,5
2023-01-22,TV (English),9,New Amsterdam,New Amsterdam: Season 1,14640000,,,3
2023-01-22,TV (English),10,The Walking Dead,The Walking Dead: Season 11,11800000,,,2
2023-01-22,TV (Non-English),1,La Reina del Sur,La Reina del Sur: Season 3,54090000,,,4
2023-01-22,TV (Non-English),2,Women at War,Women at War: Limited Series,24530000,,,1
2023-01-22,TV (Non-English),3,The Glory,The Glory: Season 1,24200000,,,4
2023-01-22,TV (Non-English),4,Sky Rojo,Sky Rojo: Season 3,19070000,,,2
2023-01-22,TV (Non-English),5,Shahmaran,Shahmaran: Season 1,17030000,,,1
2023-01-22,TV (Non-English),6,Alice in Borderland,Alice in Borderland: Season 2,15680000,,,5
2023-01-22,TV (Non-English),7,Fauda,Fauda: Season 4,12050000,,,1
2023-01-22,TV (Non-English),8,Alchemy of Souls,Alchemy of Souls: Part 1,11580000,,,18
2023-01-22,TV (Non-English),9,Woman of the Dead,Woman of the Dead: Season 1,11490000,,,3
2023-01-22,TV (Non-English),10,Alpha Males,Alpha Males: Season 1,10570000,,,3
2023-01-15,TV (English),1,Ginny & Georgia,Ginny & Georgia: Season 2,162720000,,,2
2023-01-15,TV (English),2,Ginny & Georgia,Ginny & Georgia: Season 1,63230000,,,2
2023-01-15,TV (English),3,Wednesday,Wednesday: Season 1,57820000,,,8
2023-01-15,TV (English),4,Vikings: Valhalla,Vikings: Valhalla: Season 2,55350000,,,1
2023-01-15,TV (English),5,Kaleidoscope,Kaleidoscope: Limited Series,46570000,,,2
2023-01-15,TV (English),6,Vikings: Valhalla,Vikings: Valhalla: Season 1,25500000,,,6
2023-01-15,TV (English),7,Emily in Paris,Emily in Paris: Season 3,25040000,,,4
2023-01-15,TV (English),8,New Amsterdam,New Amsterdam: Season 1,18160000,,,2
2023-01-15,TV (English),9,The Walking Dead,The Walking Dead: Season 11,17940000,,,1
2023-01-15,TV (English),10,The Recruit,The Recruit: Season 1,13430000,,,5
2023-01-15,TV (Non-English),1,La Reina del Sur,La Reina del Sur: Season 3,51930000,,,3
2023-01-15,TV (Non-English),2,The Glory,The Glory: Season 1,40110000,,,3
2023-01-15,TV (Non-English),3,Woman of the Dead,Woman of the Dead: Season 1,28690000,,,2
2023-01-15,TV (Non-English),4,Alice in Borderland,Alice in Borderland: Season 2,23220000,,,4
2023-01-15,TV (Non-English),5,Single’s Inferno,Single’s Inferno: Season 2,20280000,,,4
2023-01-15,TV (Non-English),6,Alpha Males,Alpha Males: Season 1,15200000,,,2
2023-01-15,TV (Non-English),7,Alchemy of Souls,Alchemy of Souls: Part 2,14980000,,,5
2023-01-15,TV (Non-English),8,Sky Rojo,Sky Rojo: Season 3,13590000,,,1
2023-01-15,TV (Non-English),9,Lady Voyeur,Lady Voyeur: Limited Series,12450000,,,2
2023-01-15,TV (Non-English),10,Love Is Blind: Brazil,Love Is Blind: Brazil: Season 2,11920000,,,2
2023-01-08,TV (English),1,Ginny & Georgia,Ginny & Georgia: Season 2,180470000,,,1
2023-01-08,TV (English),2,Kaleidoscope,Kaleidoscope: Limited Series,112320000,,,1
2023-01-08,TV (English),3,Wednesday,Wednesday: Season 1,81340000,,,7
2023-01-08,TV (English),4,Emily in Paris,Emily in Paris: Season 3,47780000,,,3
2023-01-08,TV (English),5,Ginny & Georgia,Ginny & Georgia: Season 1,44370000,,,1
2023-01-08,TV (English),6,The Recruit,The Recruit: Season 1,23580000,,,4
2023-01-08,TV (English),7,MADOFF: The Monster of Wall Street,MADOFF: The Monster of Wall Street: Limited Series,23030000,,,1
2023-01-08,TV (English),8,Treason,Treason: Limited Series,18460000,,,2
2023-01-08,TV (English),9,The Witcher: Blood Origin,The Witcher: Blood Origin: Limited Series,17610000,,,3
2023-01-08,TV (English),10,New Amsterdam,New Amsterdam: Season 1,14800000,,,1
2023-01-08,TV (Non-English),1,The Glory,The Glory: Season 1,82480000,,,2
2023-01-08,TV (Non-English),2,La Reina del Sur,La Reina del Sur: Season 3,79250000,,,2
2023-01-08,TV (Non-English),3,Alice in Borderland,Alice in Borderland: Season 2,41840000,,,3
2023-01-08,TV (Non-English),4,Lady Voyeur,Lady Voyeur: Limited Series,34370000,,,1
2023-01-08,TV (Non-English),5,Woman of the Dead,Woman of the Dead: Season 1,20740000,,,1
2023-01-08,TV (Non-English),6,Alchemy of Souls,Alchemy of Souls: Part 2,20510000,,,4
2023-01-08,TV (Non-English),7,Alice in Borderland,Alice in Borderland: Season 1,19130000,,,8
2023-01-08,TV (Non-English),8,Alpha Males,Alpha Males: Season 1,19090000,,,1
2023-01-08,TV (Non-English),9,Single’s Inferno,Single’s Inferno: Season 2,18340000,,,3
2023-01-08,TV (Non-English),10,Love Is Blind: Brazil,Love Is Blind: Brazil: Season 2,14280000,,,1
2023-01-01,TV (English),1,Wednesday,Wednesday: Season 1,103960000,,,6
2023-01-01,TV (English),2,Emily in Paris,Emily in Paris: Season 3,95330000,,,2
2023-01-01,TV (English),3,The Witcher: Blood Origin,The Witcher: Blood Origin: Limited Series,64520000,,,2
2023-01-01,TV (English),4,Treason,Treason: Limited Series,56060000,,,1
2023-01-01,TV (English),5,The Recruit,The Recruit: Season 1,43360000,,,3
2023-01-01,TV (English),6,Harry & Meghan,Harry & Meghan: Limited Series,22530000,,,4
2023-01-01,TV (English),7,Emily in Paris,Emily in Paris: Season 2,15210000,,,6
2023-01-01,TV (English),8,Emily in Paris,Emily in Paris: Season 1,14550000,,,4
2023-01-01,TV (English),9,Sonic Prime,Sonic Prime: Season 1,13400000,,,3
2023-01-01,TV (English),10,Firefly Lane,Firefly Lane: Season 2,12770000,,,5
2023-01-01,TV (Non-English),1,Alice in Borderland,Alice in Borderland: Season 2,74300000,,,2
2023-01-01,TV (Non-English),2,Alice in Borderland,Alice in Borderland: Season 1,30220000,,,7
2023-01-01,TV (Non-English),3,The Glory,The Glory: Season 1,25410000,,,1
2023-01-01,TV (Non-English),4,Daughter From Another Mother,Daughter From Another Mother: Season 3,22490000,,,1
2023-01-01,TV (Non-English),5,La Reina del Sur,La Reina del Sur: Season 3,22410000,,,1
2023-01-01,TV (Non-English),6,Alchemy of Souls,Alchemy of Souls: Part 2,17170000,,,3
2023-01-01,TV (Non-English),7,Single’s Inferno,Single’s Inferno: Season 2,14880000,,,2
2023-01-01,TV (Non-English),8,The Unbroken Voice,The Unbroken Voice: Season 1,14020000,,,6
2023-01-01,TV (Non-English),9,Til Money Do Us Part,Til Money Do Us Part: Season 1,13330000,,,11
2023-01-01,TV (Non-English),10,Reborn Rich,Reborn Rich: Limited Series,11980000,,,6
2022-12-25,TV (English),1,Wednesday,Wednesday: Season 1,118540000,,,5
2022-12-25,TV (English),2,Emily in Paris,Emily in Paris: Season 3,117610000,,,1
2022-12-25,TV (English),3,The Recruit,The Recruit: Season 1,95590000,,,2
2022-12-25,TV (English),4,Harry & Meghan,Harry & Meghan: Limited Series,39740000,,,3
2022-12-25,TV (English),5,Sonic Prime,Sonic Prime: Season 1,26410000,,,2
2022-12-25,TV (English),6,Too Hot to Handle,Too Hot to Handle: Season 4,16640000,,,3
2022-12-25,TV (English),7,The Witcher: Blood Origin,The Witcher: Blood Origin: Limited Series,15870000,,,1
2022-12-25,TV (English),8,I AM A KILLER,I AM A KILLER: Season 4,15820000,,,1
2022-12-25,TV (English),9,Firefly Lane,Firefly Lane: Season 2,14200000,,,4
2022-12-25,TV (English),10,Emily in Paris,Emily in Paris: Season 1,11500000,,,3
2022-12-25,TV (Non-English),1,Alice in Borderland,Alice in Borderland: Season 2,61190000,,,1
2022-12-25,TV (Non-English),2,Alice in Borderland,Alice in Borderland: Season 1,18660000,,,6
2022-12-25,TV (Non-English),3,Reborn Rich,Reborn Rich: Limited Series,17010000,,,5
2022-12-25,TV (Non-English),4,The Unbroken Voice,The Unbroken Voice: Season 1,16550000,,,5
2022-12-25,TV (Non-English),5,Alchemy of Souls,Alchemy of Souls: Part 2,15060000,,,2
2022-12-25,TV (Non-English),6,Til Money Do Us Part,Til Money Do Us Part: Season 1,13850000,,,10
2022-12-25,TV (Non-English),7,A Storm for Christmas,A Storm for Christmas: Limited Series,13640000,,,2
2022-12-25,TV (Non-English),8,Alchemy of Souls,Alchemy of Souls: Part 1,11830000,,,17
2022-12-25,TV (Non-English),9,Blood Ties,Blood Ties: Season 1,11660000,,,1
2022-12-25,TV (Non-English),10,Single’s Inferno,Single’s Inferno: Season 2,11580000,,,1
2022-12-18,TV (English),1,Wednesday,Wednesday: Season 1,173960000,,,4
2022-12-18,TV (English),2,Harry & Meghan,Harry & Meghan: Limited Series,97710000,,,2
2022-12-18,TV (English),3,The Recruit,The Recruit: Season 1,52300000,,,1
2022-12-18,TV (English),4,Too Hot to Handle,Too Hot to Handle: Season 4,37830000,,,2
2022-12-18,TV (English),5,Sonic Prime,Sonic Prime: Season 1,27720000,,,1
2022-12-18,TV (English),6,Firefly Lane,Firefly Lane: Season 2,26570000,,,3
2022-12-18,TV (English),7,1899,1899: Season 1,17850000,,,5
2022-12-18,TV (English),8,The Crown,The Crown: Season 5,13200000,,,6
2022-12-18,TV (English),9,Don't Pick Up the Phone,Don't Pick Up the Phone: Limited Series,10780000,,,1
2022-12-18,TV (English),10,Firefly Lane,Firefly Lane: Season 1,10660000,,,2
2022-12-18,TV (Non-English),1,The Unbroken Voice,The Unbroken Voice: Season 1,22570000,,,4
2022-12-18,TV (Non-English),2,Money Heist: Korea - Joint Economic Area,Money Heist: Korea - Joint Economic Area: Season 1,22340000,,,5
2022-12-18,TV (Non-English),3,Reborn Rich,Reborn Rich: Limited Series,19440000,,,4
2022-12-18,TV (Non-English),4,Til Money Do Us Part,Til Money Do Us Part: Season 1,17120000,,,9
2022-12-18,TV (Non-English),5,Alchemy of Souls,Alchemy of Souls: Part 1,13500000,,,16
2022-12-18,TV (Non-English),6,Alchemy of Souls,Alchemy of Souls: Part 2,13070000,,,1
2022-12-18,TV (Non-English),7,A Storm for Christmas,A Storm for Christmas: Limited Series,12330000,,,1
2022-12-18,TV (Non-English),8,Lookism,Lookism: Season 1,9960000,,,2
2022-12-18,TV (Non-English),9,I Hate Christmas,I Hate Christmas: Season 1,9490000,,,2
2022-12-18,TV (Non-English),10,Under the Queen's Umbrella,Under the Queen's Umbrella: Limited Series,9390000,,,8
2022-12-11,TV (English),1,Wednesday,Wednesday: Season 1,269670000,,,3
2022-12-11,TV (English),2,Harry & Meghan,Harry & Meghan: Limited Series,81550000,,,1
2022-12-11,TV (English),3,Firefly Lane,Firefly Lane: Season 2,50350000,,,2
2022-12-11,TV (English),4,1899,1899: Season 1,27530000,,,4
2022-12-11,TV (English),5,Firefly Lane,Firefly Lane: Season 1,20940000,,,1
2022-12-11,TV (English),6,Too Hot to Handle,Too Hot to Handle: Season 4,20430000,,,1
2022-12-11,TV (English),7,The Crown,The Crown: Season 5,18900000,,,5
2022-12-11,TV (English),8,Snack VS. Chef,Snack VS. Chef: Season 1,13870000,,,1
2022-12-11,TV (English),9,Dead to Me,Dead to Me: Season 3,11900000,,,4
2022-12-11,TV (English),10,Manifest,Manifest: Season 4,10540000,,,6
2022-12-11,TV (Non-English),1,The Unbroken Voice,The Unbroken Voice: Season 1,26880000,,,3
2022-12-11,TV (Non-English),2,Til Money Do Us Part,Til Money Do Us Part: Season 1,20880000,,,8
2022-12-11,TV (Non-English),3,Under the Queen's Umbrella,Under the Queen's Umbrella: Limited Series,17270000,,,7
2022-12-11,TV (Non-English),4,Reborn Rich,Reborn Rich: Limited Series,16810000,,,3
2022-12-11,TV (Non-English),5,Elite,Elite: Season 6,13400000,,,4
2022-12-11,TV (Non-English),6,I Hate Christmas,I Hate Christmas: Season 1,12830000,,,1
2022-12-11,TV (Non-English),7,Money Heist: Korea - Joint Economic Area,Money Heist: Korea - Joint Economic Area: Season 1,12800000,,,4
2022-12-11,TV (Non-English),8,Hot Skull,Hot Skull: Season 1,10910000,,,1
2022-12-11,TV (Non-English),9,First Love,First Love: Season 1,9060000,,,3
2022-12-11,TV (Non-English),10,Lookism,Lookism: Season 1,8050000,,,1
2022-12-04,TV (English),1,Wednesday,Wednesday: Season 1,411290000,,,2
2022-12-04,TV (English),2,1899,1899: Season 1,44620000,,,3
2022-12-04,TV (English),3,Firefly Lane,Firefly Lane: Season 2,29010000,,,1
2022-12-04,TV (English),4,The Crown,The Crown: Season 5,27790000,,,4
2022-12-04,TV (English),5,Crime Scene: The Texas Killing Fields,Crime Scene: The Texas Killing Fields: Limited Series,23880000,,,1
2022-12-04,TV (English),6,Dead to Me,Dead to Me: Season 3,19540000,,,3
2022-12-04,TV (English),7,Manifest,Manifest: Season 4,15380000,,,5
2022-12-04,TV (English),8,Blood & Water,Blood & Water: Season 3,12690000,,,1
2022-12-04,TV (English),9,Manifest,Manifest: Season 1,11660000,,,24
2022-12-04,TV (English),10,Little Angel,Little Angel: Volume 1,11180000,,,2
2022-12-04,TV (Non-English),1,The Unbroken Voice,The Unbroken Voice: Season 1,28110000,,,2
2022-12-04,TV (Non-English),2,Til Money Do Us Part,Til Money Do Us Part: Season 1,24900000,,,7
2022-12-04,TV (Non-English),3,Elite,Elite: Season 6,22440000,,,3
2022-12-04,TV (Non-English),4,Under the Queen's Umbrella,Under the Queen's Umbrella: Limited Series,19470000,,,6
2022-12-04,TV (Non-English),5,First Love,First Love: Season 1,12300000,,,2
2022-12-04,TV (Non-English),6,Reborn Rich,Reborn Rich: Limited Series,12070000,,,2
2022-12-04,TV (Non-English),7,Khakee: The Bihar Chapter,Khakee: The Bihar Chapter: Season 1,11270000,,,2
2022-12-04,TV (Non-English),8,JoJo's Bizarre Adventure,JoJo's Bizarre Adventure: STONE OCEAN,8770000,,,2
2022-12-04,TV (Non-English),9,Chiquititas,N/A,7100000,,,7
2022-12-04,TV (Non-English),10,Extraordinary Attorney Woo,Extraordinary Attorney Woo: Season 1,5500000,,,21
2022-11-27,TV (English),1,Wednesday,Wednesday: Season 1,341230000,,,1
2022-11-27,TV (English),2,1899,1899: Season 1,87890000,,,2
2022-11-27,TV (English),3,The Crown,The Crown: Season 5,42360000,,,3
2022-11-27,TV (English),4,Dead to Me,Dead to Me: Season 3,33330000,,,2
2022-11-27,TV (English),5,Manifest,Manifest: Season 4,21600000,,,4
2022-11-27,TV (English),6,Manifest,Manifest: Season 1,15010000,,,23
2022-11-27,TV (English),7,"Pepsi, Where's My Jet?","Pepsi, Where's My Jet?: Limited Series",14160000,,,1
2022-11-27,TV (English),8,Manifest,Manifest: Season 3,12260000,,,8
2022-11-27,TV (English),9,Warrior Nun,Warrior Nun: Season 2,11970000,,,3
2022-11-27,TV (English),10,Dead to Me,Dead to Me: Season 1,11940000,,,1
2022-11-27,TV (Non-English),1,Elite,Elite: Season 6,48270000,,,2
2022-11-27,TV (Non-English),2,Til Money Do Us Part,Til Money Do Us Part: Season 1,32210000,,,6
2022-11-27,TV (Non-English),3,Under the Queen's Umbrella,Under the Queen's Umbrella: Limited Series,18080000,,,5
2022-11-27,TV (Non-English),4,Reborn Rich,Reborn Rich: Limited Series,10350000,,,1
2022-11-27,TV (Non-English),5,Somebody,Somebody: Season 1,9940000,,,1
2022-11-27,TV (Non-English),6,The Unbroken Voice,The Unbroken Voice: Season 1,9900000,,,1
2022-11-27,TV (Non-English),7,Chiquititas,N/A,7280000,,,6
2022-11-27,TV (Non-English),8,First Love,First Love: Season 1,7220000,,,1
2022-11-27,TV (Non-English),9,Khakee: The Bihar Chapter,Khakee: The Bihar Chapter: Season 1,6330000,,,1
2022-11-27,TV (Non-English),10,Café con aroma de mujer,Café con aroma de mujer: Season 1,6310000,,,28
2022-11-20,TV (English),1,The Crown,The Crown: Season 5,84310000,,,2
2022-11-20,TV (English),2,1899,1899: Season 1,79270000,,,1
2022-11-20,TV (English),3,Manifest,Manifest: Season 4,35730000,,,3
2022-11-20,TV (English),4,Dead to Me,Dead to Me: Season 3,30300000,,,1
2022-11-20,TV (English),5,Warrior Nun,Warrior Nun: Season 2,27740000,,,2
2022-11-20,TV (English),6,Manifest,Manifest: Season 1,25940000,,,22
2022-11-20,TV (English),7,Ancient Apocalypse,Ancient Apocalypse: Season 1,24620000,,,1
2022-11-20,TV (English),8,Warrior Nun,Warrior Nun: Season 1,20100000,,,1
2022-11-20,TV (English),9,From Scratch,From Scratch: Limited Series,19880000,,,5
2022-11-20,TV (English),10,Love Is Blind,Love Is Blind: S3: Dallas,19310000,,,5
2022-11-20,TV (Non-English),1,Til Money Do Us Part,Til Money Do Us Part: Season 1,39960000,,,5
2022-11-20,TV (Non-English),2,Elite,Elite: Season 6,36870000,,,1
2022-11-20,TV (Non-English),3,Under the Queen's Umbrella,Under the Queen's Umbrella: Limited Series,15620000,,,4
2022-11-20,TV (Non-English),4,Little Women,Little Women: Limited Series,8590000,,,11
2022-11-20,TV (Non-English),5,Chiquititas,N/A,7940000,,,5
2022-11-20,TV (Non-English),6,Café con aroma de mujer,Café con aroma de mujer: Season 1,6850000,,,27
2022-11-20,TV (Non-English),7,Extraordinary Attorney Woo,Extraordinary Attorney Woo: Season 1,6780000,,,20
2022-11-20,TV (Non-English),8,"Pablo Escobar, el patrón del mal","Pablo Escobar, el patrón del mal: Season 1",5760000,,,1
2022-11-20,TV (Non-English),9,Love Never Lies: Destination Sardinia,Love Never Lies: Destination Sardinia: Season 1,5420000,,,1
2022-11-20,TV (Non-English),10,Dubai Bling,Dubai Bling: Season 1,5400000,,,4
2022-11-13,TV (English),1,The Crown,The Crown: Season 5,107390000,,,1
2022-11-13,TV (English),2,Manifest,Manifest: Season 4,74780000,,,2
2022-11-13,TV (English),3,Love Is Blind,Love Is Blind: S3: Dallas,47250000,,,4
2022-11-13,TV (English),4,Manifest,Manifest: Season 1,41990000,,,21
2022-11-13,TV (English),5,From Scratch,From Scratch: Limited Series,31300000,,,4
2022-11-13,TV (English),6,Warrior Nun,Warrior Nun: Season 2,26220000,,,1
2022-11-13,TV (English),7,Inside Man,Inside Man: Season 1,24970000,,,2
2022-11-13,TV (English),8,The Watcher,The Watcher: Season 1,18850000,,,5
2022-11-13,TV (English),9,Manifest,Manifest: Season 2,18200000,,,9
2022-11-13,TV (English),10,Guillermo del Toro's Cabinet of Curiosities,Guillermo del Toro's Cabinet of Curiosities: Season 1,18170000,,,3
2022-11-13,TV (Non-English),1,Til Money Do Us Part,Til Money Do Us Part: Season 1,46600000,,,4
2022-11-13,TV (Non-English),2,The Secret of the Greco Family,The Secret of the Greco Family: Season 1,14200000,,,1
2022-11-13,TV (Non-English),3,Under the Queen's Umbrella,Under the Queen's Umbrella: Limited Series,12200000,,,3
2022-11-13,TV (Non-English),4,Little Women,Little Women: Limited Series,10330000,,,10
2022-11-13,TV (Non-English),5,If Only,If Only: Season 1,8920000,,,3
2022-11-13,TV (Non-English),6,Dubai Bling,Dubai Bling: Season 1,8840000,,,3
2022-11-13,TV (Non-English),7,Chiquititas,N/A,7400000,,,4
2022-11-13,TV (Non-English),8,Extraordinary Attorney Woo,Extraordinary Attorney Woo: Season 1,6980000,,,19
2022-11-13,TV (Non-English),9,Café con aroma de mujer,Café con aroma de mujer: Season 1,6580000,,,26
2022-11-13,TV (Non-English),10,Young Royals,Young Royals: Season 2,6290000,,,2
2022-11-06,TV (English),1,Manifest,Manifest: Season 4,57060000,,,1
2022-11-06,TV (English),2,Inside Man,Inside Man: Season 1,52940000,,,1
2022-11-06,TV (English),3,From Scratch,From Scratch: Limited Series,50450000,,,3
2022-11-06,TV (English),4,Love Is Blind,Love Is Blind: S3: Dallas,47130000,,,3
2022-11-06,TV (English),5,Guillermo del Toro's Cabinet of Curiosities,Guillermo del Toro's Cabinet of Curiosities: Season 1,38800000,,,2
2022-11-06,TV (English),6,The Watcher,The Watcher: Season 1,35420000,,,4
2022-11-06,TV (English),7,Half Bad: The Bastard Son & The Devil Himself,Half Bad: The Bastard Son & The Devil Himself: Season 1,30890000,,,2
2022-11-06,TV (English),8,DAHMER,DAHMER: Monster: The Jeffrey Dahmer Story,28250000,,,7
2022-11-06,TV (English),9,Killer Sally,Killer Sally: Limited Series,25360000,,,1
2022-11-06,TV (English),10,Manifest,Manifest: Season 1,20300000,,,20
2022-11-06,TV (Non-English),1,Til Money Do Us Part,Til Money Do Us Part: Season 1,52230000,,,3
2022-11-06,TV (Non-English),2,Dubai Bling,Dubai Bling: Season 1,20790000,,,2
2022-11-06,TV (Non-English),3,Young Royals,Young Royals: Season 2,18860000,,,1
2022-11-06,TV (Non-English),4,If Only,If Only: Season 1,14950000,,,2
2022-11-06,TV (Non-English),5,Little Women,Little Women: Limited Series,11300000,,,9
2022-11-06,TV (Non-English),6,Under the Queen's Umbrella,Under the Queen's Umbrella: Limited Series,10420000,,,2
2022-11-06,TV (Non-English),7,Barbarians,Barbarians: II,9390000,,,3
2022-11-06,TV (Non-English),8,Once Upon a Small Town,Once Upon a Small Town: Limited Series,9050000,,,1
2022-11-06,TV (Non-English),9,Extraordinary Attorney Woo,Extraordinary Attorney Woo: Season 1,8370000,,,18
2022-11-06,TV (Non-English),10,Chiquititas,N/A,7760000,,,3
2022-10-30,TV (English),1,From Scratch,From Scratch: Limited Series,72020000,,,2
2022-10-30,TV (English),2,The Watcher,The Watcher: Season 1,67510000,,,3
2022-10-30,TV (English),3,Guillermo del Toro's Cabinet of Curiosities,Guillermo del Toro's Cabinet of Curiosities: Season 1,49950000,,,1
2022-10-30,TV (English),4,Love Is Blind,Love Is Blind: S3: Dallas,42070000,,,2
2022-10-30,TV (English),5,DAHMER,DAHMER: Monster: The Jeffrey Dahmer Story,40960000,,,6
2022-10-30,TV (English),6,Unsolved Mysteries,Unsolved Mysteries: Volume 3,14060000,,,2
2022-10-30,TV (English),7,Half Bad: The Bastard Son & The Devil Himself,Half Bad: The Bastard Son & The Devil Himself: Season 1,13830000,,,1
2022-10-30,TV (English),8,28 Days Haunted,28 Days Haunted: Season 1,13670000,,,2
2022-10-30,TV (English),9,Big Mouth,Big Mouth: Season 6,13590000,,,1
2022-10-30,TV (English),10,Little Angel,Little Angel: Volume 1,10800000,,,1
2022-10-30,TV (Non-English),1,Til Money Do Us Part,Til Money Do Us Part: Season 1,51490000,,,2
2022-10-30,TV (Non-English),2,Barbarians,Barbarians: II,21220000,,,2
2022-10-30,TV (Non-English),3,Dubai Bling,Dubai Bling: Season 1,13710000,,,1
2022-10-30,TV (Non-English),4,Little Women,Little Women: Limited Series,12290000,,,8
2022-10-30,TV (Non-English),5,Barbarians,N/A,12120000,,,2
2022-10-30,TV (Non-English),6,Vatican Girl: The Disappearance of Emanuela Orlandi,Vatican Girl: The Disappearance of Emanuela Orlandi: Limited Series,10640000,,,2
2022-10-30,TV (Non-English),7,The Empress,The Empress: Season 1,9990000,,,5
2022-10-30,TV (Non-English),8,If Only,If Only: Season 1,9100000,,,1
2022-10-30,TV (Non-English),9,Extraordinary Attorney Woo,Extraordinary Attorney Woo: Season 1,8990000,,,17
2022-10-30,TV (Non-English),10,Under the Queen's Umbrella,Under the Queen's Umbrella: Limited Series,8010000,,,1
2022-10-23,TV (English),1,The Watcher,The Watcher: Season 1,148240000,,,2
2022-10-23,TV (English),2,DAHMER,DAHMER: Monster: The Jeffrey Dahmer Story,69110000,,,5
2022-10-23,TV (English),3,From Scratch,From Scratch: Limited Series,32230000,,,1
2022-10-23,TV (English),4,Love Is Blind,Love Is Blind: S3: Dallas,24890000,,,1
2022-10-23,TV (English),5,The Midnight Club,The Midnight Club: Season 1,21650000,,,3
2022-10-23,TV (English),6,Unsolved Mysteries,Unsolved Mysteries: Volume 3,18930000,,,1
2022-10-23,TV (English),7,The Sinner,The Sinner: Season 4: Percy,13240000,,,3
2022-10-23,TV (English),8,28 Days Haunted,28 Days Haunted: Season 1,12980000,,,1
2022-10-23,TV (English),9,Dynasty,Dynasty: Season 5,12610000,,,5
2022-10-23,TV (English),10,Wild Croc Territory,Wild Croc Territory: Season 1,11550000,,,1
2022-10-23,TV (Non-English),1,Til Money Do Us Part,Til Money Do Us Part: Season 1,21870000,,,1
2022-10-23,TV (Non-English),2,Holy Family,Holy Family: Season 1,18590000,,,2
2022-10-23,TV (Non-English),3,Little Women,Little Women: Limited Series,15550000,,,7
2022-10-23,TV (Non-English),4,The Empress,The Empress: Season 1,15090000,,,4
2022-10-23,TV (Non-English),5,Barbarians,Barbarians: II,14590000,,,1
2022-10-23,TV (Non-English),6,Vatican Girl: The Disappearance of Emanuela Orlandi,Vatican Girl: The Disappearance of Emanuela Orlandi: Limited Series,11580000,,,1
2022-10-23,TV (Non-English),7,The Playlist,The Playlist: Limited Series,10920000,,,1
2022-10-23,TV (Non-English),8,Extraordinary Attorney Woo,Extraordinary Attorney Woo: Season 1,10490000,,,16
2022-10-23,TV (Non-English),9,High Water,High Water: Season 1,10290000,,,3
2022-10-23,TV (Non-English),10,Barbarians,N/A,8300000,,,1
2022-10-16,TV (English),1,The Watcher,The Watcher: Season 1,125010000,,,1
2022-10-16,TV (English),2,DAHMER,DAHMER: Monster: The Jeffrey Dahmer Story,122780000,,,4
2022-10-16,TV (English),3,The Midnight Club,The Midnight Club: Season 1,49870000,,,2
2022-10-16,TV (English),4,Conversations with a Killer: The Jeffrey Dahmer Tapes,Conversations with a Killer: The Jeffrey Dahmer Tapes: Season 1,27710000,,,2
2022-10-16,TV (English),5,Dynasty,Dynasty: Season 5,18230000,,,4
2022-10-16,TV (English),6,Oddballs,Oddballs: Season 1,11900000,,,1
2022-10-16,TV (English),7,The Blacklist,The Blacklist: Season 9,11800000,,,1
2022-10-16,TV (English),8,Bling Empire,Bling Empire: Season 3,10630000,,,2
2022-10-16,TV (English),9,Fate: The Winx Saga,Fate: The Winx Saga: Season 2,9690000,,,5
2022-10-16,TV (English),10,The Mole,The Mole: Season 1,9640000,,,1
2022-10-16,TV (Non-English),1,High Water,High Water: Season 1,31040000,,,2
2022-10-16,TV (Non-English),2,The Empress,The Empress: Season 1,28080000,,,3
2022-10-16,TV (Non-English),3,Little Women,Little Women: Limited Series,24990000,,,6
2022-10-16,TV (Non-English),4,Extraordinary Attorney Woo,Extraordinary Attorney Woo: Season 1,12150000,,,15
2022-10-16,TV (Non-English),5,"El Rey, Vicente Fernández","El Rey, Vicente Fernández: Season 1",9360000,,,5
2022-10-16,TV (Non-English),6,Holy Family,Holy Family: Season 1,8510000,,,1
2022-10-16,TV (Non-English),7,Alchemy of Souls,Alchemy of Souls: Part 1,7750000,,,15
2022-10-16,TV (Non-English),8,Glitch,Glitch: Limited Series,7440000,,,1
2022-10-16,TV (Non-English),9,Young Lady and Gentleman,Young Lady and Gentleman: Limited Series,7070000,,,8
2022-10-16,TV (Non-English),10,Chiquititas,N/A,6000000,,,2
2022-10-09,TV (English),1,DAHMER,DAHMER: Monster: The Jeffrey Dahmer Story,205330000,,,3
2022-10-09,TV (English),2,Conversations with a Killer: The Jeffrey Dahmer Tapes,Conversations with a Killer: The Jeffrey Dahmer Tapes: Season 1,31400000,,,1
2022-10-09,TV (English),3,Dynasty,Dynasty: Season 5,27830000,,,3
2022-10-09,TV (English),4,The Midnight Club,The Midnight Club: Season 1,18790000,,,1
2022-10-09,TV (English),5,Bling Empire,Bling Empire: Season 3,15210000,,,1
2022-10-09,TV (English),6,Fate: The Winx Saga,Fate: The Winx Saga: Season 2,14960000,,,4
2022-10-09,TV (English),7,Cobra Kai,Cobra Kai: Season 5,13530000,,,5
2022-10-09,TV (English),8,Heartbreak High,Heartbreak High: Season 1,9480000,,,3
2022-10-09,TV (English),9,Stranger Things,Stranger Things 4,9420000,,,19
2022-10-09,TV (English),10,Conversations with a Killer: The John Wayne Gacy Tapes,Conversations with a Killer: The John Wayne Gacy Tapes: Season 1,8860000,,,3
2022-10-09,TV (Non-English),1,The Empress,The Empress: Season 1,59430000,,,2
2022-10-09,TV (Non-English),2,High Water,High Water: Season 1,45840000,,,1
2022-10-09,TV (Non-English),3,Little Women,Little Women: Limited Series,23580000,,,5
2022-10-09,TV (Non-English),4,"El Rey, Vicente Fernández","El Rey, Vicente Fernández: Season 1",13750000,,,4
2022-10-09,TV (Non-English),5,Extraordinary Attorney Woo,Extraordinary Attorney Woo: Season 1,12220000,,,14
2022-10-09,TV (Non-English),6,Alchemy of Souls,Alchemy of Souls: Part 1,9780000,,,14
2022-10-09,TV (Non-English),7,Young Lady and Gentleman,Young Lady and Gentleman: Limited Series,8520000,,,7
2022-10-09,TV (Non-English),8,Cyberpunk: Edgerunners,Cyberpunk: Edgerunners: Season 1,8020000,,,4
2022-10-09,TV (Non-English),9,Narco-Saints,Narco-Saints: Season 1,7580000,,,5
2022-10-09,TV (Non-English),10,Diary of a Gigolo,Diary of a Gigolo: Season 1,7100000,,,5
2022-10-02,TV (English),1,DAHMER,DAHMER: Monster: The Jeffrey Dahmer Story,299840000,,,2
2022-10-02,TV (English),2,Dynasty,Dynasty: Season 5,44610000,,,2
2022-10-02,TV (English),3,Fate: The Winx Saga,Fate: The Winx Saga: Season 2,26400000,,,3
2022-10-02,TV (English),4,Cobra Kai,Cobra Kai: Season 5,20820000,,,4
2022-10-02,TV (English),5,Heartbreak High,Heartbreak High: Season 1,14880000,,,2
2022-10-02,TV (English),6,The Crown,The Crown: Season 1,12090000,,,4
2022-10-02,TV (English),7,The Crown,The Crown: Season 2,11480000,,,3
2022-10-02,TV (English),8,Stranger Things,Stranger Things 4,10340000,,,18
2022-10-02,TV (English),9,Fate: The Winx Saga,Fate: The Winx Saga: Season 1,9560000,,,2
2022-10-02,TV (English),10,Inside the World’s Toughest Prisons,Inside the World’s Toughest Prisons: Season 6,9130000,,,1
2022-10-02,TV (Non-English),1,The Empress,The Empress: Season 1,47210000,,,1
2022-10-02,TV (Non-English),2,Thai Cave Rescue,Thai Cave Rescue: Limited Series,21230000,,,2
2022-10-02,TV (Non-English),3,"El Rey, Vicente Fernández","El Rey, Vicente Fernández: Season 1",20870000,,,3
2022-10-02,TV (Non-English),4,Little Women,Little Women: Limited Series,18940000,,,4
2022-10-02,TV (Non-English),5,Extraordinary Attorney Woo,Extraordinary Attorney Woo: Season 1,13370000,,,13
2022-10-02,TV (Non-English),6,Narco-Saints,Narco-Saints: Season 1,12080000,,,4
2022-10-02,TV (Non-English),7,Cyberpunk: Edgerunners,Cyberpunk: Edgerunners: Season 1,11090000,,,3
2022-10-02,TV (Non-English),8,Alchemy of Souls,Alchemy of Souls: Part 1,10980000,,,13
2022-10-02,TV (Non-English),9,Young Lady and Gentleman,Young Lady and Gentleman: Limited Series,10860000,,,6
2022-10-02,TV (Non-English),10,Diary of a Gigolo,Diary of a Gigolo: Season 1,10200000,,,4
2022-09-25,TV (English),1,DAHMER,DAHMER: Monster: The Jeffrey Dahmer Story,196200000,,,1
2022-09-25,TV (English),2,Fate: The Winx Saga,Fate: The Winx Saga: Season 2,60970000,,,2
2022-09-25,TV (English),3,Cobra Kai,Cobra Kai: Season 5,38120000,,,3
2022-09-25,TV (English),4,The Crown,The Crown: Season 1,25690000,,,3
2022-09-25,TV (English),5,Fate: The Winx Saga,Fate: The Winx Saga: Season 1,20250000,,,1
2022-09-25,TV (English),6,Heartbreak High,Heartbreak High: Season 1,18250000,,,1
2022-09-25,TV (English),7,The Crown,The Crown: Season 2,17520000,,,2
2022-09-25,TV (English),8,Dynasty,Dynasty: Season 5,12830000,,,1
2022-09-25,TV (English),9,The Imperfects,The Imperfects: Season 1,12760000,,,3
2022-09-25,TV (English),10,Sins of Our Mother,Sins of Our Mother: Limited Series,12550000,,,2
2022-09-25,TV (Non-English),1,"El Rey, Vicente Fernández","El Rey, Vicente Fernández: Season 1",33340000,,,2
2022-09-25,TV (Non-English),2,Narco-Saints,Narco-Saints: Season 1,27440000,,,3
2022-09-25,TV (Non-English),3,Diary of a Gigolo,Diary of a Gigolo: Season 1,18020000,,,3
2022-09-25,TV (Non-English),4,Extraordinary Attorney Woo,Extraordinary Attorney Woo: Season 1,16890000,,,12
2022-09-25,TV (Non-English),5,Little Women,Little Women: Limited Series,15020000,,,3
2022-09-25,TV (Non-English),6,Young Lady and Gentleman,Young Lady and Gentleman: Limited Series,14740000,,,5
2022-09-25,TV (Non-English),7,Cyberpunk: Edgerunners,Cyberpunk: Edgerunners: Season 1,13760000,,,2
2022-09-25,TV (Non-English),8,Thai Cave Rescue,Thai Cave Rescue: Limited Series,13410000,,,1
2022-09-25,TV (Non-English),9,Santo,Santo: Season 1,10650000,,,1
2022-09-25,TV (Non-English),10,High Heat,High Heat: Season 1,10540000,,,6
2022-09-18,TV (English),1,Cobra Kai,Cobra Kai: Season 5,95550000,,,2
2022-09-18,TV (English),2,Fate: The Winx Saga,Fate: The Winx Saga: Season 2,48960000,,,1
2022-09-18,TV (English),3,The Crown,The Crown: Season 1,40790000,,,2
2022-09-18,TV (English),4,The Imperfects,The Imperfects: Season 1,35020000,,,2
2022-09-18,TV (English),5,Devil in Ohio,Devil in Ohio: Limited Series,29300000,,,3
2022-09-18,TV (English),6,Sins of Our Mother,Sins of Our Mother: Limited Series,24390000,,,1
2022-09-18,TV (English),7,The Crown,The Crown: Season 2,16670000,,,1
2022-09-18,TV (English),8,Love Is Blind,Love Is Blind: S2: Chicago,14370000,,,6
2022-09-18,TV (English),9,Stranger Things,Stranger Things 4,13480000,,,17
2022-09-18,TV (English),10,The Sandman,The Sandman: Season 1,12220000,,,7
2022-09-18,TV (Non-English),1,Narco-Saints,Narco-Saints: Season 1,62650000,,,2
2022-09-18,TV (Non-English),2,Diary of a Gigolo,Diary of a Gigolo: Season 1,34410000,,,2
2022-09-18,TV (Non-English),3,"El Rey, Vicente Fernández","El Rey, Vicente Fernández: Season 1",22710000,,,1
2022-09-18,TV (Non-English),4,Extraordinary Attorney Woo,Extraordinary Attorney Woo: Season 1,21970000,,,11
2022-09-18,TV (Non-English),5,Young Lady and Gentleman,Young Lady and Gentleman: Limited Series,18490000,,,4
2022-09-18,TV (Non-English),6,High Heat,High Heat: Season 1,16210000,,,5
2022-09-18,TV (Non-English),7,The Lørenskog Disappearance,The Lørenskog Disappearance: Limited Series,16040000,,,1
2022-09-18,TV (Non-English),8,Cyberpunk: Edgerunners,Cyberpunk: Edgerunners: Season 1,14880000,,,1
2022-09-18,TV (Non-English),9,Little Women,Little Women: Limited Series,12960000,,,2
2022-09-18,TV (Non-English),10,Alchemy of Souls,Alchemy of Souls: Part 1,10890000,,,12
2022-09-11,TV (English),1,Cobra Kai,Cobra Kai: Season 5,106700000,,,1
2022-09-11,TV (English),2,Devil in Ohio,Devil in Ohio: Limited Series,70810000,,,2
2022-09-11,TV (English),3,The Imperfects,The Imperfects: Season 1,24070000,,,1
2022-09-11,TV (English),4,Dated and Related,Dated and Related: Season 1,19800000,,,1
2022-09-11,TV (English),5,The Sandman,The Sandman: Season 1,19590000,,,6
2022-09-11,TV (English),6,Partner Track,Partner Track: Season 1,18210000,,,3
2022-09-11,TV (English),7,The Crown,The Crown: Season 1,17570000,,,1
2022-09-11,TV (English),8,Stranger Things,Stranger Things 4,16560000,,,16
2022-09-11,TV (English),9,Echoes,Echoes: Limited Series,14260000,,,4
2022-09-11,TV (English),10,Manifest,Manifest: Season 1,12410000,,,19
2022-09-11,TV (Non-English),1,Extraordinary Attorney Woo,Extraordinary Attorney Woo: Season 1,31640000,,,10
2022-09-11,TV (Non-English),2,Diary of a Gigolo,Diary of a Gigolo: Season 1,27980000,,,1
2022-09-11,TV (Non-English),3,High Heat,High Heat: Season 1,26990000,,,4
2022-09-11,TV (Non-English),4,Young Lady and Gentleman,Young Lady and Gentleman: Limited Series,21480000,,,3
2022-09-11,TV (Non-English),5,Narco-Saints,Narco-Saints: Season 1,20600000,,,1
2022-09-11,TV (Non-English),6,Alchemy of Souls,Alchemy of Souls: Part 1,16840000,,,11
2022-09-11,TV (Non-English),7,Little Women,Little Women: Limited Series,9970000,,,1
2022-09-11,TV (Non-English),8,Pasión de Gavilanes,Pasión de Gavilanes: Season 2,9630000,,,8
2022-09-11,TV (Non-English),9,Entrapped,Entrapped: Season 1,7900000,,,1
2022-09-11,TV (Non-English),10,Family Secrets,Family Secrets: Season 1,7110000,,,2
2022-09-04,TV (English),1,Echoes,Echoes: Limited Series,36580000,,,3
2022-09-04,TV (English),2,Devil in Ohio,Devil in Ohio: Limited Series,35370000,,,1
2022-09-04,TV (English),3,The Sandman,The Sandman: Season 1,33320000,,,5
2022-09-04,TV (English),4,Partner Track,Partner Track: Season 1,31140000,,,2
2022-09-04,TV (English),5,Stranger Things,Stranger Things 4,20280000,,,15
2022-09-04,TV (English),6,I AM A KILLER,I AM A KILLER: Season 3,17920000,,,1
2022-09-04,TV (English),7,Manifest,Manifest: Season 1,16410000,,,18
2022-09-04,TV (English),8,Never Have I Ever,Never Have I Ever: Season 3,14820000,,,4
2022-09-04,TV (English),9,Selling The OC,Selling The OC: Season 1,13670000,,,2
2022-09-04,TV (English),10,Manifest,Manifest: Season 3,11930000,,,7
2022-09-04,TV (Non-English),1,Extraordinary Attorney Woo,Extraordinary Attorney Woo: Season 1,48820000,,,9
2022-09-04,TV (Non-English),2,High Heat,High Heat: Season 1,44050000,,,3
2022-09-04,TV (Non-English),3,Alchemy of Souls,Alchemy of Souls: Part 1,27200000,,,10
2022-09-04,TV (Non-English),4,Young Lady and Gentleman,Young Lady and Gentleman: Limited Series,18270000,,,2
2022-09-04,TV (Non-English),5,Kleo,Kleo: Season 1,12760000,,,2
2022-09-04,TV (Non-English),6,Pasión de Gavilanes,Pasión de Gavilanes: Season 2,12160000,,,7
2022-09-04,TV (Non-English),7,Family Secrets,Family Secrets: Season 1,10250000,,,1
2022-09-04,TV (Non-English),8,Ludik,Ludik: Season 1,9860000,,,1
2022-09-04,TV (Non-English),9,Under Fire,Under Fire: Season 1,8620000,,,1
2022-09-04,TV (Non-English),10,Another Self,Another Self: Season 1,8400000,,,6
2022-08-28,TV (English),1,Echoes,Echoes: Limited Series,68490000,,,2
2022-08-28,TV (English),2,The Sandman,The Sandman: Season 1,53790000,,,4
2022-08-28,TV (English),3,Never Have I Ever,Never Have I Ever: Season 3,25640000,,,3
2022-08-28,TV (English),4,Stranger Things,Stranger Things 4,23640000,,,14
2022-08-28,TV (English),5,Manifest,Manifest: Season 1,19110000,,,17
2022-08-28,TV (English),6,Selling The OC,Selling The OC: Season 1,18680000,,,1
2022-08-28,TV (English),7,Partner Track,Partner Track: Season 1,16660000,,,1
2022-08-28,TV (English),8,Locke & Key,Locke & Key: Season 3,14630000,,,3
2022-08-28,TV (English),9,Virgin River,Virgin River: Season 4,14460000,,,6
2022-08-28,TV (English),10,Glow Up,Glow Up: Season 4,14280000,,,1
2022-08-28,TV (Non-English),1,Extraordinary Attorney Woo,Extraordinary Attorney Woo: Season 1,53890000,,,8
2022-08-28,TV (Non-English),2,High Heat,High Heat: Season 1,53390000,,,2
2022-08-28,TV (Non-English),3,Alchemy of Souls,Alchemy of Souls: Part 1,28590000,,,9
2022-08-28,TV (Non-English),4,Kleo,Kleo: Season 1,21570000,,,1
2022-08-28,TV (Non-English),5,The Girl in the Mirror,The Girl in the Mirror: Season 1,16640000,,,2
2022-08-28,TV (Non-English),6,Pasión de Gavilanes,Pasión de Gavilanes: Season 2,14770000,,,6
2022-08-28,TV (Non-English),7,Another Self,Another Self: Season 1,11830000,,,5
2022-08-28,TV (Non-English),8,Young Lady and Gentleman,Young Lady and Gentleman: Limited Series,8780000,,,1
2022-08-28,TV (Non-English),9,A Model Family,A Model Family: Season 1,8130000,,,3
2022-08-28,TV (Non-English),10,Pasión de Gavilanes,Pasión de Gavilanes: Season 1,8020000,,,6
2022-08-21,TV (English),1,The Sandman,The Sandman: Season 1,77240000,,,3
2022-08-21,TV (English),2,Never Have I Ever,Never Have I Ever: Season 3,59450000,,,2
2022-08-21,TV (English),3,Stranger Things,Stranger Things 4,28800000,,,13
2022-08-21,TV (English),4,Locke & Key,Locke & Key: Season 3,28310000,,,2
2022-08-21,TV (English),5,Echoes,Echoes: Limited Series,25630000,,,1
2022-08-21,TV (English),6,Manifest,Manifest: Season 1,24120000,,,16
2022-08-21,TV (English),7,Virgin River,Virgin River: Season 4,20470000,,,5
2022-08-21,TV (English),8,Never Have I Ever,Never Have I Ever: Season 1,17010000,,,2
2022-08-21,TV (English),9,Never Have I Ever,Never Have I Ever: Season 2,16770000,,,4
2022-08-21,TV (English),10,Manifest,Manifest: Season 2,16270000,,,8
2022-08-21,TV (Non-English),1,Extraordinary Attorney Woo,Extraordinary Attorney Woo: Season 1,77430000,,,7
2022-08-21,TV (Non-English),2,High Heat,High Heat: Season 1,27680000,,,1
2022-08-21,TV (Non-English),3,A Model Family,A Model Family: Season 1,19770000,,,2
2022-08-21,TV (Non-English),4,Pasión de Gavilanes,Pasión de Gavilanes: Season 2,19530000,,,5
2022-08-21,TV (Non-English),5,Alchemy of Souls,Alchemy of Souls: Part 1,18040000,,,8
2022-08-21,TV (Non-English),6,Another Self,Another Self: Season 1,17300000,,,4
2022-08-21,TV (Non-English),7,Pasión de Gavilanes,Pasión de Gavilanes: Season 1,8840000,,,5
2022-08-21,TV (Non-English),8,Alba,Alba: Season 1,8390000,,,6
2022-08-21,TV (Non-English),9,The Girl in the Mirror,The Girl in the Mirror: Season 1,7920000,,,1
2022-08-21,TV (Non-English),10,"Good Morning, Verônica","Good Morning, Verônica: Season 2",7020000,,,3
2022-08-14,TV (English),1,The Sandman,The Sandman: Season 1,127500000,,,2
2022-08-14,TV (English),2,Never Have I Ever,Never Have I Ever: Season 3,55010000,,,1
2022-08-14,TV (English),3,Locke & Key,Locke & Key: Season 3,38440000,,,1
2022-08-14,TV (English),4,Stranger Things,Stranger Things 4,35310000,,,12
2022-08-14,TV (English),5,Virgin River,Virgin River: Season 4,29550000,,,4
2022-08-14,TV (English),6,Manifest,Manifest: Season 1,28430000,,,15
2022-08-14,TV (English),7,I Just Killed My Dad,I Just Killed My Dad: Limited Series,26190000,,,1
2022-08-14,TV (English),8,Keep Breathing,Keep Breathing: Limited Series,20920000,,,3
2022-08-14,TV (English),9,Manifest,Manifest: Season 2,18720000,,,7
2022-08-14,TV (English),10,Manifest,Manifest: Season 3,18070000,,,6
2022-08-14,TV (Non-English),1,Extraordinary Attorney Woo,Extraordinary Attorney Woo: Season 1,69360000,,,6
2022-08-14,TV (Non-English),2,Pasión de Gavilanes,Pasión de Gavilanes: Season 2,23950000,,,4
2022-08-14,TV (Non-English),3,Another Self,Another Self: Season 1,21990000,,,3
2022-08-14,TV (Non-English),4,Alchemy of Souls,Alchemy of Souls: Part 1,17840000,,,7
2022-08-14,TV (Non-English),5,"Good Morning, Verônica","Good Morning, Verônica: Season 2",12630000,,,2
2022-08-14,TV (Non-English),6,Alba,Alba: Season 1,11670000,,,5
2022-08-14,TV (Non-English),7,"Good Morning, Verônica","Good Morning, Verônica: Season 1",9420000,,,2
2022-08-14,TV (Non-English),8,Pasión de Gavilanes,Pasión de Gavilanes: Season 1,9090000,,,4
2022-08-14,TV (Non-English),9,A Model Family,A Model Family: Season 1,7060000,,,1
2022-08-14,TV (Non-English),10,Café con aroma de mujer,Café con aroma de mujer: Season 1,6980000,,,25
2022-08-07,TV (English),1,The Sandman,The Sandman: Season 1,69480000,,,1
2022-08-07,TV (English),2,Keep Breathing,Keep Breathing: Limited Series,54730000,,,2
2022-08-07,TV (English),3,Virgin River,Virgin River: Season 4,46930000,,,3
2022-08-07,TV (English),4,Stranger Things,Stranger Things 4,44760000,,,11
2022-08-07,TV (English),5,Manifest,Manifest: Season 1,36690000,,,14
2022-08-07,TV (English),6,Uncoupled,Uncoupled: Season 1,26520000,,,1
2022-08-07,TV (English),7,Manifest,Manifest: Season 2,21310000,,,6
2022-08-07,TV (English),8,Trainwreck: Woodstock '99,Trainwreck: Woodstock '99: Season 1,20280000,,,1
2022-08-07,TV (English),9,Manifest,Manifest: Season 3,19880000,,,5
2022-08-07,TV (English),10,Stranger Things,Stranger Things 3,17040000,,,11
2022-08-07,TV (Non-English),1,Extraordinary Attorney Woo,Extraordinary Attorney Woo: Season 1,67010000,,,5
2022-08-07,TV (Non-English),2,Another Self,Another Self: Season 1,31200000,,,2
2022-08-07,TV (Non-English),3,Pasión de Gavilanes,Pasión de Gavilanes: Season 2,29730000,,,3
2022-08-07,TV (Non-English),4,Alchemy of Souls,Alchemy of Souls: Part 1,20100000,,,6
2022-08-07,TV (Non-English),5,Alba,Alba: Season 1,17370000,,,4
2022-08-07,TV (Non-English),6,"Good Morning, Verônica","Good Morning, Verônica: Season 2",14790000,,,1
2022-08-07,TV (Non-English),7,"Good Morning, Verônica","Good Morning, Verônica: Season 1",9260000,,,1
2022-08-07,TV (Non-English),8,Pasión de Gavilanes,Pasión de Gavilanes: Season 1,9150000,,,3
2022-08-07,TV (Non-English),9,Rebelde,Rebelde: Season 2,8760000,,,2
2022-08-07,TV (Non-English),10,Remarriage & Desires,Remarriage & Desires: Season 1,7540000,,,4
2022-07-31,TV (English),1,Virgin River,Virgin River: Season 4,87940000,,,2
2022-07-31,TV (English),2,Stranger Things,Stranger Things 4,57720000,,,10
2022-07-31,TV (English),3,Keep Breathing,Keep Breathing: Limited Series,48090000,,,1
2022-07-31,TV (English),4,Manifest,Manifest: Season 1,39760000,,,13
2022-07-31,TV (English),5,Resident Evil,Resident Evil: Season 1,27470000,,,3
2022-07-31,TV (English),6,The Most Hated Man on the Internet,The Most Hated Man on the Internet: Limited Series,24670000,,,1
2022-07-31,TV (English),7,Manifest,Manifest: Season 2,24170000,,,5
2022-07-31,TV (English),8,Stranger Things,Stranger Things 3,21440000,,,10
2022-07-31,TV (English),9,Manifest,Manifest: Season 3,20590000,,,4
2022-07-31,TV (English),10,Stranger Things,Stranger Things 2,20170000,,,10
2022-07-31,TV (Non-English),1,Extraordinary Attorney Woo,Extraordinary Attorney Woo: Season 1,65630000,,,4
2022-07-31,TV (Non-English),2,Alba,Alba: Season 1,33520000,,,3
2022-07-31,TV (Non-English),3,Pasión de Gavilanes,Pasión de Gavilanes: Season 2,33390000,,,2
2022-07-31,TV (Non-English),4,Alchemy of Souls,Alchemy of Souls: Part 1,19080000,,,5
2022-07-31,TV (Non-English),5,Another Self,Another Self: Season 1,18100000,,,1
2022-07-31,TV (Non-English),6,Remarriage & Desires,Remarriage & Desires: Season 1,17630000,,,3
2022-07-31,TV (Non-English),7,Rebelde,Rebelde: Season 2,15310000,,,1
2022-07-31,TV (Non-English),8,Oh My Venus,Oh My Venus: Limited Series,10460000,,,2
2022-07-31,TV (Non-English),9,Pasión de Gavilanes,Pasión de Gavilanes: Season 1,8860000,,,2
2022-07-31,TV (Non-English),10,Café con aroma de mujer,Café con aroma de mujer: Season 1,8730000,,,24
2022-07-24,TV (English),1,Virgin River,Virgin River: Season 4,105440000,,,1
2022-07-24,TV (English),2,Stranger Things,Stranger Things 4,74990000,,,9
2022-07-24,TV (English),3,Resident Evil,Resident Evil: Season 1,73260000,,,2
2022-07-24,TV (English),4,Manifest,Manifest: Season 1,53240000,,,12
2022-07-24,TV (English),5,Stranger Things,Stranger Things 3,26680000,,,9
2022-07-24,TV (English),6,Stranger Things,Stranger Things 2,25620000,,,9
2022-07-24,TV (English),7,Manifest,Manifest: Season 2,25400000,,,4
2022-07-24,TV (English),8,Stranger Things,N/A,23220000,,,10
2022-07-24,TV (English),9,Kung Fu Panda: The Dragon Knight,Kung Fu Panda: The Dragon Knight: Season 1,21020000,,,2
2022-07-24,TV (English),10,The Umbrella Academy,The Umbrella Academy: Season 3,18250000,,,5
2022-07-24,TV (Non-English),1,Alba,Alba: Season 1,57740000,,,2
2022-07-24,TV (Non-English),2,Extraordinary Attorney Woo,Extraordinary Attorney Woo: Season 1,55070000,,,3
2022-07-24,TV (Non-English),3,Remarriage & Desires,Remarriage & Desires: Season 1,31510000,,,2
2022-07-24,TV (Non-English),4,Pasión de Gavilanes,Pasión de Gavilanes: Season 2,16110000,,,1
2022-07-24,TV (Non-English),5,Alchemy of Souls,Alchemy of Souls: Part 1,15760000,,,4
2022-07-24,TV (Non-English),6,Backstreet Rookie,Backstreet Rookie: Limited Series,10130000,,,1
2022-07-24,TV (Non-English),7,Café con aroma de mujer,Café con aroma de mujer: Season 1,9920000,,,23
2022-07-24,TV (Non-English),8,Sintonia,Sintonia: Season 3,9240000,,,2
2022-07-24,TV (Non-English),9,The Longest Night,The Longest Night: Season 1,8440000,,,3
2022-07-24,TV (Non-English),10,Oh My Venus,Oh My Venus: Limited Series,7060000,,,1
2022-07-17,TV (English),1,Stranger Things,Stranger Things 4,102330000,,,8
2022-07-17,TV (English),2,Resident Evil,Resident Evil: Season 1,72670000,,,1
2022-07-17,TV (English),3,Manifest,Manifest: Season 1,38200000,,,11
2022-07-17,TV (English),4,Stranger Things,Stranger Things 2,33790000,,,8
2022-07-17,TV (English),5,Stranger Things,Stranger Things 3,33050000,,,8
2022-07-17,TV (English),6,Stranger Things,N/A,31540000,,,9
2022-07-17,TV (English),7,The Umbrella Academy,The Umbrella Academy: Season 3,27250000,,,4
2022-07-17,TV (English),8,Kung Fu Panda: The Dragon Knight,Kung Fu Panda: The Dragon Knight: Season 1,21180000,,,1
2022-07-17,TV (English),9,"Boo, Bitch","Boo, Bitch: Limited Series",20610000,,,1
2022-07-17,TV (English),10,Alone,Alone: Season 8,15590000,,,2
2022-07-17,TV (Non-English),1,Extraordinary Attorney Woo,Extraordinary Attorney Woo: Season 1,45580000,,,2
2022-07-17,TV (Non-English),2,The Longest Night,The Longest Night: Season 1,24200000,,,2
2022-07-17,TV (Non-English),3,Sintonia,Sintonia: Season 3,23020000,,,1
2022-07-17,TV (Non-English),4,Alba,Alba: Season 1,19920000,,,1
2022-07-17,TV (Non-English),5,Alchemy of Souls,Alchemy of Souls: Part 1,14640000,,,3
2022-07-17,TV (Non-English),6,Control Z,Control Z: Season 3,13090000,,,2
2022-07-17,TV (Non-English),7,Café con aroma de mujer,Café con aroma de mujer: Season 1,11210000,,,22
2022-07-17,TV (Non-English),8,Remarriage & Desires,Remarriage & Desires: Season 1,11170000,,,1
2022-07-17,TV (Non-English),9,She Would Never Know,She Would Never Know: Limited Series,10420000,,,1
2022-07-17,TV (Non-English),10,Capitani,Capitani: Season 2,9480000,,,1
2022-07-10,TV (English),1,Stranger Things,Stranger Things 4,188190000,,,7
2022-07-10,TV (English),2,Stranger Things,N/A,45220000,,,8
2022-07-10,TV (English),3,The Umbrella Academy,The Umbrella Academy: Season 3,43840000,,,3
2022-07-10,TV (English),4,Stranger Things,Stranger Things 2,41110000,,,7
2022-07-10,TV (English),5,Stranger Things,Stranger Things 3,36590000,,,7
2022-07-10,TV (English),6,Manifest,Manifest: Season 1,28360000,,,10
2022-07-10,TV (English),7,The Umbrella Academy,The Umbrella Academy: Season 1,18180000,,,3
2022-07-10,TV (English),8,The Umbrella Academy,The Umbrella Academy: Season 2,14230000,,,2
2022-07-10,TV (English),9,Peaky Blinders,Peaky Blinders: Season 6,13060000,,,5
2022-07-10,TV (English),10,Alone,Alone: Season 8,11440000,,,1
2022-07-10,TV (Non-English),1,Extraordinary Attorney Woo,Extraordinary Attorney Woo: Season 1,23950000,,,1
2022-07-10,TV (Non-English),2,Control Z,Control Z: Season 3,18080000,,,1
2022-07-10,TV (Non-English),3,Money Heist: Korea - Joint Economic Area,Money Heist: Korea - Joint Economic Area: Season 1,15630000,,,3
2022-07-10,TV (Non-English),4,The Longest Night,The Longest Night: Season 1,12720000,,,1
2022-07-10,TV (Non-English),5,Alchemy of Souls,Alchemy of Souls: Part 1,12310000,,,2
2022-07-10,TV (Non-English),6,"Yo soy Betty, la fea","Yo soy Betty, la fea: Season 1",12190000,,,30
2022-07-10,TV (Non-English),7,Café con aroma de mujer,Café con aroma de mujer: Season 1,11490000,,,21
2022-07-10,TV (Non-English),8,"BASTARD‼ -Heavy Metal, Dark Fantasy-","BASTARD‼ -Heavy Metal, Dark Fantasy-: Season 1",9320000,,,2
2022-07-10,TV (Non-English),9,Ghost Doctor,Ghost Doctor: Limited Series,7650000,,,2
2022-07-10,TV (Non-English),10,"Malverde, el santo patrón","Malverde, el santo patrón: Season 1",7580000,,,5
2022-07-03,TV (English),1,Stranger Things,Stranger Things 4,301280000,,,6
2022-07-03,TV (English),2,The Umbrella Academy,The Umbrella Academy: Season 3,87980000,,,2
2022-07-03,TV (English),3,Stranger Things,N/A,34470000,,,7
2022-07-03,TV (English),4,The Umbrella Academy,The Umbrella Academy: Season 1,32840000,,,2
2022-07-03,TV (English),5,Stranger Things,Stranger Things 3,30280000,,,6
2022-07-03,TV (English),6,Stranger Things,Stranger Things 2,30260000,,,6
2022-07-03,TV (English),7,Man Vs Bee,Man Vs Bee: Season 1,25400000,,,2
2022-07-03,TV (English),8,The Umbrella Academy,The Umbrella Academy: Season 2,20300000,,,1
2022-07-03,TV (English),9,Peaky Blinders,Peaky Blinders: Season 6,18440000,,,4
2022-07-03,TV (English),10,Snowflake Mountain,Snowflake Mountain: Season 1,15020000,,,1
2022-07-03,TV (Non-English),1,Money Heist: Korea - Joint Economic Area,Money Heist: Korea - Joint Economic Area: Season 1,49000000,,,2
2022-07-03,TV (Non-English),2,"Yo soy Betty, la fea","Yo soy Betty, la fea: Season 1",11880000,,,29
2022-07-03,TV (Non-English),3,Café con aroma de mujer,Café con aroma de mujer: Season 1,11570000,,,20
2022-07-03,TV (Non-English),4,Intimacy,Intimacy: Limited Series,10800000,,,4
2022-07-03,TV (Non-English),5,Alchemy of Souls,Alchemy of Souls: Part 1,9920000,,,1
2022-07-03,TV (Non-English),6,Ghost Doctor,Ghost Doctor: Limited Series,9870000,,,1
2022-07-03,TV (Non-English),7,"Malverde, el santo patrón","Malverde, el santo patrón: Season 1",9630000,,,4
2022-07-03,TV (Non-English),8,"BASTARD‼ -Heavy Metal, Dark Fantasy-","BASTARD‼ -Heavy Metal, Dark Fantasy-: Season 1",8960000,,,1
2022-07-03,TV (Non-English),9,Money Heist,Money Heist: Part 1,8570000,,,8
2022-07-03,TV (Non-English),10,Queen,Queen: Season 1,7400000,,,1
2022-06-26,TV (English),1,The Umbrella Academy,The Umbrella Academy: Season 3,124530000,,,1
2022-06-26,TV (English),2,Stranger Things,Stranger Things 4,76910000,,,5
2022-06-26,TV (English),3,Stranger Things,Stranger Things 3,32230000,,,5
2022-06-26,TV (English),4,Stranger Things,Stranger Things 2,31190000,,,5
2022-06-26,TV (English),5,Peaky Blinders,Peaky Blinders: Season 6,30350000,,,3
2022-06-26,TV (English),6,Stranger Things,N/A,29210000,,,6
2022-06-26,TV (English),7,The Umbrella Academy,The Umbrella Academy: Season 1,27230000,,,1
2022-06-26,TV (English),8,You Don't Know Me,You Don't Know Me: Season 1,21910000,,,1
2022-06-26,TV (English),9,First Kill,First Kill: Season 1,18550000,,,3
2022-06-26,TV (English),10,Man Vs Bee,Man Vs Bee: Season 1,18210000,,,1
2022-06-26,TV (Non-English),1,Money Heist: Korea - Joint Economic Area,Money Heist: Korea - Joint Economic Area: Season 1,33740000,,,1
2022-06-26,TV (Non-English),2,Intimacy,Intimacy: Limited Series,16560000,,,3
2022-06-26,TV (Non-English),3,"Yo soy Betty, la fea","Yo soy Betty, la fea: Season 1",12570000,,,28
2022-06-26,TV (Non-English),4,"Malverde, el santo patrón","Malverde, el santo patrón: Season 1",11590000,,,3
2022-06-26,TV (Non-English),5,Café con aroma de mujer,Café con aroma de mujer: Season 1,10820000,,,19
2022-06-26,TV (Non-English),6,The War Next-door,The War Next-door: Season 2,10150000,,,2
2022-06-26,TV (Non-English),7,She,She: Season 2,9490000,,,1
2022-06-26,TV (Non-English),8,Our Blues,Our Blues: Limited Series,9250000,,,9
2022-06-26,TV (Non-English),9,SPRIGGAN,SPRIGGAN: Season 1,9120000,,,1
2022-06-26,TV (Non-English),10,Maldivas,Maldivas: Season 1,8460000,,,2
2022-06-19,TV (English),1,Stranger Things,Stranger Things 4,102260000,,,4
2022-06-19,TV (English),2,Peaky Blinders,Peaky Blinders: Season 6,61360000,,,2
2022-06-19,TV (English),3,First Kill,First Kill: Season 1,48770000,,,2
2022-06-19,TV (English),4,Stranger Things,Stranger Things 3,38900000,,,4
2022-06-19,TV (English),5,Stranger Things,Stranger Things 2,38660000,,,4
2022-06-19,TV (English),6,Stranger Things,N/A,35880000,,,5
2022-06-19,TV (English),7,Keep Sweet: Pray and Obey,Keep Sweet: Pray and Obey: Limited Series,27640000,,,2
2022-06-19,TV (English),8,God's Favorite Idiot,God's Favorite Idiot: Season 1,22480000,,,1
2022-06-19,TV (English),9,The Lincoln Lawyer,The Lincoln Lawyer: Season 1,17550000,,,6
2022-06-19,TV (English),10,Peaky Blinders,Peaky Blinders: Season 1,16420000,,,1
2022-06-19,TV (Non-English),1,Intimacy,Intimacy: Limited Series,30210000,,,2
2022-06-19,TV (Non-English),2,Our Blues,Our Blues: Limited Series,15000000,,,8
2022-06-19,TV (Non-English),3,"Malverde, el santo patrón","Malverde, el santo patrón: Season 1",12470000,,,2
2022-06-19,TV (Non-English),4,"Yo soy Betty, la fea","Yo soy Betty, la fea: Season 1",11480000,,,27
2022-06-19,TV (Non-English),5,Maldivas,Maldivas: Season 1,11300000,,,1
2022-06-19,TV (Non-English),6,Café con aroma de mujer,Café con aroma de mujer: Season 1,9760000,,,18
2022-06-19,TV (Non-English),7,Wrong Side of the Tracks,Wrong Side of the Tracks: Season 1,9680000,,,5
2022-06-19,TV (Non-English),8,The War Next-door,The War Next-door: Season 2,7710000,,,1
2022-06-19,TV (Non-English),9,As the Crow Flies,As the Crow Flies: Season 1,7640000,,,2
2022-06-19,TV (Non-English),10,Squid Game,Squid Game: Season 1,7480000,,,20
2022-06-12,TV (English),1,Stranger Things,Stranger Things 4,159240000,,,3
2022-06-12,TV (English),2,Stranger Things,Stranger Things 2,51420000,,,3
2022-06-12,TV (English),3,Stranger Things,N/A,50290000,,,4
2022-06-12,TV (English),4,Stranger Things,Stranger Things 3,47600000,,,3
2022-06-12,TV (English),5,Peaky Blinders,Peaky Blinders: Season 6,45710000,,,1
2022-06-12,TV (English),6,Keep Sweet: Pray and Obey,Keep Sweet: Pray and Obey: Limited Series,31140000,,,1
2022-06-12,TV (English),7,First Kill,First Kill: Season 1,30340000,,,1
2022-06-12,TV (English),8,The Lincoln Lawyer,The Lincoln Lawyer: Season 1,27190000,,,5
2022-06-12,TV (English),9,All American,All American: Season 4,26690000,,,2
2022-06-12,TV (English),10,Surviving Summer,Surviving Summer: Season 1,20300000,,,1
2022-06-12,TV (Non-English),1,Wrong Side of the Tracks,Wrong Side of the Tracks: Season 1,19400000,,,4
2022-06-12,TV (Non-English),2,As the Crow Flies,As the Crow Flies: Season 1,18310000,,,1
2022-06-12,TV (Non-English),3,The Perfect Mother,The Perfect Mother: Season 1,16150000,,,2
2022-06-12,TV (Non-English),4,Intimacy,Intimacy: Limited Series,15900000,,,1
2022-06-12,TV (Non-English),5,Our Blues,Our Blues: Limited Series,14910000,,,7
2022-06-12,TV (Non-English),6,"Malverde, el santo patrón","Malverde, el santo patrón: Season 1",12370000,,,1
2022-06-12,TV (Non-English),7,Two Summers,Two Summers: Season 1,12210000,,,1
2022-06-12,TV (Non-English),8,My Liberation Notes,My Liberation Notes: Limited Series,10050000,,,4
2022-06-12,TV (Non-English),9,"Yo soy Betty, la fea","Yo soy Betty, la fea: Season 1",9680000,,,26
2022-06-12,TV (Non-English),10,Who Killed Sara?,Who Killed Sara?: Season 3,9030000,,,4
2022-06-05,TV (English),1,Stranger Things,Stranger Things 4,335010000,,,2
2022-06-05,TV (English),2,Stranger Things,N/A,75080000,,,3
2022-06-05,TV (English),3,Stranger Things,Stranger Things 2,58270000,,,2
2022-06-05,TV (English),4,Stranger Things,Stranger Things 3,47420000,,,2
2022-06-05,TV (English),5,The Lincoln Lawyer,The Lincoln Lawyer: Season 1,42530000,,,4
2022-06-05,TV (English),6,All American,All American: Season 4,30640000,,,1
2022-06-05,TV (English),7,Ozark,Ozark: Season 4,16770000,,,13
2022-06-05,TV (English),8,The Boss Baby: Back in the Crib,The Boss Baby: Back in the Crib: Season 1,10530000,,,3
2022-06-05,TV (English),9,Bridgerton,Bridgerton: Season 2,9990000,,,11
2022-06-05,TV (English),10,The Blacklist,The Blacklist: Season 8,8710000,,,1
2022-06-05,TV (Non-English),1,Wrong Side of the Tracks,Wrong Side of the Tracks: Season 1,37160000,,,3
2022-06-05,TV (Non-English),2,Who Killed Sara?,Who Killed Sara?: Season 3,15570000,,,3
2022-06-05,TV (Non-English),3,My Liberation Notes,My Liberation Notes: Limited Series,14240000,,,3
2022-06-05,TV (Non-English),4,Our Blues,Our Blues: Limited Series,12910000,,,6
2022-06-05,TV (Non-English),5,The Perfect Mother,The Perfect Mother: Season 1,12090000,,,1
2022-06-05,TV (Non-English),6,The Marked Heart,The Marked Heart: Season 1,9870000,,,7
2022-06-05,TV (Non-English),7,"Yo soy Betty, la fea","Yo soy Betty, la fea: Season 1",9400000,,,25
2022-06-05,TV (Non-English),8,Welcome to Eden,Welcome to Eden: Season 1,9030000,,,5
2022-06-05,TV (Non-English),9,SHAMAN KING,SHAMAN KING: Season 1,8770000,,,2
2022-06-05,TV (Non-English),10,Business Proposal,Business Proposal: Limited Series,8270000,,,13
2022-05-29,TV (English),1,Stranger Things,Stranger Things 4,286790000,,,1
2022-05-29,TV (English),2,The Lincoln Lawyer,The Lincoln Lawyer: Season 1,64820000,,,3
2022-05-29,TV (English),3,Stranger Things,N/A,38050000,,,2
2022-05-29,TV (English),4,Stranger Things,Stranger Things 3,24290000,,,1
2022-05-29,TV (English),5,Stranger Things,Stranger Things 2,22210000,,,1
2022-05-29,TV (English),6,Ozark,Ozark: Season 4,21910000,,,12
2022-05-29,TV (English),7,The Boss Baby: Back in the Crib,The Boss Baby: Back in the Crib: Season 1,19890000,,,2
2022-05-29,TV (English),8,"Love, Death & Robots","Love, Death & Robots: Volume 3",15390000,,,2
2022-05-29,TV (English),9,Bridgerton,Bridgerton: Season 2,11340000,,,10
2022-05-29,TV (English),10,The Circle,The Circle: Season 4,10260000,,,3
2022-05-29,TV (Non-English),1,Wrong Side of the Tracks,Wrong Side of the Tracks: Season 1,61620000,,,2
2022-05-29,TV (Non-English),2,Who Killed Sara?,Who Killed Sara?: Season 3,31840000,,,2
2022-05-29,TV (Non-English),3,Who Killed Sara?,Who Killed Sara?: Season 1,14600000,,,2
2022-05-29,TV (Non-English),4,Welcome to Eden,Welcome to Eden: Season 1,14340000,,,4
2022-05-29,TV (Non-English),5,My Liberation Notes,My Liberation Notes: Limited Series,13130000,,,2
2022-05-29,TV (Non-English),6,The Marked Heart,The Marked Heart: Season 1,12880000,,,6
2022-05-29,TV (Non-English),7,Our Blues,Our Blues: Limited Series,12720000,,,5
2022-05-29,TV (Non-English),8,Who Killed Sara?,Who Killed Sara?: Season 2,11770000,,,1
2022-05-29,TV (Non-English),9,Tomorrow,Tomorrow: Limited Series,11120000,,,3
2022-05-29,TV (Non-English),10,Business Proposal,Business Proposal: Limited Series,9990000,,,12
2022-05-22,TV (English),1,The Lincoln Lawyer,The Lincoln Lawyer: Season 1,108090000,,,2
2022-05-22,TV (English),2,Ozark,Ozark: Season 4,31400000,,,11
2022-05-22,TV (English),3,The Boss Baby: Back in the Crib,The Boss Baby: Back in the Crib: Season 1,16520000,,,1
2022-05-22,TV (English),4,The Circle,The Circle: Season 4,15440000,,,2
2022-05-22,TV (English),5,Bling Empire,Bling Empire: Season 2,15230000,,,2
2022-05-22,TV (English),6,"Love, Death & Robots","Love, Death & Robots: Volume 3",14420000,,,1
2022-05-22,TV (English),7,Bridgerton,Bridgerton: Season 2,13660000,,,9
2022-05-22,TV (English),8,Workin' Moms,Workin' Moms: Season 6,12740000,,,2
2022-05-22,TV (English),9,Savage Beauty,Savage Beauty: Season 1,11390000,,,2
2022-05-22,TV (English),10,Stranger Things,N/A,9490000,,,1
2022-05-22,TV (Non-English),1,Who Killed Sara?,Who Killed Sara?: Season 3,46590000,,,1
2022-05-22,TV (Non-English),2,Welcome to Eden,Welcome to Eden: Season 1,28660000,,,3
2022-05-22,TV (Non-English),3,Wrong Side of the Tracks,Wrong Side of the Tracks: Season 1,20200000,,,1
2022-05-22,TV (Non-English),4,The Marked Heart,The Marked Heart: Season 1,19220000,,,5
2022-05-22,TV (Non-English),5,Who Killed Sara?,Who Killed Sara?: Season 1,14210000,,,1
2022-05-22,TV (Non-English),6,Business Proposal,Business Proposal: Limited Series,13220000,,,11
2022-05-22,TV (Non-English),7,Tomorrow,Tomorrow: Limited Series,11990000,,,2
2022-05-22,TV (Non-English),8,Our Blues,Our Blues: Limited Series,10850000,,,4
2022-05-22,TV (Non-English),9,My Liberation Notes,My Liberation Notes: Limited Series,9850000,,,1
2022-05-22,TV (Non-English),10,"Yo soy Betty, la fea","Yo soy Betty, la fea: Season 1",9650000,,,24
2022-05-15,TV (English),1,Ozark,Ozark: Season 4,48620000,,,10
2022-05-15,TV (English),2,The Lincoln Lawyer,The Lincoln Lawyer: Season 1,45090000,,,1
2022-05-15,TV (English),3,Workin' Moms,Workin' Moms: Season 6,19190000,,,1
2022-05-15,TV (English),4,Bridgerton,Bridgerton: Season 2,16020000,,,8
2022-05-15,TV (English),5,The Circle,The Circle: Season 4,14120000,,,1
2022-05-15,TV (English),6,Grace and Frankie,Grace and Frankie: Season 7,12260000,,,3
2022-05-15,TV (English),7,Selling Sunset,Selling Sunset: Season 5,10860000,,,4
2022-05-15,TV (English),8,Bling Empire,Bling Empire: Season 2,10750000,,,1
2022-05-15,TV (English),9,Savage Beauty,Savage Beauty: Season 1,10630000,,,1
2022-05-15,TV (English),10,Anatomy of a Scandal,Anatomy of a Scandal: Limited Series,9670000,,,5
2022-05-15,TV (Non-English),1,Welcome to Eden,Welcome to Eden: Season 1,62490000,,,2
2022-05-15,TV (Non-English),2,The Marked Heart,The Marked Heart: Season 1,28930000,,,4
2022-05-15,TV (Non-English),3,Business Proposal,Business Proposal: Limited Series,20160000,,,10
2022-05-15,TV (Non-English),4,The Sound of Magic,The Sound of Magic: Limited Series,16930000,,,2
2022-05-15,TV (Non-English),5,Clark,Clark: Limited Series,10480000,,,1
2022-05-15,TV (Non-English),6,Our Blues,Our Blues: Limited Series,10050000,,,3
2022-05-15,TV (Non-English),7,42 Days of Darkness,42 Days of Darkness: Season 1,9920000,,,1
2022-05-15,TV (Non-English),8,Pedro el escamoso,Pedro el escamoso: Season 1,9820000,,,4
2022-05-15,TV (Non-English),9,Tomorrow,Tomorrow: Limited Series,9690000,,,1
2022-05-15,TV (Non-English),10,"Yo soy Betty, la fea","Yo soy Betty, la fea: Season 1",9440000,,,23
2022-05-08,TV (English),1,Ozark,Ozark: Season 4,102120000,,,9
2022-05-08,TV (English),2,Grace and Frankie,Grace and Frankie: Season 7,23180000,,,2
2022-05-08,TV (English),3,Bridgerton,Bridgerton: Season 2,21240000,,,7
2022-05-08,TV (English),4,Selling Sunset,Selling Sunset: Season 5,17410000,,,3
2022-05-08,TV (English),5,Anatomy of a Scandal,Anatomy of a Scandal: Limited Series,15340000,,,4
2022-05-08,TV (English),6,Heartstopper,Heartstopper: Season 1,14970000,,,3
2022-05-08,TV (English),7,Ozark,Ozark: Season 1,13640000,,,4
2022-05-08,TV (English),8,Bullsh*t The Gameshow,Bullsh*t The Gameshow: Season 1,11850000,,,1
2022-05-08,TV (English),9,Blood Sisters,Blood Sisters: Season 1,11070000,,,1
2022-05-08,TV (English),10,Meltdown: Three Mile Island,Meltdown: Three Mile Island: Limited Series,10850000,,,1
2022-05-08,TV (Non-English),1,The Marked Heart,The Marked Heart: Season 1,48550000,,,3
2022-05-08,TV (Non-English),2,Welcome to Eden,Welcome to Eden: Season 1,25820000,,,1
2022-05-08,TV (Non-English),3,Business Proposal,Business Proposal: Limited Series,19100000,,,9
2022-05-08,TV (Non-English),4,El marginal,El marginal: Season 5,13260000,,,1
2022-05-08,TV (Non-English),5,The 7 Lives of Lea,The 7 Lives of Lea: Limited Series,12280000,,,2
2022-05-08,TV (Non-English),6,Our Blues,Our Blues: Limited Series,10370000,,,2
2022-05-08,TV (Non-English),7,Pedro el escamoso,Pedro el escamoso: Season 1,10080000,,,3
2022-05-08,TV (Non-English),8,The Sound of Magic,The Sound of Magic: Limited Series,9640000,,,1
2022-05-08,TV (Non-English),9,"Yo soy Betty, la fea","Yo soy Betty, la fea: Season 1",9530000,,,22
2022-05-08,TV (Non-English),10,Elite,Elite: Season 5,9490000,,,5
2022-05-01,TV (English),1,Ozark,Ozark: Season 4,78400000,,,8
2022-05-01,TV (English),2,Selling Sunset,Selling Sunset: Season 5,34310000,,,2
2022-05-01,TV (English),3,Anatomy of a Scandal,Anatomy of a Scandal: Limited Series,30170000,,,3
2022-05-01,TV (English),4,Bridgerton,Bridgerton: Season 2,29740000,,,6
2022-05-01,TV (English),5,Heartstopper,Heartstopper: Season 1,23940000,,,2
2022-05-01,TV (English),6,Conversations with a Killer: The John Wayne Gacy Tapes,Conversations with a Killer: The John Wayne Gacy Tapes: Season 1,20910000,,,2
2022-05-01,TV (English),7,Grace and Frankie,Grace and Frankie: Season 7,15470000,,,1
2022-05-01,TV (English),8,The Ultimatum: Marry or Move On,The Ultimatum: Marry or Move On: Season 1,13140000,,,4
2022-05-01,TV (English),9,Bridgerton,Bridgerton: Season 1,12130000,,,6
2022-05-01,TV (English),10,The Creature Cases,The Creature Cases: Chapter 1,11760000,,,2
2022-05-01,TV (Non-English),1,The Marked Heart,The Marked Heart: Season 1,85260000,,,2
2022-05-01,TV (Non-English),2,Hold Tight,Hold Tight: Limited Series,25120000,,,2
2022-05-01,TV (Non-English),3,Business Proposal,Business Proposal: Limited Series,19500000,,,8
2022-05-01,TV (Non-English),4,Elite,Elite: Season 5,14890000,,,4
2022-05-01,TV (Non-English),5,Yakamoz S-245,Yakamoz S-245: Season 1,13000000,,,2
2022-05-01,TV (Non-English),6,The 7 Lives of Lea,The 7 Lives of Lea: Limited Series,11230000,,,1
2022-05-01,TV (Non-English),7,Pedro el escamoso,Pedro el escamoso: Season 1,10460000,,,2
2022-05-01,TV (Non-English),8,"Yo soy Betty, la fea","Yo soy Betty, la fea: Season 1",9800000,,,21
2022-05-01,TV (Non-English),9,Twenty Five Twenty One,Twenty Five Twenty One: Limited Series,9580000,,,10
2022-05-01,TV (Non-English),10,Our Blues,Our Blues: Limited Series,9090000,,,1
2022-04-24,TV (English),1,Anatomy of a Scandal,Anatomy of a Scandal: Limited Series,75560000,,,2
2022-04-24,TV (English),2,Bridgerton,Bridgerton: Season 2,46130000,,,5
2022-04-24,TV (English),3,Conversations with a Killer: The John Wayne Gacy Tapes,Conversations with a Killer: The John Wayne Gacy Tapes: Season 1,37460000,,,1
2022-04-24,TV (English),4,The Ultimatum: Marry or Move On,The Ultimatum: Marry or Move On: Season 1,29010000,,,3
2022-04-24,TV (English),5,Selling Sunset,Selling Sunset: Season 5,28360000,,,1
2022-04-24,TV (English),6,Bridgerton,Bridgerton: Season 1,17280000,,,5
2022-04-24,TV (English),7,Heartstopper,Heartstopper: Season 1,14550000,,,1
2022-04-24,TV (English),8,The Creature Cases,The Creature Cases: Chapter 1,13560000,,,1
2022-04-24,TV (English),9,Married at First Sight,Married at First Sight: Season 10,12810000,,,1
2022-04-24,TV (English),10,Our Great National Parks,Our Great National Parks: Limited Series,11780000,,,2
2022-04-24,TV (Non-English),1,The Marked Heart,The Marked Heart: Season 1,68040000,,,1
2022-04-24,TV (Non-English),2,Elite,Elite: Season 5,29490000,,,3
2022-04-24,TV (Non-English),3,Yakamoz S-245,Yakamoz S-245: Season 1,22060000,,,1
2022-04-24,TV (Non-English),4,Business Proposal,Business Proposal: Limited Series,20380000,,,7
2022-04-24,TV (Non-English),5,Heirs to the Land,Heirs to the Land: Season 1,18840000,,,2
2022-04-24,TV (Non-English),6,Hold Tight,Hold Tight: Limited Series,17320000,,,1
2022-04-24,TV (Non-English),7,Twenty Five Twenty One,Twenty Five Twenty One: Limited Series,11340000,,,9
2022-04-24,TV (Non-English),8,Happiness,Happiness: Limited Series,10820000,,,2
2022-04-24,TV (Non-English),9,"Yo soy Betty, la fea","Yo soy Betty, la fea: Season 1",10490000,,,20
2022-04-24,TV (Non-English),10,Café con aroma de mujer,Café con aroma de mujer: Season 1,10390000,,,17
2022-04-17,TV (English),1,Bridgerton,Bridgerton: Season 2,66610000,,,4
2022-04-17,TV (English),2,The Ultimatum: Marry or Move On,The Ultimatum: Marry or Move On: Season 1,58470000,,,2
2022-04-17,TV (English),3,Anatomy of a Scandal,Anatomy of a Scandal: Limited Series,40280000,,,1
2022-04-17,TV (English),4,Bridgerton,Bridgerton: Season 1,23300000,,,4
2022-04-17,TV (English),5,Our Great National Parks,Our Great National Parks: Limited Series,17090000,,,1
2022-04-17,TV (English),6,Inventing Anna,Inventing Anna: Limited Series,13690000,,,10
2022-04-17,TV (English),7,Queen of the South,Queen of the South: Season 5,13100000,,,2
2022-04-17,TV (English),8,Better Call Saul,Better Call Saul: Season 5,12430000,,,2
2022-04-17,TV (English),9,Jimmy Savile: A British Horror Story,Jimmy Savile: A British Horror Story: Limited Series,11410000,,,2
2022-04-17,TV (English),10,Is It Cake?,Is It Cake?: Season 1,11210000,,,4
2022-04-17,TV (Non-English),1,Elite,Elite: Season 5,67390000,,,2
2022-04-17,TV (Non-English),2,Business Proposal,Business Proposal: Limited Series,24190000,,,6
2022-04-17,TV (Non-English),3,Twenty Five Twenty One,Twenty Five Twenty One: Limited Series,14080000,,,8
2022-04-17,TV (Non-English),4,Heirs to the Land,Heirs to the Land: Season 1,11810000,,,1
2022-04-17,TV (Non-English),5,Café con aroma de mujer,Café con aroma de mujer: Season 1,11350000,,,16
2022-04-17,TV (Non-English),6,Smother-in-Law,Smother-in-Law: Season 1,11070000,,,1
2022-04-17,TV (Non-English),7,Happiness,Happiness: Limited Series,10940000,,,1
2022-04-17,TV (Non-English),8,"Yo soy Betty, la fea","Yo soy Betty, la fea: Season 1",10400000,,,19
2022-04-17,TV (Non-English),9,Elite,Elite: Season 1,10110000,,,2
2022-04-17,TV (Non-English),10,Forecasting Love and Weather,Forecasting Love and Weather: Limited Series,9410000,,,8
2022-04-10,TV (English),1,Bridgerton,Bridgerton: Season 2,115750000,,,3
2022-04-10,TV (English),2,The Ultimatum: Marry or Move On,The Ultimatum: Marry or Move On: Season 1,43710000,,,1
2022-04-10,TV (English),3,Bridgerton,Bridgerton: Season 1,35760000,,,3
2022-04-10,TV (English),4,Jimmy Savile: A British Horror Story,Jimmy Savile: A British Horror Story: Limited Series,17700000,,,1
2022-04-10,TV (English),5,Inventing Anna,Inventing Anna: Limited Series,17320000,,,9
2022-04-10,TV (English),6,Better Call Saul,Better Call Saul: Season 5,15170000,,,1
2022-04-10,TV (English),7,Is It Cake?,Is It Cake?: Season 1,14760000,,,3
2022-04-10,TV (English),8,Super PupZ,Super PupZ: Season 1,13770000,,,1
2022-04-10,TV (English),9,The Last Kingdom,The Last Kingdom: Season 5,12970000,,,5
2022-04-10,TV (English),10,CoComelon,CoComelon: Season 5,12630000,,,1
2022-04-10,TV (Non-English),1,Elite,Elite: Season 5,51380000,,,1
2022-04-10,TV (Non-English),2,Business Proposal,Business Proposal: Limited Series,41460000,,,5
2022-04-10,TV (Non-English),3,Twenty Five Twenty One,Twenty Five Twenty One: Limited Series,22530000,,,7
2022-04-10,TV (Non-English),4,Forecasting Love and Weather,Forecasting Love and Weather: Limited Series,14830000,,,7
2022-04-10,TV (Non-English),5,Café con aroma de mujer,Café con aroma de mujer: Season 1,13050000,,,15
2022-04-10,TV (Non-English),6,"Yo soy Betty, la fea","Yo soy Betty, la fea: Season 1",10590000,,,18
2022-04-10,TV (Non-English),7,Thirty-Nine,Thirty-Nine: Limited Series,9040000,,,5
2022-04-10,TV (Non-English),8,All of Us Are Dead,All of Us Are Dead: Season 1,8130000,,,11
2022-04-10,TV (Non-English),9,Pedro el escamoso,Pedro el escamoso: Season 1,6890000,,,1
2022-04-10,TV (Non-English),10,Juvenile Justice,Juvenile Justice: Season 1,6210000,,,7
2022-04-03,TV (English),1,Bridgerton,Bridgerton: Season 2,251740000,,,2
2022-04-03,TV (English),2,Bridgerton,Bridgerton: Season 1,53020000,,,2
2022-04-03,TV (English),3,Is It Cake?,Is It Cake?: Season 1,26510000,,,2
2022-04-03,TV (English),4,Inventing Anna,Inventing Anna: Limited Series,21960000,,,8
2022-04-03,TV (English),5,The Last Kingdom,The Last Kingdom: Season 5,19110000,,,4
2022-04-03,TV (English),6,Top Boy,Top Boy: Season 2,16490000,,,3
2022-04-03,TV (English),7,PIECES OF HER,PIECES OF HER: Season 1,16220000,,,5
2022-04-03,TV (English),8,Top Boy,Top Boy: Season 1,13200000,,,2
2022-04-03,TV (English),9,Vikings: Valhalla,Vikings: Valhalla: Season 1,10050000,,,5
2022-04-03,TV (English),10,Taboo,Taboo: Season 1,8310000,,,2
2022-04-03,TV (Non-English),1,Business Proposal,Business Proposal: Limited Series,32520000,,,4
2022-04-03,TV (Non-English),2,Twenty Five Twenty One,Twenty Five Twenty One: Limited Series,26210000,,,6
2022-04-03,TV (Non-English),3,Café con aroma de mujer,Café con aroma de mujer: Season 1,15230000,,,14
2022-04-03,TV (Non-English),4,Forecasting Love and Weather,Forecasting Love and Weather: Limited Series,15020000,,,6
2022-04-03,TV (Non-English),5,Thirty-Nine,Thirty-Nine: Limited Series,13510000,,,4
2022-04-03,TV (Non-English),6,"Yo soy Betty, la fea","Yo soy Betty, la fea: Season 1",10890000,,,17
2022-04-03,TV (Non-English),7,All of Us Are Dead,All of Us Are Dead: Season 1,9430000,,,10
2022-04-03,TV (Non-English),8,Juvenile Justice,Juvenile Justice: Season 1,9340000,,,6
2022-04-03,TV (Non-English),9,The Queen of Flow,The Queen of Flow: Season 2,6640000,,,16
2022-04-03,TV (Non-English),10,Pasión de Gavilanes,Pasión de Gavilanes: Season 1,5530000,,,1
2022-03-27,TV (English),1,Bridgerton,Bridgerton: Season 2,193020000,,,1
2022-03-27,TV (English),2,Is It Cake?,Is It Cake?: Season 1,48940000,,,1
2022-03-27,TV (English),3,Bridgerton,Bridgerton: Season 1,32280000,,,1
2022-03-27,TV (English),4,Top Boy,Top Boy: Season 2,30640000,,,2
2022-03-27,TV (English),5,Inventing Anna,Inventing Anna: Limited Series,28990000,,,7
2022-03-27,TV (English),6,The Last Kingdom,The Last Kingdom: Season 5,27820000,,,3
2022-03-27,TV (English),7,PIECES OF HER,PIECES OF HER: Season 1,21770000,,,4
2022-03-27,TV (English),8,Top Boy,Top Boy: Season 1,19260000,,,1
2022-03-27,TV (English),9,Bad Vegan: Fame. Fraud. Fugitives.,Bad Vegan: Fame. Fraud. Fugitives.: Limited Series,17570000,,,2
2022-03-27,TV (English),10,Human Resources,Human Resources: Season 1,16230000,,,1
2022-03-27,TV (Non-English),1,Business Proposal,Business Proposal: Limited Series,30940000,,,3
2022-03-27,TV (Non-English),2,Twenty Five Twenty One,Twenty Five Twenty One: Limited Series,24150000,,,5
2022-03-27,TV (Non-English),3,Café con aroma de mujer,Café con aroma de mujer: Season 1,18270000,,,13
2022-03-27,TV (Non-English),4,Forecasting Love and Weather,Forecasting Love and Weather: Limited Series,14480000,,,5
2022-03-27,TV (Non-English),5,Cracow Monsters,Cracow Monsters: Season 1,13260000,,,1
2022-03-27,TV (Non-English),6,Juvenile Justice,Juvenile Justice: Season 1,12510000,,,5
2022-03-27,TV (Non-English),7,All of Us Are Dead,All of Us Are Dead: Season 1,11380000,,,9
2022-03-27,TV (Non-English),8,"Yo soy Betty, la fea","Yo soy Betty, la fea: Season 1",11160000,,,16
2022-03-27,TV (Non-English),9,Thirty-Nine,Thirty-Nine: Limited Series,10430000,,,3
2022-03-27,TV (Non-English),10,Pedal to Metal,Pedal to Metal: Season 1,8150000,,,1
2022-03-20,TV (English),1,The Last Kingdom,The Last Kingdom: Season 5,48950000,,,2
2022-03-20,TV (English),2,PIECES OF HER,PIECES OF HER: Season 1,40080000,,,3
2022-03-20,TV (English),3,Inventing Anna,Inventing Anna: Limited Series,39090000,,,6
2022-03-20,TV (English),4,Formula 1: Drive to Survive,Formula 1: Drive to Survive: Season 4,29020000,,,2
2022-03-20,TV (English),5,Bad Vegan: Fame. Fraud. Fugitives.,Bad Vegan: Fame. Fraud. Fugitives.: Limited Series,26960000,,,1
2022-03-20,TV (English),6,Taboo,Taboo: Season 1,24150000,,,1
2022-03-20,TV (English),7,Top Boy,Top Boy: Season 2,21740000,,,1
2022-03-20,TV (English),8,Vikings: Valhalla,Vikings: Valhalla: Season 1,19800000,,,4
2022-03-20,TV (English),9,Life After Death with Tyler Henry,Life After Death with Tyler Henry: Season 1,19580000,,,1
2022-03-20,TV (English),10,Good Girls,Good Girls: Season 4,17490000,,,6
2022-03-20,TV (Non-English),1,Business Proposal,Business Proposal: Limited Series,23480000,,,2
2022-03-20,TV (Non-English),2,Twenty Five Twenty One,Twenty Five Twenty One: Limited Series,21040000,,,4
2022-03-20,TV (Non-English),3,Café con aroma de mujer,Café con aroma de mujer: Season 1,20210000,,,12
2022-03-20,TV (Non-English),4,Juvenile Justice,Juvenile Justice: Season 1,17220000,,,4
2022-03-20,TV (Non-English),5,All of Us Are Dead,All of Us Are Dead: Season 1,13820000,,,8
2022-03-20,TV (Non-English),6,Forecasting Love and Weather,Forecasting Love and Weather: Limited Series,13050000,,,4
2022-03-20,TV (Non-English),7,The Great Robbery of Brazil's Central Bank,The Great Robbery of Brazil's Central Bank: Season 1,10880000,,,1
2022-03-20,TV (Non-English),8,"Yo soy Betty, la fea","Yo soy Betty, la fea: Season 1",10570000,,,15
2022-03-20,TV (Non-English),9,Lies and Deceit,Lies and Deceit: Season 1,10040000,,,2
2022-03-20,TV (Non-English),10,Thirty-Nine,Thirty-Nine: Limited Series,9180000,,,2
2022-03-13,TV (English),1,PIECES OF HER,PIECES OF HER: Season 1,95720000,,,2
2022-03-13,TV (English),2,The Last Kingdom,The Last Kingdom: Season 5,63540000,,,1
2022-03-13,TV (English),3,Inventing Anna,Inventing Anna: Limited Series,51840000,,,5
2022-03-13,TV (English),4,Vikings: Valhalla,Vikings: Valhalla: Season 1,41760000,,,3
2022-03-13,TV (English),5,Formula 1: Drive to Survive,Formula 1: Drive to Survive: Season 4,28010000,,,1
2022-03-13,TV (English),6,Worst Roommate Ever,Worst Roommate Ever: Season 1,26290000,,,2
2022-03-13,TV (English),7,Good Girls,Good Girls: Season 4,24500000,,,5
2022-03-13,TV (English),8,Love Is Blind,Love Is Blind: S2: Chicago,24240000,,,5
2022-03-13,TV (English),9,The Last Kingdom,The Last Kingdom: Season 1,17180000,,,1
2022-03-13,TV (English),10,Queen of the South,Queen of the South: Season 5,11460000,,,1
2022-03-13,TV (Non-English),1,Juvenile Justice,Juvenile Justice: Season 1,25940000,,,3
2022-03-13,TV (Non-English),2,Café con aroma de mujer,Café con aroma de mujer: Season 1,23060000,,,11
2022-03-13,TV (Non-English),3,Lies and Deceit,Lies and Deceit: Season 1,20240000,,,1
2022-03-13,TV (Non-English),4,All of Us Are Dead,All of Us Are Dead: Season 1,17480000,,,7
2022-03-13,TV (Non-English),5,Twenty Five Twenty One,Twenty Five Twenty One: Limited Series,17110000,,,3
2022-03-13,TV (Non-English),6,Business Proposal,Business Proposal: Limited Series,15900000,,,1
2022-03-13,TV (Non-English),7,Midnight at the Pera Palace,Midnight at the Pera Palace: Season 1,14690000,,,2
2022-03-13,TV (Non-English),8,Forecasting Love and Weather,Forecasting Love and Weather: Limited Series,12250000,,,3
2022-03-13,TV (Non-English),9,"Yo soy Betty, la fea","Yo soy Betty, la fea: Season 1",10340000,,,14
2022-03-13,TV (Non-English),10,The Queen of Flow,The Queen of Flow: Season 2,8410000,,,15
2022-03-06,TV (English),1,Vikings: Valhalla,Vikings: Valhalla: Season 1,113380000,,,2
2022-03-06,TV (English),2,Inventing Anna,Inventing Anna: Limited Series,77590000,,,4
2022-03-06,TV (English),3,PIECES OF HER,PIECES OF HER: Season 1,53680000,,,1
2022-03-06,TV (English),4,Worst Roommate Ever,Worst Roommate Ever: Season 1,52380000,,,1
2022-03-06,TV (English),5,Love Is Blind,Love Is Blind: S2: Chicago,39750000,,,4
2022-03-06,TV (English),6,One of Us Is Lying,One of Us Is Lying: Season 1,16550000,,,3
2022-03-06,TV (English),7,jeen-yuhs: A Kanye Trilogy,N/A,12200000,,,2
2022-03-06,TV (English),8,The Cuphead Show!,The Cuphead Show!: Season 1,11810000,,,3
2022-03-06,TV (English),9,Sweet Magnolias,Sweet Magnolias: Season 2,11780000,,,5
2022-03-06,TV (English),10,Ozark,Ozark: Season 4,9110000,,,7
2022-03-06,TV (Non-English),1,Juvenile Justice,Juvenile Justice: Season 1,45930000,,,2
2022-03-06,TV (Non-English),2,Café con aroma de mujer,Café con aroma de mujer: Season 1,27540000,,,10
2022-03-06,TV (Non-English),3,All of Us Are Dead,All of Us Are Dead: Season 1,24020000,,,6
2022-03-06,TV (Non-English),4,Back to 15,Back to 15: Season 1,18060000,,,1
2022-03-06,TV (Non-English),5,Twenty Five Twenty One,Twenty Five Twenty One: Limited Series,13720000,,,2
2022-03-06,TV (Non-English),6,The Fame Game,The Fame Game: Season 1,11610000,,,1
2022-03-06,TV (Non-English),7,Forecasting Love and Weather,Forecasting Love and Weather: Limited Series,10790000,,,2
2022-03-06,TV (Non-English),8,Midnight at the Pera Palace,Midnight at the Pera Palace: Season 1,10780000,,,1
2022-03-06,TV (Non-English),9,Thirty-Nine,Thirty-Nine: Limited Series,10490000,,,1
2022-03-06,TV (Non-English),10,Dark Desire,Dark Desire: Season 2,10400000,,,5
2022-02-27,TV (English),1,Inventing Anna,Inventing Anna: Limited Series,130800000,,,3
2022-02-27,TV (English),2,Vikings: Valhalla,Vikings: Valhalla: Season 1,80560000,,,1
2022-02-27,TV (English),3,Love Is Blind,Love Is Blind: S2: Chicago,53600000,,,3
2022-02-27,TV (English),4,One of Us Is Lying,One of Us Is Lying: Season 1,33750000,,,2
2022-02-27,TV (English),5,The Cuphead Show!,The Cuphead Show!: Season 1,20850000,,,2
2022-02-27,TV (English),6,Sweet Magnolias,Sweet Magnolias: Season 2,18610000,,,4
2022-02-27,TV (English),7,Ozark,Ozark: Season 4,12860000,,,6
2022-02-27,TV (English),8,Space Force,Space Force: Season 2,12320000,,,1
2022-02-27,TV (English),9,Raising Dion,Raising Dion: Season 2,11760000,,,4
2022-02-27,TV (English),10,jeen-yuhs: A Kanye Trilogy,N/A,11460000,,,1
2022-02-27,TV (Non-English),1,All of Us Are Dead,All of Us Are Dead: Season 1,38860000,,,5
2022-02-27,TV (Non-English),2,Café con aroma de mujer,Café con aroma de mujer: Season 1,32540000,,,9
2022-02-27,TV (Non-English),3,Juvenile Justice,Juvenile Justice: Season 1,17410000,,,1
2022-02-27,TV (Non-English),4,Dark Desire,Dark Desire: Season 2,15010000,,,4
2022-02-27,TV (Non-English),5,Toy Boy,Toy Boy: Season 1,12750000,,,3
2022-02-27,TV (Non-English),6,Toy Boy,Toy Boy: Season 2,12700000,,,3
2022-02-27,TV (Non-English),7,Twenty Five Twenty One,Twenty Five Twenty One: Limited Series,11850000,,,1
2022-02-27,TV (Non-English),8,Fishbowl Wives,Fishbowl Wives: Season 1,11080000,,,2
2022-02-27,TV (Non-English),9,Forecasting Love and Weather,Forecasting Love and Weather: Limited Series,11020000,,,1
2022-02-27,TV (Non-English),10,"Devotion, a Story of Love and Desire","Devotion, a Story of Love and Desire: Season 1",10420000,,,2
2022-02-20,TV (English),1,Inventing Anna,Inventing Anna: Limited Series,195970000,,,2
2022-02-20,TV (English),2,Love Is Blind,Love Is Blind: S2: Chicago,58960000,,,2
2022-02-20,TV (English),3,Sweet Magnolias,Sweet Magnolias: Season 2,29760000,,,3
2022-02-20,TV (English),4,Ozark,Ozark: Season 4,17990000,,,5
2022-02-20,TV (English),5,Raising Dion,Raising Dion: Season 2,17550000,,,3
2022-02-20,TV (English),6,One of Us Is Lying,One of Us Is Lying: Season 1,15390000,,,1
2022-02-20,TV (English),7,The Cuphead Show!,The Cuphead Show!: Season 1,14630000,,,1
2022-02-20,TV (English),8,Raising Dion,Raising Dion: Season 1,14140000,,,3
2022-02-20,TV (English),9,Disenchantment,Disenchantment: Part 4,12300000,,,2
2022-02-20,TV (English),10,The Woman in the House Across the Street from the Girl in the Window,The Woman in the House Across the Street from the Girl in the Window: Limited Series,11040000,,,4
2022-02-20,TV (Non-English),1,All of Us Are Dead,All of Us Are Dead: Season 1,62130000,,,4
2022-02-20,TV (Non-English),2,Café con aroma de mujer,Café con aroma de mujer: Season 1,39750000,,,8
2022-02-20,TV (Non-English),3,Toy Boy,Toy Boy: Season 2,23810000,,,2
2022-02-20,TV (Non-English),4,Dark Desire,Dark Desire: Season 2,22950000,,,3
2022-02-20,TV (Non-English),5,Toy Boy,Toy Boy: Season 1,21460000,,,2
2022-02-20,TV (Non-English),6,"Devotion, a Story of Love and Desire","Devotion, a Story of Love and Desire: Season 1",18880000,,,1
2022-02-20,TV (Non-English),7,Fishbowl Wives,Fishbowl Wives: Season 1,15940000,,,1
2022-02-20,TV (Non-English),8,Dark Desire,Dark Desire: Season 1,12590000,,,3
2022-02-20,TV (Non-English),9,The Queen of Flow,The Queen of Flow: Season 2,11420000,,,14
2022-02-20,TV (Non-English),10,"Yo soy Betty, la fea","Yo soy Betty, la fea: Season 1",10320000,,,13
2022-02-13,TV (English),1,Inventing Anna,Inventing Anna: Limited Series,77310000,,,1
2022-02-13,TV (English),2,Sweet Magnolias,Sweet Magnolias: Season 2,58150000,,,2
2022-02-13,TV (English),3,Raising Dion,Raising Dion: Season 2,30350000,,,2
2022-02-13,TV (English),4,Ozark,Ozark: Season 4,24770000,,,4
2022-02-13,TV (English),5,Raising Dion,Raising Dion: Season 1,23520000,,,2
2022-02-13,TV (English),6,The Woman in the House Across the Street from the Girl in the Window,The Woman in the House Across the Street from the Girl in the Window: Limited Series,22020000,,,3
2022-02-13,TV (English),7,Love Is Blind,Love Is Blind: S2: Chicago,21780000,,,1
2022-02-13,TV (English),8,Sweet Magnolias,Sweet Magnolias: Season 1,21640000,,,1
2022-02-13,TV (English),9,Disenchantment,Disenchantment: Part 4,17090000,,,1
2022-02-13,TV (English),10,In From the Cold,In From the Cold: Season 1,16310000,,,3
2022-02-13,TV (Non-English),1,All of Us Are Dead,All of Us Are Dead: Season 1,113240000,,,3
2022-02-13,TV (Non-English),2,Café con aroma de mujer,Café con aroma de mujer: Season 1,51840000,,,7
2022-02-13,TV (Non-English),3,Dark Desire,Dark Desire: Season 2,43760000,,,2
2022-02-13,TV (Non-English),4,Dark Desire,Dark Desire: Season 1,23650000,,,2
2022-02-13,TV (Non-English),5,Toy Boy,Toy Boy: Season 1,18250000,,,1
2022-02-13,TV (Non-English),6,Toy Boy,Toy Boy: Season 2,15870000,,,1
2022-02-13,TV (Non-English),7,The Queen of Flow,The Queen of Flow: Season 2,13070000,,,13
2022-02-13,TV (Non-English),8,I Am Georgina,I Am Georgina: Season 1,11920000,,,3
2022-02-13,TV (Non-English),9,Our Beloved Summer,Our Beloved Summer: Limited Series,11910000,,,8
2022-02-13,TV (Non-English),10,"Yo soy Betty, la fea","Yo soy Betty, la fea: Season 1",11050000,,,12
2022-02-06,TV (English),1,The Woman in the House Across the Street from the Girl in the Window,The Woman in the House Across the Street from the Girl in the Window: Limited Series,60480000,,,2
2022-02-06,TV (English),2,Raising Dion,Raising Dion: Season 2,49090000,,,1
2022-02-06,TV (English),3,In From the Cold,In From the Cold: Season 1,44800000,,,2
2022-02-06,TV (English),4,Ozark,Ozark: Season 4,44630000,,,3
2022-02-06,TV (English),5,Sweet Magnolias,Sweet Magnolias: Season 2,43000000,,,1
2022-02-06,TV (English),6,Raising Dion,Raising Dion: Season 1,26460000,,,1
2022-02-06,TV (English),7,Ozark,Ozark: Season 1,19930000,,,3
2022-02-06,TV (English),8,Ozark,Ozark: Season 2,17360000,,,2
2022-02-06,TV (English),9,Ozark,Ozark: Season 3,17210000,,,2
2022-02-06,TV (English),10,The Sinner,The Sinner: Season 4: Percy,16690000,,,2
2022-02-06,TV (Non-English),1,All of Us Are Dead,All of Us Are Dead: Season 1,236230000,,,2
2022-02-06,TV (Non-English),2,Café con aroma de mujer,Café con aroma de mujer: Season 1,65860000,,,6
2022-02-06,TV (Non-English),3,Dark Desire,Dark Desire: Season 2,49590000,,,1
2022-02-06,TV (Non-English),4,I Am Georgina,I Am Georgina: Season 1,28740000,,,2
2022-02-06,TV (Non-English),5,Dark Desire,Dark Desire: Season 1,24990000,,,1
2022-02-06,TV (Non-English),6,Our Beloved Summer,Our Beloved Summer: Limited Series,16030000,,,7
2022-02-06,TV (Non-English),7,Feria: The Darkest Light,Feria: The Darkest Light: Season 1,15960000,,,1
2022-02-06,TV (Non-English),8,The Queen of Flow,The Queen of Flow: Season 2,15050000,,,12
2022-02-06,TV (Non-English),9,Boruto: Naruto Next Generations,Boruto: Naruto Next Generations: Academy Entrance,14360000,,,1
2022-02-06,TV (Non-English),10,"Yo soy Betty, la fea","Yo soy Betty, la fea: Season 1",11210000,,,11
2022-01-30,TV (English),1,Ozark,Ozark: Season 4,96340000,,,2
2022-01-30,TV (English),2,The Woman in the House Across the Street from the Girl in the Window,The Woman in the House Across the Street from the Girl in the Window: Limited Series,40080000,,,1
2022-01-30,TV (English),3,Archive 81,Archive 81: Season 1,36270000,,,3
2022-01-30,TV (English),4,Ozark,Ozark: Season 1,35230000,,,2
2022-01-30,TV (English),5,Too Hot to Handle,Too Hot to Handle: Season 3,31740000,,,2
2022-01-30,TV (English),6,In From the Cold,In From the Cold: Season 1,24720000,,,1
2022-01-30,TV (English),7,Ozark,Ozark: Season 2,21540000,,,1
2022-01-30,TV (English),8,The Sinner,The Sinner: Season 4: Percy,21320000,,,1
2022-01-30,TV (English),9,Ozark,Ozark: Season 3,20280000,,,1
2022-01-30,TV (English),10,Riverdale,Riverdale: Season 5,16460000,,,1
2022-01-30,TV (Non-English),1,All of Us Are Dead,All of Us Are Dead: Season 1,124790000,,,1
2022-01-30,TV (Non-English),2,Café con aroma de mujer,Café con aroma de mujer: Season 1,82750000,,,5
2022-01-30,TV (Non-English),3,I Am Georgina,I Am Georgina: Season 1,30630000,,,1
2022-01-30,TV (Non-English),4,Neymar: The Perfect Chaos,Neymar: The Perfect Chaos: Limited Series,26340000,,,1
2022-01-30,TV (Non-English),5,Our Beloved Summer,Our Beloved Summer: Limited Series,22730000,,,6
2022-01-30,TV (Non-English),6,The Queen of Flow,The Queen of Flow: Season 2,17800000,,,11
2022-01-30,TV (Non-English),7,"Yo soy Betty, la fea","Yo soy Betty, la fea: Season 1",11730000,,,10
2022-01-30,TV (Non-English),8,Summer Heat,Summer Heat: Season 1,11470000,,,1
2022-01-30,TV (Non-English),9,El marginal,El marginal: Season 4,10710000,,,2
2022-01-30,TV (Non-English),10,Carinha de Anjo,Carinha de Anjo: Season 1,10400000,,,15
2022-01-23,TV (English),1,Ozark,Ozark: Season 4,77010000,,,1
2022-01-23,TV (English),2,Archive 81,Archive 81: Season 1,70980000,,,2
2022-01-23,TV (English),3,Too Hot to Handle,Too Hot to Handle: Season 3,41100000,,,1
2022-01-23,TV (English),4,Stay Close,Stay Close: Limited Series,26980000,,,4
2022-01-23,TV (English),5,Ozark,Ozark: Season 1,24480000,,,1
2022-01-23,TV (English),6,Cobra Kai,Cobra Kai: Season 4,23840000,,,4
2022-01-23,TV (English),7,The Witcher,The Witcher: Season 2,22640000,,,6
2022-01-23,TV (English),8,Manifest,Manifest: Season 1,20760000,,,9
2022-01-23,TV (English),9,Cheer,Cheer: Season 2,20700000,,,2
2022-01-23,TV (English),10,Emily in Paris,Emily in Paris: Season 2,18240000,,,5
2022-01-23,TV (Non-English),1,Café con aroma de mujer,Café con aroma de mujer: Season 1,96360000,,,4
2022-01-23,TV (Non-English),2,El marginal,El marginal: Season 4,21730000,,,1
2022-01-23,TV (Non-English),3,The Queen of Flow,The Queen of Flow: Season 2,21200000,,,10
2022-01-23,TV (Non-English),4,Our Beloved Summer,Our Beloved Summer: Limited Series,19740000,,,5
2022-01-23,TV (Non-English),5,"Yo soy Betty, la fea","Yo soy Betty, la fea: Season 1",11640000,,,9
2022-01-23,TV (Non-English),6,Yeh Kaali Kaali Ankhein,Yeh Kaali Kaali Ankhein: Season 1,11260000,,,1
2022-01-23,TV (Non-English),7,Carinha de Anjo,Carinha de Anjo: Season 1,10690000,,,14
2022-01-23,TV (Non-English),8,Squid Game,Squid Game: Season 1,10200000,,,19
2022-01-23,TV (Non-English),9,Money Heist,Money Heist: Part 5,10000000,,,14
2022-01-23,TV (Non-English),10,The Queen of Flow,The Queen of Flow: Season 1,9950000,,,8
2022-01-16,TV (English),1,Stay Close,Stay Close: Limited Series,53720000,,,3
2022-01-16,TV (English),2,Cobra Kai,Cobra Kai: Season 4,41240000,,,3
2022-01-16,TV (English),3,The Witcher,The Witcher: Season 2,34350000,,,5
2022-01-16,TV (English),4,Emily in Paris,Emily in Paris: Season 2,30020000,,,4
2022-01-16,TV (English),5,Cheer,Cheer: Season 2,29080000,,,1
2022-01-16,TV (English),6,Manifest,Manifest: Season 1,28120000,,,8
2022-01-16,TV (English),7,Archive 81,Archive 81: Season 1,22220000,,,1
2022-01-16,TV (English),8,The Witcher,The Witcher: Season 1,18580000,,,6
2022-01-16,TV (English),9,Manifest,Manifest: Season 2,14810000,,,3
2022-01-16,TV (English),10,Cobra Kai,Cobra Kai: Season 3,13950000,,,2
2022-01-16,TV (Non-English),1,Café con aroma de mujer,Café con aroma de mujer: Season 1,98850000,,,3
2022-01-16,TV (Non-English),2,The Queen of Flow,The Queen of Flow: Season 2,24210000,,,9
2022-01-16,TV (Non-English),3,Rebelde,Rebelde: Season 1,23880000,,,2
2022-01-16,TV (Non-English),4,Single’s Inferno,Single’s Inferno: Season 1,19250000,,,3
2022-01-16,TV (Non-English),5,Our Beloved Summer,Our Beloved Summer: Limited Series,18710000,,,4
2022-01-16,TV (Non-English),6,Undercover,Undercover: Season 3,16830000,,,1
2022-01-16,TV (Non-English),7,Money Heist,Money Heist: Part 5,13000000,,,13
2022-01-16,TV (Non-English),8,Undercover,Undercover: Season 1,12070000,,,1
2022-01-16,TV (Non-English),9,Carinha de Anjo,Carinha de Anjo: Season 1,11860000,,,13
2022-01-16,TV (Non-English),10,Squid Game,Squid Game: Season 1,11780000,,,18
2022-01-09,TV (English),1,Cobra Kai,Cobra Kai: Season 4,107810000,,,2
2022-01-09,TV (English),2,Stay Close,Stay Close: Limited Series,91180000,,,2
2022-01-09,TV (English),3,The Witcher,The Witcher: Season 2,57340000,,,4
2022-01-09,TV (English),4,Emily in Paris,Emily in Paris: Season 2,50540000,,,3
2022-01-09,TV (English),5,Manifest,Manifest: Season 1,30160000,,,7
2022-01-09,TV (English),6,The Witcher,The Witcher: Season 1,28510000,,,5
2022-01-09,TV (English),7,Cobra Kai,Cobra Kai: Season 1,23850000,,,2
2022-01-09,TV (English),8,Queer Eye,Queer Eye: Season 6,23060000,,,2
2022-01-09,TV (English),9,Cobra Kai,Cobra Kai: Season 3,20100000,,,1
2022-01-09,TV (English),10,Cobra Kai,Cobra Kai: Season 2,19340000,,,1
2022-01-09,TV (Non-English),1,Café con aroma de mujer,Café con aroma de mujer: Season 1,82980000,,,2
2022-01-09,TV (Non-English),2,Rebelde,Rebelde: Season 1,33180000,,,1
2022-01-09,TV (Non-English),3,The Queen of Flow,The Queen of Flow: Season 2,28480000,,,8
2022-01-09,TV (Non-English),4,Single’s Inferno,Single’s Inferno: Season 1,25800000,,,2
2022-01-09,TV (Non-English),5,The Silent Sea,The Silent Sea: Season 1,19710000,,,3
2022-01-09,TV (Non-English),6,Money Heist,Money Heist: Part 5,18770000,,,12
2022-01-09,TV (Non-English),7,Our Beloved Summer,Our Beloved Summer: Limited Series,15950000,,,3
2022-01-09,TV (Non-English),8,Squid Game,Squid Game: Season 1,14980000,,,17
2022-01-09,TV (Non-English),9,Kitz,Kitz: Season 1,14650000,,,1
2022-01-09,TV (Non-English),10,Daughter From Another Mother,Daughter From Another Mother: Season 2,13340000,,,3
2022-01-02,TV (English),1,Cobra Kai,Cobra Kai: Season 4,120060000,,,1
2022-01-02,TV (English),2,The Witcher,The Witcher: Season 2,94270000,,,3
2022-01-02,TV (English),3,Emily in Paris,Emily in Paris: Season 2,91980000,,,2
2022-01-02,TV (English),4,The Witcher,The Witcher: Season 1,42890000,,,4
2022-01-02,TV (English),5,Stay Close,Stay Close: Limited Series,31290000,,,1
2022-01-02,TV (English),6,Emily in Paris,Emily in Paris: Season 1,25170000,,,2
2022-01-02,TV (English),7,Queer Eye,Queer Eye: Season 6,14420000,,,1
2022-01-02,TV (English),8,Cobra Kai,Cobra Kai: Season 1,13450000,,,1
2022-01-02,TV (English),9,Crime Scene: The Times Square Killer,Crime Scene: The Times Square Killer: Limited Series,13070000,,,1
2022-01-02,TV (English),10,WWII in Color: Road to Victory,WWII in Color: Road to Victory: Season 1,12680000,,,2
2022-01-02,TV (Non-English),1,The Silent Sea,The Silent Sea: Season 1,47830000,,,2
2022-01-02,TV (Non-English),2,The Queen of Flow,The Queen of Flow: Season 2,29530000,,,7
2022-01-02,TV (Non-English),3,Money Heist,Money Heist: Part 5,26310000,,,11
2022-01-02,TV (Non-English),4,Daughter From Another Mother,Daughter From Another Mother: Season 2,24000000,,,2
2022-01-02,TV (Non-English),5,Café con aroma de mujer,Café con aroma de mujer: Season 1,23230000,,,1
2022-01-02,TV (Non-English),6,Squid Game,Squid Game: Season 1,18110000,,,16
2022-01-02,TV (Non-English),7,The Girl from Oslo,The Girl from Oslo: Season 1,17460000,,,2
2022-01-02,TV (Non-English),8,Single’s Inferno,Single’s Inferno: Season 1,17150000,,,1
2022-01-02,TV (Non-English),9,Our Beloved Summer,Our Beloved Summer: Limited Series,13840000,,,2
2022-01-02,TV (Non-English),10,The Queen of Flow,The Queen of Flow: Season 1,11280000,,,7
2021-12-26,TV (English),1,The Witcher,The Witcher: Season 2,168460000,,,2
2021-12-26,TV (English),2,Emily in Paris,Emily in Paris: Season 2,107640000,,,1
2021-12-26,TV (English),3,The Witcher,The Witcher: Season 1,60670000,,,3
2021-12-26,TV (English),4,Emily in Paris,Emily in Paris: Season 1,18040000,,,1
2021-12-26,TV (English),5,Titans,Titans: Season 3,12560000,,,3
2021-12-26,TV (English),6,Lost in Space,Lost in Space: Season 3,11650000,,,4
2021-12-26,TV (English),7,WWII in Color: Road to Victory,WWII in Color: Road to Victory: Season 1,9510000,,,1
2021-12-26,TV (English),8,PAW Patrol,PAW Patrol: Season 6,9360000,,,2
2021-12-26,TV (English),9,CoComelon,CoComelon: Season 4,9260000,,,5
2021-12-26,TV (English),10,Maid,Maid: Limited Series,8750000,,,13
2021-12-26,TV (Non-English),1,Money Heist,Money Heist: Part 5,33470000,,,10
2021-12-26,TV (Non-English),2,The Queen of Flow,The Queen of Flow: Season 2,30560000,,,6
2021-12-26,TV (Non-English),3,The Silent Sea,The Silent Sea: Season 1,22230000,,,1
2021-12-26,TV (Non-English),4,The Girl from Oslo,The Girl from Oslo: Season 1,19780000,,,1
2021-12-26,TV (Non-English),5,Squid Game,Squid Game: Season 1,15100000,,,15
2021-12-26,TV (Non-English),6,The King's Affection,The King's Affection: Limited Series,13050000,,,10
2021-12-26,TV (Non-English),7,Daughter From Another Mother,Daughter From Another Mother: Season 2,13040000,,,1
2021-12-26,TV (Non-English),8,The Queen of Flow,The Queen of Flow: Season 1,10810000,,,6
2021-12-26,TV (Non-English),9,Our Beloved Summer,Our Beloved Summer: Limited Series,9980000,,,1
2021-12-26,TV (Non-English),10,Carinha de Anjo,Carinha de Anjo: Season 1,9420000,,,12
2021-12-19,TV (English),1,The Witcher,The Witcher: Season 2,142430000,,,1
2021-12-19,TV (English),2,The Witcher,The Witcher: Season 1,49180000,,,2
2021-12-19,TV (English),3,Titans,Titans: Season 3,23810000,,,2
2021-12-19,TV (English),4,Lost in Space,Lost in Space: Season 3,19010000,,,3
2021-12-19,TV (English),5,Selling Tampa,Selling Tampa: Season 1,14230000,,,1
2021-12-19,TV (English),6,Lost in Space,Lost in Space: Season 1,11960000,,,3
2021-12-19,TV (English),7,Maid,Maid: Limited Series,10620000,,,12
2021-12-19,TV (English),8,Titans,Titans: Season 1,10340000,,,1
2021-12-19,TV (English),9,Arcane,Arcane: Season 1,10010000,,,6
2021-12-19,TV (English),10,CoComelon,CoComelon: Season 4,10000000,,,4
2021-12-19,TV (Non-English),1,Money Heist,Money Heist: Part 5,55010000,,,9
2021-12-19,TV (Non-English),2,The Queen of Flow,The Queen of Flow: Season 2,39980000,,,5
2021-12-19,TV (Non-English),3,The King's Affection,The King's Affection: Limited Series,18120000,,,9
2021-12-19,TV (Non-English),4,Squid Game,Squid Game: Season 1,15430000,,,14
2021-12-19,TV (Non-English),5,The Queen of Flow,The Queen of Flow: Season 1,12970000,,,5
2021-12-19,TV (Non-English),6,Money Heist,Money Heist: Part 1,12590000,,,7
2021-12-19,TV (Non-English),7,Carinha de Anjo,Carinha de Anjo: Season 1,11290000,,,11
2021-12-19,TV (Non-English),8,Aranyak,Aranyak: Season 1,10360000,,,1
2021-12-19,TV (Non-English),9,"Yo soy Betty, la fea","Yo soy Betty, la fea: Season 1",8010000,,,8
2021-12-19,TV (Non-English),10,Hometown Cha-Cha-Cha,Hometown Cha-Cha-Cha: Limited Series,7520000,,,16
2021-12-12,TV (English),1,Lost in Space,Lost in Space: Season 3,35820000,,,2
2021-12-12,TV (English),2,Titans,Titans: Season 3,26000000,,,1
2021-12-12,TV (English),3,Lost in Space,Lost in Space: Season 1,23200000,,,2
2021-12-12,TV (English),4,Jurassic World Camp Cretaceous,Jurassic World Camp Cretaceous: Season 4,17420000,,,2
2021-12-12,TV (English),5,Lost in Space,Lost in Space: Season 2,15240000,,,1
2021-12-12,TV (English),6,The Witcher,The Witcher: Season 1,14180000,,,1
2021-12-12,TV (English),7,Arcane,Arcane: Season 1,13470000,,,5
2021-12-12,TV (English),8,Maid,Maid: Limited Series,12540000,,,11
2021-12-12,TV (English),9,True Story,True Story: Limited Series,12160000,,,3
2021-12-12,TV (English),10,Selling Sunset,Selling Sunset: Season 4,11100000,,,3
2021-12-12,TV (Non-English),1,Money Heist,Money Heist: Part 5,147950000,,,8
2021-12-12,TV (Non-English),2,The Queen of Flow,The Queen of Flow: Season 2,49990000,,,4
2021-12-12,TV (Non-English),3,Money Heist,Money Heist: Part 1,19870000,,,6
2021-12-12,TV (Non-English),4,Squid Game,Squid Game: Season 1,18170000,,,13
2021-12-12,TV (Non-English),5,The King's Affection,The King's Affection: Limited Series,16650000,,,8
2021-12-12,TV (Non-English),6,The Queen of Flow,The Queen of Flow: Season 1,14520000,,,4
2021-12-12,TV (Non-English),7,Carinha de Anjo,Carinha de Anjo: Season 1,11230000,,,10
2021-12-12,TV (Non-English),8,Hometown Cha-Cha-Cha,Hometown Cha-Cha-Cha: Limited Series,9680000,,,15
2021-12-12,TV (Non-English),9,Hellbound,Hellbound: Season 1,9470000,,,4
2021-12-12,TV (Non-English),10,Money Heist,Money Heist: Part 2,8170000,,,3
2021-12-05,TV (English),1,Lost in Space,Lost in Space: Season 3,47380000,,,1
2021-12-05,TV (English),2,True Story,True Story: Limited Series,29810000,,,2
2021-12-05,TV (English),3,Selling Sunset,Selling Sunset: Season 4,23660000,,,2
2021-12-05,TV (English),4,Lost in Space,Lost in Space: Season 1,20920000,,,1
2021-12-05,TV (English),5,Arcane,Arcane: Season 1,18180000,,,4
2021-12-05,TV (English),6,School of Chocolate,School of Chocolate: Season 1,17090000,,,1
2021-12-05,TV (English),7,Jurassic World Camp Cretaceous,Jurassic World Camp Cretaceous: Season 4,16900000,,,1
2021-12-05,TV (English),8,Maid,Maid: Limited Series,15800000,,,10
2021-12-05,TV (English),9,Cowboy Bebop,Cowboy Bebop: Season 1,15260000,,,3
2021-12-05,TV (English),10,You,You: Season 3,12490000,,,8
2021-12-05,TV (Non-English),1,Money Heist,Money Heist: Part 5,189920000,,,7
2021-12-05,TV (Non-English),2,The Queen of Flow,The Queen of Flow: Season 2,59460000,,,3
2021-12-05,TV (Non-English),3,Hellbound,Hellbound: Season 1,22380000,,,3
2021-12-05,TV (Non-English),4,Squid Game,Squid Game: Season 1,21200000,,,12
2021-12-05,TV (Non-English),5,Elves,Elves: Season 1,17940000,,,2
2021-12-05,TV (Non-English),6,The King's Affection,The King's Affection: Limited Series,16360000,,,7
2021-12-05,TV (Non-English),7,The Queen of Flow,The Queen of Flow: Season 1,14960000,,,3
2021-12-05,TV (Non-English),8,JoJo's Bizarre Adventure,JoJo's Bizarre Adventure: STONE OCEAN,13980000,,,1
2021-12-05,TV (Non-English),9,Carinha de Anjo,Carinha de Anjo: Season 1,11720000,,,9
2021-12-05,TV (Non-English),10,Hometown Cha-Cha-Cha,Hometown Cha-Cha-Cha: Limited Series,11560000,,,14
2021-11-28,TV (English),1,True Story,True Story: Limited Series,48850000,,,1
2021-11-28,TV (English),2,Cowboy Bebop,Cowboy Bebop: Season 1,36950000,,,2
2021-11-28,TV (English),3,Selling Sunset,Selling Sunset: Season 4,33080000,,,1
2021-11-28,TV (English),4,Arcane,Arcane: Season 1,29660000,,,3
2021-11-28,TV (English),5,Maid,Maid: Limited Series,20490000,,,9
2021-11-28,TV (English),6,Narcos: Mexico,Narcos: Mexico: Season 3,17430000,,,4
2021-11-28,TV (English),7,You,You: Season 3,17070000,,,7
2021-11-28,TV (English),8,Tiger King,Tiger King 2,16430000,,,2
2021-11-28,TV (English),9,CoComelon,CoComelon: Season 4,11050000,,,3
2021-11-28,TV (English),10,Dynasty,Dynasty: Season 4,10560000,,,6
2021-11-28,TV (Non-English),1,The Queen of Flow,The Queen of Flow: Season 2,69030000,,,2
2021-11-28,TV (Non-English),2,Hellbound,Hellbound: Season 1,67520000,,,2
2021-11-28,TV (Non-English),3,Squid Game,Squid Game: Season 1,25730000,,,11
2021-11-28,TV (Non-English),4,The King's Affection,The King's Affection: Limited Series,15920000,,,6
2021-11-28,TV (Non-English),5,The Queen of Flow,The Queen of Flow: Season 1,14460000,,,2
2021-11-28,TV (Non-English),6,Hometown Cha-Cha-Cha,Hometown Cha-Cha-Cha: Limited Series,13310000,,,13
2021-11-28,TV (Non-English),7,Carinha de Anjo,Carinha de Anjo: Season 1,12410000,,,8
2021-11-28,TV (Non-English),8,"Yo soy Betty, la fea","Yo soy Betty, la fea: Season 1",8130000,,,7
2021-11-28,TV (Non-English),9,EDENS ZERO,EDENS ZERO: Season 1,7470000,,,1
2021-11-28,TV (Non-English),10,Elves,Elves: Season 1,6660000,,,1
2021-11-21,TV (English),1,Arcane,Arcane: Season 1,38420000,,,2
2021-11-21,TV (English),2,Tiger King,Tiger King 2,30030000,,,1
2021-11-21,TV (English),3,Narcos: Mexico,Narcos: Mexico: Season 3,27540000,,,3
2021-11-21,TV (English),4,Maid,Maid: Limited Series,23920000,,,8
2021-11-21,TV (English),5,You,You: Season 3,23460000,,,6
2021-11-21,TV (English),6,Cowboy Bebop,Cowboy Bebop: Season 1,21630000,,,1
2021-11-21,TV (English),7,Dynasty,Dynasty: Season 4,15060000,,,5
2021-11-21,TV (English),8,Locke & Key,Locke & Key: Season 2,12340000,,,5
2021-11-21,TV (English),9,You,You: Season 2,11670000,,,5
2021-11-21,TV (English),10,Big Mouth,Big Mouth: Season 5,11410000,,,3
2021-11-21,TV (Non-English),1,Hellbound,Hellbound: Season 1,43480000,,,1
2021-11-21,TV (Non-English),2,The Queen of Flow,The Queen of Flow: Season 2,38640000,,,1
2021-11-21,TV (Non-English),3,Squid Game,Squid Game: Season 1,30410000,,,10
2021-11-21,TV (Non-English),4,The King's Affection,The King's Affection: Limited Series,15640000,,,5
2021-11-21,TV (Non-English),5,Carinha de Anjo,Carinha de Anjo: Season 1,13180000,,,7
2021-11-21,TV (Non-English),6,Hometown Cha-Cha-Cha,Hometown Cha-Cha-Cha: Limited Series,13150000,,,12
2021-11-21,TV (Non-English),7,Christmas Flow,Christmas Flow: Season 1,9720000,,,1
2021-11-21,TV (Non-English),8,The Queen of Flow,The Queen of Flow: Season 1,8810000,,,1
2021-11-21,TV (Non-English),9,Love Never Lies,Love Never Lies: Season 1,8370000,,,1
2021-11-21,TV (Non-English),10,"Yo soy Betty, la fea","Yo soy Betty, la fea: Season 1",7800000,,,6
2021-11-14,TV (English),1,Narcos: Mexico,Narcos: Mexico: Season 3,50290000,,,2
2021-11-14,TV (English),2,Arcane,Arcane: Season 1,34170000,,,1
2021-11-14,TV (English),3,You,You: Season 3,33720000,,,5
2021-11-14,TV (English),4,Maid,Maid: Limited Series,29480000,,,7
2021-11-14,TV (English),5,Big Mouth,Big Mouth: Season 5,25390000,,,2
2021-11-14,TV (English),6,Dynasty,Dynasty: Season 4,21020000,,,4
2021-11-14,TV (English),7,Locke & Key,Locke & Key: Season 2,18770000,,,4
2021-11-14,TV (English),8,Narcos: Mexico,Narcos: Mexico: Season 1,15570000,,,1
2021-11-14,TV (English),9,You,You: Season 2,15520000,,,4
2021-11-14,TV (English),10,You,You: Season 1,14570000,,,5
2021-11-14,TV (Non-English),1,Squid Game,Squid Game: Season 1,42790000,,,9
2021-11-14,TV (Non-English),2,The King's Affection,The King's Affection: Limited Series,14120000,,,4
2021-11-14,TV (Non-English),3,Hometown Cha-Cha-Cha,Hometown Cha-Cha-Cha: Limited Series,13820000,,,11
2021-11-14,TV (Non-English),4,Carinha de Anjo,Carinha de Anjo: Season 1,13660000,,,6
2021-11-14,TV (Non-English),5,My Name,My Name: Season 1,10820000,,,5
2021-11-14,TV (Non-English),6,Where is Marta?,Where is Marta?: Limited Series,8640000,,,1
2021-11-14,TV (Non-English),7,The Five Juanas,The Five Juanas: Season 1,8490000,,,6
2021-11-14,TV (Non-English),8,The Club,The Club: Season 1,7860000,,,1
2021-11-14,TV (Non-English),9,"Yo soy Betty, la fea","Yo soy Betty, la fea: Season 1",7650000,,,5
2021-11-14,TV (Non-English),10,Demon Slayer: Kimetsu no Yaiba,"Demon Slayer: Kimetsu no Yaiba: Tanjiro Kamado, Unwavering Resolve Arc",6060000,,,2
2021-11-07,TV (English),1,You,You: Season 3,52590000,,,4
2021-11-07,TV (English),2,Maid,Maid: Limited Series,41290000,,,6
2021-11-07,TV (English),3,Locke & Key,Locke & Key: Season 2,32250000,,,3
2021-11-07,TV (English),4,Dynasty,Dynasty: Season 4,32050000,,,3
2021-11-07,TV (English),5,Narcos: Mexico,Narcos: Mexico: Season 3,28150000,,,1
2021-11-07,TV (English),6,You,You: Season 2,21660000,,,3
2021-11-07,TV (English),7,Maya and the Three,Maya and the Three: Limited Series,21470000,,,2
2021-11-07,TV (English),8,You,You: Season 1,20910000,,,4
2021-11-07,TV (English),9,Big Mouth,Big Mouth: Season 5,19570000,,,1
2021-11-07,TV (English),10,Locke & Key,Locke & Key: Season 1,15950000,,,3
2021-11-07,TV (Non-English),1,Squid Game,Squid Game: Season 1,65000000,,,8
2021-11-07,TV (Non-English),2,My Name,My Name: Season 1,18430000,,,4
2021-11-07,TV (Non-English),3,Hometown Cha-Cha-Cha,Hometown Cha-Cha-Cha: Limited Series,16010000,,,10
2021-11-07,TV (Non-English),4,Carinha de Anjo,Carinha de Anjo: Season 1,14090000,,,5
2021-11-07,TV (Non-English),5,The Five Juanas,The Five Juanas: Season 1,13000000,,,5
2021-11-07,TV (Non-English),6,The King's Affection,The King's Affection: Limited Series,11990000,,,3
2021-11-07,TV (Non-English),7,Sintonia,Sintonia: Season 2,11010000,,,2
2021-11-07,TV (Non-English),8,Luis Miguel - The Series,Luis Miguel - The Series: Season 3,9720000,,,2
2021-11-07,TV (Non-English),9,Demon Slayer: Kimetsu no Yaiba,"Demon Slayer: Kimetsu no Yaiba: Tanjiro Kamado, Unwavering Resolve Arc",7940000,,,1
2021-11-07,TV (Non-English),10,"Yo soy Betty, la fea","Yo soy Betty, la fea: Season 1",7710000,,,4
2021-10-31,TV (English),1,You,You: Season 3,82790000,,,3
2021-10-31,TV (English),2,Maid,Maid: Limited Series,56700000,,,5
2021-10-31,TV (English),3,Locke & Key,Locke & Key: Season 2,56490000,,,2
2021-10-31,TV (English),4,Dynasty,Dynasty: Season 4,47820000,,,2
2021-10-31,TV (English),5,Maya and the Three,Maya and the Three: Limited Series,34000000,,,1
2021-10-31,TV (English),6,You,You: Season 1,29880000,,,3
2021-10-31,TV (English),7,You,You: Season 2,28050000,,,2
2021-10-31,TV (English),8,Locke & Key,Locke & Key: Season 1,24590000,,,2
2021-10-31,TV (English),9,Inside Job,Inside Job: Part 1,21240000,,,1
2021-10-31,TV (English),10,CoComelon,CoComelon: Season 4,13710000,,,2
2021-10-31,TV (Non-English),1,Squid Game,Squid Game: Season 1,90100000,,,7
2021-10-31,TV (Non-English),2,My Name,My Name: Season 1,38580000,,,3
2021-10-31,TV (Non-English),3,Sintonia,Sintonia: Season 2,25890000,,,1
2021-10-31,TV (Non-English),4,The Five Juanas,The Five Juanas: Season 1,19410000,,,4
2021-10-31,TV (Non-English),5,Hometown Cha-Cha-Cha,Hometown Cha-Cha-Cha: Limited Series,18290000,,,9
2021-10-31,TV (Non-English),6,Carinha de Anjo,Carinha de Anjo: Season 1,14070000,,,4
2021-10-31,TV (Non-English),7,Luis Miguel - The Series,Luis Miguel - The Series: Season 3,9990000,,,1
2021-10-31,TV (Non-English),8,The King's Affection,The King's Affection: Limited Series,9740000,,,2
2021-10-31,TV (Non-English),9,Love Is Blind: Brazil,Love Is Blind: Brazil: Season 1,9130000,,,3
2021-10-31,TV (Non-English),10,The Chestnut Man,N/A,8910000,,,5
2021-10-24,TV (English),1,You,You: Season 3,179000000,,,2
2021-10-24,TV (English),2,Maid,Maid: Limited Series,79040000,,,4
2021-10-24,TV (English),3,You,You: Season 1,44810000,,,2
2021-10-24,TV (English),4,Locke & Key,Locke & Key: Season 2,35530000,,,1
2021-10-24,TV (English),5,You,You: Season 2,33120000,,,1
2021-10-24,TV (English),6,Dynasty,Dynasty: Season 4,19970000,,,1
2021-10-24,TV (English),7,Sex Education,Sex Education: Season 3,18380000,,,6
2021-10-24,TV (English),8,CoComelon,CoComelon: Season 4,15930000,,,1
2021-10-24,TV (English),9,Another Life,Another Life: Season 2,15760000,,,1
2021-10-24,TV (English),10,Locke & Key,Locke & Key: Season 1,15710000,,,1
2021-10-24,TV (Non-English),1,Squid Game,Squid Game: Season 1,147560000,,,6
2021-10-24,TV (Non-English),2,My Name,My Name: Season 1,84530000,,,2
2021-10-24,TV (Non-English),3,The Five Juanas,The Five Juanas: Season 1,34600000,,,3
2021-10-24,TV (Non-English),4,Hometown Cha-Cha-Cha,Hometown Cha-Cha-Cha: Limited Series,31840000,,,8
2021-10-24,TV (Non-English),5,Love Is Blind: Brazil,Love Is Blind: Brazil: Season 1,16290000,,,2
2021-10-24,TV (Non-English),6,Carinha de Anjo,Carinha de Anjo: Season 1,13930000,,,3
2021-10-24,TV (Non-English),7,The Chestnut Man,N/A,12900000,,,4
2021-10-24,TV (Non-English),8,Alice in Borderland,Alice in Borderland: Season 1,8700000,,,5
2021-10-24,TV (Non-English),9,"Yo soy Betty, la fea","Yo soy Betty, la fea: Season 1",7710000,,,3
2021-10-24,TV (Non-English),10,The King's Affection,The King's Affection: Limited Series,6950000,,,1
2021-10-17,TV (English),1,You,You: Season 3,133120000,,,1
2021-10-17,TV (English),2,Maid,Maid: Limited Series,129280000,,,3
2021-10-17,TV (English),3,Sex Education,Sex Education: Season 3,28190000,,,5
2021-10-17,TV (English),4,Shameless (U.S.),Shameless (U.S.): Season 11,23530000,,,1
2021-10-17,TV (English),5,You,You: Season 1,23050000,,,1
2021-10-17,TV (English),6,Midnight Mass,Midnight Mass: Limited Series,20940000,,,4
2021-10-17,TV (English),7,A Tale Dark & Grimm,A Tale Dark & Grimm: Limited Series,18730000,,,1
2021-10-17,TV (English),8,On My Block,On My Block: Season 4,17360000,,,2
2021-10-17,TV (English),9,The Baby-Sitters Club,The Baby-Sitters Club: Season 2,17030000,,,1
2021-10-17,TV (English),10,Grey's Anatomy,Grey's Anatomy: Season 17,15990000,,,3
2021-10-17,TV (Non-English),1,Squid Game,Squid Game: Season 1,258840000,,,5
2021-10-17,TV (Non-English),2,The Five Juanas,The Five Juanas: Season 1,62890000,,,2
2021-10-17,TV (Non-English),3,My Name,My Name: Season 1,41780000,,,1
2021-10-17,TV (Non-English),4,Hometown Cha-Cha-Cha,Hometown Cha-Cha-Cha: Limited Series,37740000,,,7
2021-10-17,TV (Non-English),5,The Chestnut Man,N/A,20720000,,,3
2021-10-17,TV (Non-English),6,Alice in Borderland,Alice in Borderland: Season 1,16310000,,,4
2021-10-17,TV (Non-English),7,Love Is Blind: Brazil,Love Is Blind: Brazil: Season 1,13770000,,,1
2021-10-17,TV (Non-English),8,Carinha de Anjo,Carinha de Anjo: Season 1,12760000,,,2
2021-10-17,TV (Non-English),9,"Nevertheless,","Nevertheless,: Limited Series",10080000,,,7
2021-10-17,TV (Non-English),10,House of Secrets: The Burari Deaths,House of Secrets: The Burari Deaths: Limited Series,9220000,,,1
2021-10-10,TV (English),1,Maid,Maid: Limited Series,166520000,,,2
2021-10-10,TV (English),2,On My Block,On My Block: Season 4,63520000,,,1
2021-10-10,TV (English),3,Sex Education,Sex Education: Season 3,42120000,,,4
2021-10-10,TV (English),4,Grey's Anatomy,Grey's Anatomy: Season 17,29650000,,,2
2021-10-10,TV (English),5,Midnight Mass,Midnight Mass: Limited Series,29020000,,,3
2021-10-10,TV (English),6,PAW Patrol,PAW Patrol: Season 6,19910000,,,1
2021-10-10,TV (English),7,Lucifer,Lucifer: Season 6,16730000,,,5
2021-10-10,TV (English),8,Dave Chappelle: The Closer,N/A,14350000,,,1
2021-10-10,TV (English),9,Sex Education,Sex Education: Season 2,12760000,,,3
2021-10-10,TV (English),10,Scaredy Cats,Scaredy Cats: Season 1,12520000,,,1
2021-10-10,TV (Non-English),1,Squid Game,Squid Game: Season 1,412940000,,,4
2021-10-10,TV (Non-English),2,The Five Juanas,The Five Juanas: Season 1,39460000,,,1
2021-10-10,TV (Non-English),3,Hometown Cha-Cha-Cha,Hometown Cha-Cha-Cha: Limited Series,32890000,,,6
2021-10-10,TV (Non-English),4,The Chestnut Man,N/A,30300000,,,2
2021-10-10,TV (Non-English),5,Alice in Borderland,Alice in Borderland: Season 1,22220000,,,3
2021-10-10,TV (Non-English),6,Baki Hanma,Baki Hanma: Season 1,14560000,,,2
2021-10-10,TV (Non-English),7,Ganglands,Ganglands: Season 1,11210000,,,3
2021-10-10,TV (Non-English),8,Carinha de Anjo,Carinha de Anjo: Season 1,10240000,,,1
2021-10-10,TV (Non-English),9,Money Heist,Money Heist: Part 5,9730000,,,6
2021-10-10,TV (Non-English),10,"Nevertheless,","Nevertheless,: Limited Series",8570000,,,6
2021-10-03,TV (English),1,Sex Education,Sex Education: Season 3,72870000,,,3
2021-10-03,TV (English),2,Maid,Maid: Limited Series,61080000,,,1
2021-10-03,TV (English),3,Midnight Mass,Midnight Mass: Limited Series,59120000,,,2
2021-10-03,TV (English),4,Lucifer,Lucifer: Season 6,25110000,,,4
2021-10-03,TV (English),5,Grey's Anatomy,Grey's Anatomy: Season 17,18680000,,,1
2021-10-03,TV (English),6,Sex Education,Sex Education: Season 1,18420000,,,3
2021-10-03,TV (English),7,Sex Education,Sex Education: Season 2,18140000,,,2
2021-10-03,TV (English),8,Blood & Water,Blood & Water: Season 2,15870000,,,1
2021-10-03,TV (English),9,Clickbait,Clickbait: Limited Series,13210000,,,6
2021-10-03,TV (English),10,CoComelon,CoComelon: Season 3,10690000,,,5
2021-10-03,TV (Non-English),1,Squid Game,Squid Game: Season 1,571760000,,,3
2021-10-03,TV (Non-English),2,The Chestnut Man,N/A,31380000,,,1
2021-10-03,TV (Non-English),3,Hometown Cha-Cha-Cha,Hometown Cha-Cha-Cha: Limited Series,28330000,,,5
2021-10-03,TV (Non-English),4,Ganglands,Ganglands: Season 1,27030000,,,2
2021-10-03,TV (Non-English),5,Alice in Borderland,Alice in Borderland: Season 1,26280000,,,2
2021-10-03,TV (Non-English),6,Baki Hanma,Baki Hanma: Season 1,20090000,,,1
2021-10-03,TV (Non-English),7,Money Heist,Money Heist: Part 5,14250000,,,5
2021-10-03,TV (Non-English),8,The Seven Deadly Sins,The Seven Deadly Sins: Dragon's Judgement,13420000,,,4
2021-10-03,TV (Non-English),9,Love 101,Love 101: Season 2,12600000,,,1
2021-10-03,TV (Non-English),10,Money Heist,Money Heist: Part 1,9370000,,,5
2021-09-26,TV (English),1,Sex Education,Sex Education: Season 3,160420000,,,2
2021-09-26,TV (English),2,Lucifer,Lucifer: Season 6,42990000,,,3
2021-09-26,TV (English),3,Midnight Mass,Midnight Mass: Limited Series,33200000,,,1
2021-09-26,TV (English),4,Sex Education,Sex Education: Season 1,27380000,,,2
2021-09-26,TV (English),5,Clickbait,Clickbait: Limited Series,22150000,,,5
2021-09-26,TV (English),6,Sex Education,Sex Education: Season 2,22030000,,,1
2021-09-26,TV (English),7,The Circle,The Circle: Season 3,15850000,,,2
2021-09-26,TV (English),8,Monsters Inside: The 24 Faces of Billy Milligan,Monsters Inside: The 24 Faces of Billy Milligan: Limited Series,15150000,,,1
2021-09-26,TV (English),9,Good Girls,Good Girls: Season 4,12920000,,,4
2021-09-26,TV (English),10,Lucifer,Lucifer: Season 5,12180000,,,5
2021-09-26,TV (Non-English),1,Squid Game,Squid Game: Season 1,448730000,,,2
2021-09-26,TV (Non-English),2,Hometown Cha-Cha-Cha,Hometown Cha-Cha-Cha: Limited Series,23360000,,,4
2021-09-26,TV (Non-English),3,Money Heist,Money Heist: Part 5,21830000,,,4
2021-09-26,TV (Non-English),4,Ganglands,Ganglands: Season 1,16260000,,,1
2021-09-26,TV (Non-English),5,The Seven Deadly Sins,The Seven Deadly Sins: Dragon's Judgement,14020000,,,3
2021-09-26,TV (Non-English),6,Money Heist,Money Heist: Part 1,12150000,,,4
2021-09-26,TV (Non-English),7,Jaguar,Jaguar: Season 1,11620000,,,1
2021-09-26,TV (Non-English),8,Alice in Borderland,Alice in Borderland: Season 1,10890000,,,1
2021-09-26,TV (Non-English),9,Money Heist,Money Heist: Part 4,8680000,,,4
2021-09-26,TV (Non-English),10,"Newly Rich, Newly Poor","Newly Rich, Newly Poor: Season 1",8410000,,,13
2021-09-19,TV (English),1,Sex Education,Sex Education: Season 3,125770000,,,1
2021-09-19,TV (English),2,Lucifer,Lucifer: Season 6,98140000,,,2
2021-09-19,TV (English),3,Clickbait,Clickbait: Limited Series,35020000,,,4
2021-09-19,TV (English),4,Good Girls,Good Girls: Season 4,19310000,,,3
2021-09-19,TV (English),5,Turning Point: 9/11 and the War on Terror,Turning Point: 9/11 and the War on Terror: Limited Series,18720000,,,3
2021-09-19,TV (English),6,Lucifer,Lucifer: Season 5,16240000,,,4
2021-09-19,TV (English),7,Sex Education,Sex Education: Season 1,14880000,,,1
2021-09-19,TV (English),8,The Circle,The Circle: Season 3,14350000,,,1
2021-09-19,TV (English),9,Sharkdog,Sharkdog: Season 1,14180000,,,2
2021-09-19,TV (English),10,Lucifer,Lucifer: Season 1,11560000,,,1
2021-09-19,TV (Non-English),1,Squid Game,Squid Game: Season 1,63190000,,,1
2021-09-19,TV (Non-English),2,Money Heist,Money Heist: Part 5,39910000,,,3
2021-09-19,TV (Non-English),3,Money Heist,Money Heist: Part 1,19340000,,,3
2021-09-19,TV (Non-English),4,Hometown Cha-Cha-Cha,Hometown Cha-Cha-Cha: Limited Series,18580000,,,3
2021-09-19,TV (Non-English),5,Hospital Playlist,Hospital Playlist: Season 2,13050000,,,7
2021-09-19,TV (Non-English),6,Money Heist,Money Heist: Part 4,12270000,,,3
2021-09-19,TV (Non-English),7,Money Heist,Money Heist: Part 2,11940000,,,2
2021-09-19,TV (Non-English),8,Money Heist,Money Heist: Part 3,11490000,,,3
2021-09-19,TV (Non-English),9,"Newly Rich, Newly Poor","Newly Rich, Newly Poor: Season 1",9320000,,,12
2021-09-19,TV (Non-English),10,Carrossel,N/A,7870000,,,10
2021-09-12,TV (English),1,Lucifer,Lucifer: Season 6,75940000,,,1
2021-09-12,TV (English),2,Clickbait,Clickbait: Limited Series,54420000,,,3
2021-09-12,TV (English),3,Turning Point: 9/11 and the War on Terror,Turning Point: 9/11 and the War on Terror: Limited Series,37910000,,,2
2021-09-12,TV (English),4,Good Girls,Good Girls: Season 4,31750000,,,2
2021-09-12,TV (English),5,Sharkdog,Sharkdog: Season 1,19590000,,,1
2021-09-12,TV (English),6,The 100,The 100: Season 7,12990000,,,2
2021-09-12,TV (English),7,Lucifer,Lucifer: Season 5,12260000,,,3
2021-09-12,TV (English),8,Octonauts: Above & Beyond,Octonauts: Above & Beyond: Season 1,11730000,,,1
2021-09-12,TV (English),9,Dive Club,Dive Club: Season 1,11480000,,,1
2021-09-12,TV (English),10,Manifest,Manifest: Season 3,11150000,,,3
2021-09-12,TV (Non-English),1,Money Heist,Money Heist: Part 5,123170000,,,2
2021-09-12,TV (Non-English),2,Money Heist,Money Heist: Part 1,38030000,,,2
2021-09-12,TV (Non-English),3,Money Heist,Money Heist: Part 2,16720000,,,1
2021-09-12,TV (Non-English),4,Money Heist,Money Heist: Part 4,16720000,,,2
2021-09-12,TV (Non-English),5,Hometown Cha-Cha-Cha,Hometown Cha-Cha-Cha: Limited Series,14870000,,,2
2021-09-12,TV (Non-English),6,Money Heist,Money Heist: Part 3,14410000,,,2
2021-09-12,TV (Non-English),7,Hospital Playlist,Hospital Playlist: Season 2,11590000,,,6
2021-09-12,TV (Non-English),8,Into the Night,Into the Night: Season 2,10630000,,,1
2021-09-12,TV (Non-English),9,"Newly Rich, Newly Poor","Newly Rich, Newly Poor: Season 1",10350000,,,11
2021-09-12,TV (Non-English),10,Hotel Del Luna,Hotel Del Luna: Limited Series,9980000,,,1
2021-09-05,TV (English),1,Clickbait,Clickbait: Limited Series,76540000,,,2
2021-09-05,TV (English),2,Good Girls,Good Girls: Season 4,37580000,,,1
2021-09-05,TV (English),3,Turning Point: 9/11 and the War on Terror,Turning Point: 9/11 and the War on Terror: Limited Series,24050000,,,1
2021-09-05,TV (English),4,Manifest,Manifest: Season 3,15660000,,,2
2021-09-05,TV (English),5,The 100,The 100: Season 7,13590000,,,1
2021-09-05,TV (English),6,Outer Banks,Outer Banks: Season 2,12910000,,,6
2021-09-05,TV (English),7,CoComelon,CoComelon: Season 3,11050000,,,4
2021-09-05,TV (English),8,Manifest,Manifest: Season 1,10320000,,,6
2021-09-05,TV (English),9,Good Girls,Good Girls: Season 1,9590000,,,1
2021-09-05,TV (English),10,CoComelon,CoComelon: Season 1,9140000,,,1
2021-09-05,TV (Non-English),1,Money Heist,Money Heist: Part 5,201910000,,,1
2021-09-05,TV (Non-English),2,Money Heist,Money Heist: Part 1,22710000,,,1
2021-09-05,TV (Non-English),3,D.P.,D.P.: Season 1,19170000,,,2
2021-09-05,TV (Non-English),4,Money Heist,Money Heist: Part 4,14870000,,,1
2021-09-05,TV (Non-English),5,The Snitch Cartel: Origins,The Snitch Cartel: Origins: Season 1,11530000,,,6
2021-09-05,TV (Non-English),6,"Newly Rich, Newly Poor","Newly Rich, Newly Poor: Season 1",11100000,,,10
2021-09-05,TV (Non-English),7,Hometown Cha-Cha-Cha,Hometown Cha-Cha-Cha: Limited Series,9630000,,,1
2021-09-05,TV (Non-English),8,Carrossel,N/A,9010000,,,9
2021-09-05,TV (Non-English),9,"Yo soy Betty, la fea","Yo soy Betty, la fea: Season 1",7200000,,,2
2021-09-05,TV (Non-English),10,Money Heist,Money Heist: Part 3,7070000,,,1
2021-08-29,TV (English),1,Clickbait,Clickbait: Limited Series,51280000,,,1
2021-08-29,TV (English),2,Outer Banks,Outer Banks: Season 2,20790000,,,5
2021-08-29,TV (English),3,Manifest,Manifest: Season 3,17740000,,,1
2021-08-29,TV (English),4,The Chair,The Chair: Season 1,14020000,,,1
2021-08-29,TV (English),5,Outer Banks,Outer Banks: Season 1,13860000,,,5
2021-08-29,TV (English),6,Manifest,Manifest: Season 1,12410000,,,5
2021-08-29,TV (English),7,For Life,For Life: Season 1,11180000,,,3
2021-08-29,TV (English),8,CoComelon,CoComelon: Season 3,11030000,,,3
2021-08-29,TV (English),9,All American,All American: Season 3,10480000,,,5
2021-08-29,TV (English),10,Hit & Run,Hit & Run: Season 1,10090000,,,4
2021-08-29,TV (Non-English),1,The Snitch Cartel: Origins,The Snitch Cartel: Origins: Season 1,15480000,,,5
2021-08-29,TV (Non-English),2,"Newly Rich, Newly Poor","Newly Rich, Newly Poor: Season 1",12120000,,,9
2021-08-29,TV (Non-English),3,AlRawabi School for Girls,AlRawabi School for Girls: Season 1,11500000,,,3
2021-08-29,TV (Non-English),4,Hospital Playlist,Hospital Playlist: Season 2,10980000,,,5
2021-08-29,TV (Non-English),5,Carrossel,N/A,9750000,,,8
2021-08-29,TV (Non-English),6,Valeria,Valeria: Season 2,9020000,,,3
2021-08-29,TV (Non-English),7,D.P.,D.P.: Season 1,8430000,,,1
2021-08-29,TV (Non-English),8,Open Your Eyes,Open Your Eyes: Season 1,8220000,,,1
2021-08-29,TV (Non-English),9,The Cook of Castamar,The Cook of Castamar: Season 1,7550000,,,8
2021-08-29,TV (Non-English),10,"Yo soy Betty, la fea","Yo soy Betty, la fea: Season 1",7340000,,,1
2021-08-22,TV (English),1,Outer Banks,Outer Banks: Season 2,31800000,,,4
2021-08-22,TV (English),2,Hit & Run,Hit & Run: Season 1,20660000,,,3
2021-08-22,TV (English),3,Outer Banks,Outer Banks: Season 1,20300000,,,4
2021-08-22,TV (English),4,All American,All American: Season 3,14990000,,,4
2021-08-22,TV (English),5,For Life,For Life: Season 1,14540000,,,2
2021-08-22,TV (English),6,Bake Squad,Bake Squad: Season 1,13220000,,,1
2021-08-22,TV (English),7,Gabby's Dollhouse,Gabby's Dollhouse: Season 2,12180000,,,2
2021-08-22,TV (English),8,Brand New Cherry Flavor,Brand New Cherry Flavor: Limited Series,11140000,,,1
2021-08-22,TV (English),9,CoComelon,CoComelon: Season 3,10990000,,,2
2021-08-22,TV (English),10,The Good Doctor,The Good Doctor: Season 1,10430000,,,6
2021-08-22,TV (Non-English),1,The Snitch Cartel: Origins,The Snitch Cartel: Origins: Season 1,19260000,,,4
2021-08-22,TV (Non-English),2,AlRawabi School for Girls,AlRawabi School for Girls: Season 1,18070000,,,2
2021-08-22,TV (Non-English),3,Valeria,Valeria: Season 2,15640000,,,2
2021-08-22,TV (Non-English),4,Gone for Good,Gone for Good: Limited Series,14920000,,,2
2021-08-22,TV (Non-English),5,"Newly Rich, Newly Poor","Newly Rich, Newly Poor: Season 1",12080000,,,8
2021-08-22,TV (Non-English),6,Hospital Playlist,Hospital Playlist: Season 2,10340000,,,4
2021-08-22,TV (Non-English),7,Carrossel,N/A,9860000,,,7
2021-08-22,TV (Non-English),8,"Nevertheless,","Nevertheless,: Limited Series",9030000,,,5
2021-08-22,TV (Non-English),9,The Cook of Castamar,The Cook of Castamar: Season 1,8820000,,,7
2021-08-22,TV (Non-English),10,Control Z,Control Z: Season 2,8250000,,,3
2021-08-15,TV (English),1,Outer Banks,Outer Banks: Season 2,51600000,,,3
2021-08-15,TV (English),2,Hit & Run,Hit & Run: Season 1,45190000,,,2
2021-08-15,TV (English),3,Outer Banks,Outer Banks: Season 1,30390000,,,3
2021-08-15,TV (English),4,All American,All American: Season 3,20870000,,,3
2021-08-15,TV (English),5,Cocaine Cowboys: The Kings of Miami,Cocaine Cowboys: The Kings of Miami: Limited Series,13870000,,,2
2021-08-15,TV (English),6,For Life,For Life: Season 1,13790000,,,1
2021-08-15,TV (English),7,Virgin River,Virgin River: Season 3,13220000,,,6
2021-08-15,TV (English),8,Gabby's Dollhouse,Gabby's Dollhouse: Season 2,13170000,,,1
2021-08-15,TV (English),9,Sex/Life,Sex/Life: Season 1,12190000,,,7
2021-08-15,TV (English),10,The Good Doctor,The Good Doctor: Season 1,11810000,,,5
2021-08-15,TV (Non-English),1,The Snitch Cartel: Origins,The Snitch Cartel: Origins: Season 1,23840000,,,3
2021-08-15,TV (Non-English),2,Control Z,Control Z: Season 2,16400000,,,2
2021-08-15,TV (Non-English),3,SHAMAN KING,SHAMAN KING: Season 1,12970000,,,1
2021-08-15,TV (Non-English),4,"Newly Rich, Newly Poor","Newly Rich, Newly Poor: Season 1",12750000,,,7
2021-08-15,TV (Non-English),5,The Cook of Castamar,The Cook of Castamar: Season 1,11950000,,,6
2021-08-15,TV (Non-English),6,AlRawabi School for Girls,AlRawabi School for Girls: Season 1,11620000,,,1
2021-08-15,TV (Non-English),7,Carrossel,N/A,10640000,,,6
2021-08-15,TV (Non-English),8,Gone for Good,Gone for Good: Limited Series,9750000,,,1
2021-08-15,TV (Non-English),9,Valeria,Valeria: Season 2,9600000,,,1
2021-08-15,TV (Non-English),10,Hospital Playlist,Hospital Playlist: Season 2,9500000,,,3
2021-08-08,TV (English),1,Outer Banks,Outer Banks: Season 2,105330000,,,2
2021-08-08,TV (English),2,Outer Banks,Outer Banks: Season 1,45080000,,,2
2021-08-08,TV (English),3,All American,All American: Season 3,33020000,,,2
2021-08-08,TV (English),4,Hit & Run,Hit & Run: Season 1,23570000,,,1
2021-08-08,TV (English),5,Cocaine Cowboys: The Kings of Miami,Cocaine Cowboys: The Kings of Miami: Limited Series,18890000,,,1
2021-08-08,TV (English),6,Virgin River,Virgin River: Season 3,18840000,,,5
2021-08-08,TV (English),7,Top Secret UFO Projects: Declassified,Top Secret UFO Projects: Declassified: Season 1,17040000,,,1
2021-08-08,TV (English),8,Sex/Life,Sex/Life: Season 1,15500000,,,6
2021-08-08,TV (English),9,The Good Doctor,The Good Doctor: Season 1,14090000,,,4
2021-08-08,TV (English),10,Car Masters: Rust to Riches,Car Masters: Rust to Riches: Season 3,13930000,,,1
2021-08-08,TV (Non-English),1,The Snitch Cartel: Origins,The Snitch Cartel: Origins: Season 1,26880000,,,2
2021-08-08,TV (Non-English),2,Control Z,Control Z: Season 2,25430000,,,1
2021-08-08,TV (Non-English),3,The Cook of Castamar,The Cook of Castamar: Season 1,15800000,,,5
2021-08-08,TV (Non-English),4,"Newly Rich, Newly Poor","Newly Rich, Newly Poor: Season 1",14510000,,,6
2021-08-08,TV (Non-English),5,Carrossel,N/A,11280000,,,5
2021-08-08,TV (Non-English),6,Hunter X Hunter (2011),Hunter X Hunter (2011): Season 5,9890000,,,1
2021-08-08,TV (Non-English),7,Control Z,Control Z: Season 1,8580000,,,1
2021-08-08,TV (Non-English),8,How to Sell Drugs Online (Fast),How to Sell Drugs Online (Fast): Season 3,8580000,,,2
2021-08-08,TV (Non-English),9,"Nevertheless,","Nevertheless,: Limited Series",7960000,,,4
2021-08-08,TV (Non-English),10,Too Hot to Handle: Brazil,Too Hot to Handle: Brazil: Season 1,7470000,,,3
2021-08-01,TV (English),1,Outer Banks,Outer Banks: Season 2,100160000,,,1
2021-08-01,TV (English),2,All American,All American: Season 3,43970000,,,1
2021-08-01,TV (English),3,Virgin River,Virgin River: Season 3,28320000,,,4
2021-08-01,TV (English),4,Outer Banks,Outer Banks: Season 1,26240000,,,1
2021-08-01,TV (English),5,Never Have I Ever,Never Have I Ever: Season 2,23570000,,,3
2021-08-01,TV (English),6,Sex/Life,Sex/Life: Season 1,21620000,,,5
2021-08-01,TV (English),7,Love Is Blind,Love Is Blind: S1: Atlanta,19370000,,,1
2021-08-01,TV (English),8,The Good Doctor,The Good Doctor: Season 1,18510000,,,3
2021-08-01,TV (English),9,The Walking Dead,The Walking Dead: Season 10,15050000,,,1
2021-08-01,TV (English),10,The Good Doctor,The Good Doctor: Season 2,13240000,,,1
2021-08-01,TV (Non-English),1,The Cook of Castamar,The Cook of Castamar: Season 1,24170000,,,4
2021-08-01,TV (Non-English),2,"Newly Rich, Newly Poor","Newly Rich, Newly Poor: Season 1",16700000,,,5
2021-08-01,TV (Non-English),3,How to Sell Drugs Online (Fast),How to Sell Drugs Online (Fast): Season 3,16470000,,,1
2021-08-01,TV (Non-English),4,Sky Rojo,Sky Rojo: Season 2,15660000,,,2
2021-08-01,TV (Non-English),5,The Snitch Cartel: Origins,The Snitch Cartel: Origins: Season 1,15150000,,,1
2021-08-01,TV (Non-English),6,Too Hot to Handle: Brazil,Too Hot to Handle: Brazil: Season 1,14230000,,,2
2021-08-01,TV (Non-English),7,Carrossel,N/A,12730000,,,4
2021-08-01,TV (Non-English),8,"Nevertheless,","Nevertheless,: Limited Series",7710000,,,3
2021-08-01,TV (Non-English),9,Chiquititas,N/A,7020000,,,1
2021-08-01,TV (Non-English),10,Elite,Elite: Season 4,6920000,,,5
2021-07-25,TV (English),1,Never Have I Ever,Never Have I Ever: Season 2,50190000,,,2
2021-07-25,TV (English),2,Virgin River,Virgin River: Season 3,44890000,,,3
2021-07-25,TV (English),3,Sex/Life,Sex/Life: Season 1,31200000,,,4
2021-07-25,TV (English),4,The Good Doctor,The Good Doctor: Season 1,25520000,,,2
2021-07-25,TV (English),5,Never Have I Ever,Never Have I Ever: Season 1,17400000,,,1
2021-07-25,TV (English),6,Manifest,Manifest: Season 1,16220000,,,4
2021-07-25,TV (English),7,Atypical,Atypical: Season 4,15920000,,,3
2021-07-25,TV (English),8,Heist,Heist: Season 1,15390000,,,2
2021-07-25,TV (English),9,Virgin River,Virgin River: Season 1,14360000,,,3
2021-07-25,TV (English),10,Virgin River,Virgin River: Season 2,13770000,,,2
2021-07-25,TV (Non-English),1,The Cook of Castamar,The Cook of Castamar: Season 1,36650000,,,3
2021-07-25,TV (Non-English),2,"Newly Rich, Newly Poor","Newly Rich, Newly Poor: Season 1",19070000,,,4
2021-07-25,TV (Non-English),3,Sky Rojo,Sky Rojo: Season 2,12980000,,,1
2021-07-25,TV (Non-English),4,Carrossel,N/A,12150000,,,3
2021-07-25,TV (Non-English),5,The War Next-door,The War Next-door: Season 1,9730000,,,3
2021-07-25,TV (Non-English),6,Too Hot to Handle: Brazil,Too Hot to Handle: Brazil: Season 1,9450000,,,1
2021-07-25,TV (Non-English),7,Elite,Elite: Season 4,9410000,,,4
2021-07-25,TV (Non-English),8,Hospital Playlist,Hospital Playlist: Season 2,8070000,,,2
2021-07-25,TV (Non-English),9,"Nevertheless,","Nevertheless,: Limited Series",7880000,,,2
2021-07-25,TV (Non-English),10,Lupin,Lupin: Part 2,6840000,,,4
2021-07-18,TV (English),1,Virgin River,Virgin River: Season 3,87270000,,,2
2021-07-18,TV (English),2,Never Have I Ever,Never Have I Ever: Season 2,58380000,,,1
2021-07-18,TV (English),3,Sex/Life,Sex/Life: Season 1,45000000,,,3
2021-07-18,TV (English),4,Atypical,Atypical: Season 4,29680000,,,2
2021-07-18,TV (English),5,Manifest,Manifest: Season 1,21350000,,,3
2021-07-18,TV (English),6,Virgin River,Virgin River: Season 1,20080000,,,2
2021-07-18,TV (English),7,The Good Doctor,The Good Doctor: Season 1,18980000,,,1
2021-07-18,TV (English),8,Heist,Heist: Season 1,18710000,,,1
2021-07-18,TV (English),9,Virgin River,Virgin River: Season 2,17000000,,,1
2021-07-18,TV (English),10,Too Hot to Handle,Too Hot to Handle: Season 2,16110000,,,3
2021-07-18,TV (Non-English),1,The Cook of Castamar,The Cook of Castamar: Season 1,51570000,,,2
2021-07-18,TV (Non-English),2,"Newly Rich, Newly Poor","Newly Rich, Newly Poor: Season 1",21450000,,,3
2021-07-18,TV (Non-English),3,The War Next-door,The War Next-door: Season 1,14360000,,,2
2021-07-18,TV (Non-English),4,Elite,Elite: Season 4,14240000,,,3
2021-07-18,TV (Non-English),5,Elize Matsunaga: Once Upon a Crime,Elize Matsunaga: Once Upon a Crime: Season 1,12510000,,,2
2021-07-18,TV (Non-English),6,Carrossel,N/A,11620000,,,2
2021-07-18,TV (Non-English),7,Lupin,Lupin: Part 2,9280000,,,3
2021-07-18,TV (Non-English),8,Hospital Playlist,Hospital Playlist: Season 2,8530000,,,1
2021-07-18,TV (Non-English),9,"Nevertheless,","Nevertheless,: Limited Series",8130000,,,1
2021-07-18,TV (Non-English),10,Biohackers,Biohackers: Season 2,7500000,,,1
2021-07-11,TV (English),1,Sex/Life,Sex/Life: Season 1,69860000,,,2
2021-07-11,TV (English),2,Virgin River,Virgin River: Season 3,62580000,,,1
2021-07-11,TV (English),3,Too Hot to Handle,Too Hot to Handle: Season 2,33420000,,,2
2021-07-11,TV (English),4,Manifest,Manifest: Season 1,31940000,,,2
2021-07-11,TV (English),5,Pokémon Journeys: The Series,Pokémon Journeys: The Series: Season 1,21870000,,,2
2021-07-11,TV (English),6,Atypical,Atypical: Season 4,20620000,,,1
2021-07-11,TV (English),7,Manifest,Manifest: Season 2,20070000,,,2
2021-07-11,TV (English),8,Virgin River,Virgin River: Season 1,13590000,,,1
2021-07-11,TV (English),9,Lucifer,Lucifer: Season 5,13440000,,,2
2021-07-11,TV (English),10,Sweet Tooth,Sweet Tooth: Season 1,13100000,,,2
2021-07-11,TV (Non-English),1,"Newly Rich, Newly Poor","Newly Rich, Newly Poor: Season 1",24990000,,,2
2021-07-11,TV (Non-English),2,Elite,Elite: Season 4,21780000,,,2
2021-07-11,TV (Non-English),3,The Cook of Castamar,The Cook of Castamar: Season 1,16960000,,,1
2021-07-11,TV (Non-English),4,The War Next-door,The War Next-door: Season 1,13970000,,,1
2021-07-11,TV (Non-English),5,Lupin,Lupin: Part 2,13150000,,,2
2021-07-11,TV (Non-English),6,Elize Matsunaga: Once Upon a Crime,Elize Matsunaga: Once Upon a Crime: Season 1,11700000,,,1
2021-07-11,TV (Non-English),7,The Seven Deadly Sins,The Seven Deadly Sins: Dragon's Judgement,10110000,,,2
2021-07-11,TV (Non-English),8,Young Royals,Young Royals: Season 1,9820000,,,1
2021-07-11,TV (Non-English),9,Carrossel,N/A,9790000,,,1
2021-07-11,TV (Non-English),10,Somos.,Somos.: Season 1,9420000,,,2
2021-07-04,TV (English),1,Sex/Life,Sex/Life: Season 1,86730000,,,1
2021-07-04,TV (English),2,Too Hot to Handle,Too Hot to Handle: Season 2,62150000,,,1
2021-07-04,TV (English),3,Manifest,Manifest: Season 1,36330000,,,1
2021-07-04,TV (English),4,Sweet Tooth,Sweet Tooth: Season 1,21350000,,,1
2021-07-04,TV (English),5,Manifest,Manifest: Season 2,21330000,,,1
2021-07-04,TV (English),6,Lucifer,Lucifer: Season 5,16890000,,,1
2021-07-04,TV (English),7,Pokémon Journeys: The Series,Pokémon Journeys: The Series: Season 1,15350000,,,1
2021-07-04,TV (English),8,Sophie: A Murder in West Cork,Sophie: A Murder in West Cork: Limited Series,12800000,,,1
2021-07-04,TV (English),9,CoComelon,CoComelon: Season 3,11430000,,,1
2021-07-04,TV (English),10,Lucifer,Lucifer: Season 3,9550000,,,1
2021-07-04,TV (Non-English),1,Elite,Elite: Season 4,38720000,,,1
2021-07-04,TV (Non-English),2,The Seven Deadly Sins,The Seven Deadly Sins: Dragon's Judgement,33240000,,,1
2021-07-04,TV (Non-English),3,"Newly Rich, Newly Poor","Newly Rich, Newly Poor: Season 1",28270000,,,1
2021-07-04,TV (Non-English),4,Lupin,Lupin: Part 2,20970000,,,1
2021-07-04,TV (Non-English),5,Somos.,Somos.: Season 1,11510000,,,1
2021-07-04,TV (Non-English),6,Elite,Elite: Season 1,10530000,,,1
2021-07-04,TV (Non-English),7,Elite,Elite: Season 3,10200000,,,1
2021-07-04,TV (Non-English),8,Elite,Elite: Season 2,10140000,,,1
2021-07-04,TV (Non-English),9,Katla,Katla: Season 1,9190000,,,1
2021-07-04,TV (Non-English),10,Record of Ragnarok,Record of Ragnarok: Season 1,9140000,,,1
