show_title,rating,votes,total_hours,total_views,weeks_in_top10,average_weekly_views_12m,average_weekly_views_4w,momentum_ratio,proven_demand_score,reliable_demand,demand_pattern,metadata_match_note,original_uk_audience,google_trends_average_12m,google_trends_average_4w,rights_status,current_platform,production_status,confirmed_release_date,estimated_viewers_low,estimated_viewers_base,estimated_viewers_high,projected_value_base_gbp,licence_cost_gbp,benefit_cost_ratio,projected_roi,break_even_viewers,recommendation
Stranger Things,8.699999809265137,1149902,5844980000,369000000.0,34,7096153.846153846,0.0,0.0,96.05203779709996,True,More sustained evidence,Exact cleaned title - verify remakes,,,,Unconfirmed,Current UK platform unverified,Research required,,4389614.035507185,6753252.362318747,9454553.307246245,16883130.905796867,,,,,Shortlist for rights and cost research
Avatar: The Last Airbender,9.300000190734863,309241,747100000,102500000.0,12,794230.7692307692,400000.0,0.5036319612590799,95.57820531380052,True,More sustained evidence,Exact cleaned title - verify remakes,,,,Unconfirmed,Current UK platform unverified,Research required,,4370364.590873146,6723637.832112533,9413092.964957546,16809094.580281332,,,,,Shortlist for rights and cost research
The Witcher,8.199999809265137,481841,1250500000,83400000.0,18,353846.1538461539,0.0,0.0,93.50650296747864,True,More sustained evidence,Exact cleaned title - verify remakes,,,,Unconfirmed,Current UK platform unverified,Research required,,4286201.683053819,6594156.435467415,9231819.00965438,16485391.088668536,,,,,Shortlist for rights and cost research
The Crown,8.699999809265137,199898,677260000,43900000.0,18,0.0,0.0,,93.47025890883333,True,More sustained evidence,Exact cleaned title - verify remakes,,,,Unconfirmed,Current UK platform unverified,Research required,,4284729.268171354,6591891.181802083,9228647.654522914,16479727.954505207,,,,,Shortlist for rights and cost research
Ozark,8.5,309552,751600000,,13,0.0,0.0,,93.39094472924654,True,More sustained evidence,Exact cleaned title - verify remakes,,,,Unconfirmed,Current UK platform unverified,Research required,,4281507.129625641,6586934.045577909,9221707.663809072,16467335.113944773,,,,,Shortlist for rights and cost research
Money Heist,8.199999809265137,469640,1185400000,1500000.0,16,0.0,0.0,,93.32973420284962,True,More sustained evidence,Exact cleaned title - verify remakes,,,,Unconfirmed,Current UK platform unverified,Research required,,4279020.4519907655,6583108.387678101,9216351.74274934,16457770.969195252,,,,,Shortlist for rights and cost research
Squid Game,8.0,435164,5048300000,396900000.0,42,0.0,0.0,,93.27838567469378,True,More sustained evidence,Exact cleaned title - verify remakes,,,,Unconfirmed,Current UK platform unverified,Research required,,4276934.418034435,6579899.104668361,9211858.746535705,16449747.761670902,,,,,Shortlist for rights and cost research
Black Mirror,8.800000190734863,535785,331600000,60100000.0,9,0.0,0.0,,92.95602521356933,True,More sustained evidence,Exact cleaned title - verify remakes,,,,Unconfirmed,Current UK platform unverified,Research required,,4263838.524301255,6559751.575848084,9183652.206187317,16399378.93962021,,,,,Shortlist for rights and cost research
Cobra Kai,8.5,177031,963960000,57900000.0,18,0.0,0.0,,92.9124054050173,True,More sustained evidence,Exact cleaned title - verify remakes,,,,Unconfirmed,Current UK platform unverified,Research required,,4262066.469578828,6557025.337813581,9179835.472939013,16392563.344533954,,,,,Shortlist for rights and cost research
Sex Education,8.399999618530273,273671,901760000,42200000.0,12,0.0,0.0,,92.84840707512299,True,More sustained evidence,Exact cleaned title - verify remakes,,,,Unconfirmed,Current UK platform unverified,Research required,,4259466.537426871,6553025.442195186,9174235.61907326,16382563.605487965,,,,,Shortlist for rights and cost research
Arcane,9.0,196697,317910000,34800000.0,12,0.0,0.0,,92.41891038067749,True,More sustained evidence,Exact cleaned title - verify remakes,,,,Unconfirmed,Current UK platform unverified,Research required,,4242018.234215023,6526181.898792343,9136654.658309279,16315454.746980857,,,,,Shortlist for rights and cost research
You,7.699999809265137,234218,1542990000,35900000.0,20,0.0,0.0,,91.00673990367817,True,More sustained evidence,Exact cleaned title - verify remakes,,,,Unconfirmed,Current UK platform unverified,Research required,,4184648.8085869257,6437921.243979885,9013089.741571838,16094803.109949714,,,,,Shortlist for rights and cost research
Prison Break,8.300000190734863,529304,478300000,32400000.0,6,0.0,0.0,,90.92862677304032,True,More sustained evidence,Exact cleaned title - verify remakes,,,,Unconfirmed,Current UK platform unverified,Research required,,4181475.462654763,6433039.173315019,9006254.842641026,16082597.933287548,,,,,Shortlist for rights and cost research
Maid,8.399999618530273,81102,669470000,,14,0.0,0.0,,90.6837435963252,True,More sustained evidence,Exact cleaned title - verify remakes,,,,Unconfirmed,Current UK platform unverified,Research required,,4171527.0836007115,6417733.974770325,8984827.564678455,16044334.936925814,,,,,Shortlist for rights and cost research
The Gentlemen,7.800000190734863,331508,462400000,69500000.0,10,0.0,0.0,,90.22961472519357,True,More sustained evidence,Exact cleaned title - verify remakes,,,,Unconfirmed,Current UK platform unverified,Research required,,4153078.098210989,6389350.920324598,8945091.288454438,15973377.300811496,,,,,Shortlist for rights and cost research
The Umbrella Academy,7.900000095367432,243344,544830000,23000000.0,10,0.0,0.0,,90.17062019735891,True,More sustained evidence,Exact cleaned title - verify remakes,,,,Unconfirmed,Current UK platform unverified,Research required,,4150681.4455177058,6385663.762334932,8939929.267268904,15964159.40583733,,,,,Shortlist for rights and cost research
The Lincoln Lawyer,7.300000190734863,238378,1125770000,109300000.0,24,507692.3076923077,0.0,0.0,89.77367767842381,True,More sustained evidence,Exact cleaned title - verify remakes,,,,Unconfirmed,Current UK platform unverified,Research required,,4134555.6556859673,6360854.854901488,8905196.796862083,15902137.13725372,,,,,Shortlist for rights and cost research
Lucifer,8.100000381469727,318933,351030000,,7,0.0,0.0,,89.59793046562287,True,More sustained evidence,Exact cleaned title - verify remakes,,,,Unconfirmed,Current UK platform unverified,Research required,,4127415.925165929,6349870.654101429,8889818.915741999,15874676.635253571,,,,,Shortlist for rights and cost research
Bridgerton,7.300000190734863,133119,3234810000,350400000.0,35,2865384.6153846155,0.0,0.0,89.57055873645163,True,More sustained evidence,Exact cleaned title - verify remakes,,,,Unconfirmed,Current UK platform unverified,Research required,,4126303.9486683477,6348159.921028227,8887423.889439516,15870399.802570567,,,,,Shortlist for rights and cost research
The Sandman,7.800000190734863,116393,571340000,24700000.0,12,0.0,0.0,,89.44313014040632,True,More sustained evidence,Exact cleaned title - verify remakes,,,,Unconfirmed,Current UK platform unverified,Research required,,4121127.161954007,6340195.633775395,8876273.887285553,15850489.084438488,,,,,Shortlist for rights and cost research
Peaky Blinders,8.800000190734863,531058,185340000,,5,0.0,0.0,,89.18213414678205,True,More sustained evidence,Exact cleaned title - verify remakes,,,,Unconfirmed,Current UK platform unverified,Research required,,4110524.199713021,6323883.3841738785,8853436.73784343,15809708.460434696,,,,,Shortlist for rights and cost research
Lupin,7.5,105218,402940000,71800000.0,11,0.0,0.0,,87.63203808210915,True,More sustained evidence,Exact cleaned title - verify remakes,,,,Unconfirmed,Current UK platform unverified,Research required,,4047551.5470856843,6227002.380131822,8717803.332184551,15567505.950329555,,,,,Shortlist for rights and cost research
Elite,7.400000095367432,77113,567770000,21100000.0,22,0.0,0.0,,87.5071557593285,True,More sustained evidence,Exact cleaned title - verify remakes,,,,Unconfirmed,Current UK platform unverified,Research required,,4042478.2027227203,6219197.234958031,8706876.128941244,15547993.087395078,,,,,Shortlist for rights and cost research
Never Have I Ever,7.900000095367432,56218,532350000,24300000.0,11,0.0,0.0,,87.36845474409279,True,More sustained evidence,Exact cleaned title - verify remakes,,,,Unconfirmed,Current UK platform unverified,Research required,,4036843.47397877,6210528.4215057995,8694739.790108118,15526321.0537645,,,,,Shortlist for rights and cost research
Outer Banks,7.599999904632568,48115,1356210000,61200000.0,21,180769.23076923078,2350000.0,13.0,87.23365039814072,True,More sustained evidence,Exact cleaned title - verify remakes,,,,Unconfirmed,Current UK platform unverified,Research required,,4031367.047424467,6202103.149883795,8682944.409837311,15505257.874709487,,,,,Shortlist for rights and cost research
Emily in Paris,6.900000095367432,88868,1255500000,121800000.0,23,796153.8461538461,0.0,0.0,87.20547853823112,False,Mixed or limited evidence,Exact cleaned title - verify remakes,,,,Unconfirmed,Current UK platform unverified,Research required,,4030222.5656156396,6200342.408639445,8680479.372095222,15500856.021598613,,,,,Shortlist for rights and cost research
Alice in Borderland,7.599999904632568,50974,554140000,27800000.0,16,511538.46153846156,0.0,0.0,86.68772785473833,True,More sustained evidence,Exact cleaned title - verify remakes,,,,Unconfirmed,Current UK platform unverified,Research required,,4009188.9440987445,6167982.990921145,8635176.187289603,15419957.477302864,,,,,Shortlist for rights and cost research
Manifest,7.099999904632568,59167,1320520000,2800000.0,29,0.0,0.0,,86.65892215678173,True,More sustained evidence,Exact cleaned title - verify remakes,,,,Unconfirmed,Current UK platform unverified,Research required,,4008018.712619258,6166182.634798858,8632655.6887184,15415456.586997146,,,,,Shortlist for rights and cost research
The Last Kingdom,8.5,136939,189570000,,5,0.0,0.0,,86.4828185355907,True,More sustained evidence,Exact cleaned title - verify remakes,,,,Unconfirmed,Current UK platform unverified,Research required,,4000864.503008372,6155176.158474418,8617246.621864185,15387940.396186046,,,,,Shortlist for rights and cost research
Ginny & Georgia,7.400000095367432,48057,1556880000,75100000.0,13,0.0,0.0,,86.28302129444532,True,More sustained evidence,Exact cleaned title - verify remakes,,,,Unconfirmed,Current UK platform unverified,Research required,,3992747.7400868414,6142688.830902833,8599764.363263965,15356722.077257082,,,,,Shortlist for rights and cost research
Virgin River,7.400000095367432,41276,1310710000,82900000.0,28,407692.3076923077,0.0,0.0,86.24450121230744,True,More sustained evidence,Exact cleaned title - verify remakes,,,,Unconfirmed,Current UK platform unverified,Research required,,3991182.86174999,6140281.325769215,8596393.8560769,15350703.314423038,,,,,Shortlist for rights and cost research
Formula 1: Drive to Survive,8.600000381469727,39632,235620000,18200000.0,10,109615.38461538461,0.0,0.0,86.20850069207644,True,More sustained evidence,Exact cleaned title - verify remakes,,,,Unconfirmed,Current UK platform unverified,Research required,,3989720.340615605,6138031.293254777,8593243.810556687,15345078.233136943,,,,,Shortlist for rights and cost research
Sweet Tooth,7.800000190734863,51170,345750000,16300000.0,10,0.0,0.0,,85.73787877263825,True,More sustained evidence,Exact cleaned title - verify remakes,,,,Unconfirmed,Current UK platform unverified,Research required,,3970601.3251384296,6108617.423289891,8552064.392605847,15271543.558224728,,,,,Shortlist for rights and cost research
All of Us Are Dead,7.5,47580,659510000,,11,0.0,0.0,,85.70481339479315,True,More sustained evidence,Exact cleaned title - verify remakes,,,,Unconfirmed,Current UK platform unverified,Research required,,3969258.044163472,6106550.837174572,8549171.1720444,15266377.09293643,,,,,Shortlist for rights and cost research
Extraordinary Attorney Woo,8.899999618530273,9538,662090000,,21,0.0,0.0,,85.46247390549102,False,Mixed or limited evidence,Exact cleaned title - verify remakes,,,,Unconfirmed,Current UK platform unverified,Research required,,3959413.002410573,6091404.619093189,8527966.466730464,15228511.547732972,,,,,Shortlist for rights and cost research
Locke & Key,7.300000190734863,84847,293010000,,8,0.0,0.0,,84.91644968836077,True,More sustained evidence,Exact cleaned title - verify remakes,,,,Unconfirmed,Current UK platform unverified,Research required,,3937230.7685896563,6057278.105522548,8480189.347731566,15143195.26380637,,,,,Shortlist for rights and cost research
The Good Doctor,8.100000381469727,92641,157080000,3400000.0,7,65384.61538461538,0.0,0.0,84.82208647016056,True,More sustained evidence,Exact cleaned title - verify remakes,,,,Unconfirmed,Current UK platform unverified,Research required,,3933397.262850273,6051380.404385035,8471932.566139048,15128451.010962587,,,,,Shortlist for rights and cost research
Demon Slayer: Kimetsu no Yaiba,8.699999809265137,97968,89900000,27100000.0,15,0.0,0.0,,84.73050819443478,True,More sustained evidence,Exact cleaned title - verify remakes,,,,Unconfirmed,Current UK platform unverified,Research required,,3929676.895398913,6045656.762152174,8463919.467013042,15114141.905380433,,,,,Shortlist for rights and cost research
Inventing Anna,6.800000190734863,65185,654560000,,10,0.0,0.0,,84.61348008799314,False,Mixed or limited evidence,Exact cleaned title - verify remakes,,,,Unconfirmed,Current UK platform unverified,Research required,,3924922.628574721,6038342.505499571,8453679.507699398,15095856.263748927,,,,,Shortlist for rights and cost research
Vikings: Valhalla,7.199999809265137,37571,612960000,22600000.0,14,0.0,0.0,,84.4458185808562,True,More sustained evidence,Exact cleaned title - verify remakes,,,,Unconfirmed,Current UK platform unverified,Research required,,3918111.3798472835,6027863.661303513,8439009.125824917,15069659.153258782,,,,,Shortlist for rights and cost research
Heartstopper,8.699999809265137,49420,142660000,19000000.0,8,0.0,0.0,,84.39438188590077,True,More sustained evidence,Exact cleaned title - verify remakes,,,,Unconfirmed,Current UK platform unverified,Research required,,3916021.7641147193,6024648.867868799,8434508.415016318,15061622.169671997,,,,,Shortlist for rights and cost research
Shadow and Bone,7.599999904632568,82657,206160000,,5,0.0,0.0,,83.01686813532822,True,More sustained evidence,Exact cleaned title - verify remakes,,,,Unconfirmed,Current UK platform unverified,Research required,,3860060.2679977096,5938554.258458015,8313975.96184122,14846385.646145036,,,,,Shortlist for rights and cost research
Hometown Cha-Cha-Cha,8.399999618530273,12059,300580000,,16,0.0,0.0,,82.92458565321859,False,Mixed or limited evidence,Exact cleaned title - verify remakes,,,,Unconfirmed,Current UK platform unverified,Research required,,3856311.292162005,5932786.603326161,8305901.244656625,14831966.508315403,,,,,Shortlist for rights and cost research
Suits,8.5,405863,94900000,10400000.0,4,0.0,0.0,,82.54526199399761,True,More sustained evidence,Exact cleaned title - verify remakes,,,,Unconfirmed,Current UK platform unverified,Research required,,3840901.2685061535,5909078.874624851,8272710.424474791,14772697.186562128,,,,,Shortlist for rights and cost research
The Chestnut Man,7.699999809265137,44386,166810000,12300000.0,9,236538.46153846153,0.0,0.0,82.1412335064008,True,More sustained evidence,Exact cleaned title - verify remakes,,,,Unconfirmed,Current UK platform unverified,Research required,,3824487.611197532,5883827.09415005,8237357.931810069,14709567.735375125,,,,,Shortlist for rights and cost research
Narcos: Mexico,8.399999618530273,83199,138980000,,4,0.0,0.0,,82.07445138937219,True,More sustained evidence,Exact cleaned title - verify remakes,,,,Unconfirmed,Current UK platform unverified,Research required,,3821774.587693245,5879653.211835762,8231514.496570066,14699133.029589403,,,,,Shortlist for rights and cost research
Clickbait,7.199999809265137,52589,252620000,,6,0.0,0.0,,81.99815994130077,True,More sustained evidence,Exact cleaned title - verify remakes,,,,Unconfirmed,Current UK platform unverified,Research required,,3818675.2476153444,5874884.996331299,8224838.9948638175,14687212.490828246,,,,,Shortlist for rights and cost research
Firefly Lane,7.400000095367432,21296,361760000,,11,0.0,0.0,,81.77785895724921,False,Mixed or limited evidence,Exact cleaned title - verify remakes,,,,Unconfirmed,Current UK platform unverified,Research required,,3809725.5201382493,5861116.184828076,8205562.658759305,14652790.46207019,,,,,Shortlist for rights and cost research
Sweet Magnolias,7.300000190734863,18682,446140000,31500000.0,14,159615.38461538462,0.0,0.0,81.64644293926902,False,Mixed or limited evidence,Exact cleaned title - verify remakes,,,,Unconfirmed,Current UK platform unverified,Research required,,3804386.744407804,5852902.683704314,8194063.757186038,14632256.709260784,,,,,Shortlist for rights and cost research
Good Girls,7.699999809265137,51835,153140000,,6,0.0,0.0,,81.23814759189885,True,More sustained evidence,Exact cleaned title - verify remakes,,,,Unconfirmed,Current UK platform unverified,Research required,,3787799.7459208914,5827384.224493679,8158337.91429115,14568460.561234197,,,,,Shortlist for rights and cost research
Lost in Space,7.300000190734863,99084,185180000,,4,0.0,0.0,,80.95598931414516,True,More sustained evidence,Exact cleaned title - verify remakes,,,,Unconfirmed,Current UK platform unverified,Research required,,3776337.0658871466,5809749.332134072,8133649.0649876995,14524373.33033518,,,,,Shortlist for rights and cost research
Midnight Mass,7.699999809265137,110997,142280000,,4,0.0,0.0,,80.8908206630228,True,More sustained evidence,Exact cleaned title - verify remakes,,,,Unconfirmed,Current UK platform unverified,Research required,,3773689.5894353013,5805676.291438925,8127946.808014494,14514190.728597313,,,,,Shortlist for rights and cost research
Better Call Saul,8.899999618530273,501384,56350000,,4,0.0,0.0,,80.4955013757304,True,More sustained evidence,Exact cleaned title - verify remakes,,,,Unconfirmed,Current UK platform unverified,Research required,,3757629.743389047,5780968.83598315,8093356.370376409,14452422.089957874,,,,,Shortlist for rights and cost research
Dynasty,7.199999809265137,22045,262590000,,11,0.0,0.0,,80.48823016057445,False,Mixed or limited evidence,Exact cleaned title - verify remakes,,,,Unconfirmed,Current UK platform unverified,Research required,,3757334.350273337,5780514.385035903,8092720.139050264,14451285.962589758,,,,,Shortlist for rights and cost research
Top Boy,8.399999618530273,25235,148630000,9300000.0,5,0.0,0.0,,79.94482574856745,True,More sustained evidence,Exact cleaned title - verify remakes,,,,Unconfirmed,Current UK platform unverified,Research required,,3735258.5460355533,5746551.609285466,8045172.252999652,14366379.023213666,,,,,Shortlist for rights and cost research
Big Mouth,7.900000095367432,77339,89860000,4300000.0,6,0.0,0.0,,79.53164634649949,True,More sustained evidence,Exact cleaned title - verify remakes,,,,Unconfirmed,Current UK platform unverified,Research required,,3718473.132826542,5720727.896656218,8009019.055318705,14301819.741640545,,,,,Shortlist for rights and cost research
New Amsterdam,8.0,37212,123780000,,6,0.0,0.0,,79.35199385401857,True,More sustained evidence,Exact cleaned title - verify remakes,,,,Unconfirmed,Current UK platform unverified,Research required,,3711174.7503195046,5709499.615876161,7993299.462226625,14273749.039690401,,,,,Shortlist for rights and cost research
Alchemy of Souls,8.699999809265137,3769,419030000,,27,0.0,0.0,,79.06231221229834,False,Mixed or limited evidence,Exact cleaned title - verify remakes,,,,Unconfirmed,Current UK platform unverified,Research required,,3699406.43362462,5691394.513268646,7967952.318576104,14228486.283171615,,,,,Shortlist for rights and cost research
Dead to Me,8.0,76565,107010000,,4,0.0,0.0,,78.9145593704677,True,More sustained evidence,Exact cleaned title - verify remakes,,,,Unconfirmed,Current UK platform unverified,Research required,,3693403.9744252507,5682159.960654232,7955023.944915924,14205399.90163558,,,,,Shortlist for rights and cost research
The Walking Dead,8.100000381469727,970067,60730000,,4,0.0,0.0,,78.87742902246602,True,More sustained evidence,Exact cleaned title - verify remakes,,,,Unconfirmed,Current UK platform unverified,Research required,,3691895.5540376822,5679839.313904126,7951775.039465776,14199598.284760315,,,,,Shortlist for rights and cost research
Cowboy Bebop,8.899999618530273,117843,73840000,,3,0.0,0.0,,78.53140797978845,False,Mixed or limited evidence,Exact cleaned title - verify remakes,,,,Unconfirmed,Current UK platform unverified,Research required,,3677838.449178906,5658212.998736778,7921498.198231489,14145532.496841945,,,,,Shortlist for rights and cost research
My Name,7.800000190734863,20967,194140000,,5,0.0,0.0,,78.51469923243808,False,Mixed or limited evidence,Exact cleaned title - verify remakes,,,,Unconfirmed,Current UK platform unverified,Research required,,3677159.656317797,5657168.70202738,7920036.182838331,14142921.75506845,,,,,Shortlist for rights and cost research
Twenty Five Twenty One,8.600000381469727,6849,171610000,,10,0.0,0.0,,78.45243009944873,False,Mixed or limited evidence,Exact cleaned title - verify remakes,,,,Unconfirmed,Current UK platform unverified,Research required,,3674629.9727901053,5653276.881215546,7914587.633701764,14133192.203038866,,,,,Shortlist for rights and cost research
Fate: The Winx Saga,6.900000095367432,43185,190790000,,5,0.0,0.0,,78.43736727873573,False,Mixed or limited evidence,Exact cleaned title - verify remakes,,,,Unconfirmed,Current UK platform unverified,Research required,,3674018.045698639,5652335.454920983,7913269.636889376,14130838.637302458,,,,,Shortlist for rights and cost research
Ragnarok,7.5,37517,140500000,31100000.0,5,0.0,0.0,,78.08271945317996,True,More sustained evidence,Exact cleaned title - verify remakes,,,,Unconfirmed,Current UK platform unverified,Research required,,3659610.477785436,5630169.965823747,7882237.952153246,14075424.914559368,,,,,Shortlist for rights and cost research
Titans,7.599999904632568,98315,94110000,2200000.0,4,0.0,0.0,,77.77634199336754,True,More sustained evidence,Exact cleaned title - verify remakes,,,,Unconfirmed,Current UK platform unverified,Research required,,3647163.8934805566,5611021.374585471,7855429.924419659,14027553.436463678,,,,,Shortlist for rights and cost research
Jujutsu Kaisen,8.600000381469727,56920,45900000,20000000.0,11,240384.61538461538,0.0,0.0,77.57687904328768,True,More sustained evidence,Exact cleaned title - verify remakes,,,,Unconfirmed,Current UK platform unverified,Research required,,3639060.711133562,5598554.94020548,7837976.916287672,13996387.3505137,,,,,Shortlist for rights and cost research
Anatomy of a Scandal,7.0,27590,171020000,,5,0.0,0.0,,76.81452203506656,True,More sustained evidence,Exact cleaned title - verify remakes,,,,Unconfirmed,Current UK platform unverified,Research required,,3608089.957674579,5550907.62719166,7771270.678068323,13877269.06797915,,,,,Shortlist for rights and cost research
Love Is Blind,6.099999904632568,8099,1530800000,94700000.0,44,480769.23076923075,0.0,0.0,76.74289808980774,False,Mixed or limited evidence,Exact cleaned title - verify remakes,,,,Unconfirmed,Current UK platform unverified,Research required,,3605180.234898439,5546431.130612983,7765003.582858176,13866077.826532459,,,,,Shortlist for rights and cost research
Stay Close,6.900000095367432,31279,203170000,,4,0.0,0.0,,76.44512873424199,False,Mixed or limited evidence,Exact cleaned title - verify remakes,,,,Unconfirmed,Current UK platform unverified,Research required,,3593083.354828581,5527820.5458901245,7738948.764246174,13819551.36472531,,,,,Shortlist for rights and cost research
Sex/Life,5.400000095367432,21107,467640000,,11,0.0,0.0,,76.18262496480244,False,Mixed or limited evidence,Exact cleaned title - verify remakes,,,,Unconfirmed,Current UK platform unverified,Research required,,3582419.1391950995,5511414.060300153,7715979.684420213,13778535.150750382,,,,,Shortlist for rights and cost research
The Tourist,6.0,243244,101300000,17800000.0,5,0.0,0.0,,76.03246025933743,False,Mixed or limited evidence,Exact cleaned title - verify remakes,,,,Unconfirmed,Current UK platform unverified,Research required,,3576318.698035583,5502028.766208589,7702840.272692024,13755071.915521473,,,,,Shortlist for rights and cost research
Selling Sunset,6.5,6584,403180000,26800000.0,18,150000.0,0.0,0.0,75.55188902769999,False,Mixed or limited evidence,Exact cleaned title - verify remakes,,,,Unconfirmed,Current UK platform unverified,Research required,,3556795.4917503125,5471993.0642312495,7660790.289923749,13679982.660578124,,,,,Shortlist for rights and cost research
PIECES OF HER,6.300000190734863,25208,227470000,,5,0.0,0.0,,75.46446157825004,False,Mixed or limited evidence,Exact cleaned title - verify remakes,,,,Unconfirmed,Current UK platform unverified,Research required,,3553243.7516164077,5466528.848640627,7653140.388096877,13666322.121601569,,,,,Shortlist for rights and cost research
Hellbound,6.599999904632568,23866,162850000,4100000.0,6,0.0,0.0,,75.42956791562375,False,Mixed or limited evidence,Exact cleaned title - verify remakes,,,,Unconfirmed,Current UK platform unverified,Research required,,3551826.1965722153,5464347.994726485,7650087.192617078,13660869.986816213,,,,,Shortlist for rights and cost research
"Love, Death & Robots",8.399999618530273,165153,42710000,6300000.0,4,0.0,0.0,,75.21741007631483,True,More sustained evidence,Exact cleaned title - verify remakes,,,,Unconfirmed,Current UK platform unverified,Research required,,3543207.2843502904,5451088.129769677,7631523.3816775475,13627720.324424192,,,,,Shortlist for rights and cost research
Atypical,8.300000190734863,87238,66220000,,3,0.0,0.0,,75.16755898056772,False,Mixed or limited evidence,Exact cleaned title - verify remakes,,,,Unconfirmed,Current UK platform unverified,Research required,,3541182.083585564,5447972.436285483,7627161.410799676,13619931.090713706,,,,,Shortlist for rights and cost research
Grey's Anatomy,7.599999904632568,303617,64320000,,3,0.0,0.0,,74.74987693786701,False,Mixed or limited evidence,Exact cleaned title - verify remakes,,,,Unconfirmed,Current UK platform unverified,Research required,,3524213.7506008474,5421867.3086166885,7590614.232063363,13554668.271541722,,,,,Shortlist for rights and cost research
Love on the Spectrum,8.600000381469727,6066,114100000,20500000.0,7,132692.3076923077,0.0,0.0,74.67017446682908,False,Mixed or limited evidence,Exact cleaned title - verify remakes,,,,Unconfirmed,Current UK platform unverified,Research required,,3520975.8377149315,5416885.904176817,7583640.265847543,13542214.760442043,,,,,Shortlist for rights and cost research
Archive 81,7.300000190734863,48309,129470000,,3,0.0,0.0,,74.65790203546511,False,Mixed or limited evidence,Exact cleaned title - verify remakes,,,,Unconfirmed,Current UK platform unverified,Research required,,3520477.2701907707,5416118.87721657,7582566.428103197,13540297.193041425,,,,,Shortlist for rights and cost research
Our Beloved Summer,8.300000190734863,5765,128890000,,8,0.0,0.0,,74.46597653395017,False,Mixed or limited evidence,Exact cleaned title - verify remakes,,,,Unconfirmed,Current UK platform unverified,Research required,,3512680.2966917255,5404123.533371885,7565772.946720639,13510308.833429713,,,,,Shortlist for rights and cost research
Sweet Home,7.300000190734863,21055,123400000,14800000.0,5,0.0,0.0,,74.42767902824214,False,Mixed or limited evidence,Exact cleaned title - verify remakes,,,,Unconfirmed,Current UK platform unverified,Research required,,3511124.460522337,5401729.939265134,7562421.914971187,13504324.848162834,,,,,Shortlist for rights and cost research
Raising Dion,7.099999904632568,15055,172870000,,4,0.0,0.0,,73.48430017771827,False,Mixed or limited evidence,Exact cleaned title - verify remakes,,,,Unconfirmed,Current UK platform unverified,Research required,,3472799.694719805,5342768.761107392,7479876.265550348,13356921.90276848,,,,,Shortlist for rights and cost research
Young Royals,8.300000190734863,30076,54270000,4500000.0,5,0.0,0.0,,73.37930096422629,True,More sustained evidence,Exact cleaned title - verify remakes,,,,Unconfirmed,Current UK platform unverified,Research required,,3468534.1016716934,5336206.310264143,7470688.8343698,13340515.775660358,,,,,Shortlist for rights and cost research
The Sinner,7.900000095367432,120241,51250000,,3,0.0,0.0,,72.96837002145175,False,Mixed or limited evidence,Exact cleaned title - verify remakes,,,,Unconfirmed,Current UK platform unverified,Research required,,3451840.0321214776,5310523.126340735,7434732.3768770285,13276307.815851837,,,,,Shortlist for rights and cost research
Too Hot to Handle,4.699999809265137,12484,405620000,22000000.0,16,0.0,0.0,,72.64284180060375,False,Mixed or limited evidence,Exact cleaned title - verify remakes,,,,Unconfirmed,Current UK platform unverified,Research required,,3438615.4481495274,5290177.612537734,7406248.657552827,13225444.031344336,,,,,Shortlist for rights and cost research
The Blacklist,8.0,245592,37770000,,3,0.0,0.0,,71.91237668547797,False,Mixed or limited evidence,Exact cleaned title - verify remakes,,,,Unconfirmed,Current UK platform unverified,Research required,,3408940.3028475423,5244523.542842372,7342332.959979321,13111308.857105931,,,,,Shortlist for rights and cost research
Grace and Frankie,8.199999809265137,51896,50910000,,3,0.0,0.0,,71.45208662031683,False,Mixed or limited evidence,Exact cleaned title - verify remakes,,,,Unconfirmed,Current UK platform unverified,Research required,,3390241.0189503715,5215755.413769802,7302057.579277722,13039388.534424506,,,,,Shortlist for rights and cost research
1899,9.600000381469728,853,257160000,,5,0.0,0.0,,71.44884015703143,False,Mixed or limited evidence,Exact cleaned title - verify remakes,,,,Unconfirmed,Current UK platform unverified,Research required,,3390109.1313794022,5215552.5098144645,7301773.51374025,13038881.27453616,,,,,Shortlist for rights and cost research
Dark Desire,6.5,7693,202940000,,5,0.0,0.0,,71.43828170996137,False,Mixed or limited evidence,Exact cleaned title - verify remakes,,,,Unconfirmed,Current UK platform unverified,Research required,,3389680.194467181,5214892.606872586,7300849.64962162,13037231.517181464,,,,,Shortlist for rights and cost research
The Cook of Castamar,7.400000095367432,3956,173470000,,8,0.0,0.0,,71.36989790094455,False,Mixed or limited evidence,Exact cleaned title - verify remakes,,,,Unconfirmed,Current UK platform unverified,Research required,,3386902.102225872,5210618.618809034,7294866.066332648,13026546.547022585,,,,,Shortlist for rights and cost research
Pasión de Gavilanes,7.800000190734863,2514,208760000,,9,0.0,0.0,,71.24492223966104,False,Mixed or limited evidence,Exact cleaned title - verify remakes,,,,Unconfirmed,Current UK platform unverified,Research required,,3381824.96598623,5202807.639978815,7283930.695970341,13007019.099947037,,,,,Shortlist for rights and cost research
Our Planet,9.300000190734863,43175,35400000,10400000.0,3,0.0,0.0,,71.2279848913361,False,Mixed or limited evidence,Exact cleaned title - verify remakes,,,,Unconfirmed,Current UK platform unverified,Research required,,3381136.8862105296,5201749.055708507,7282448.67799191,13004372.639271267,,,,,Shortlist for rights and cost research
Worst Roommate Ever,7.099999904632568,7812,133570000,15100000.0,5,0.0,0.0,,71.05893508057441,False,Mixed or limited evidence,Exact cleaned title - verify remakes,,,,Unconfirmed,Current UK platform unverified,Research required,,3374269.237648336,5191183.442535901,7267656.819550262,12977958.606339753,,,,,Shortlist for rights and cost research
Hospital Playlist,8.800000190734863,5360,72060000,,7,0.0,0.0,,71.008840446413,False,Mixed or limited evidence,Exact cleaned title - verify remakes,,,,Unconfirmed,Current UK platform unverified,Research required,,3372234.143135528,5188052.527900812,7263273.539061137,12970131.31975203,,,,,Shortlist for rights and cost research
The King's Affection,7.900000095367432,3202,138540000,,10,0.0,0.0,,70.73722080908512,False,Mixed or limited evidence,Exact cleaned title - verify remakes,,,,Unconfirmed,Current UK platform unverified,Research required,,3361199.595369083,5171076.30056782,7239506.820794947,12927690.75141955,,,,,Shortlist for rights and cost research
True Story,6.300000190734863,69032,90820000,,3,0.0,0.0,,70.55044069914494,False,Mixed or limited evidence,Exact cleaned title - verify remakes,,,,Unconfirmed,Current UK platform unverified,Research required,,3353611.6534027634,5159402.543696559,7223163.561175182,12898506.359241398,,,,,Shortlist for rights and cost research
Single’s Inferno,7.099999904632568,1706,426780000,35600000.0,19,255769.23076923078,0.0,0.0,70.4298694707868,False,Mixed or limited evidence,Exact cleaned title - verify remakes,,,,Unconfirmed,Current UK platform unverified,Research required,,3348713.4472507136,5151866.841924175,7212613.578693844,12879667.104810437,,,,,Shortlist for rights and cost research
Who Killed Sara?,6.400000095367432,14316,143610000,,4,0.0,0.0,,70.25138672186387,False,Mixed or limited evidence,Exact cleaned title - verify remakes,,,,Unconfirmed,Current UK platform unverified,Research required,,3341462.58557572,5140711.670116492,7196996.338163088,12851779.175291229,,,,,Shortlist for rights and cost research
Hit & Run,6.099999904632568,36319,99510000,,4,0.0,0.0,,70.24380993518176,False,Mixed or limited evidence,Exact cleaned title - verify remakes,,,,Unconfirmed,Current UK platform unverified,Research required,,3341154.7786167595,5140238.12094886,7196333.369328404,12850595.30237215,,,,,Shortlist for rights and cost research
Juvenile Justice,7.900000095367432,2978,146560000,1200000.0,8,23076.923076923078,0.0,0.0,70.13823891675466,False,Mixed or limited evidence,Exact cleaned title - verify remakes,,,,Unconfirmed,Current UK platform unverified,Research required,,3336865.9559931583,5133639.932297166,7187095.905216033,12834099.830742916,,,,,Shortlist for rights and cost research
Disenchantment,7.199999809265137,61178,46290000,3600000.0,4,0.0,0.0,,70.02229153423002,True,More sustained evidence,Exact cleaned title - verify remakes,,,,Unconfirmed,Current UK platform unverified,Research required,,3332155.5935780946,5126393.2208893765,7176950.5092451265,12815983.05222344,,,,,Shortlist for rights and cost research
Jeffrey Epstein: Filthy Rich,7.099999904632568,24527,74100000,19700000.0,4,301923.07692307694,0.0,0.0,70.0049279868482,False,Mixed or limited evidence,Exact cleaned title - verify remakes,,,,Unconfirmed,Current UK platform unverified,Research required,,3331450.1994657083,5125307.999178013,7175431.198849218,12813269.997945033,,,,,Shortlist for rights and cost research
Workin' Moms,7.800000190734863,17710,65230000,,4,0.0,0.0,,69.70246758063378,False,Mixed or limited evidence,Exact cleaned title - verify remakes,,,,Unconfirmed,Current UK platform unverified,Research required,,3319162.745463248,5106404.223789612,7148965.913305456,12766010.559474029,,,,,Shortlist for rights and cost research
The Circle,7.300000190734863,7026,88820000,3800000.0,7,0.0,0.0,,69.62128462280842,False,Mixed or limited evidence,Exact cleaned title - verify remakes,,,,Unconfirmed,Current UK platform unverified,Research required,,3315864.687801592,5101330.288925526,7141862.404495736,12753325.722313814,,,,,Shortlist for rights and cost research
Cyberpunk: Edgerunners,8.600000381469727,15413,47750000,,4,0.0,0.0,,69.61790490523285,False,Mixed or limited evidence,Exact cleaned title - verify remakes,,,,Unconfirmed,Current UK platform unverified,Research required,,3315727.3867750843,5101119.056577053,7141566.6792078735,12752797.641442632,,,,,Shortlist for rights and cost research
The Marked Heart,6.400000095367432,2012,526450000,,13,0.0,0.0,,69.4974988142259,False,Mixed or limited evidence,Exact cleaned title - verify remakes,,,,Unconfirmed,Current UK platform unverified,Research required,,3310835.889327927,5093593.675889119,7131031.146244765,12733984.189722797,,,,,Shortlist for rights and cost research
Warrior Nun,6.900000095367432,31190,86030000,,3,0.0,0.0,,69.37387555714295,False,Mixed or limited evidence,Exact cleaned title - verify remakes,,,,Unconfirmed,Current UK platform unverified,Research required,,3305813.694508933,5085867.222321435,7120214.111250008,12714668.055803588,,,,,Shortlist for rights and cost research
Unsolved Mysteries,7.300000190734863,9832,69690000,10500000.0,6,0.0,0.0,,69.36733209620695,False,Mixed or limited evidence,Exact cleaned title - verify remakes,,,,Unconfirmed,Current UK platform unverified,Research required,,3305547.866408407,5085458.256012934,7119641.558418107,12713645.640032336,,,,,Shortlist for rights and cost research
Car Masters: Rust to Riches,8.399999618530273,10809,51730000,7200000.0,4,0.0,0.0,,68.7221272606512,False,Mixed or limited evidence,Exact cleaned title - verify remakes,,,,Unconfirmed,Current UK platform unverified,Research required,,3279336.419963955,5045132.9537907,7063186.1353069795,12612832.384476751,,,,,Shortlist for rights and cost research
Welcome to Eden,5.5,4529,254460000,,10,0.0,0.0,,68.5884849007022,False,Mixed or limited evidence,Exact cleaned title - verify remakes,,,,Unconfirmed,Current UK platform unverified,Research required,,3273907.1990910266,5036780.306293887,7051492.428811441,12591950.765734717,,,,,Shortlist for rights and cost research
Control Z,6.900000095367432,9294,89830000,,5,0.0,0.0,,68.49179080578234,False,Mixed or limited evidence,Exact cleaned title - verify remakes,,,,Unconfirmed,Current UK platform unverified,Research required,,3269979.001484908,5030736.925361397,7043031.695505955,12576842.31340349,,,,,Shortlist for rights and cost research
Another Self,6.300000190734863,3124,218520000,15700000.0,13,90384.61538461539,0.0,0.0,68.38362325489676,False,Mixed or limited evidence,Exact cleaned title - verify remakes,,,,Unconfirmed,Current UK platform unverified,Research required,,3265584.694730181,5023976.4534310475,7033567.034803466,12559941.133577619,,,,,Shortlist for rights and cost research
How to Sell Drugs Online (Fast),7.800000190734863,32396,38750000,3900000.0,4,0.0,0.0,,68.35957782058553,True,More sustained evidence,Exact cleaned title - verify remakes,,,,Unconfirmed,Current UK platform unverified,Research required,,3264607.8489612876,5022473.613786596,7031463.059301234,12556184.03446649,,,,,Shortlist for rights and cost research
Turning Point: 9/11 and the War on Terror,8.0,9520,80680000,,3,0.0,0.0,,68.34709717256135,False,Mixed or limited evidence,Exact cleaned title - verify remakes,,,,Unconfirmed,Current UK platform unverified,Research required,,3264100.8226353046,5021693.573285084,7030371.002599117,12554233.93321271,,,,,Shortlist for rights and cost research
First Kill,6.400000095367432,25843,97660000,,3,0.0,0.0,,68.13838251445135,False,Mixed or limited evidence,Exact cleaned title - verify remakes,,,,Unconfirmed,Current UK platform unverified,Research required,,3255621.789649586,5008648.90715321,7012108.470014493,12521622.267883025,,,,,Shortlist for rights and cost research
Our Blues,8.600000381469727,1688,105150000,,9,0.0,0.0,,68.13439710069804,False,Mixed or limited evidence,Exact cleaned title - verify remakes,,,,Unconfirmed,Current UK platform unverified,Research required,,3255459.882215858,5008399.818793627,7011759.746311078,12520999.546984069,,,,,Shortlist for rights and cost research
Record of Ragnarok,6.199999809265137,5162,150010000,14800000.0,8,198076.92307692306,0.0,0.0,68.1012846271808,False,Mixed or limited evidence,Exact cleaned title - verify remakes,,,,Unconfirmed,Current UK platform unverified,Research required,,3254114.68797922,5006330.2891988,7008862.404878319,12515825.722997,,,,,Shortlist for rights and cost research
Heartbreak High,7.800000190734863,3208,105510000,9400000.0,7,46153.846153846156,0.0,0.0,68.02406180226245,False,Mixed or limited evidence,Exact cleaned title - verify remakes,,,,Unconfirmed,Current UK platform unverified,Research required,,3250977.5107169123,5001503.862641403,7002105.407697964,12503759.656603508,,,,,Shortlist for rights and cost research
Little Women,8.600000381469727,469,163520000,,11,0.0,0.0,,67.94649951457532,False,Mixed or limited evidence,Exact cleaned title - verify remakes,,,,Unconfirmed,Current UK platform unverified,Research required,,3247826.5427796226,4996656.219660957,6995318.70752534,12491640.549152393,,,,,Shortlist for rights and cost research
The Silent Sea,6.900000095367432,20373,89770000,,3,0.0,0.0,,67.94008845508806,False,Mixed or limited evidence,Exact cleaned title - verify remakes,,,,Unconfirmed,Current UK platform unverified,Research required,,3247566.093487953,4996255.528443004,6994757.739820206,12490638.82110751,,,,,Shortlist for rights and cost research
Valeria,6.5,5840,98120000,6500000.0,9,0.0,0.0,,67.79481325119545,False,Mixed or limited evidence,Exact cleaned title - verify remakes,,,,Unconfirmed,Current UK platform unverified,Research required,,3241664.288329815,4987175.828199715,6982046.159479601,12467939.570499288,,,,,Shortlist for rights and cost research
AlRawabi School for Girls,7.400000095367432,6061,73890000,5500000.0,6,0.0,0.0,,67.55407630672293,False,Mixed or limited evidence,Exact cleaned title - verify remakes,,,,Unconfirmed,Current UK platform unverified,Research required,,3231884.3499606196,4972129.769170184,6960981.676838256,12430324.42292546,,,,,Shortlist for rights and cost research
Echoes,5.900000095367432,9383,144960000,,4,0.0,0.0,,67.52689326273895,False,Mixed or limited evidence,Exact cleaned title - verify remakes,,,,Unconfirmed,Current UK platform unverified,Research required,,3230780.0387987704,4970430.828921185,6958603.160489659,12426077.072302962,,,,,Shortlist for rights and cost research
D.P.,8.199999809265137,5445,64100000,6800000.0,5,0.0,0.0,,67.42481741771485,False,Mixed or limited evidence,Exact cleaned title - verify remakes,,,,Unconfirmed,Current UK platform unverified,Research required,,3226633.2075946657,4964051.088607178,6949671.524050049,12410127.721517945,,,,,Shortlist for rights and cost research
Barbarians,7.199999809265137,24243,65620000,,3,0.0,0.0,,67.38235557880273,False,Mixed or limited evidence,Exact cleaned title - verify remakes,,,,Unconfirmed,Current UK platform unverified,Research required,,3224908.195388861,4961397.223675171,6945956.113145239,12403493.059187926,,,,,Shortlist for rights and cost research
Tiger King,7.5,79047,46460000,,2,0.0,0.0,,66.97963784660894,False,Mixed or limited evidence,Exact cleaned title - verify remakes,,,,Unconfirmed,Current UK platform unverified,Research required,,3208547.7875184882,4936227.365413059,6910718.311578281,12340568.413532646,,,,,Shortlist for rights and cost research
On My Block,7.900000095367432,16542,80880000,,2,0.0,0.0,,66.7683240701888,False,Mixed or limited evidence,Exact cleaned title - verify remakes,,,,Unconfirmed,Current UK platform unverified,Research required,,3199963.1653514197,4923020.254386799,6892228.356141519,12307550.635966998,,,,,Shortlist for rights and cost research
Resident Evil,4.0,39033,173400000,,3,0.0,0.0,,65.81086747368572,False,Mixed or limited evidence,Exact cleaned title - verify remakes,,,,Unconfirmed,Current UK platform unverified,Research required,,3161066.4911184823,4863179.217105357,6808450.9039475,12157948.042763393,,,,,Shortlist for rights and cost research
The Five Juanas,6.900000095367432,1876,177850000,,6,0.0,0.0,,65.80619078280672,False,Mixed or limited evidence,Exact cleaned title - verify remakes,,,,Unconfirmed,Current UK platform unverified,Research required,,3160876.500551523,4862886.92392542,6808041.693495588,12157217.309813552,,,,,Shortlist for rights and cost research
"Good Morning, Verônica",7.5,4505,75520000,6600000.0,5,0.0,0.0,,65.69468975717628,False,Mixed or limited evidence,Exact cleaned title - verify remakes,,,,Unconfirmed,Current UK platform unverified,Research required,,3156346.7713852865,4855918.1098235175,6798285.353752924,12139795.274558794,,,,,Shortlist for rights and cost research
Devil in Ohio,5.900000095367432,9786,135480000,,3,0.0,0.0,,65.55411220614708,False,Mixed or limited evidence,Exact cleaned title - verify remakes,,,,Unconfirmed,Current UK platform unverified,Research required,,3150635.808374725,4847132.012884192,6785984.8180378685,12117830.03221048,,,,,Shortlist for rights and cost research
The Uncanny Counter,8.100000381469727,6413,50000000,6600000.0,4,0.0,0.0,,65.1631309998063,False,Mixed or limited evidence,Exact cleaned title - verify remakes,,,,Unconfirmed,Current UK platform unverified,Research required,,3134752.196867131,4822695.687487894,6751773.962483051,12056739.218719734,,,,,Shortlist for rights and cost research
The 100,7.599999904632568,248827,26580000,,2,0.0,0.0,,65.15773029589917,False,Mixed or limited evidence,Exact cleaned title - verify remakes,,,,Unconfirmed,Current UK platform unverified,Research required,,3134532.7932709046,4822358.143493699,6751301.400891178,12055895.358734246,,,,,Shortlist for rights and cost research
Delhi Crime,8.5,22337,28500000,5900000.0,3,113461.53846153847,0.0,0.0,64.89473570843923,False,Mixed or limited evidence,Exact cleaned title - verify remakes,,,,Unconfirmed,Current UK platform unverified,Research required,,3123848.638155344,4805920.981777452,6728289.374488432,12014802.45444363,,,,,Shortlist for rights and cost research
Baki Hanma,6.699999809265137,1847,151450000,16400000.0,8,0.0,0.0,,64.88280791154733,False,Mixed or limited evidence,Exact cleaned title - verify remakes,,,,Unconfirmed,Current UK platform unverified,Research required,,3123364.0714066103,4805175.494471708,6727245.692260391,12012938.73617927,,,,,Shortlist for rights and cost research
"Nevertheless,",7.199999809265137,5326,59360000,,7,0.0,0.0,,64.74310171243476,False,Mixed or limited evidence,Exact cleaned title - verify remakes,,,,Unconfirmed,Current UK platform unverified,Research required,,3117688.5070676627,4796443.857027173,6715021.3998380415,11991109.642567933,,,,,Shortlist for rights and cost research
The Ultimatum: Marry or Move On,5.400000095367432,1889,282730000,20000000.0,11,86538.46153846153,0.0,0.0,64.6244463579873,False,Mixed or limited evidence,Exact cleaned title - verify remakes,,,,Unconfirmed,Current UK platform unverified,Research required,,3112868.1332932343,4789027.897374206,6704639.056323889,11972569.743435515,,,,,Shortlist for rights and cost research
The Watcher,5.400000095367432,3005,395030000,,5,0.0,0.0,,64.59558322095201,False,Mixed or limited evidence,Exact cleaned title - verify remakes,,,,Unconfirmed,Current UK platform unverified,Research required,,3111695.568351175,4787223.9513095,6702113.5318333,11968059.878273752,,,,,Shortlist for rights and cost research
Toy Boy,6.5,7671,104840000,,3,0.0,0.0,,64.52290383262252,False,Mixed or limited evidence,Exact cleaned title - verify remakes,,,,Unconfirmed,Current UK platform unverified,Research required,,3108742.96820029,4782681.489538908,6695754.085354471,11956703.72384727,,,,,Shortlist for rights and cost research
Money Heist: Korea - Joint Economic Area,5.300000190734863,5791,133510000,,5,0.0,0.0,,64.13794913550963,False,Mixed or limited evidence,Exact cleaned title - verify remakes,,,,Unconfirmed,Current UK platform unverified,Research required,,3093104.1836300786,4758621.820969352,6662070.549357092,11896554.552423378,,,,,Shortlist for rights and cost research
Queer Eye,8.5,18935,37480000,,2,0.0,0.0,,63.60357701862463,False,Mixed or limited evidence,Exact cleaned title - verify remakes,,,,Unconfirmed,Current UK platform unverified,Research required,,3071395.316381626,4725223.56366404,6615312.989129655,11813058.9091601,,,,,Shortlist for rights and cost research
Rebelde,6.400000095367432,6073,81130000,,4,0.0,0.0,,63.288908800009736,False,Mixed or limited evidence,Exact cleaned title - verify remakes,,,,Unconfirmed,Current UK platform unverified,Research required,,3058611.9200003953,4705556.800000608,6587779.520000851,11763892.00000152,,,,,Shortlist for rights and cost research
Conversations with a Killer: The John Wayne Gacy Tapes,7.099999904632568,7512,67230000,,3,0.0,0.0,,63.07967776786171,False,Mixed or limited evidence,Exact cleaned title - verify remakes,,,,Unconfirmed,Current UK platform unverified,Research required,,3050111.909319382,4692479.860491357,6569471.8046879,11731199.651228392,,,,,Shortlist for rights and cost research
Sintonia,6.599999904632568,1223,157360000,14900000.0,8,0.0,0.0,,63.077078649551574,False,Mixed or limited evidence,Exact cleaned title - verify remakes,,,,Unconfirmed,Current UK platform unverified,Research required,,3050006.3201380325,4692317.415596973,6569244.381835762,11730793.538992433,,,,,Shortlist for rights and cost research
Sky Rojo,6.5,8830,61300000,,4,0.0,0.0,,63.02356438202732,False,Mixed or limited evidence,Exact cleaned title - verify remakes,,,,Unconfirmed,Current UK platform unverified,Research required,,3047832.3030198603,4688972.773876708,6564561.883427391,11722431.93469177,,,,,Shortlist for rights and cost research
Keep Breathing,5.199999809265137,10156,123740000,,3,0.0,0.0,,62.983218600959866,False,Mixed or limited evidence,Exact cleaned title - verify remakes,,,,Unconfirmed,Current UK platform unverified,Research required,,3046193.2556639947,4686451.162559992,6561031.627583988,11716127.90639998,,,,,Shortlist for rights and cost research
Is It Cake?,5.699999809265137,2602,154720000,9100000.0,7,0.0,0.0,,62.92744525556433,False,Mixed or limited evidence,Exact cleaned title - verify remakes,,,,Unconfirmed,Current UK platform unverified,Research required,,3043927.463507301,4682965.328472771,6556151.459861878,11707413.321181927,,,,,Shortlist for rights and cost research
Fauda,8.199999809265137,26699,31260000,,2,0.0,0.0,,62.83367595962385,False,Mixed or limited evidence,Exact cleaned title - verify remakes,,,,Unconfirmed,Current UK platform unverified,Research required,,3040118.0858597187,4677104.74747649,6547946.646467086,11692761.868691225,,,,,Shortlist for rights and cost research
Designated Survivor,7.5,90424,25100000,,2,0.0,0.0,,62.63548442682979,False,Mixed or limited evidence,Exact cleaned title - verify remakes,,,,Unconfirmed,Current UK platform unverified,Research required,,3032066.5548399603,4664717.776676862,6530604.887347606,11661794.441692155,,,,,Shortlist for rights and cost research
One of Us Is Lying,6.800000190734863,8906,65690000,,3,0.0,0.0,,62.613523167302155,False,Mixed or limited evidence,Exact cleaned title - verify remakes,,,,Unconfirmed,Current UK platform unverified,Research required,,3031174.3786716503,4663345.197956385,6528683.277138939,11658362.994890962,,,,,Shortlist for rights and cost research
Ganglands,7.0,2640,94040000,,5,0.0,0.0,,62.51380691853702,False,Mixed or limited evidence,Exact cleaned title - verify remakes,,,,Unconfirmed,Current UK platform unverified,Research required,,3027123.4060655665,4657112.932408564,6519958.105371989,11642782.33102141,,,,,Shortlist for rights and cost research
Missing You,7.599999904632568,844,172100000,45700000.0,4,0.0,0.0,,62.46031936237054,False,Mixed or limited evidence,Exact cleaned title - verify remakes,,,,Unconfirmed,Current UK platform unverified,Research required,,3024950.4740963033,4653769.9601481585,6515277.9442074215,11634424.900370397,,,,,Shortlist for rights and cost research
KENGAN ASHURA,8.0,5027,45000000,6200000.0,4,0.0,0.0,,62.27535576329356,False,Mixed or limited evidence,Exact cleaned title - verify remakes,,,,Unconfirmed,Current UK platform unverified,Research required,,3017436.327883801,4642209.735205848,6499093.629288186,11605524.33801462,,,,,Shortlist for rights and cost research
In From the Cold,6.199999809265137,7572,85830000,,3,0.0,0.0,,62.085223224805695,False,Mixed or limited evidence,Exact cleaned title - verify remakes,,,,Unconfirmed,Current UK platform unverified,Research required,,3009712.1935077314,4630326.451550356,6482457.032170498,11575816.12887589,,,,,Shortlist for rights and cost research
Keep Sweet: Pray and Obey,7.300000190734863,11304,58780000,,2,0.0,0.0,,61.72000085939998,False,Mixed or limited evidence,Exact cleaned title - verify remakes,,,,Unconfirmed,Current UK platform unverified,Research required,,2994875.034913124,4607500.053712498,6450500.075197497,11518750.134281246,,,,,Shortlist for rights and cost research
Alba,6.400000095367432,1351,148610000,,6,0.0,0.0,,61.65228995137606,False,Mixed or limited evidence,Exact cleaned title - verify remakes,,,,Unconfirmed,Current UK platform unverified,Research required,,2992124.2792746527,4603268.121961004,6444575.370745406,11508170.30490251,,,,,Shortlist for rights and cost research
The Cuphead Show!,7.400000095367432,7414,47290000,,3,0.0,0.0,,61.264030499057675,False,Mixed or limited evidence,Exact cleaned title - verify remakes,,,,Unconfirmed,Current UK platform unverified,Research required,,2976351.239024218,4579001.906191105,6410602.6686675465,11447504.765477762,,,,,Shortlist for rights and cost research
I AM A KILLER,7.400000095367432,4287,53340000,4300000.0,4,0.0,0.0,,61.22238716701672,False,Mixed or limited evidence,Exact cleaned title - verify remakes,,,,Unconfirmed,Current UK platform unverified,Research required,,2974659.478660054,4576399.197938545,6406958.877113963,11440997.994846363,,,,,Shortlist for rights and cost research
For Life,7.599999904632568,8415,39510000,,3,0.0,0.0,,61.11990666259024,False,Mixed or limited evidence,Exact cleaned title - verify remakes,,,,Unconfirmed,Current UK platform unverified,Research required,,2970496.2081677285,4569994.16641189,6397991.832976645,11424985.416029725,,,,,Shortlist for rights and cost research
Tomorrow,7.800000190734863,9161,32800000,,3,0.0,0.0,,60.703271727735256,False,Mixed or limited evidence,Exact cleaned title - verify remakes,,,,Unconfirmed,Current UK platform unverified,Research required,,2953570.4139392446,4543954.482983453,6361536.2761768345,11359886.207458634,,,,,Shortlist for rights and cost research
Man Vs Bee,6.699999809265137,26558,43610000,,2,0.0,0.0,,60.558076080245904,False,Mixed or limited evidence,Exact cleaned title - verify remakes,,,,Unconfirmed,Current UK platform unverified,Research required,,2947671.8407599903,4534879.7550153695,6348831.657021517,11337199.387538424,,,,,Shortlist for rights and cost research
Cheer,8.100000381469727,6381,49780000,,2,0.0,0.0,,60.35206966923003,False,Mixed or limited evidence,Exact cleaned title - verify remakes,,,,Unconfirmed,Current UK platform unverified,Research required,,2939302.83031247,4522004.354326877,6330806.096057627,11305010.885817192,,,,,Shortlist for rights and cost research
El marginal,8.199999809265137,4115,45700000,,3,0.0,0.0,,60.283416765781304,False,Mixed or limited evidence,Exact cleaned title - verify remakes,,,,Unconfirmed,Current UK platform unverified,Research required,,2936513.806109866,4517713.547861332,6324798.967005865,11294283.86965333,,,,,Shortlist for rights and cost research
Queen of the South,8.0,30158,24560000,,2,0.0,0.0,,60.21602119502003,False,Mixed or limited evidence,Exact cleaned title - verify remakes,,,,Unconfirmed,Current UK platform unverified,Research required,,2933775.861047689,4513501.324688752,6318901.854564252,11283753.31172188,,,,,Shortlist for rights and cost research
The Witness,7.0,4376,67600000,26100000.0,3,501923.07692307694,0.0,0.0,60.05817860681514,False,Mixed or limited evidence,Exact cleaned title - verify remakes,,,,Unconfirmed,Current UK platform unverified,Research required,,2927363.5059018647,4503636.162925946,6305090.628096323,11259090.407314863,,,,,Shortlist for rights and cost research
JoJo's Bizarre Adventure,8.399999618530273,22677,22750000,,2,0.0,0.0,,59.711551290289776,False,Mixed or limited evidence,Exact cleaned title - verify remakes,,,,Unconfirmed,Current UK platform unverified,Research required,,2913281.7711680224,4481971.955643111,6274760.737900355,11204929.889107777,,,,,Shortlist for rights and cost research
Kota Factory,9.100000381469728,71138,10200000,2400000.0,2,0.0,0.0,,59.70274960432389,False,Mixed or limited evidence,Exact cleaned title - verify remakes,,,,Unconfirmed,Current UK platform unverified,Research required,,2912924.2026756583,4481421.850270243,6273990.59037834,11203554.625675607,,,,,Shortlist for rights and cost research
Daughter From Another Mother,7.300000190734863,1852,72870000,,4,0.0,0.0,,59.18262955883564,False,Mixed or limited evidence,Exact cleaned title - verify remakes,,,,Unconfirmed,Current UK platform unverified,Research required,,2891794.325827698,4448914.347427228,6228480.086398118,11122285.868568068,,,,,Shortlist for rights and cost research
Thirty-Nine,7.699999809265137,1798,52650000,,5,0.0,0.0,,58.866380335045655,False,Mixed or limited evidence,Exact cleaned title - verify remakes,,,,Unconfirmed,Current UK platform unverified,Research required,,2878946.7011112296,4429148.770940353,6200808.279316494,11072871.927350882,,,,,Shortlist for rights and cost research
Kleo,7.5,5517,39430000,1100000.0,3,0.0,0.0,,58.82583753356595,False,Mixed or limited evidence,Exact cleaned title - verify remakes,,,,Unconfirmed,Current UK platform unverified,Research required,,2877299.649801117,4426614.845847872,6197260.784187021,11066537.11461968,,,,,Shortlist for rights and cost research
Gabby's Dollhouse,7.0,425,86550000,26100000.0,12,107692.30769230769,0.0,0.0,58.75854765289564,False,Mixed or limited evidence,Exact cleaned title - verify remakes,,,,Unconfirmed,Current UK platform unverified,Research required,,2874565.9983988856,4422409.228305978,6191372.919628369,11056023.070764944,,,,,Shortlist for rights and cost research
Intimacy,6.800000190734863,2367,73470000,,4,0.0,0.0,,58.60481396699774,False,Mixed or limited evidence,Exact cleaned title - verify remakes,,,,Unconfirmed,Current UK platform unverified,Research required,,2868320.5674092835,4412800.872937359,6177921.222112302,11032002.182343397,,,,,Shortlist for rights and cost research
Inside Job,8.199999809265137,75659,21240000,,1,0.0,0.0,,58.45049986576839,False,Mixed or limited evidence,Exact cleaned title - verify remakes,,,,Unconfirmed,Current UK platform unverified,Research required,,2862051.5570468414,4403156.241610525,6164418.738254735,11007890.604026314,,,,,Shortlist for rights and cost research
Maya and the Three,8.100000381469727,3940,55470000,,2,0.0,0.0,,58.347086829154804,False,Mixed or limited evidence,Exact cleaned title - verify remakes,,,,Unconfirmed,Current UK platform unverified,Research required,,2857850.4024344143,4396692.926822175,6155370.097551045,10991732.317055438,,,,,Shortlist for rights and cost research
High Heat,5.900000095367432,432,178860000,,6,0.0,0.0,,58.339153634082585,False,Mixed or limited evidence,Exact cleaned title - verify remakes,,,,Unconfirmed,Current UK platform unverified,Research required,,2857528.116384605,4396197.102130162,6154675.942982226,10990492.755325403,,,,,Shortlist for rights and cost research
Partner Track,6.800000190734863,3840,66010000,,3,0.0,0.0,,58.32016743272814,False,Mixed or limited evidence,Exact cleaned title - verify remakes,,,,Unconfirmed,Current UK platform unverified,Research required,,2856756.801954581,4395010.464545509,6153014.650363712,10987526.161363773,,,,,Shortlist for rights and cost research
I Am Georgina,3.900000095367432,2976,138040000,6100000.0,9,0.0,0.0,,57.96147015212565,False,Mixed or limited evidence,Exact cleaned title - verify remakes,,,,Unconfirmed,Current UK platform unverified,Research required,,2842184.7249301043,4372591.884507853,6121628.638310993,10931479.711269632,,,,,Shortlist for rights and cost research
Love Is Blind: Brazil,6.199999809265137,459,109390000,6700000.0,9,0.0,0.0,,57.704201096400645,False,Mixed or limited evidence,Exact cleaned title - verify remakes,,,,Unconfirmed,Current UK platform unverified,Research required,,2831733.1695412765,4356512.5685250405,6099117.595935056,10891281.4213126,,,,,Shortlist for rights and cost research
Heist,6.099999904632568,30618,34100000,,2,0.0,0.0,,57.38463619632853,False,Mixed or limited evidence,Exact cleaned title - verify remakes,,,,Unconfirmed,Current UK platform unverified,Research required,,2818750.8454758464,4336539.762270533,6071155.667178745,10841349.405676331,,,,,Shortlist for rights and cost research
Animal Kingdom,8.199999809265137,37944,22700000,2800000.0,1,53846.153846153844,0.0,0.0,57.06503338865069,False,Mixed or limited evidence,Exact cleaned title - verify remakes,,,,Unconfirmed,Current UK platform unverified,Research required,,2805766.9814139344,4316564.586790668,6043190.421506935,10791411.466976669,,,,,Shortlist for rights and cost research
Jurassic World Camp Cretaceous,7.5,8774,34320000,,2,0.0,0.0,,57.015860365599735,False,Mixed or limited evidence,Exact cleaned title - verify remakes,,,,Unconfirmed,Current UK platform unverified,Research required,,2803769.3273524893,4313491.272849984,6038887.781989977,10783728.18212496,,,,,Shortlist for rights and cost research
Young Lady and Gentleman,6.400000095367432,213,108210000,,8,0.0,0.0,,56.90258073671186,False,Mixed or limited evidence,Exact cleaned title - verify remakes,,,,Unconfirmed,Current UK platform unverified,Research required,,2799167.3424289194,4306411.296044491,6028975.814462287,10766028.240111228,,,,,Shortlist for rights and cost research
CoComelon,4.699999809265137,635,152210000,12100000.0,18,0.0,0.0,,56.71376470300039,False,Mixed or limited evidence,Exact cleaned title - verify remakes,,,,Unconfirmed,Current UK platform unverified,Research required,,2791496.691059391,4294610.293937525,6012454.411512534,10736525.734843813,,,,,Shortlist for rights and cost research
Remarriage & Desires,7.400000095367432,1061,67850000,,4,0.0,0.0,,56.70954235304754,False,Mixed or limited evidence,Exact cleaned title - verify remakes,,,,Unconfirmed,Current UK platform unverified,Research required,,2791325.158092557,4294346.397065472,6012084.95589166,10735865.99266368,,,,,Shortlist for rights and cost research
As the Crow Flies,6.300000190734863,3890,48850000,3500000.0,4,0.0,0.0,,56.60125274411975,False,Mixed or limited evidence,Exact cleaned title - verify remakes,,,,Unconfirmed,Current UK platform unverified,Research required,,2786925.892729865,4287578.296507484,6002609.615110477,10718945.741268711,,,,,Shortlist for rights and cost research
The Imperfects,6.300000190734863,3130,71850000,,3,0.0,0.0,,56.120344057895075,False,Mixed or limited evidence,Exact cleaned title - verify remakes,,,,Unconfirmed,Current UK platform unverified,Research required,,2767388.9773519877,4257521.503618442,5960530.105065819,10643803.759046106,,,,,Shortlist for rights and cost research
Attack on Titan,9.0,363297,4700000,1700000.0,1,0.0,0.0,,55.1874380734933,False,Mixed or limited evidence,Exact cleaned title - verify remakes,,,,Unconfirmed,Current UK platform unverified,Research required,,2729489.6717356653,4199214.879593331,5878900.831430663,10498037.198983328,,,,,Shortlist for rights and cost research
Undercover,7.800000190734863,17309,28900000,,1,0.0,0.0,,55.17318083039326,False,Mixed or limited evidence,Exact cleaned title - verify remakes,,,,Unconfirmed,Current UK platform unverified,Research required,,2728910.4712347263,4198323.801899578,5877653.32265941,10495809.504748946,,,,,Shortlist for rights and cost research
The Staircase,7.800000190734863,24588,22700000,2600000.0,1,50000.0,0.0,0.0,54.36802854503592,False,Mixed or limited evidence,Exact cleaned title - verify remakes,,,,Unconfirmed,Current UK platform unverified,Research required,,2696201.159642084,4148001.7840647446,5807202.497690642,10370004.460161861,,,,,Shortlist for rights and cost research
Bling Empire,5.800000190734863,3136,51820000,,4,0.0,0.0,,54.20958284650491,False,Mixed or limited evidence,Exact cleaned title - verify remakes,,,,Unconfirmed,Current UK platform unverified,Research required,,2689764.303139262,4138098.9279065565,5793338.4990691785,10345247.319766391,,,,,Shortlist for rights and cost research
"El Rey, Vicente Fernández",6.400000095367432,127,100030000,,5,0.0,0.0,,54.160403221239214,False,Mixed or limited evidence,Exact cleaned title - verify remakes,,,,Unconfirmed,Current UK platform unverified,Research required,,2687766.3808628432,4135025.201327451,5789035.281858431,10337563.003318628,,,,,Shortlist for rights and cost research
The Creature Cases,8.399999618530273,101,44220000,7000000.0,5,42307.692307692305,0.0,0.0,54.0605511323323,False,Mixed or limited evidence,Exact cleaned title - verify remakes,,,,Unconfirmed,Current UK platform unverified,Research required,,2683709.8897509994,4128784.4457707684,5780298.224079075,10321961.114426922,,,,,Shortlist for rights and cost research
The Snitch Cartel: Origins,5.599999904632568,195,112140000,,6,0.0,0.0,,53.780247850717586,False,Mixed or limited evidence,Exact cleaned title - verify remakes,,,,Unconfirmed,Current UK platform unverified,Research required,,2672322.5689354017,4111265.490669849,5755771.6869377885,10278163.726674622,,,,,Shortlist for rights and cost research
Taxi Driver,8.199999809265137,819599,5000000,1100000.0,1,21153.846153846152,0.0,0.0,53.65293671868127,False,Mixed or limited evidence,Exact cleaned title - verify remakes,,,,Unconfirmed,Current UK platform unverified,Research required,,2667150.5541964266,4103308.5449175793,5744631.9628846105,10258271.362293947,,,,,Shortlist for rights and cost research
Riverdale,6.599999904632568,143861,16460000,,1,0.0,0.0,,53.453591810280486,False,Mixed or limited evidence,Exact cleaned title - verify remakes,,,,Unconfirmed,Current UK platform unverified,Research required,,2659052.1672926447,4090849.4881425304,5727189.283399542,10227123.720356327,,,,,Shortlist for rights and cost research
Next in Fashion,7.300000190734863,3728,40590000,,2,0.0,0.0,,53.14786455646628,False,Mixed or limited evidence,Exact cleaned title - verify remakes,,,,Unconfirmed,Current UK platform unverified,Research required,,2646631.997606443,4071741.5347791426,5700438.148690799,10179353.836947856,,,,,Shortlist for rights and cost research
Bad Vegan: Fame. Fraud. Fugitives.,5.900000095367432,6759,44530000,,2,0.0,0.0,,53.13729117195649,False,Mixed or limited evidence,Exact cleaned title - verify remakes,,,,Unconfirmed,Current UK platform unverified,Research required,,2646202.4538607327,4071080.698247281,5699512.977546193,10177701.745618202,,,,,Shortlist for rights and cost research
Blood & Water,6.599999904632568,3180,39060000,2200000.0,3,0.0,0.0,,52.709612143714324,False,Mixed or limited evidence,Exact cleaned title - verify remakes,,,,Unconfirmed,Current UK platform unverified,Research required,,2628827.9933383944,4044350.758982145,5662091.062575003,10110876.897455363,,,,,Shortlist for rights and cost research
Home for Christmas,7.699999809265137,13956,14900000,3600000.0,2,69230.76923076923,0.0,0.0,52.661667458640196,False,Mixed or limited evidence,Exact cleaned title - verify remakes,,,,Unconfirmed,Current UK platform unverified,Research required,,2626880.240507258,4041354.216165012,5657895.902631016,10103385.54041253,,,,,Shortlist for rights and cost research
Jimmy Savile: A British Horror Story,6.699999809265137,7292,29110000,,2,0.0,0.0,,52.59637358595391,False,Mixed or limited evidence,Exact cleaned title - verify remakes,,,,Unconfirmed,Current UK platform unverified,Research required,,2624227.676929378,4037273.3491221196,5652182.688770968,10093183.3728053,,,,,Shortlist for rights and cost research
Happiness,7.900000095367432,5494,21760000,,2,0.0,0.0,,52.06729447470351,False,Mixed or limited evidence,Exact cleaned title - verify remakes,,,,Unconfirmed,Current UK platform unverified,Research required,,2602733.8380348305,4004205.9046689696,5605888.266536557,10010514.761672424,,,,,Shortlist for rights and cost research
Dave Chappelle: The Closer,8.0,26593,14350000,,1,0.0,0.0,,51.90103246743922,False,Mixed or limited evidence,Exact cleaned title - verify remakes,,,,Unconfirmed,Current UK platform unverified,Research required,,2595979.4439897183,3993814.529214951,5591340.3409009315,9984536.323037378,,,,,Shortlist for rights and cost research
My Hero Academia,8.399999618530273,60041,7800000,1500000.0,1,0.0,0.0,,51.874778792120644,False,Mixed or limited evidence,Exact cleaned title - verify remakes,,,,Unconfirmed,Current UK platform unverified,Research required,,2594912.8884299016,3992173.6745075407,5589043.144310556,9980434.186268851,,,,,Shortlist for rights and cost research
Back to 15,6.699999809265137,741,44860000,6800000.0,5,0.0,0.0,,51.72419707566513,False,Mixed or limited evidence,Exact cleaned title - verify remakes,,,,Unconfirmed,Current UK platform unverified,Research required,,2588795.506198896,3982762.3172290707,5575867.244120698,9956905.793072676,,,,,Shortlist for rights and cost research
Yakamoz S-245,6.099999904632568,6343,35060000,,2,0.0,0.0,,51.711270697111146,False,Mixed or limited evidence,Exact cleaned title - verify remakes,,,,Unconfirmed,Current UK platform unverified,Research required,,2588270.3720701407,3981954.418569447,5574736.185997225,9954886.046423618,,,,,Shortlist for rights and cost research
Black Knight,6.599999904632568,435,79400000,,3,0.0,0.0,,51.479231179025,False,Mixed or limited evidence,Exact cleaned title - verify remakes,,,,Unconfirmed,Current UK platform unverified,Research required,,2578843.7666478907,3967451.9486890626,5554432.728164688,9918629.871722657,,,,,Shortlist for rights and cost research
Selling The OC,5.5,767,67550000,7600000.0,5,0.0,0.0,,51.346350464538546,False,Mixed or limited evidence,Exact cleaned title - verify remakes,,,,Unconfirmed,Current UK platform unverified,Research required,,2573445.4876218783,3959146.904033659,5542805.665647122,9897867.260084148,,,,,Shortlist for rights and cost research
Uncoupled,7.0,13745,26520000,,1,0.0,0.0,,51.269281580723444,False,Mixed or limited evidence,Exact cleaned title - verify remakes,,,,Unconfirmed,Current UK platform unverified,Research required,,2570314.5642168904,3954330.0987952156,5536062.138313302,9885825.24698804,,,,,Shortlist for rights and cost research
Inside the World’s Toughest Prisons,7.099999904632568,2965,26830000,5800000.0,3,0.0,0.0,,50.807962206179326,False,Mixed or limited evidence,Exact cleaned title - verify remakes,,,,Unconfirmed,Current UK platform unverified,Research required,,2551573.464626035,3925497.6378862076,5495696.69304069,9813744.094715519,,,,,Shortlist for rights and cost research
Luis Miguel - The Series,8.0,4729,19710000,,2,0.0,0.0,,50.77364695070291,False,Mixed or limited evidence,Exact cleaned title - verify remakes,,,,Unconfirmed,Current UK platform unverified,Research required,,2550179.407372306,3923352.934418932,5492694.108186505,9808382.33604733,,,,,Shortlist for rights and cost research
The Stranger,7.300000190734863,50086,12200000,2000000.0,1,0.0,0.0,,50.70688320980709,False,Mixed or limited evidence,Exact cleaned title - verify remakes,,,,Unconfirmed,Current UK platform unverified,Research required,,2547467.130398413,3919180.200612943,5486852.28085812,9797950.501532357,,,,,Shortlist for rights and cost research
The Sound of Magic,7.699999809265137,3255,26570000,,2,0.0,0.0,,50.46368931420964,False,Mixed or limited evidence,Exact cleaned title - verify remakes,,,,Unconfirmed,Current UK platform unverified,Research required,,2537587.378389767,3903980.5821381025,5465572.814993343,9759951.455345256,,,,,Shortlist for rights and cost research
Warrior,7.800000190734863,25,53800000,6600000.0,3,0.0,0.0,,50.423292118608174,False,Mixed or limited evidence,Exact cleaned title - verify remakes,,,,Unconfirmed,Current UK platform unverified,Research required,,2535946.242318457,3901455.7574130106,5462038.060378214,9753639.393532526,,,,,Shortlist for rights and cost research
Surviving Summer,6.5,1761,41100000,5500000.0,3,0.0,0.0,,50.185535404012114,False,Mixed or limited evidence,Exact cleaned title - verify remakes,,,,Unconfirmed,Current UK platform unverified,Research required,,2526287.375787992,3886595.962750757,5441234.347851059,9716489.906876892,,,,,Shortlist for rights and cost research
The Longest Night,5.800000190734863,2083,45360000,,3,0.0,0.0,,49.990574819393665,False,Mixed or limited evidence,Exact cleaned title - verify remakes,,,,Unconfirmed,Current UK platform unverified,Research required,,2518367.1020378675,3874410.926212104,5424175.296696945,9686027.31553026,,,,,Shortlist for rights and cost research
Our Great National Parks,7.900000095367432,1995,28870000,,2,0.0,0.0,,49.88787633257051,False,Mixed or limited evidence,Exact cleaned title - verify remakes,,,,Unconfirmed,Current UK platform unverified,Research required,,2514194.976010677,3867992.2707856568,5415189.179099919,9669980.676964141,,,,,Shortlist for rights and cost research
Space Force,6.699999809265137,64540,12320000,,1,0.0,0.0,,49.8141682125281,False,Mixed or limited evidence,Exact cleaned title - verify remakes,,,,Unconfirmed,Current UK platform unverified,Research required,,2511200.583633954,3863385.5132830064,5408739.718596209,9658463.783207515,,,,,Shortlist for rights and cost research
The War Next-door,5.699999809265137,466,55920000,,5,0.0,0.0,,49.70231278668913,False,Mixed or limited evidence,Exact cleaned title - verify remakes,,,,Unconfirmed,Current UK platform unverified,Research required,,2506656.456959246,3856394.549168071,5398952.368835298,9640986.372920178,,,,,Shortlist for rights and cost research
Cocaine Cowboys: The Kings of Miami,7.099999904632568,2793,32760000,,2,0.0,0.0,,49.468123897185805,False,Mixed or limited evidence,Exact cleaned title - verify remakes,,,,Unconfirmed,Current UK platform unverified,Research required,,2497142.5333231734,3841757.7435741127,5378460.841003757,9604394.358935282,,,,,Shortlist for rights and cost research
Invisible City,7.199999809265137,5589,18980000,,2,0.0,0.0,,49.08581915524698,False,Mixed or limited evidence,Exact cleaned title - verify remakes,,,,Unconfirmed,Current UK platform unverified,Research required,,2481611.4031819087,3817863.6972029363,5345009.1760841105,9544659.243007341,,,,,Shortlist for rights and cost research
Sins of Our Mother,7.0,1918,36940000,,2,0.0,0.0,,48.98062149083128,False,Mixed or limited evidence,Exact cleaned title - verify remakes,,,,Unconfirmed,Current UK platform unverified,Research required,,2477337.748065021,3811288.843176955,5335804.380447737,9528222.107942387,,,,,Shortlist for rights and cost research
The Girl from Oslo,6.300000190734863,3250,37240000,,2,0.0,0.0,,48.874691478162454,False,Mixed or limited evidence,Exact cleaned title - verify remakes,,,,Unconfirmed,Current UK platform unverified,Research required,,2473034.3413003497,3804668.2173851533,5326535.504339214,9511670.543462884,,,,,Shortlist for rights and cost research
The 7 Lives of Lea,7.5,3323,23510000,,2,0.0,0.0,,48.862311348525964,False,Mixed or limited evidence,Exact cleaned title - verify remakes,,,,Unconfirmed,Current UK platform unverified,Research required,,2472531.398533867,3803894.4592828727,5325452.242996021,9509736.148207182,,,,,Shortlist for rights and cost research
Hold Tight,6.099999904632568,2662,42440000,,2,0.0,0.0,,48.284850156896596,False,Mixed or limited evidence,Exact cleaned title - verify remakes,,,,Unconfirmed,Current UK platform unverified,Research required,,2449072.037623924,3767803.134806037,5274924.388728451,9419507.837015092,,,,,Shortlist for rights and cost research
Into the Night,7.099999904632568,32118,10630000,,1,0.0,0.0,,47.73748445664243,False,Mixed or limited evidence,Exact cleaned title - verify remakes,,,,Unconfirmed,Current UK platform unverified,Research required,,2426835.3060510987,3733592.7785401517,5227029.889956212,9333981.946350379,,,,,Shortlist for rights and cost research
WWII in Color: Road to Victory,8.199999809265137,1832,22190000,,2,0.0,0.0,,47.42255575399194,False,Mixed or limited evidence,Exact cleaned title - verify remakes,,,,Unconfirmed,Current UK platform unverified,Research required,,2414041.3275059224,3713909.734624496,5199473.628474294,9284774.33656124,,,,,Shortlist for rights and cost research
Catching Killers,7.099999904632568,3614,22300000,7200000.0,2,0.0,0.0,,47.362191876335416,False,Mixed or limited evidence,Exact cleaned title - verify remakes,,,,Unconfirmed,Current UK platform unverified,Research required,,2411589.0449761264,3710136.9922709637,5194191.789179349,9275342.48067741,,,,,Shortlist for rights and cost research
The Chair,7.199999809265137,16734,14020000,,1,0.0,0.0,,47.339096772674,False,Mixed or limited evidence,Exact cleaned title - verify remakes,,,,Unconfirmed,Current UK platform unverified,Research required,,2410650.8063898813,3708693.5482921246,5192170.967608974,9271733.87073031,,,,,Shortlist for rights and cost research
Love 101,7.5,14630,12600000,,1,0.0,0.0,,47.26532546417955,False,Mixed or limited evidence,Exact cleaned title - verify remakes,,,,Unconfirmed,Current UK platform unverified,Research required,,2407653.846982294,3704082.8415112216,5185715.9781157095,9260207.103778053,,,,,Shortlist for rights and cost research
Elize Matsunaga: Once Upon a Crime,5.900000095367432,2216,29310000,1500000.0,3,28846.153846153848,375000.0,13.0,47.223938022141006,False,Mixed or limited evidence,Exact cleaned title - verify remakes,,,,Unconfirmed,Current UK platform unverified,Research required,,2405972.4821494785,3701496.126383813,5182094.576937338,9253740.315959532,,,,,Shortlist for rights and cost research
Gone for Good,6.300000190734863,4207,24670000,,2,0.0,0.0,,47.02637372517921,False,Mixed or limited evidence,Exact cleaned title - verify remakes,,,,Unconfirmed,Current UK platform unverified,Research required,,2397946.4325854057,3689148.357823701,5164807.700953181,9222870.894559253,,,,,Shortlist for rights and cost research
A Model Family,6.599999904632568,818,34960000,,3,0.0,0.0,,46.68163213251371,False,Mixed or limited evidence,Exact cleaned title - verify remakes,,,,Unconfirmed,Current UK platform unverified,Research required,,2383941.30538337,3667602.0082821073,5134642.81159495,9169005.020705268,,,,,Shortlist for rights and cost research
The Most Hated Man on the Internet,6.800000190734863,5753,24670000,,1,0.0,0.0,,46.51582647435711,False,Mixed or limited evidence,Exact cleaned title - verify remakes,,,,Unconfirmed,Current UK platform unverified,Research required,,2377205.4505207576,3657239.154647319,5120134.816506246,9143097.886618298,,,,,Shortlist for rights and cost research
The Rising of the Shield Hero,8.0,13071,8900000,900000.0,1,0.0,0.0,,45.94503080170595,False,Mixed or limited evidence,Exact cleaned title - verify remakes,,,,Unconfirmed,Current UK platform unverified,Research required,,2354016.876319304,3621564.425106622,5070190.19514927,9053911.062766554,,,,,Shortlist for rights and cost research
Hotel Del Luna,8.100000381469727,9013,9980000,,1,0.0,0.0,,45.64113183267294,False,Mixed or limited evidence,Exact cleaned title - verify remakes,,,,Unconfirmed,Current UK platform unverified,Research required,,2341670.9807023383,3602570.7395420587,5043599.035358882,9006426.848855147,,,,,Shortlist for rights and cost research
The Fame Game,6.699999809265137,21640,11610000,,1,0.0,0.0,,45.63999856620923,False,Mixed or limited evidence,Exact cleaned title - verify remakes,,,,Unconfirmed,Current UK platform unverified,Research required,,2341624.94175225,3602499.9103880767,5043499.874543307,9006249.77597019,,,,,Shortlist for rights and cost research
Brand New Cherry Flavor,7.099999904632568,15476,11140000,,1,0.0,0.0,,45.40258590841514,False,Mixed or limited evidence,Exact cleaned title - verify remakes,,,,Unconfirmed,Current UK platform unverified,Research required,,2331980.0525293653,3587661.619275946,5022726.266986324,8969154.048189865,,,,,Shortlist for rights and cost research
Heirs to the Land,7.099999904632568,1109,30650000,,2,0.0,0.0,,45.395693218973875,False,Mixed or limited evidence,Exact cleaned title - verify remakes,,,,Unconfirmed,Current UK platform unverified,Research required,,2331700.0370208137,3587230.826185867,5022123.156660214,8968077.065464668,,,,,Shortlist for rights and cost research
Aranyak,7.800000190734863,9298,10360000,,1,0.0,0.0,,45.20549031214916,False,Mixed or limited evidence,Exact cleaned title - verify remakes,,,,Unconfirmed,Current UK platform unverified,Research required,,2323973.0439310595,3575343.1445093225,5005480.402313051,8938357.861273305,,,,,Shortlist for rights and cost research
The Boss Baby: Back in the Crib,6.099999904632568,190,46940000,,3,0.0,0.0,,45.11546949376243,False,Mixed or limited evidence,Exact cleaned title - verify remakes,,,,Unconfirmed,Current UK platform unverified,Research required,,2320315.948184099,3569716.843360152,4997603.580704212,8924292.10840038,,,,,Shortlist for rights and cost research
The Smurfs,7.199999809265137,18686,9220000,,1,0.0,0.0,,45.06637602711476,False,Mixed or limited evidence,Exact cleaned title - verify remakes,,,,Unconfirmed,Current UK platform unverified,Research required,,2318321.526101537,3566648.5016946723,4993307.902372541,8916621.254236681,,,,,Shortlist for rights and cost research
Elves,5.599999904632568,4251,24600000,,2,0.0,0.0,,44.9921406119577,False,Mixed or limited evidence,Exact cleaned title - verify remakes,,,,Unconfirmed,Current UK platform unverified,Research required,,2315305.7123607816,3562008.788247356,4986812.303546298,8905021.97061839,,,,,Shortlist for rights and cost research
I Just Killed My Dad,6.699999809265137,4232,26190000,,1,0.0,0.0,,44.98587515834869,False,Mixed or limited evidence,Exact cleaned title - verify remakes,,,,Unconfirmed,Current UK platform unverified,Research required,,2315051.1783079156,3561617.1973967934,4986264.07635551,8904042.993491983,,,,,Shortlist for rights and cost research
Another Life,5.199999809265137,35855,15760000,,1,0.0,0.0,,44.92099771898281,False,Mixed or limited evidence,Exact cleaned title - verify remakes,,,,Unconfirmed,Current UK platform unverified,Research required,,2312415.5323336767,3557562.3574364255,4980587.300410995,8893905.893591063,,,,,Shortlist for rights and cost research
Wednesday,,,2931750000,197600000.0,32,1584615.3846153845,0.0,0.0,44.86810551558753,False,Mixed or limited evidence,IMDb match unavailable,,,,Unconfirmed,Current UK platform unverified,Research required,,2310266.7865707437,3554256.5947242207,4975959.232613909,8885641.486810552,,,,,Shortlist for rights and cost research
Human Resources,7.199999809265137,6188,16230000,,1,0.0,0.0,,44.75056879266279,False,Mixed or limited evidence,Exact cleaned title - verify remakes,,,,Unconfirmed,Current UK platform unverified,Research required,,2305491.857201926,3546910.5495414245,4965674.769357994,8867276.37385356,,,,,Shortlist for rights and cost research
The Night Agent,,,1587220000,94900000.0,22,621153.8461538461,0.0,0.0,44.718225419664265,False,Mixed or limited evidence,IMDb match unavailable,,,,Unconfirmed,Current UK platform unverified,Research required,,2304177.907673861,3544889.088729017,4962844.724220623,8862222.721822543,,,,,Shortlist for rights and cost research
Kung Fu Panda: The Dragon Knight,5.900000095367432,1347,42200000,,2,0.0,0.0,,44.71772742175904,False,Mixed or limited evidence,Exact cleaned title - verify remakes,,,,Unconfirmed,Current UK platform unverified,Research required,,2304157.676508961,3544857.9638599395,4962801.149403915,8862144.909649849,,,,,Shortlist for rights and cost research
Pokémon Journeys: The Series,6.900000095367432,632,37220000,,2,0.0,0.0,,44.58783612521543,False,Mixed or limited evidence,Exact cleaned title - verify remakes,,,,Unconfirmed,Current UK platform unverified,Research required,,2298880.8425868773,3536739.7578259646,4951435.66095635,8841849.394564912,,,,,Shortlist for rights and cost research
Red Rose,6.400000095367432,761,41810000,,2,0.0,0.0,,44.52305920423725,False,Mixed or limited evidence,Exact cleaned title - verify remakes,,,,Unconfirmed,Current UK platform unverified,Research required,,2296249.2801721385,3532691.2002648283,4945767.680370759,8831728.00066207,,,,,Shortlist for rights and cost research
Café con aroma de mujer,,,813480000,,28,0.0,0.0,,44.44244604316546,False,Mixed or limited evidence,IMDb match unavailable,,,,Unconfirmed,Current UK platform unverified,Research required,,2292974.3705035974,3527652.8776978417,4938714.028776978,8819132.194244605,,,,,Watchlist
Blood of Zeus,7.5,18056,7400000,1800000.0,1,0.0,0.0,,44.43487126466491,False,Mixed or limited evidence,Exact cleaned title - verify remakes,,,,Unconfirmed,Current UK platform unverified,Research required,,2292666.6451270124,3527179.4540415574,4938051.23565818,8817948.635103893,,,,,Watchlist
You Don't Know Me,6.800000190734863,5240,21910000,,1,0.0,0.0,,44.385518744493105,False,Mixed or limited evidence,Exact cleaned title - verify remakes,,,,Unconfirmed,Current UK platform unverified,Research required,,2290661.6989950323,3524094.921530819,4933732.890143147,8810237.303827047,,,,,Watchlist
Dr.STONE,8.100000381469727,19439,3200000,700000.0,1,0.0,0.0,,44.175071148286314,False,Mixed or limited evidence,Exact cleaned title - verify remakes,,,,Unconfirmed,Current UK platform unverified,Research required,,2282112.2653991315,3510941.9467678946,4915318.725475052,8777354.866919737,,,,,Watchlist
My Life With the Walter Boys,,,803200000,105200000.0,16,1171153.8461538462,5500000.0,4.696223316912972,44.16067146282973,False,Mixed or limited evidence,IMDb match unavailable,,,,Unconfirmed,Current UK platform unverified,Research required,,2281527.278177458,3510041.966426858,4914058.752997601,8775104.916067146,,,,,Watchlist
Clark,7.400000095367432,9365,10480000,,1,0.0,0.0,,44.15228277149123,False,Mixed or limited evidence,Exact cleaned title - verify remakes,,,,Unconfirmed,Current UK platform unverified,Research required,,2281186.4875918315,3509517.673218202,4913324.742505482,8773794.183045505,,,,,Watchlist
House of Secrets: The Burari Deaths,7.400000095367432,10573,9220000,,1,0.0,0.0,,44.09452059799649,False,Mixed or limited evidence,Exact cleaned title - verify remakes,,,,Unconfirmed,Current UK platform unverified,Research required,,2278839.8992936076,3505907.537374781,4908270.552324693,8764768.843436953,,,,,Watchlist
ONE PIECE,,,880700000,113700000.0,13,963461.5384615385,0.0,0.0,44.010791366906474,False,Mixed or limited evidence,IMDb match unavailable,,,,Unconfirmed,Current UK platform unverified,Research required,,2275438.3992805756,3500674.4604316545,4900944.244604316,8751686.151079137,,,,,Watchlist
The Queen of Flow,,,622930000,4000000.0,18,76923.07692307692,0.0,0.0,43.974820143884884,False,Mixed or limited evidence,IMDb match unavailable,,,,Unconfirmed,Current UK platform unverified,Research required,,2273977.0683453237,3498426.2589928056,4897796.762589928,8746065.647482013,,,,,Watchlist
Queen of Tears,,,653900000,43000000.0,15,0.0,0.0,,43.884892086330936,False,Mixed or limited evidence,IMDb match unavailable,,,,Unconfirmed,Current UK platform unverified,Research required,,2270323.7410071944,3492805.7553956835,4889928.057553956,8732014.38848921,,,,,Watchlist
The Club,7.800000190734863,9409,7860000,,1,0.0,0.0,,43.823326582055394,False,Mixed or limited evidence,Exact cleaned title - verify remakes,,,,Unconfirmed,Current UK platform unverified,Research required,,2267822.6423960007,3488957.9113784623,4884541.075929847,8722394.778446157,,,,,Watchlist
SHAMAN KING,7.0,1839,21740000,,2,0.0,0.0,,43.729540918163664,False,Mixed or limited evidence,Exact cleaned title - verify remakes,,,,Unconfirmed,Current UK platform unverified,Research required,,2264012.599800399,3483096.307385229,4876334.83033932,8707740.768463073,,,,,Watchlist
Raw,,,430300000,216200000.0,78,2278846.153846154,2575000.0,1.1299578059071729,43.72901678657074,False,Mixed or limited evidence,IMDb match unavailable,,,,Unconfirmed,Current UK platform unverified,Research required,,2263991.3069544365,3483063.5491606714,4876288.96882494,8707658.872901678,,,,,Watchlist
Ghost Doctor,7.900000095367432,1361,17520000,,2,0.0,0.0,,43.685173823918745,False,Mixed or limited evidence,Exact cleaned title - verify remakes,,,,Unconfirmed,Current UK platform unverified,Research required,,2262210.186596699,3480323.3639949216,4872452.70959289,8700808.409987304,,,,,Watchlist
Glitch,7.199999809265137,18276,7440000,,1,0.0,0.0,,43.68166343790468,False,Mixed or limited evidence,Exact cleaned title - verify remakes,,,,Unconfirmed,Current UK platform unverified,Research required,,2262067.577164878,3480103.964869043,4872145.55081666,8700259.912172608,,,,,Watchlist
Wrong Side of the Tracks,,,522450000,20900000.0,17,0.0,0.0,,43.62110311750599,False,Mixed or limited evidence,IMDb match unavailable,,,,Unconfirmed,Current UK platform unverified,Research required,,2259607.314148681,3476318.9448441244,4866846.5227817735,8690797.362110311,,,,,Watchlist
The Glory,,,560990000,,13,0.0,0.0,,43.57913669064748,False,Mixed or limited evidence,IMDb match unavailable,,,,Unconfirmed,Current UK platform unverified,Research required,,2257902.4280575537,3473696.043165467,4863174.460431654,8684240.107913667,,,,,Watchlist
Neymar: The Perfect Chaos,6.599999904632568,3341,26340000,,1,0.0,0.0,,43.50934361602151,False,Mixed or limited evidence,Exact cleaned title - verify remakes,,,,Unconfirmed,Current UK platform unverified,Research required,,2255067.0844008736,3469333.976001344,4857067.566401881,8673334.94000336,,,,,Watchlist
Two Graves,4.300000190734863,388,55100000,22200000.0,4,426923.07692307694,0.0,0.0,43.428691392003834,False,Mixed or limited evidence,Exact cleaned title - verify remakes,,,,Unconfirmed,Current UK platform unverified,Research required,,2251790.587800156,3464293.2120002396,4850010.496800335,8660733.0300006,,,,,Watchlist
Beauty in Black,,,553200000,61000000.0,12,625000.0,0.0,0.0,43.41726618705036,False,Mixed or limited evidence,IMDb match unavailable,,,,Unconfirmed,Current UK platform unverified,Research required,,2251326.438848921,3463579.136690648,4849010.791366907,8658947.84172662,,,,,Watchlist
Teach You a Lesson,,,673900000,63000000.0,10,1211538.4615384615,725000.0,0.5984126984126984,43.351318944844124,False,Mixed or limited evidence,IMDb match unavailable,,,,Unconfirmed,Current UK platform unverified,Research required,,2248647.3321342925,3459457.4340527575,4843240.40767386,8648643.585131893,,,,,Watchlist
Katla,7.0,13775,9190000,,1,0.0,0.0,,43.33453955398555,False,Mixed or limited evidence,Exact cleaned title - verify remakes,,,,Unconfirmed,Current UK platform unverified,Research required,,2247965.669380663,3458408.722124097,4841772.210973735,8646021.805310242,,,,,Watchlist
Thai Cave Rescue,7.300000190734863,129,34640000,,2,0.0,0.0,,43.29016987388899,False,Mixed or limited evidence,Exact cleaned title - verify remakes,,,,Unconfirmed,Current UK platform unverified,Research required,,2246163.1511267405,3455635.617118062,4837889.863965287,8639089.042795155,,,,,Watchlist
I Will Find You,,,632700000,115200000.0,10,2215384.6153846155,3375000.0,1.5234375,43.20743405275779,False,Mixed or limited evidence,IMDb match unavailable,,,,Unconfirmed,Current UK platform unverified,Research required,,2242802.008393285,3450464.6282973615,4830650.479616306,8626161.570743404,,,,,Watchlist
The Baby-Sitters Club,7.400000095367432,4070,17030000,,1,0.0,0.0,,43.12031792420738,False,Mixed or limited evidence,Exact cleaned title - verify remakes,,,,Unconfirmed,Current UK platform unverified,Research required,,2239262.915670925,3445019.870262961,4823027.818368145,8612549.675657403,,,,,Watchlist
La Reina del Sur,,,380170000,,15,0.0,0.0,,43.02158273381295,False,Mixed or limited evidence,IMDb match unavailable,,,,Unconfirmed,Current UK platform unverified,Research required,,2235251.798561151,3438848.9208633094,4814388.489208633,8597122.302158274,,,,,Watchlist
Fake Profile,,,402040000,39100000.0,13,144230.76923076922,0.0,0.0,43.00359712230215,False,Mixed or limited evidence,IMDb match unavailable,,,,Unconfirmed,Current UK platform unverified,Research required,,2234521.133093525,3437724.8201438845,4812814.748201438,8594312.050359711,,,,,Watchlist
Adolescence,,,549600000,143400000.0,10,136538.46153846153,0.0,0.0,42.9916067146283,False,Mixed or limited evidence,IMDb match unavailable,,,,Unconfirmed,Current UK platform unverified,Research required,,2234034.0227817744,3436975.4196642684,4811765.587529975,8592438.54916067,,,,,Watchlist
Queen Charlotte: A Bridgerton Story,,,541970000,10100000.0,10,0.0,0.0,,42.94364508393285,False,Mixed or limited evidence,IMDb match unavailable,,,,Unconfirmed,Current UK platform unverified,Research required,,2232085.581534772,3433977.817745803,4807568.944844124,8584944.544364508,,,,,Watchlist
King the Land,,,446900000,37300000.0,11,0.0,0.0,,42.94364508393285,False,Mixed or limited evidence,IMDb match unavailable,,,,Unconfirmed,Current UK platform unverified,Research required,,2232085.581534772,3433977.817745803,4807568.944844124,8584944.544364508,,,,,Watchlist
"Bon Appétit, Your Majesty",,,511900000,48100000.0,10,857692.3076923077,0.0,0.0,42.84772182254197,False,Mixed or limited evidence,IMDb match unavailable,,,,Unconfirmed,Current UK platform unverified,Research required,,2228188.6990407677,3427982.6139088734,4799175.659472423,8569956.534772184,,,,,Watchlist
"Yo soy Betty, la fea",,,297560000,,30,0.0,0.0,,42.793764988009585,False,Mixed or limited evidence,IMDb match unavailable,,,,Unconfirmed,Current UK platform unverified,Research required,,2225996.7026378894,3424610.311750599,4794454.436450838,8561525.779376497,,,,,Watchlist
DAHMER,,,962470000,,7,0.0,0.0,,42.637889688249395,False,Mixed or limited evidence,IMDb match unavailable,,,,Unconfirmed,Current UK platform unverified,Research required,,2219664.2685851315,3414868.105515587,4780815.347721822,8537170.263788968,,,,,Watchlist
The Diplomat,,,380460000,35700000.0,11,313461.53846153844,0.0,0.0,42.63189448441247,False,Mixed or limited evidence,IMDb match unavailable,,,,Unconfirmed,Current UK platform unverified,Research required,,2219420.713429257,3414493.4052757793,4780290.767386091,8536233.513189448,,,,,Watchlist
"XO, Kitty",,,428450000,57700000.0,10,455769.23076923075,0.0,0.0,42.63189448441247,False,Mixed or limited evidence,IMDb match unavailable,,,,Unconfirmed,Current UK platform unverified,Research required,,2219420.713429257,3414493.4052757793,4780290.767386091,8536233.513189448,,,,,Watchlist
Fool Me Once,,,589200000,91800000.0,8,0.0,0.0,,42.62589928057554,False,Mixed or limited evidence,IMDb match unavailable,,,,Unconfirmed,Current UK platform unverified,Research required,,2219177.158273381,3414118.705035971,4779766.187050359,8535296.762589928,,,,,Watchlist
When Life Gives You Tangerines,,,481600000,36500000.0,9,0.0,0.0,,42.57194244604316,False,Mixed or limited evidence,IMDb match unavailable,,,,Unconfirmed,Current UK platform unverified,Research required,,2216985.1618705033,3410746.4028776973,4775044.964028776,8526866.007194243,,,,,Watchlist
Culinary Class Wars,,,354700000,36100000.0,11,332692.3076923077,0.0,0.0,42.46402877697841,False,Mixed or limited evidence,IMDb match unavailable,,,,Unconfirmed,Current UK platform unverified,Research required,,2212601.169064748,3404001.7985611507,4765602.51798561,8510004.496402876,,,,,Watchlist
Til Money Do Us Part,,,343770000,,12,0.0,0.0,,42.458033573141485,False,Mixed or limited evidence,IMDb match unavailable,,,,Unconfirmed,Current UK platform unverified,Research required,,2212357.613908873,3403627.098321343,4765077.93764988,8509067.745803356,,,,,Watchlist
Yeh Kaali Kaali Ankhein,7.0,7492,11260000,,1,0.0,0.0,,42.35710593202085,False,Mixed or limited evidence,Exact cleaned title - verify remakes,,,,Unconfirmed,Current UK platform unverified,Research required,,2208257.428488347,3397319.120751303,4756246.769051824,8493297.801878259,,,,,Watchlist
Love Next Door,,,340200000,28000000.0,11,0.0,0.0,,42.272182254196636,False,Mixed or limited evidence,IMDb match unavailable,,,,Unconfirmed,Current UK platform unverified,Research required,,2204807.4040767383,3392011.39088729,4748815.947242205,8480028.477218224,,,,,Watchlist
My Demon,,,331100000,35500000.0,11,0.0,0.0,,42.224220623501196,False,Mixed or limited evidence,IMDb match unavailable,,,,Unconfirmed,Current UK platform unverified,Research required,,2202858.962829736,3389013.788968825,4744619.304556354,8472534.472422061,,,,,Watchlist
Bloodhounds,,,353170000,42900000.0,10,500000.0,0.0,0.0,42.200239808153476,False,Mixed or limited evidence,IMDb match unavailable,,,,Unconfirmed,Current UK platform unverified,Research required,,2201884.7422062354,3387514.9880095925,4742520.983213429,8468787.470023982,,,,,Watchlist
Nobody Wants This,,,347600000,78500000.0,10,573076.9230769231,0.0,0.0,42.15227817745804,False,Mixed or limited evidence,IMDb match unavailable,,,,Unconfirmed,Current UK platform unverified,Research required,,2199936.300959233,3384517.3860911275,4738324.340527578,8461293.465227818,,,,,Watchlist
The Accident,,,325600000,49100000.0,11,244230.76923076922,0.0,0.0,42.15227817745803,False,Mixed or limited evidence,IMDb match unavailable,,,,Unconfirmed,Current UK platform unverified,Research required,,2199936.3009592323,3384517.3860911266,4738324.340527577,8461293.465227816,,,,,Watchlist
Business Proposal,,,279110000,,13,0.0,0.0,,42.116306954436446,False,Mixed or limited evidence,IMDb match unavailable,,,,Unconfirmed,Current UK platform unverified,Research required,,2198474.970023981,3382269.1846522777,4735176.858513189,8455672.961630695,,,,,Watchlist
Perfect Match,,,292660000,20400000.0,12,90384.61538461539,0.0,0.0,42.09832134292566,False,Mixed or limited evidence,IMDb match unavailable,,,,Unconfirmed,Current UK platform unverified,Research required,,2197744.304556355,3381145.083932854,4733603.117505995,8452862.709832134,,,,,Watchlist
The Recruit,,,370060000,23400000.0,9,0.0,0.0,,42.092326139088726,False,Mixed or limited evidence,IMDb match unavailable,,,,Unconfirmed,Current UK platform unverified,Research required,,2197500.7494004797,3380770.3836930455,4733078.537170263,8451925.959232613,,,,,Watchlist
Rhythm + Flow France,6.199999809265137,146,24620000,3500000.0,4,0.0,0.0,,41.99838251773065,False,Mixed or limited evidence,Exact cleaned title - verify remakes,,,,Unconfirmed,Current UK platform unverified,Research required,,2193684.2897828077,3374898.9073581654,4724858.470301432,8437247.268395413,,,,,Watchlist
Somos.,7.099999904632568,1166,20930000,,2,0.0,0.0,,41.99332529295541,False,Mixed or limited evidence,Exact cleaned title - verify remakes,,,,Unconfirmed,Current UK platform unverified,Research required,,2193478.840026314,3374582.8308097133,4724415.963133599,8436457.077024283,,,,,Watchlist
The Empress,,,292800000,24000000.0,11,0.0,0.0,,41.960431654676256,False,Mixed or limited evidence,IMDb match unavailable,,,,Unconfirmed,Current UK platform unverified,Research required,,2192142.535971223,3372526.978417266,4721537.769784172,8431317.446043165,,,,,Watchlist
Monsters,,,508900000,64400000.0,7,0.0,0.0,,41.91846522781775,False,Mixed or limited evidence,IMDb match unavailable,,,,Unconfirmed,Current UK platform unverified,Research required,,2190437.6498800963,3369904.0767386095,4717865.707434053,8424760.191846523,,,,,Watchlist
Bake Squad,6.800000190734863,723,26260000,,2,0.0,0.0,,41.805463028586786,False,Mixed or limited evidence,Exact cleaned title - verify remakes,,,,Unconfirmed,Current UK platform unverified,Research required,,2185846.9355363385,3362841.4392866744,4707978.015001344,8407103.598216686,,,,,Watchlist
The Girl in the Mirror,6.199999809265137,1472,24560000,,2,0.0,0.0,,41.79206852700706,False,Mixed or limited evidence,Exact cleaned title - verify remakes,,,,Unconfirmed,Current UK platform unverified,Research required,,2185302.7839096617,3362004.282937941,4706805.996113117,8405010.707344852,,,,,Watchlist
Too Hot to Handle: Brazil,5.5,476,31150000,,3,0.0,0.0,,41.79089303407573,False,Mixed or limited evidence,Exact cleaned title - verify remakes,,,,Unconfirmed,Current UK platform unverified,Research required,,2185255.0295093264,3361930.814629733,4706703.140481626,8404827.036574332,,,,,Watchlist
Agent Kim Reactivated,,,365200000,50400000.0,8,969230.7692307692,2175000.0,2.244047619047619,41.78657074340527,False,Mixed or limited evidence,IMDb match unavailable,,,,Unconfirmed,Current UK platform unverified,Research required,,2185079.436450839,3361660.671462829,4706324.940047961,8404151.678657074,,,,,Watchlist
Berlin and the Jewels of Paris,,,357500000,54400000.0,8,25000.0,0.0,0.0,41.73860911270983,False,Mixed or limited evidence,IMDb match unavailable,,,,Unconfirmed,Current UK platform unverified,Research required,,2183130.9952038373,3358663.0695443647,4702128.297362111,8396657.673860911,,,,,Watchlist
Dynamite Kiss,,,314600000,37100000.0,9,713461.5384615385,0.0,0.0,41.63669064748201,False,Mixed or limited evidence,IMDb match unavailable,,,,Unconfirmed,Current UK platform unverified,Research required,,2178990.5575539568,3352293.165467626,4693210.431654676,8380732.913669065,,,,,Watchlist
God's Favorite Idiot,5.699999809265137,5384,22480000,,1,0.0,0.0,,41.59783828246018,False,Mixed or limited evidence,Exact cleaned title - verify remakes,,,,Unconfirmed,Current UK platform unverified,Research required,,2177412.180224945,3349864.8926537614,4689810.849715265,8374662.231634404,,,,,Watchlist
HIS & HERS,,,395200000,90600000.0,7,1742307.6923076923,0.0,0.0,41.55875299760192,False,Mixed or limited evidence,IMDb match unavailable,,,,Unconfirmed,Current UK platform unverified,Research required,,2175824.3405275783,3347422.06235012,4686390.887290168,8368555.1558753,,,,,Watchlist
UNTAMED,,,391100000,80300000.0,7,40384.61538461538,0.0,0.0,41.510791366906474,False,Mixed or limited evidence,IMDb match unavailable,,,,Unconfirmed,Current UK platform unverified,Research required,,2173875.8992805756,3344424.460431655,4682194.244604317,8361061.151079137,,,,,Watchlist
Baby Reindeer,,,328100000,82600000.0,8,0.0,0.0,,41.426858513189444,False,Mixed or limited evidence,IMDb match unavailable,,,,Unconfirmed,Current UK platform unverified,Research required,,2170466.127098321,3339178.65707434,4674850.119904076,8347946.64268585,,,,,Watchlist
Physical: 100,,,276630000,13000000.0,9,0.0,0.0,,41.34892086330935,False,Mixed or limited evidence,IMDb match unavailable,,,,Unconfirmed,Current UK platform unverified,Research required,,2167299.9100719425,3334307.5539568346,4668030.575539568,8335768.8848920865,,,,,Watchlist
FUBAR,,,306550000,12800000.0,8,0.0,0.0,,41.33093525179856,False,Mixed or limited evidence,IMDb match unavailable,,,,Unconfirmed,Current UK platform unverified,Research required,,2166569.2446043165,3333183.4532374097,4666456.834532374,8332958.633093525,,,,,Watchlist
Fishbowl Wives,6.199999809265137,975,27020000,,2,0.0,0.0,,41.2633777072078,False,Mixed or limited evidence,Exact cleaned title - verify remakes,,,,Unconfirmed,Current UK platform unverified,Research required,,2163824.7193553173,3328961.106700488,4660545.549380682,8322402.7667512195,,,,,Watchlist
3 Body Problem,,,345500000,46600000.0,7,0.0,0.0,,41.19904076738609,False,Mixed or limited evidence,IMDb match unavailable,,,,Unconfirmed,Current UK platform unverified,Research required,,2161211.0311750597,3324940.0479616304,4654916.067146283,8312350.119904076,,,,,Watchlist
When the Phone Rings,,,282300000,35300000.0,8,0.0,0.0,,41.139088729016784,False,Mixed or limited evidence,IMDb match unavailable,,,,Unconfirmed,Current UK platform unverified,Research required,,2158775.479616307,3321193.0455635493,4649670.263788968,8302982.613908873,,,,,Watchlist
Ms. Rachel,,,182900000,59900000.0,27,132692.3076923077,0.0,0.0,41.061151079136685,False,Mixed or limited evidence,IMDb match unavailable,,,,Unconfirmed,Current UK platform unverified,Research required,,2155609.2625899278,3316321.942446043,4642850.719424459,8290804.8561151065,,,,,Watchlist
Sophie: A Murder in West Cork,6.800000190734863,5424,12800000,,1,0.0,0.0,,41.0576421236341,False,Mixed or limited evidence,Exact cleaned title - verify remakes,,,,Unconfirmed,Current UK platform unverified,Research required,,2155466.7112726355,3316102.6327271317,4642543.685817984,8290256.581817829,,,,,Watchlist
"Newly Rich, Newly Poor",,,201120000,,13,0.0,0.0,,41.037170263788965,False,Mixed or limited evidence,IMDb match unavailable,,,,Unconfirmed,Current UK platform unverified,Research required,,2154635.041966427,3314823.1414868105,4640752.398081535,8287057.853717026,,,,,Watchlist
Sirens,,,267700000,56500000.0,8,0.0,0.0,,40.99520383693046,False,Mixed or limited evidence,IMDb match unavailable,,,,Unconfirmed,Current UK platform unverified,Research required,,2152930.1558752996,3312200.2398081534,4637080.335731414,8280500.599520383,,,,,Watchlist
Biohackers,6.800000190734863,9835,7500000,,1,0.0,0.0,,40.99374114860574,False,Mixed or limited evidence,Exact cleaned title - verify remakes,,,,Unconfirmed,Current UK platform unverified,Research required,,2152870.7341621085,3312108.821787859,4636952.350503002,8280272.054469647,,,,,Watchlist
All American,,,228300000,,10,0.0,0.0,,40.989208633093526,False,Mixed or limited evidence,IMDb match unavailable,,,,Unconfirmed,Current UK platform unverified,Research required,,2152686.6007194244,3311825.539568345,4636555.7553956825,8279563.848920863,,,,,Watchlist
The Perfect Mother,5.900000095367432,1041,28240000,,2,0.0,0.0,,40.89968006323867,False,Mixed or limited evidence,Exact cleaned title - verify remakes,,,,Unconfirmed,Current UK platform unverified,Research required,,2149049.502569071,3306230.0039524166,4628722.005533383,8265575.009881042,,,,,Watchlist
Dear Child,,,238300000,49400000.0,9,0.0,0.0,,40.89328537170264,False,Mixed or limited evidence,IMDb match unavailable,,,,Unconfirmed,Current UK platform unverified,Research required,,2148789.71822542,3305830.335731415,4628162.47002398,8264575.839328538,,,,,Watchlist
Squid Game: The Challenge,,,294200000,49000000.0,7,123076.92307692308,0.0,0.0,40.86330935251799,False,Mixed or limited evidence,IMDb match unavailable,,,,Unconfirmed,Current UK platform unverified,Research required,,2147571.9424460432,3303956.834532374,4625539.568345323,8259892.086330935,,,,,Watchlist
Running Point,,,254400000,51100000.0,8,342307.6923076923,0.0,0.0,40.851318944844124,False,Mixed or limited evidence,IMDb match unavailable,,,,Unconfirmed,Current UK platform unverified,Research required,,2147084.8321342925,3303207.4340527575,4624490.40767386,8258018.585131894,,,,,Watchlist
My Royal Nemesis,,,247500000,27600000.0,8,530769.2307692308,0.0,0.0,40.77937649880096,False,Mixed or limited evidence,IMDb match unavailable,,,,Unconfirmed,Current UK platform unverified,Research required,,2144162.170263789,3298711.0311750597,4618195.443645083,8246777.57793765,,,,,Watchlist
Carinha de Anjo,,,180950000,,15,0.0,0.0,,40.743405275779374,False,Mixed or limited evidence,IMDb match unavailable,,,,Unconfirmed,Current UK platform unverified,Research required,,2142700.839328537,3296462.829736211,4615047.961630695,8241157.074340527,,,,,Watchlist
Ransom Canyon,,,279700000,38100000.0,7,284615.3846153846,2675000.0,9.39864864864865,40.719424460431654,False,Mixed or limited evidence,IMDb match unavailable,,,,Unconfirmed,Current UK platform unverified,Research required,,2141726.6187050357,3294964.028776978,4612949.640287769,8237410.071942445,,,,,Watchlist
Griselda,,,344100000,62200000.0,6,0.0,0.0,,40.7074340527578,False,Mixed or limited evidence,IMDb match unavailable,,,,Unconfirmed,Current UK platform unverified,Research required,,2141239.508393286,3294214.6282973625,4611900.479616307,8235536.570743406,,,,,Watchlist
The Four Seasons,,,221400000,51800000.0,9,317307.6923076923,0.0,0.0,40.60551558752997,False,Mixed or limited evidence,IMDb match unavailable,,,,Unconfirmed,Current UK platform unverified,Research required,,2137099.0707434053,3287844.7242206233,4602982.613908872,8219611.810551558,,,,,Watchlist
The Perfect Couple,,,331000000,64900000.0,6,0.0,0.0,,40.58752997601919,False,Mixed or limited evidence,IMDb match unavailable,,,,Unconfirmed,Current UK platform unverified,Research required,,2136368.40527578,3286720.6235011993,4601408.872901679,8216801.558752999,,,,,Watchlist
The Polygamist,,,266600000,27600000.0,7,530769.2307692308,0.0,0.0,40.57553956834532,False,Mixed or limited evidence,IMDb match unavailable,,,,Unconfirmed,Current UK platform unverified,Research required,,2135881.2949640285,3285971.2230215822,4600359.712230215,8214928.057553955,,,,,Watchlist
Crash Course in Romance,,,183450000,,11,0.0,0.0,,40.377697841726615,False,Mixed or limited evidence,IMDb match unavailable,,,,Unconfirmed,Current UK platform unverified,Research required,,2127843.974820144,3273606.1151079135,4583048.561151079,8184015.287769783,,,,,Watchlist
DAN DA DAN,,,159200000,62100000.0,23,117307.69230769231,0.0,0.0,40.3537170263789,False,Mixed or limited evidence,IMDb match unavailable,,,,Unconfirmed,Current UK platform unverified,Research required,,2126869.754196643,3272107.3141486812,4580950.239808153,8180268.285371703,,,,,Watchlist
True Beauty,,,241850000,10500000.0,7,0.0,0.0,,40.28776978417267,False,Mixed or limited evidence,IMDb match unavailable,,,,Unconfirmed,Current UK platform unverified,Research required,,2124190.6474820147,3267985.611510792,4575179.856115108,8169964.028776979,,,,,Watchlist
"BASTARD‼ -Heavy Metal, Dark Fantasy-",6.599999904632568,1364,18280000,,2,0.0,0.0,,40.22118970801019,False,Mixed or limited evidence,Exact cleaned title - verify remakes,,,,Unconfirmed,Current UK platform unverified,Research required,,2121485.831887914,3263824.356750637,4569354.099450891,8159560.891876592,,,,,Watchlist
Monster: The Ed Gein Story,,,374800000,50300000.0,5,967307.6923076923,0.0,0.0,40.21582733812949,False,Mixed or limited evidence,IMDb match unavailable,,,,Unconfirmed,Current UK platform unverified,Research required,,2121267.9856115105,3263489.208633093,4568884.89208633,8158723.021582733,,,,,Watchlist
Zero Day,,,276100000,53600000.0,6,0.0,0.0,,40.17985611510792,False,Mixed or limited evidence,IMDb match unavailable,,,,Unconfirmed,Current UK platform unverified,Research required,,2119806.654676259,3261241.007194245,4565737.410071942,8153102.517985612,,,,,Watchlist
School of Chocolate,7.599999904632568,1853,17090000,,1,0.0,0.0,,40.175464611440745,False,Mixed or limited evidence,Exact cleaned title - verify remakes,,,,Unconfirmed,Current UK platform unverified,Research required,,2119628.2498397804,3260966.5382150467,4565353.153501065,8152416.345537617,,,,,Watchlist
Gyeongseong Creature,,,204100000,25100000.0,8,0.0,0.0,,40.13189448441247,False,Mixed or limited evidence,IMDb match unavailable,,,,Unconfirmed,Current UK platform unverified,Research required,,2117858.213429257,3258243.4052757793,4561540.767386091,8145608.513189448,,,,,Watchlist
The Surrogacy,,,265100000,17500000.0,6,0.0,0.0,,40.083932853717016,False,Mixed or limited evidence,IMDb match unavailable,,,,Unconfirmed,Current UK platform unverified,Research required,,2115909.7721822537,3255245.8033573134,4557344.124700238,8138114.508393284,,,,,Watchlist
One Day,,,225600000,33800000.0,7,0.0,0.0,,40.02398081534773,False,Mixed or limited evidence,IMDb match unavailable,,,,Unconfirmed,Current UK platform unverified,Research required,,2113474.2206235016,3251498.800959233,4552098.3213429265,8128747.002398083,,,,,Watchlist
BEEF,,,224440000,6500000.0,7,125000.0,0.0,0.0,39.97601918465228,False,Mixed or limited evidence,IMDb match unavailable,,,,Unconfirmed,Current UK platform unverified,Research required,,2111525.779376499,3248501.1990407677,4547901.678657074,8121252.997601919,,,,,Watchlist
Black Doves,,,248800000,45300000.0,6,0.0,0.0,,39.9400479616307,False,Mixed or limited evidence,IMDb match unavailable,,,,Unconfirmed,Current UK platform unverified,Research required,,2110064.448441247,3246252.9976019184,4544754.196642686,8115632.494004796,,,,,Watchlist
The Madness,,,242600000,36900000.0,6,0.0,0.0,,39.86810551558753,False,Mixed or limited evidence,IMDb match unavailable,,,,Unconfirmed,Current UK platform unverified,Research required,,2107141.7865707437,3241756.5947242207,4538459.232613909,8104391.486810552,,,,,Watchlist
Strong Girl Nam-soon,,,174400000,20800000.0,9,0.0,0.0,,39.68225419664268,False,Mixed or limited evidence,IMDb match unavailable,,,,Unconfirmed,Current UK platform unverified,Research required,,2099591.576738609,3230140.8872901676,4522197.2422062345,8075352.2182254195,,,,,Watchlist
La Palma,,,202600000,66100000.0,7,0.0,0.0,,39.66426858513189,False,Mixed or limited evidence,IMDb match unavailable,,,,Unconfirmed,Current UK platform unverified,Research required,,2098860.911270983,3229016.786570743,4520623.501199041,8072541.966426858,,,,,Watchlist
Beyond the Bar,,,202000000,24300000.0,7,178846.15384615384,0.0,0.0,39.64028776978418,False,Mixed or limited evidence,IMDb match unavailable,,,,Unconfirmed,Current UK platform unverified,Research required,,2097886.6906474824,3227517.9856115114,4518525.179856116,8068794.9640287785,,,,,Watchlist
The Tailor,,,164100000,21800000.0,10,0.0,0.0,,39.61031175059952,False,Mixed or limited evidence,IMDb match unavailable,,,,Unconfirmed,Current UK platform unverified,Research required,,2096668.914868106,3225644.4844124704,4515902.278177458,8064111.211031176,,,,,Watchlist
Desperate Lies,,,224500000,16700000.0,6,0.0,0.0,,39.53237410071942,False,Mixed or limited evidence,IMDb match unavailable,,,,Unconfirmed,Current UK platform unverified,Research required,,2093502.6978417267,3220773.381294964,4509082.733812949,8051933.45323741,,,,,Watchlist
Dept. Q,,,222100000,27000000.0,6,0.0,0.0,,39.484412470023976,False,Mixed or limited evidence,IMDb match unavailable,,,,Unconfirmed,Current UK platform unverified,Research required,,2091554.256594724,3217775.7793764984,4504886.091127098,8044439.4484412465,,,,,Watchlist
Miss Night and Day,,,160100000,16200000.0,10,0.0,0.0,,39.466426858513195,False,Mixed or limited evidence,IMDb match unavailable,,,,Unconfirmed,Current UK platform unverified,Research required,,2090823.5911270985,3216651.6786570745,4503312.350119904,8041629.196642686,,,,,Watchlist
Alpha Males,,,142460000,21500000.0,15,236538.46153846153,0.0,0.0,39.4484412470024,False,Mixed or limited evidence,IMDb match unavailable,,,,Unconfirmed,Current UK platform unverified,Research required,,2090092.9256594726,3215527.57793765,4501738.60911271,8038818.944844125,,,,,Watchlist
Criminal Code,,,191300000,25300000.0,7,0.0,0.0,,39.4484412470024,False,Mixed or limited evidence,IMDb match unavailable,,,,Unconfirmed,Current UK platform unverified,Research required,,2090092.9256594726,3215527.57793765,4501738.60911271,8038818.944844125,,,,,Watchlist
Unspeakable Sins,,,216300000,19400000.0,6,44230.769230769234,0.0,0.0,39.412470023980816,False,Mixed or limited evidence,IMDb match unavailable,,,,Unconfirmed,Current UK platform unverified,Research required,,2088631.594724221,3213279.376498801,4498591.127098321,8033198.441247003,,,,,Watchlist
Can This Love Be Translated?,,,271000000,20600000.0,5,396153.8461538461,0.0,0.0,39.40047961630695,False,Mixed or limited evidence,IMDb match unavailable,,,,Unconfirmed,Current UK platform unverified,Research required,,2088144.4844124701,3212529.9760191846,4497541.966426858,8031324.940047962,,,,,Watchlist
Weak Hero,,,185400000,33000000.0,7,0.0,0.0,,39.328537170263786,False,Mixed or limited evidence,IMDb match unavailable,,,,Unconfirmed,Current UK platform unverified,Research required,,2085221.8225419666,3208033.573141487,4491247.002398081,8020083.932853717,,,,,Watchlist
Worst Ex Ever,,,167400000,42600000.0,8,432692.3076923077,0.0,0.0,39.172661870503596,False,Mixed or limited evidence,IMDb match unavailable,,,,Unconfirmed,Current UK platform unverified,Research required,,2078889.3884892086,3198291.366906475,4477607.913669065,7995728.417266187,,,,,Watchlist
The Beast in Me,,,245200000,37100000.0,5,713461.5384615385,0.0,0.0,39.136690647482006,False,Mixed or limited evidence,IMDb match unavailable,,,,Unconfirmed,Current UK platform unverified,Research required,,2077428.0575539568,3196043.1654676255,4474460.431654675,7990107.913669064,,,,,Watchlist
Crime Scene: The Times Square Killer,6.5,4305,13070000,,1,0.0,0.0,,39.11881991412858,False,Mixed or limited evidence,Exact cleaned title - verify remakes,,,,Unconfirmed,Current UK platform unverified,Research required,,2076702.0590114736,3194926.244633036,4472896.742486251,7987315.61158259,,,,,Watchlist
Obliterated,,,198400000,29000000.0,6,0.0,0.0,,39.10071942446043,False,Mixed or limited evidence,IMDb match unavailable,,,,Unconfirmed,Current UK platform unverified,Research required,,2075966.726618705,3193794.964028777,4471312.949640288,7984487.410071943,,,,,Watchlist
Sharkdog,5.900000095367432,174,33770000,,2,0.0,0.0,,39.098893147860785,False,Mixed or limited evidence,Exact cleaned title - verify remakes,,,,Unconfirmed,Current UK platform unverified,Research required,,2075892.5341318445,3193680.8217412992,4471153.150437819,7984202.054353248,,,,,Watchlist
"Genie, Make a Wish",,,241900000,18900000.0,5,363461.53846153844,0.0,0.0,39.088729016786566,False,Mixed or limited evidence,IMDb match unavailable,,,,Unconfirmed,Current UK platform unverified,Research required,,2075479.6163069543,3193045.5635491605,4470263.788968825,7982613.908872901,,,,,Watchlist
Doctor Slump,,,154300000,18600000.0,9,0.0,0.0,,39.04676258992806,False,Mixed or limited evidence,IMDb match unavailable,,,,Unconfirmed,Current UK platform unverified,Research required,,2073774.7302158275,3190422.661870504,4466591.726618705,7976056.6546762595,,,,,Watchlist
Seal Team,5.5,1430,36400000,2300000.0,1,44230.769230769234,575000.0,12.999999999999998,39.03277617427016,False,Possible short-term spike,Exact cleaned title - verify remakes,,,,Unconfirmed,Current UK platform unverified,Research required,,2073206.5320797253,3189548.510891885,4465367.915248639,7973871.277229712,,,,,Watchlist
"Boo, Bitch",5.800000190734863,3457,20610000,,1,0.0,0.0,,38.98086761509722,False,Mixed or limited evidence,Exact cleaned title - verify remakes,,,,Unconfirmed,Current UK platform unverified,Research required,,2071097.7468633244,3186304.225943576,4460825.916321007,7965760.56485894,,,,,Watchlist
Nemesis,,,234000000,30000000.0,5,576923.0769230769,0.0,0.0,38.92086330935251,False,Mixed or limited evidence,IMDb match unavailable,,,,Unconfirmed,Current UK platform unverified,Research required,,2068660.0719424458,3182553.956834532,4455575.539568344,7956384.89208633,,,,,Watchlist
Beckham,,,186000000,39300000.0,6,0.0,0.0,,38.884892086330936,False,Mixed or limited evidence,IMDb match unavailable,,,,Unconfirmed,Current UK platform unverified,Research required,,2067198.7410071944,3180305.7553956835,4452428.057553956,7950764.388489209,,,,,Watchlist
A Tale Dark & Grimm,7.300000190734863,1421,18730000,,1,0.0,0.0,,38.72243484035893,False,Mixed or limited evidence,Exact cleaned title - verify remakes,,,,Unconfirmed,Current UK platform unverified,Research required,,2060598.9153895816,3170152.177522433,4438213.048531406,7925380.443806082,,,,,Watchlist
Pact of Silence,,,212800000,17700000.0,5,0.0,0.0,,38.63309352517985,False,Mixed or limited evidence,IMDb match unavailable,,,,Unconfirmed,Current UK platform unverified,Research required,,2056969.4244604318,3164568.345323741,4430395.683453237,7911420.863309353,,,,,Watchlist
Welcome to Samdal-ri,,,150200000,13900000.0,8,0.0,0.0,,38.59712230215827,False,Mixed or limited evidence,IMDb match unavailable,,,,Unconfirmed,Current UK platform unverified,Research required,,2055508.0935251797,3162320.1438848916,4427248.201438848,7905800.359712229,,,,,Watchlist
From Scratch,,,205880000,,5,0.0,0.0,,38.561151079136685,False,Mixed or limited evidence,IMDb match unavailable,,,,Unconfirmed,Current UK platform unverified,Research required,,2054046.762589928,3160071.942446043,4424100.719424459,7900179.8561151065,,,,,Watchlist
Supacell,,,174400000,33400000.0,6,0.0,0.0,,38.537170263788965,False,Mixed or limited evidence,IMDb match unavailable,,,,Unconfirmed,Current UK platform unverified,Research required,,2053072.541966427,3158573.1414868105,4422002.398081535,7896432.853717026,,,,,Watchlist
AMERICA'S SWEETHEARTS: Dallas Cowboys Cheerleaders,,,148000000,21700000.0,8,103846.15384615384,0.0,0.0,38.50119904076738,False,Mixed or limited evidence,IMDb match unavailable,,,,Unconfirmed,Current UK platform unverified,Research required,,2051611.2110311752,3156324.9400479617,4418854.916067146,7890812.350119904,,,,,Watchlist
Destined with You,,,146000000,17200000.0,8,0.0,0.0,,38.405275779376495,False,Mixed or limited evidence,IMDb match unavailable,,,,Unconfirmed,Current UK platform unverified,Research required,,2047714.3285371703,3150329.736211031,4410461.630695444,7875824.340527578,,,,,Watchlist
The Waterfront,,,200100000,31200000.0,5,0.0,0.0,,38.36930455635491,False,Mixed or limited evidence,IMDb match unavailable,,,,Unconfirmed,Current UK platform unverified,Research required,,2046252.9976019184,3148081.534772182,4407314.148681054,7870203.836930455,,,,,Watchlist
Wayward,,,197000000,33200000.0,5,638461.5384615385,0.0,0.0,38.321342925659465,False,Mixed or limited evidence,IMDb match unavailable,,,,Unconfirmed,Current UK platform unverified,Research required,,2044304.5563549157,3145083.9328537164,4403117.505995203,7862709.8321342915,,,,,Watchlist
Man on Fire,,,194200000,35000000.0,5,673076.9230769231,0.0,0.0,38.29736211031175,False,Mixed or limited evidence,IMDb match unavailable,,,,Unconfirmed,Current UK platform unverified,Research required,,2043330.335731415,3143585.1318944846,4401019.184652278,7858962.829736211,,,,,Watchlist
Monsters Inside: The 24 Faces of Billy Milligan,6.199999809265137,3763,15150000,,1,0.0,0.0,,38.226071025606984,False,Mixed or limited evidence,Exact cleaned title - verify remakes,,,,Unconfirmed,Current UK platform unverified,Research required,,2040434.1354152837,3139129.4391004364,4394781.214740611,7847823.597751091,,,,,Watchlist
Doctor Cha,,,150910000,,7,0.0,0.0,,38.22541966426858,False,Mixed or limited evidence,IMDb match unavailable,,,,Unconfirmed,Current UK platform unverified,Research required,,2040407.6738609113,3139088.7290167864,4394724.220623501,7847721.822541966,,,,,Watchlist
Capitani,6.599999904632568,5386,9480000,,1,0.0,0.0,,38.20961932359916,False,Mixed or limited evidence,Exact cleaned title - verify remakes,,,,Unconfirmed,Current UK platform unverified,Research required,,2039765.785021216,3138101.2077249475,4393341.690814926,7845253.019312369,,,,,Watchlist
Berlin and the Lady with an Ermine,,,190700000,25800000.0,5,496153.8461538461,0.0,0.0,38.17745803357314,False,Mixed or limited evidence,IMDb match unavailable,,,,Unconfirmed,Current UK platform unverified,Research required,,2038459.2326139086,3136091.127098321,4390527.57793765,7840227.817745803,,,,,Watchlist
Welcome to the Family,6.699999809265137,468,19400000,4600000.0,2,0.0,0.0,,38.16085613165388,False,Mixed or limited evidence,Exact cleaned title - verify remakes,,,,Unconfirmed,Current UK platform unverified,Research required,,2037784.780348439,3135053.5082283677,4389074.911519715,7837633.770570919,,,,,Watchlist
Cassandra,,,161600000,32700000.0,6,0.0,0.0,,38.117505995203835,False,Mixed or limited evidence,IMDb match unavailable,,,,Unconfirmed,Current UK platform unverified,Research required,,2036023.6810551556,3132344.1247002394,4385281.774580335,7830860.311750598,,,,,Watchlist
Envious,,,125000000,24000000.0,11,203846.15384615384,0.0,0.0,38.09952038369304,False,Mixed or limited evidence,IMDb match unavailable,,,,Unconfirmed,Current UK platform unverified,Research required,,2035293.0155875299,3131220.023980815,4383708.03357314,7828050.059952037,,,,,Watchlist
Raising Voices,,,158900000,26300000.0,6,0.0,0.0,,38.04556354916067,False,Mixed or limited evidence,IMDb match unavailable,,,,Unconfirmed,Current UK platform unverified,Research required,,2033101.0191846523,3127847.7218225417,4378986.810551558,7819619.304556354,,,,,Watchlist
The Trauma Code: Heroes on Call,,,184500000,26600000.0,5,0.0,0.0,,38.03357314148681,False,Mixed or limited evidence,IMDb match unavailable,,,,Unconfirmed,Current UK platform unverified,Research required,,2032613.9088729017,3127098.3213429255,4377937.649880095,7817745.803357314,,,,,Watchlist
"Thank You, Next",,,127700000,22600000.0,10,71153.84615384616,0.0,0.0,38.00359712230216,False,Mixed or limited evidence,IMDb match unavailable,,,,Unconfirmed,Current UK platform unverified,Research required,,2031396.1330935252,3125224.820143885,4375314.748201439,7813062.050359713,,,,,Watchlist
Two Summers,6.800000190734863,3319,12210000,,1,0.0,0.0,,37.94045922324783,False,Mixed or limited evidence,Exact cleaned title - verify remakes,,,,Unconfirmed,Current UK platform unverified,Research required,,2028831.155944443,3121278.701452989,4369790.182034184,7803196.753632473,,,,,Watchlist
The Asunta Case,,,154700000,28500000.0,6,0.0,0.0,,37.925659472422055,False,Mixed or limited evidence,IMDb match unavailable,,,,Unconfirmed,Current UK platform unverified,Research required,,2028229.916067146,3120353.7170263785,4368495.20383693,7800884.2925659465,,,,,Watchlist
Meltdown: Three Mile Island,6.800000190734863,3836,10850000,,1,0.0,0.0,,37.84963368008954,False,Mixed or limited evidence,Exact cleaned title - verify remakes,,,,Unconfirmed,Current UK platform unverified,Research required,,2025141.3682536376,3115602.1050055963,4361842.947007835,7789005.2625139905,,,,,Watchlist
Sold Out on You,,,141600000,19900000.0,7,382692.3076923077,0.0,0.0,37.84172661870503,False,Mixed or limited evidence,IMDb match unavailable,,,,Unconfirmed,Current UK platform unverified,Research required,,2024820.1438848919,3115107.913669064,4361151.079136689,7787769.784172661,,,,,Watchlist
Resident Playbook,,,139900000,13600000.0,7,0.0,0.0,,37.76978417266187,False,Mixed or limited evidence,IMDb match unavailable,,,,Unconfirmed,Current UK platform unverified,Research required,,2021897.4820143885,3110611.510791367,4354856.1151079135,7776528.776978417,,,,,Watchlist
Harry & Meghan,,,241530000,,4,0.0,0.0,,37.73381294964029,False,Mixed or limited evidence,IMDb match unavailable,,,,Unconfirmed,Current UK platform unverified,Research required,,2020436.1510791369,3108363.309352518,4351708.633093525,7770908.273381295,,,,,Watchlist
In the Mud,,,139400000,21400000.0,7,200000.0,0.0,0.0,37.72182254196642,False,Mixed or limited evidence,IMDb match unavailable,,,,Unconfirmed,Current UK platform unverified,Research required,,2019949.0407673856,3107613.908872901,4350659.4724220615,7769034.772182252,,,,,Watchlist
Run Away,,,238700000,38000000.0,4,730769.2307692308,0.0,0.0,37.70983213429256,False,Mixed or limited evidence,IMDb match unavailable,,,,Unconfirmed,Current UK platform unverified,Research required,,2019461.9304556353,3106864.508393285,4349610.311750598,7767161.270983212,,,,,Watchlist
She,6.400000095367432,5390,9490000,,1,0.0,0.0,,37.70845101055267,False,Mixed or limited evidence,Exact cleaned title - verify remakes,,,,Unconfirmed,Current UK platform unverified,Research required,,2019405.8223037024,3106778.188159542,4349489.463423359,7766945.470398855,,,,,Watchlist
SAKAMOTO DAYS,,,106800000,40400000.0,14,36538.46153846154,0.0,0.0,37.643884892086334,False,Mixed or limited evidence,IMDb match unavailable,,,,Unconfirmed,Current UK platform unverified,Research required,,2016782.8237410074,3102742.805755396,4343839.928057554,7756857.01438849,,,,,Watchlist
Rosario Tijeras (Mexico),,,235100000,7900000.0,4,86538.46153846153,0.0,0.0,37.6378896882494,False,Mixed or limited evidence,IMDb match unavailable,,,,Unconfirmed,Current UK platform unverified,Research required,,2016539.268585132,3102368.1055155876,4343315.347721823,7755920.263788969,,,,,Watchlist
The WONDERfools,,,170800000,18100000.0,5,348076.92307692306,0.0,0.0,37.60191846522781,False,Mixed or limited evidence,IMDb match unavailable,,,,Unconfirmed,Current UK platform unverified,Research required,,2015077.9376498798,3100119.9040767383,4340167.865707434,7750299.760191846,,,,,Watchlist
Rulers of Fortune,,,147200000,19500000.0,6,375000.0,0.0,0.0,37.589928057553955,False,Mixed or limited evidence,IMDb match unavailable,,,,Unconfirmed,Current UK platform unverified,Research required,,2014590.8273381295,3099370.503597122,4339118.705035971,7748426.258992805,,,,,Watchlist
Who is Erin Carter?,,,228300000,39900000.0,4,0.0,0.0,,37.55395683453238,False,Mixed or limited evidence,IMDb match unavailable,,,,Unconfirmed,Current UK platform unverified,Research required,,2013129.496402878,3097122.3021582738,4335971.223021583,7742805.755395684,,,,,Watchlist
Breathless,,,133800000,20600000.0,7,84615.38461538461,0.0,0.0,37.50599520383693,False,Mixed or limited evidence,IMDb match unavailable,,,,Unconfirmed,Current UK platform unverified,Research required,,2011181.0551558754,3094124.7002398083,4331774.580335732,7735311.75059952,,,,,Watchlist
Backstreet Rookie,7.5,2661,10130000,,1,0.0,0.0,,37.49992820115165,False,Mixed or limited evidence,Exact cleaned title - verify remakes,,,,Unconfirmed,Current UK platform unverified,Research required,,2010934.5831717858,3093745.512571978,4331243.717600768,7734363.781429945,,,,,Watchlist
Furies,,,126400000,21900000.0,8,67307.69230769231,0.0,0.0,37.44604316546762,False,Mixed or limited evidence,IMDb match unavailable,,,,Unconfirmed,Current UK platform unverified,Research required,,2008745.5035971222,3090377.6978417262,4326528.776978416,7725944.244604316,,,,,Watchlist
Little House on the Prairie,,,162400000,24500000.0,5,471153.8461538461,1075000.0,2.2816326530612248,37.41007194244604,False,Mixed or limited evidence,IMDb match unavailable,,,,Unconfirmed,Current UK platform unverified,Research required,,2007284.1726618703,3088129.4964028774,4323381.2949640285,7720323.741007194,,,,,Watchlist
Taboo,3.5,1906,32460000,,2,0.0,0.0,,37.37459613147805,False,Mixed or limited evidence,Exact cleaned title - verify remakes,,,,Unconfirmed,Current UK platform unverified,Research required,,2005842.9678412958,3085912.258217378,4320277.161504329,7714780.645543445,,,,,Watchlist
The Manny,,,132600000,24700000.0,7,0.0,0.0,,37.3621103117506,False,Mixed or limited evidence,IMDb match unavailable,,,,Unconfirmed,Current UK platform unverified,Research required,,2005335.731414868,3085131.8944844124,4319184.652278177,7712829.736211031,,,,,Watchlist
Our Unwritten Seoul,,,140600000,12900000.0,6,0.0,0.0,,37.35011990407674,False,Mixed or limited evidence,IMDb match unavailable,,,,Unconfirmed,Current UK platform unverified,Research required,,2004848.6211031177,3084382.4940047963,4318135.491606714,7710956.235011991,,,,,Watchlist
Young Sheldon,,,124200000,17200000.0,8,0.0,0.0,,37.302158273381295,False,Mixed or limited evidence,IMDb match unavailable,,,,Unconfirmed,Current UK platform unverified,Research required,,2002900.179856115,3081384.892086331,4313938.848920863,7703462.230215827,,,,,Watchlist
Ángela,,,132000000,26300000.0,7,203846.15384615384,0.0,0.0,37.29016786570744,False,Mixed or limited evidence,IMDb match unavailable,,,,Unconfirmed,Current UK platform unverified,Research required,,2002413.069544365,3080635.491606715,4312889.688249401,7701588.729016788,,,,,Watchlist
Sean Combs: The Reckoning,,,205400000,49700000.0,4,955769.2307692308,0.0,0.0,37.23021582733813,False,Mixed or limited evidence,IMDb match unavailable,,,,Unconfirmed,Current UK platform unverified,Research required,,1999977.5179856115,3076888.489208633,4307643.8848920865,7692221.223021583,,,,,Watchlist
Love Is Blind: UK,,,134000000,17800000.0,6,0.0,0.0,,37.062350119904075,False,Mixed or limited evidence,IMDb match unavailable,,,,Unconfirmed,Current UK platform unverified,Research required,,1993157.973621103,3066396.8824940044,4292955.635491606,7665992.206235011,,,,,Watchlist
Maldivas,5.699999809265137,1035,19760000,,2,0.0,0.0,,37.011399648935864,False,Mixed or limited evidence,Exact cleaned title - verify remakes,,,,Unconfirmed,Current UK platform unverified,Research required,,1991088.1107380197,3063212.478058492,4288497.469281889,7658031.195146229,,,,,Watchlist
Salish & Jordan Matter,,,100100000,34800000.0,12,669230.7692307692,825000.0,1.2327586206896552,36.99040767386091,False,Mixed or limited evidence,IMDb match unavailable,,,,Unconfirmed,Current UK platform unverified,Research required,,1990235.3117505994,3061900.4796163067,4286660.671462829,7654751.199040767,,,,,Watchlist
Sullivan's Crossing,,,133600000,18000000.0,6,155769.23076923078,0.0,0.0,36.99040767386091,False,Mixed or limited evidence,IMDb match unavailable,,,,Unconfirmed,Current UK platform unverified,Research required,,1990235.3117505994,3061900.4796163067,4286660.671462829,7654751.199040767,,,,,Watchlist
Kaleidoscope,,,193990000,,4,0.0,0.0,,36.94244604316547,False,Mixed or limited evidence,IMDb match unavailable,,,,Unconfirmed,Current UK platform unverified,Research required,,1988286.8705035972,3058902.8776978417,4282464.028776978,7647257.194244605,,,,,Watchlist
Carrossel,,,104700000,,10,0.0,0.0,,36.87649880095923,False,Mixed or limited evidence,IMDb match unavailable,,,,Unconfirmed,Current UK platform unverified,Research required,,1985607.763788969,3054781.1750599523,4276693.645083933,7636952.937649881,,,,,Watchlist
Spooky in Love,,,132400000,18200000.0,6,350000.0,3075000.0,8.785714285714286,36.870503597122294,False,Mixed or limited evidence,IMDb match unavailable,,,,Unconfirmed,Current UK platform unverified,Research required,,1985364.2086330932,3054406.474820143,4276169.0647482,7636016.187050357,,,,,Watchlist
The Eternaut,,,147400000,27300000.0,5,0.0,0.0,,36.85851318944844,False,Mixed or limited evidence,IMDb match unavailable,,,,Unconfirmed,Current UK platform unverified,Research required,,1984877.0983213428,3053657.0743405274,4275119.904076738,7634142.685851319,,,,,Watchlist
The Good Bad Mother,,,122850000,1200000.0,7,0.0,0.0,,36.810551558753,False,Mixed or limited evidence,IMDb match unavailable,,,,Unconfirmed,Current UK platform unverified,Research required,,1982928.6570743406,3050659.4724220624,4270923.261390887,7626648.6810551565,,,,,Watchlist
The Law According to Lidia Poët,,,110890000,9600000.0,8,73076.92307692308,0.0,0.0,36.798561151079134,False,Mixed or limited evidence,IMDb match unavailable,,,,Unconfirmed,Current UK platform unverified,Research required,,1982441.5467625898,3049910.071942446,4269874.100719424,7624775.179856114,,,,,Watchlist
Under the Queen's Umbrella,,,110460000,,8,0.0,0.0,,36.77458033573141,False,Mixed or limited evidence,IMDb match unavailable,,,,Unconfirmed,Current UK platform unverified,Research required,,1981467.3261390885,3048411.270983213,4267775.779376498,7621028.177458033,,,,,Watchlist
Painkiller,,,144600000,29100000.0,5,0.0,0.0,,36.73860911270983,False,Mixed or limited evidence,IMDb match unavailable,,,,Unconfirmed,Current UK platform unverified,Research required,,1980005.995203837,3046163.0695443647,4264628.297362111,7615407.673860911,,,,,Watchlist
Tastefully Yours,,,128000000,23000000.0,6,0.0,0.0,,36.6546762589928,False,Mixed or limited evidence,IMDb match unavailable,,,,Unconfirmed,Current UK platform unverified,Research required,,1976596.2230215825,3040917.26618705,4257284.17266187,7602293.165467625,,,,,Watchlist
Pursuit of Jade,,,177800000,7000000.0,4,134615.38461538462,0.0,0.0,36.58273381294964,False,Mixed or limited evidence,IMDb match unavailable,,,,Unconfirmed,Current UK platform unverified,Research required,,1973673.5611510794,3036420.8633093527,4250989.208633093,7591052.158273382,,,,,Watchlist
DELETE,5.400000095367432,1321,19400000,3200000.0,2,0.0,0.0,,36.58121627139789,False,Mixed or limited evidence,Exact cleaned title - verify remakes,,,,Unconfirmed,Current UK platform unverified,Research required,,1973611.9110255393,3036326.016962368,4250856.423747315,7590815.04240592,,,,,Watchlist
The Residence,,,177400000,22900000.0,4,0.0,0.0,,36.558752997601914,False,Mixed or limited evidence,IMDb match unavailable,,,,Unconfirmed,Current UK platform unverified,Research required,,1972699.3405275778,3034922.0623501195,4248890.887290167,7587305.155875299,,,,,Watchlist
Unfamiliar,,,126200000,24100000.0,6,463461.53846153844,0.0,0.0,36.558752997601914,False,Mixed or limited evidence,IMDb match unavailable,,,,Unconfirmed,Current UK platform unverified,Research required,,1972699.3405275778,3034922.0623501195,4248890.887290167,7587305.155875299,,,,,Watchlist
American Primeval,,,176800000,35100000.0,4,0.0,0.0,,36.5347721822542,False,Mixed or limited evidence,IMDb match unavailable,,,,Unconfirmed,Current UK platform unverified,Research required,,1971725.1199040771,3033423.2613908877,4246792.565947242,7583558.153477219,,,,,Watchlist
My Daughter's Father,,,139600000,19100000.0,5,367307.6923076923,3475000.0,9.460732984293193,36.52278177458033,False,Mixed or limited evidence,IMDb match unavailable,,,,Unconfirmed,Current UK platform unverified,Research required,,1971238.009592326,3032673.8609112706,4245743.405275779,7581684.6522781765,,,,,Watchlist
The Fall of the House of Usher,,,175100000,21200000.0,4,0.0,0.0,,36.510791366906474,False,Mixed or limited evidence,IMDb match unavailable,,,,Unconfirmed,Current UK platform unverified,Research required,,1970750.8992805758,3031924.460431655,4244694.244604317,7579811.151079137,,,,,Watchlist
The Hunting Wives,,,137400000,20600000.0,5,0.0,0.0,,36.402877697841724,False,Mixed or limited evidence,IMDb match unavailable,,,,Unconfirmed,Current UK platform unverified,Research required,,1966366.90647482,3025179.856115108,4235251.798561151,7562949.64028777,,,,,Watchlist
The Gardener,,,137000000,29300000.0,5,0.0,0.0,,36.378896882494004,False,Mixed or limited evidence,IMDb match unavailable,,,,Unconfirmed,Current UK platform unverified,Research required,,1965392.685851319,3023681.055155875,4233153.477218225,7559202.637889688,,,,,Watchlist
The Unbroken Voice,,,118030000,,6,0.0,0.0,,36.17505995203837,False,Mixed or limited evidence,IMDb match unavailable,,,,Unconfirmed,Current UK platform unverified,Research required,,1957111.8105515589,3010941.247002398,4215317.745803357,7527353.117505996,,,,,Watchlist
Forecasting Love and Weather,,,100850000,,8,0.0,0.0,,36.17505995203837,False,Mixed or limited evidence,IMDb match unavailable,,,,Unconfirmed,Current UK platform unverified,Research required,,1957111.8105515589,3010941.247002398,4215317.745803357,7527353.117505996,,,,,Watchlist
As You Stood By,,,133100000,16000000.0,5,307692.3076923077,0.0,0.0,36.163069544364504,False,Mixed or limited evidence,IMDb match unavailable,,,,Unconfirmed,Current UK platform unverified,Research required,,1956624.700239808,3010191.8465227815,4214268.585131894,7525479.616306954,,,,,Watchlist
Blown Away,7.099999904632568,3350,7600000,1500000.0,1,0.0,0.0,,36.127359383048606,False,Mixed or limited evidence,Exact cleaned title - verify remakes,,,,Unconfirmed,Current UK platform unverified,Research required,,1955173.9749363498,3007959.961440538,4211143.946016753,7519899.903601345,,,,,Watchlist
PULSE,,,162100000,20200000.0,4,0.0,0.0,,36.07913669064748,False,Mixed or limited evidence,IMDb match unavailable,,,,Unconfirmed,Current UK platform unverified,Research required,,1953214.928057554,3004946.0431654677,4206924.460431655,7512365.107913669,,,,,Watchlist
Indian Matchmaking,6.199999809265137,3686,11410000,,1,0.0,0.0,,36.06198193759595,False,Mixed or limited evidence,Exact cleaned title - verify remakes,,,,Unconfirmed,Current UK platform unverified,Research required,,1952518.0162148357,3003873.8710997473,4205423.419539646,7509684.677749368,,,,,Watchlist
Narco-Saints,,,130350000,,5,0.0,0.0,,36.01918465227818,False,Mixed or limited evidence,IMDb match unavailable,,,,Unconfirmed,Current UK platform unverified,Research required,,1950779.376498801,3001199.040767386,4201678.657074341,7502997.601918465,,,,,Watchlist
Sisters' Feud,,,157500000,12500000.0,4,0.0,0.0,,35.959232613908874,False,Mixed or limited evidence,IMDb match unavailable,,,,Unconfirmed,Current UK platform unverified,Research required,,1948343.824940048,2997452.0383693045,4196432.853717026,7493630.095923262,,,,,Watchlist
The Mire,7.0,4460,5400000,1000000.0,1,0.0,0.0,,35.82847255130028,False,Mixed or limited evidence,Exact cleaned title - verify remakes,,,,Unconfirmed,Current UK platform unverified,Research required,,1943031.6973965738,2989279.5344562675,4184991.348238774,7473198.836140669,,,,,Watchlist
Bodies,,,153400000,20100000.0,4,0.0,0.0,,35.81534772182254,False,Mixed or limited evidence,IMDb match unavailable,,,,Unconfirmed,Current UK platform unverified,Research required,,1942498.5011990406,2988459.2326139086,4183842.9256594717,7471148.081534771,,,,,Watchlist
The Atypical Family,,,101100000,11800000.0,7,0.0,0.0,,35.80335731414868,False,Mixed or limited evidence,IMDb match unavailable,,,,Unconfirmed,Current UK platform unverified,Research required,,1942011.3908872902,2987709.8321342925,4182793.7649880094,7469274.580335731,,,,,Watchlist
The Brothers Sun,,,126100000,17200000.0,5,0.0,0.0,,35.77937649880096,False,Mixed or limited evidence,IMDb match unavailable,,,,Unconfirmed,Current UK platform unverified,Research required,,1941037.170263789,2986211.0311750597,4180695.4436450833,7465527.57793765,,,,,Watchlist
Homicide,,,107400000,24200000.0,6,119230.76923076923,0.0,0.0,35.76738609112709,False,Mixed or limited evidence,IMDb match unavailable,,,,Unconfirmed,Current UK platform unverified,Research required,,1940550.0599520383,2985461.6306954436,4179646.2829736206,7463654.076738609,,,,,Watchlist
Billionaires' Bunker,,,152000000,20700000.0,4,398076.92307692306,0.0,0.0,35.74340527577938,False,Mixed or limited evidence,IMDb match unavailable,,,,Unconfirmed,Current UK platform unverified,Research required,,1939575.8393285375,2983962.8297362113,4177547.9616306955,7459907.074340528,,,,,Watchlist
The Snow Girl,,,124780000,4600000.0,5,0.0,0.0,,35.70743405275779,False,Mixed or limited evidence,IMDb match unavailable,,,,Unconfirmed,Current UK platform unverified,Research required,,1938114.5083932853,2981714.628297362,4174400.4796163067,7454286.570743405,,,,,Watchlist
Barbie Life in the Dreamhouse,7.400000095367432,1950,9100000,1900000.0,1,0.0,0.0,,35.705112364104565,False,Mixed or limited evidence,Exact cleaned title - verify remakes,,,,Unconfirmed,Current UK platform unverified,Research required,,1938020.189791748,2981569.5227565356,4174197.3318591495,7453923.806891339,,,,,Watchlist
Mr. Queen,,,104920000,,6,0.0,0.0,,35.5515587529976,False,Mixed or limited evidence,IMDb match unavailable,,,,Unconfirmed,Current UK platform unverified,Research required,,1931782.0743405276,2971972.42206235,4160761.39088729,7429931.055155875,,,,,Watchlist
Secrets We Keep,,,119200000,31900000.0,5,0.0,0.0,,35.51558752997602,False,Mixed or limited evidence,IMDb match unavailable,,,,Unconfirmed,Current UK platform unverified,Research required,,1930320.7434052757,2969724.220623501,4157613.9088729015,7424310.551558753,,,,,Watchlist
All the Light We Cannot See,,,118200000,30900000.0,5,0.0,0.0,,35.44364508393285,False,Mixed or limited evidence,IMDb match unavailable,,,,Unconfirmed,Current UK platform unverified,Research required,,1927398.081534772,2965227.817745803,4151318.944844124,7413069.544364507,,,,,Watchlist
Burning Body,,,118000000,18000000.0,5,0.0,0.0,,35.39568345323741,False,Mixed or limited evidence,IMDb match unavailable,,,,Unconfirmed,Current UK platform unverified,Research required,,1925449.6402877697,2962230.215827338,4147122.302158273,7405575.539568345,,,,,Watchlist
Olympo,,,113300000,17700000.0,5,0.0,0.0,,35.32374100719424,False,Mixed or limited evidence,IMDb match unavailable,,,,Unconfirmed,Current UK platform unverified,Research required,,1922526.9784172662,2957733.81294964,4140827.338129496,7394334.532374101,,,,,Watchlist
Sonic Prime,,,93230000,8400000.0,7,0.0,0.0,,35.15587529976019,False,Mixed or limited evidence,IMDb match unavailable,,,,Unconfirmed,Current UK platform unverified,Research required,,1915707.434052758,2947242.206235012,4126139.0887290165,7368105.51558753,,,,,Watchlist
Dubai Bling,,,92240000,6200000.0,7,0.0,0.0,,35.13189448441247,False,Mixed or limited evidence,IMDb match unavailable,,,,Unconfirmed,Current UK platform unverified,Research required,,1914733.2134292566,2945743.4052757793,4124040.767386091,7364358.513189448,,,,,Watchlist
A Good Girl's Guide to Murder,,,108600000,23400000.0,5,75000.0,0.0,0.0,35.0599520383693,False,Mixed or limited evidence,IMDb match unavailable,,,,Unconfirmed,Current UK platform unverified,Research required,,1911810.551558753,2941247.0023980816,4117745.803357314,7353117.505995204,,,,,Watchlist
Boots,,,136800000,23400000.0,4,450000.0,0.0,0.0,35.04796163069544,False,Mixed or limited evidence,IMDb match unavailable,,,,Unconfirmed,Current UK platform unverified,Research required,,1911323.4412470022,2940497.601918465,4116696.6426858506,7351244.004796162,,,,,Watchlist
The Woman in the House Across the Street from the Girl in the Window,,,133620000,,4,0.0,0.0,,34.95203836930455,False,Mixed or limited evidence,IMDb match unavailable,,,,Unconfirmed,Current UK platform unverified,Research required,,1907426.5587529975,2934502.3980815345,4108303.357314148,7336255.995203836,,,,,Watchlist
Savage Beauty,5.5,392,22020000,,2,0.0,0.0,,34.9092965148839,False,Mixed or limited evidence,Exact cleaned title - verify remakes,,,,Unconfirmed,Current UK platform unverified,Research required,,1905690.1709171585,2931831.0321802436,4104563.4450523406,7329577.580450609,,,,,Watchlist
Fatal Seduction,,,96200000,21300000.0,6,0.0,0.0,,34.90407673860911,False,Mixed or limited evidence,IMDb match unavailable,,,,Unconfirmed,Current UK platform unverified,Research required,,1905478.1175059953,2931504.7961630695,4104106.714628297,7328761.990407674,,,,,Watchlist
Eric,,,132300000,24700000.0,4,0.0,0.0,,34.78417266187051,False,Mixed or limited evidence,IMDb match unavailable,,,,Unconfirmed,Current UK platform unverified,Research required,,1900607.0143884895,2924010.791366907,4093615.107913669,7310026.978417267,,,,,Watchlist
The Boroughs,,,130500000,20800000.0,4,400000.0,0.0,0.0,34.73621103117506,False,Mixed or limited evidence,IMDb match unavailable,,,,Unconfirmed,Current UK platform unverified,Research required,,1898658.5731414868,2921013.1894484414,4089418.4652278177,7302532.973621104,,,,,Watchlist
Murdaugh Murders: A Southern Scandal,,,103910000,16300000.0,5,0.0,0.0,,34.724220623501196,False,Mixed or limited evidence,IMDb match unavailable,,,,Unconfirmed,Current UK platform unverified,Research required,,1898171.462829736,2920263.788968825,4088369.3045563544,7300659.4724220615,,,,,Watchlist
Medusa,,,128400000,17100000.0,4,0.0,0.0,,34.64028776978417,False,Mixed or limited evidence,IMDb match unavailable,,,,Unconfirmed,Current UK platform unverified,Research required,,1894761.6906474822,2915017.985611511,4081025.179856115,7287544.964028778,,,,,Watchlist
American Nightmare,,,101600000,45200000.0,5,0.0,0.0,,34.62829736211031,False,Mixed or limited evidence,IMDb match unavailable,,,,Unconfirmed,Current UK platform unverified,Research required,,1894274.5803357314,2914268.5851318943,4079976.019184652,7285671.462829736,,,,,Watchlist
The Price of Confession,,,127500000,12300000.0,4,236538.46153846153,0.0,0.0,34.54436450839328,False,Mixed or limited evidence,IMDb match unavailable,,,,Unconfirmed,Current UK platform unverified,Research required,,1890864.808153477,2909022.78177458,4072631.894484412,7272556.95443645,,,,,Watchlist
If Wishes Could Kill,,,100200000,16700000.0,5,321153.8461538461,0.0,0.0,34.484412470023976,False,Mixed or limited evidence,IMDb match unavailable,,,,Unconfirmed,Current UK platform unverified,Research required,,1888429.256594724,2905275.7793764984,4067386.0911270976,7263189.4484412465,,,,,Watchlist
Feria: The Darkest Light,5.599999904632568,2356,15960000,,1,0.0,0.0,,34.46833211384601,False,Mixed or limited evidence,Exact cleaned title - verify remakes,,,,Unconfirmed,Current UK platform unverified,Research required,,1887775.9921249943,2904270.7571153757,4065979.0599615257,7260676.892788439,,,,,Watchlist
The Guest,,,125300000,8900000.0,4,171153.84615384616,0.0,0.0,34.4484412470024,False,Mixed or limited evidence,IMDb match unavailable,,,,Unconfirmed,Current UK platform unverified,Research required,,1886967.9256594726,2903027.57793765,4064238.6091127098,7257568.944844125,,,,,Watchlist
Our Sticky Love,,,169200000,14400000.0,3,276923.07692307694,3600000.0,13.0,34.430455635491604,False,Mixed or limited evidence,IMDb match unavailable,,,,Unconfirmed,Current UK platform unverified,Research required,,1886237.2601918464,2901903.477218225,4062664.868105515,7254758.693045563,,,,,Watchlist
Kitz,5.699999809265137,2472,14650000,,1,0.0,0.0,,34.39045448889623,False,Mixed or limited evidence,Exact cleaned title - verify remakes,,,,Unconfirmed,Current UK platform unverified,Research required,,1884612.2136114093,2899403.4055560143,4059164.76777842,7248508.513890035,,,,,Watchlist
Absentia,,,164700000,22500000.0,3,432692.3076923077,0.0,0.0,34.358513189448445,False,Mixed or limited evidence,IMDb match unavailable,,,,Unconfirmed,Current UK platform unverified,Research required,,1883314.598321343,2897407.074340528,4056369.9040767387,7243517.68585132,,,,,Watchlist
Detective Hole,,,122100000,16400000.0,4,315384.6153846154,0.0,0.0,34.256594724220626,False,Mixed or limited evidence,IMDb match unavailable,,,,Unconfirmed,Current UK platform unverified,Research required,,1879174.160671463,2891037.170263789,4047452.0383693045,7227592.925659473,,,,,Watchlist
Reborn Rich,,,87660000,,6,0.0,0.0,,34.2326139088729,False,Mixed or limited evidence,IMDb match unavailable,,,,Unconfirmed,Current UK platform unverified,Research required,,1878199.9400479617,2889538.3693045564,4045353.7170263785,7223845.923261391,,,,,Watchlist
The Art of Sarah,,,120100000,20200000.0,4,388461.53846153844,0.0,0.0,34.2326139088729,False,Mixed or limited evidence,IMDb match unavailable,,,,Unconfirmed,Current UK platform unverified,Research required,,1878199.9400479617,2889538.3693045564,4045353.7170263785,7223845.923261391,,,,,Watchlist
Diary of a Gigolo,,,97710000,,5,0.0,0.0,,34.22062350119904,False,Mixed or limited evidence,IMDb match unavailable,,,,Unconfirmed,Current UK platform unverified,Research required,,1877712.8297362113,2888788.9688249403,4044304.556354916,7221972.42206235,,,,,Watchlist
The East Palace,,,119000000,17500000.0,4,336538.46153846156,1125000.0,3.3428571428571425,34.18465227817746,False,Mixed or limited evidence,IMDb match unavailable,,,,Unconfirmed,Current UK platform unverified,Research required,,1876251.4988009594,2886540.7673860914,4041157.074340528,7216351.918465229,,,,,Watchlist
House of Guinness,,,118600000,17100000.0,4,328846.1538461539,0.0,0.0,34.16067146282973,False,Mixed or limited evidence,IMDb match unavailable,,,,Unconfirmed,Current UK platform unverified,Research required,,1875277.2781774579,2885041.966426858,4039058.7529976014,7212604.916067146,,,,,Watchlist
A Nearly Normal Family,,,113400000,25000000.0,4,0.0,0.0,,34.040767386091126,False,Mixed or limited evidence,IMDb match unavailable,,,,Unconfirmed,Current UK platform unverified,Research required,,1870406.175059952,2877547.9616306955,4028567.1462829732,7193869.904076738,,,,,Watchlist
Castaway Diva,,,85400000,9700000.0,6,0.0,0.0,,34.0167865707434,False,Mixed or limited evidence,IMDb match unavailable,,,,Unconfirmed,Current UK platform unverified,Research required,,1869431.9544364505,2876049.1606714623,4026468.8249400468,7190122.901678655,,,,,Watchlist
Celebrity,,,113200000,12600000.0,4,0.0,0.0,,33.992805755395686,False,Mixed or limited evidence,IMDb match unavailable,,,,Unconfirmed,Current UK platform unverified,Research required,,1868457.7338129496,2874550.35971223,4024370.5035971217,7186375.899280575,,,,,Watchlist
Triptych,,,113170000,,4,0.0,0.0,,33.96882494004796,False,Mixed or limited evidence,IMDb match unavailable,,,,Unconfirmed,Current UK platform unverified,Research required,,1867483.5131894483,2873051.5587529973,4022272.182254196,7182628.896882493,,,,,Watchlist
Family Secrets,5.900000095367432,333,17360000,,2,0.0,0.0,,33.957557114890754,False,Mixed or limited evidence,Exact cleaned title - verify remakes,,,,Unconfirmed,Current UK platform unverified,Research required,,1867025.757792437,2872347.319680672,4021286.2475529406,7180868.29920168,,,,,Watchlist
Deceitful Love,,,111800000,23100000.0,4,0.0,0.0,,33.92086330935252,False,Mixed or limited evidence,IMDb match unavailable,,,,Unconfirmed,Current UK platform unverified,Research required,,1865535.071942446,2870053.9568345323,4018075.539568345,7175134.892086331,,,,,Watchlist
Gangs of Galicia,,,84100000,16000000.0,6,40384.61538461538,0.0,0.0,33.908872901678656,False,Mixed or limited evidence,IMDb match unavailable,,,,Unconfirmed,Current UK platform unverified,Research required,,1865047.9616306955,2869304.556354916,4017026.3788968823,7173261.39088729,,,,,Watchlist
Boyfriend on Demand,,,111600000,11300000.0,4,217307.6923076923,0.0,0.0,33.89688249400479,False,Mixed or limited evidence,IMDb match unavailable,,,,Unconfirmed,Current UK platform unverified,Research required,,1864560.8513189447,2868555.1558752996,4015977.218225419,7171387.889688249,,,,,Watchlist
Romance in the House,,,75900000,10500000.0,7,0.0,0.0,,33.87290167865707,False,Mixed or limited evidence,IMDb match unavailable,,,,Unconfirmed,Current UK platform unverified,Research required,,1863586.6306954438,2867056.3549160673,4013878.896882494,7167640.887290169,,,,,Watchlist
Senna,,,91800000,14500000.0,5,0.0,0.0,,33.87290167865707,False,Mixed or limited evidence,IMDb match unavailable,,,,Unconfirmed,Current UK platform unverified,Research required,,1863586.6306954438,2867056.3549160673,4013878.896882494,7167640.887290169,,,,,Watchlist
Hostage,,,110400000,30900000.0,4,386538.46153846156,0.0,0.0,33.82494004796163,False,Mixed or limited evidence,IMDb match unavailable,,,,Unconfirmed,Current UK platform unverified,Research required,,1861638.1894484414,2864058.752997602,4009682.2541966424,7160146.882494004,,,,,Watchlist
Woman of the Dead,,,91020000,6700000.0,5,0.0,0.0,,33.81294964028777,False,Mixed or limited evidence,IMDb match unavailable,,,,Unconfirmed,Current UK platform unverified,Research required,,1861151.0791366908,2863309.3525179857,4008633.0935251797,7158273.381294964,,,,,Watchlist
Chiquititas,,,67220000,,10,0.0,0.0,,33.78297362110312,False,Mixed or limited evidence,IMDb match unavailable,,,,Unconfirmed,Current UK platform unverified,Research required,,1859933.3033573143,2861435.851318945,4006010.191846523,7153589.6282973625,,,,,Watchlist
Parasyte: The Grey,,,109100000,21800000.0,4,0.0,0.0,,33.776978417266186,False,Mixed or limited evidence,IMDb match unavailable,,,,Unconfirmed,Current UK platform unverified,Research required,,1859689.748201439,2861061.151079137,4005485.6115107914,7152652.877697842,,,,,Watchlist
Physical: Asia,,,107100000,13600000.0,4,261538.46153846153,0.0,0.0,33.6810551558753,False,Mixed or limited evidence,IMDb match unavailable,,,,Unconfirmed,Current UK platform unverified,Research required,,1855792.8657074342,2855065.9472422064,3997092.3261390887,7137664.868105516,,,,,Watchlist
Life After Death with Tyler Henry,5.900000095367432,998,19580000,,1,0.0,0.0,,33.6096916946521,False,Mixed or limited evidence,Exact cleaned title - verify remakes,,,,Unconfirmed,Current UK platform unverified,Research required,,1852893.7250952418,2850605.7309157564,3990848.0232820585,7126514.327289391,,,,,Watchlist
Mask Girl,,,105600000,15400000.0,4,0.0,0.0,,33.58513189448441,False,Mixed or limited evidence,IMDb match unavailable,,,,Unconfirmed,Current UK platform unverified,Research required,,1851895.983213429,2849070.7434052755,3988699.0407673856,7122676.858513189,,,,,Watchlist
Mercy For None,,,89200000,17800000.0,5,0.0,0.0,,33.57314148681055,False,Mixed or limited evidence,IMDb match unavailable,,,,Unconfirmed,Current UK platform unverified,Research required,,1851408.8729016786,2848321.3429256594,3987649.880095923,7120803.357314149,,,,,Watchlist
American Murder: Gabby Petito,,,105300000,49000000.0,4,0.0,0.0,,33.537170263788965,False,Mixed or limited evidence,IMDb match unavailable,,,,Unconfirmed,Current UK platform unverified,Research required,,1849947.541966427,2846073.1414868105,3984502.3980815345,7115182.853717026,,,,,Watchlist
Hierarchy,,,103400000,13600000.0,4,0.0,0.0,,33.39328537170264,False,Mixed or limited evidence,IMDb match unavailable,,,,Unconfirmed,Current UK platform unverified,Research required,,1844102.2182254198,2837080.335731415,3971912.470023981,7092700.839328538,,,,,Watchlist
FOREVER,,,103200000,15900000.0,4,0.0,0.0,,33.36930455635492,False,Mixed or limited evidence,IMDb match unavailable,,,,Unconfirmed,Current UK platform unverified,Research required,,1843127.9976019186,2835581.5347721823,3969814.148681055,7088953.836930456,,,,,Watchlist
Elite Force,,,103000000,20900000.0,4,401923.07692307694,2700000.0,6.717703349282297,33.34532374100719,False,Mixed or limited evidence,IMDb match unavailable,,,,Unconfirmed,Current UK platform unverified,Research required,,1842153.7769784173,2834082.7338129496,3967715.8273381293,7085206.8345323745,,,,,Watchlist
Peppa Pig,6.300000190734863,5171,3500000,1700000.0,1,0.0,0.0,,33.31426556739407,False,Mixed or limited evidence,Exact cleaned title - verify remakes,,,,Unconfirmed,Current UK platform unverified,Research required,,1840892.038675384,2832141.597962129,3964998.23714698,7080353.994905323,,,,,Watchlist
Life on Our Planet,,,100300000,14500000.0,4,0.0,0.0,,33.20143884892086,False,Mixed or limited evidence,IMDb match unavailable,,,,Unconfirmed,Current UK platform unverified,Research required,,1836308.45323741,2825089.9280575537,3955125.899280575,7062724.820143884,,,,,Watchlist
American Murder: Laci Peterson,,,83000000,31200000.0,5,0.0,0.0,,33.093525179856115,False,Mixed or limited evidence,IMDb match unavailable,,,,Unconfirmed,Current UK platform unverified,Research required,,1831924.4604316547,2818345.323741007,3945683.4532374097,7045863.309352518,,,,,Watchlist
Queenmaker,,,99480000,,4,0.0,0.0,,33.05755395683453,False,Mixed or limited evidence,IMDb match unavailable,,,,Unconfirmed,Current UK platform unverified,Research required,,1830463.129496403,2816097.1223021583,3942535.9712230214,7040242.805755395,,,,,Watchlist
KAOS,,,98900000,14900000.0,4,0.0,0.0,,33.03357314148681,False,Mixed or limited evidence,IMDb match unavailable,,,,Unconfirmed,Current UK platform unverified,Research required,,1829488.9088729017,2814598.3213429255,3940437.6498800954,7036495.803357314,,,,,Watchlist
The 8 Show,,,80700000,11700000.0,5,0.0,0.0,,32.99760191846522,False,Mixed or limited evidence,IMDb match unavailable,,,,Unconfirmed,Current UK platform unverified,Research required,,1828027.5779376498,2812350.1199040767,3937290.167865707,7030875.299760192,,,,,Watchlist
Badly in Love,,,72600000,13500000.0,6,259615.38461538462,1950000.0,7.511111111111111,32.99760191846522,False,Mixed or limited evidence,IMDb match unavailable,,,,Unconfirmed,Current UK platform unverified,Research required,,1828027.5779376498,2812350.1199040767,3937290.167865707,7030875.299760192,,,,,Watchlist
American Manhunt: Osama bin Laden,,,98300000,32100000.0,4,0.0,0.0,,32.985611510791365,False,Mixed or limited evidence,IMDb match unavailable,,,,Unconfirmed,Current UK platform unverified,Research required,,1827540.467625899,2811600.71942446,3936241.007194244,7029001.79856115,,,,,Watchlist
Heavenly Ever After,,,80600000,9500000.0,5,0.0,0.0,,32.94964028776978,False,Mixed or limited evidence,IMDb match unavailable,,,,Unconfirmed,Current UK platform unverified,Research required,,1826079.1366906473,2809352.517985611,3933093.5251798555,7023381.2949640285,,,,,Watchlist
Jake Paul vs. Mike Tyson,,,233500000,48400000.0,2,0.0,0.0,,32.92565947242206,False,Mixed or limited evidence,IMDb match unavailable,,,,Unconfirmed,Current UK platform unverified,Research required,,1825104.9160671465,2807853.717026379,3930995.2038369305,7019634.292565947,,,,,Watchlist
A Man on the Inside,,,80400000,20200000.0,5,0.0,0.0,,32.92565947242206,False,Mixed or limited evidence,IMDb match unavailable,,,,Unconfirmed,Current UK platform unverified,Research required,,1825104.9160671465,2807853.717026379,3930995.2038369305,7019634.292565947,,,,,Watchlist
Top Secret UFO Projects: Declassified,5.5,1502,17040000,,1,0.0,0.0,,32.87843018997975,False,Mixed or limited evidence,Exact cleaned title - verify remakes,,,,Unconfirmed,Current UK platform unverified,Research required,,1823186.2264679277,2804901.8868737346,3926862.6416232283,7012254.717184337,,,,,Watchlist
The Asset,,,97100000,20500000.0,4,394230.76923076925,0.0,0.0,32.86570743405276,False,Mixed or limited evidence,IMDb match unavailable,,,,Unconfirmed,Current UK platform unverified,Research required,,1822669.3645083935,2804106.7146282974,3925749.400479616,7010266.786570744,,,,,Watchlist
The Survivors,,,95400000,19200000.0,4,0.0,0.0,,32.81774580335731,False,Mixed or limited evidence,IMDb match unavailable,,,,Unconfirmed,Current UK platform unverified,Research required,,1820720.9232613908,2801109.112709832,3921552.7577937646,7002772.78177458,,,,,Watchlist
Shahmaran,,,79390000,3400000.0,5,0.0,0.0,,32.781774580335735,False,Mixed or limited evidence,IMDb match unavailable,,,,Unconfirmed,Current UK platform unverified,Research required,,1819259.5923261393,2798860.9112709835,3918405.2757793767,6997152.278177459,,,,,Watchlist
Black Rabbit,,,128100000,16900000.0,3,325000.0,0.0,0.0,32.7757793764988,False,Mixed or limited evidence,IMDb match unavailable,,,,Unconfirmed,Current UK platform unverified,Research required,,1819016.0371702637,2798486.2110311748,3917880.695443644,6996215.527577937,,,,,Watchlist
Geek Girl,,,94200000,16800000.0,4,0.0,0.0,,32.76978417266187,False,Mixed or limited evidence,IMDb match unavailable,,,,Unconfirmed,Current UK platform unverified,Research required,,1818772.4820143885,2798111.510791367,3917356.1151079135,6995278.776978417,,,,,Watchlist
Blood Coast,,,78700000,15100000.0,5,73076.92307692308,0.0,0.0,32.73381294964028,False,Mixed or limited evidence,IMDb match unavailable,,,,Unconfirmed,Current UK platform unverified,Research required,,1817311.1510791369,2795863.309352518,3914208.633093525,6989658.273381295,,,,,Watchlist
Last Samurai Standing,,,94000000,18300000.0,4,351923.07692307694,0.0,0.0,32.697841726618705,False,Mixed or limited evidence,IMDb match unavailable,,,,Unconfirmed,Current UK platform unverified,Research required,,1815849.820143885,2793615.107913669,3911061.1510791364,6984037.769784173,,,,,Watchlist
Cashero,,,93800000,13400000.0,4,257692.3076923077,0.0,0.0,32.673860911270985,False,Mixed or limited evidence,IMDb match unavailable,,,,Unconfirmed,Current UK platform unverified,Research required,,1814875.599520384,2792116.306954437,3908962.8297362113,6980290.767386092,,,,,Watchlist
The Åre Murders,,,93600000,25800000.0,4,0.0,0.0,,32.64988009592326,False,Mixed or limited evidence,IMDb match unavailable,,,,Unconfirmed,Current UK platform unverified,Research required,,1813901.3788968825,2790617.5059952037,3906864.508393285,6976543.764988009,,,,,Watchlist
CoComelon Lane,,,61900000,17600000.0,8,0.0,0.0,,32.62589928057554,False,Mixed or limited evidence,IMDb match unavailable,,,,Unconfirmed,Current UK platform unverified,Research required,,1812927.1582733812,2789118.705035971,3904766.1870503593,6972796.762589928,,,,,Watchlist
Once Upon a Small Town,8.5,104,9050000,,1,0.0,0.0,,32.59487499820503,False,Mixed or limited evidence,Exact cleaned title - verify remakes,,,,Unconfirmed,Current UK platform unverified,Research required,,1811666.7968020793,2787179.6873878143,3902051.56234294,6967949.218469536,,,,,Watchlist
EDENS ZERO,7.199999809265137,1437,7470000,,1,0.0,0.0,,32.55294964247397,False,Mixed or limited evidence,Exact cleaned title - verify remakes,,,,Unconfirmed,Current UK platform unverified,Research required,,1809963.579225505,2784559.352654623,3898383.093716472,6961398.381636557,,,,,Watchlist
Trigger,,,91200000,11600000.0,4,0.0,0.0,,32.529976019184645,False,Mixed or limited evidence,IMDb match unavailable,,,,Unconfirmed,Current UK platform unverified,Research required,,1809030.2757793765,2783123.5011990406,3896372.9016786567,6957808.752997601,,,,,Watchlist
Heeramandi: The Diamond Bazaar,,,90900000,12400000.0,4,0.0,0.0,,32.48201438848921,False,Mixed or limited evidence,IMDb match unavailable,,,,Unconfirmed,Current UK platform unverified,Research required,,1807081.8345323745,2780125.899280576,3892176.258992806,6950314.74820144,,,,,Watchlist
See You in My 19th Life,,,74600000,9400000.0,5,0.0,0.0,,32.47002398081535,False,Mixed or limited evidence,IMDb match unavailable,,,,Unconfirmed,Current UK platform unverified,Research required,,1806594.7242206237,2779376.4988009594,3891127.098321343,6948441.247002399,,,,,Watchlist
Man Vs Baby,,,89700000,45600000.0,4,876923.0769230769,0.0,0.0,32.29016786570744,False,Mixed or limited evidence,IMDb match unavailable,,,,Unconfirmed,Current UK platform unverified,Research required,,1799288.069544365,2768135.491606715,3875389.688249401,6920338.729016788,,,,,Watchlist
Legends,,,88700000,15000000.0,4,288461.53846153844,0.0,0.0,32.21822541966427,False,Mixed or limited evidence,IMDb match unavailable,,,,Unconfirmed,Current UK platform unverified,Research required,,1796365.4076738614,2763639.0887290174,3869094.724220624,6909097.721822543,,,,,Watchlist
Worst Neighbor Ever,,,87900000,23300000.0,4,448076.92307692306,0.0,0.0,32.194244604316545,False,Mixed or limited evidence,IMDb match unavailable,,,,Unconfirmed,Current UK platform unverified,Research required,,1795391.1870503598,2762140.287769784,3866996.4028776977,6905350.71942446,,,,,Watchlist
The Upshaws,6.800000190734863,2767,4800000,1800000.0,1,0.0,0.0,,32.156344000456,False,Mixed or limited evidence,Exact cleaned title - verify remakes,,,,Unconfirmed,Current UK platform unverified,Research required,,1793851.4750185253,2759771.5000285003,3863680.1000399003,6899428.750071251,,,,,Watchlist
Crooks,,,87400000,12300000.0,4,0.0,0.0,,32.1462829736211,False,Mixed or limited evidence,IMDb match unavailable,,,,Unconfirmed,Current UK platform unverified,Research required,,1793442.7458033573,2759142.6858513188,3862799.760191846,6897856.714628297,,,,,Watchlist
Radioactive Emergency,,,87000000,16900000.0,4,325000.0,0.0,0.0,32.07434052757794,False,Mixed or limited evidence,IMDb match unavailable,,,,Unconfirmed,Current UK platform unverified,Research required,,1790520.0839328538,2754646.282973621,3856504.796163069,6886615.707434053,,,,,Watchlist
Undercover Miss Hong,,,70000000,6800000.0,5,130769.23076923077,0.0,0.0,32.014388489208635,False,Mixed or limited evidence,IMDb match unavailable,,,,Unconfirmed,Current UK platform unverified,Research required,,1788084.532374101,2750899.28057554,3851258.9928057557,6877248.20143885,,,,,Watchlist
Finding Ola,7.5,1677,4600000,800000.0,1,0.0,0.0,,31.98976148422579,False,Mixed or limited evidence,Exact cleaned title - verify remakes,,,,Unconfirmed,Current UK platform unverified,Research required,,1787084.0602966729,2749360.092764112,3849104.1298697568,6873400.231910281,,,,,Watchlist
A Time Called You,,,85700000,7000000.0,4,0.0,0.0,,31.978417266187048,False,Mixed or limited evidence,IMDb match unavailable,,,,Unconfirmed,Current UK platform unverified,Research required,,1786623.2014388489,2748651.0791366906,3848111.5107913665,6871627.697841726,,,,,Watchlist
The Great Indian Kapil Show,,,48500000,20700000.0,13,32692.30769230769,0.0,0.0,31.948441247002396,False,Mixed or limited evidence,IMDb match unavailable,,,,Unconfirmed,Current UK platform unverified,Research required,,1785405.4256594724,2746777.5779376496,3845488.6091127093,6866943.944844124,,,,,Watchlist
"Pablo Escobar, el patrón del mal",,,55530000,,8,0.0,0.0,,31.930455635491604,False,Mixed or limited evidence,IMDb match unavailable,,,,Unconfirmed,Current UK platform unverified,Research required,,1784674.7601918466,2745653.4772182256,3843914.8681055154,6864133.693045564,,,,,Watchlist
A Killer Paradox,,,85300000,11900000.0,4,0.0,0.0,,31.930455635491604,False,Mixed or limited evidence,IMDb match unavailable,,,,Unconfirmed,Current UK platform unverified,Research required,,1784674.7601918466,2745653.4772182256,3843914.8681055154,6864133.693045564,,,,,Watchlist
One Hundred Years of Solitude,,,85000000,9800000.0,4,0.0,0.0,,31.906474820143888,False,Mixed or limited evidence,IMDb match unavailable,,,,Unconfirmed,Current UK platform unverified,Research required,,1783700.5395683458,2744154.6762589933,3841816.5467625903,6860386.690647483,,,,,Watchlist
A Perfect Story,,,69500000,19000000.0,5,0.0,0.0,,31.894484412470025,False,Mixed or limited evidence,IMDb match unavailable,,,,Unconfirmed,Current UK platform unverified,Research required,,1783213.429256595,2743405.2757793767,3840767.386091127,6858513.189448442,,,,,Watchlist
House of Ninjas,,,84600000,11900000.0,4,0.0,0.0,,31.882494004796165,False,Mixed or limited evidence,IMDb match unavailable,,,,Unconfirmed,Current UK platform unverified,Research required,,1782726.3189448442,2742655.87529976,3839718.225419664,6856639.6882494,,,,,Watchlist
Mismatched,5.5,3976,7200000,1400000.0,1,0.0,0.0,,31.841870216401723,False,Mixed or limited evidence,Exact cleaned title - verify remakes,,,,Unconfirmed,Current UK platform unverified,Research required,,1781075.9775413203,2740116.888525108,3836163.643935151,6850292.22131277,,,,,Watchlist
The Cage,,,83600000,19500000.0,4,0.0,0.0,,31.810551558752998,False,Mixed or limited evidence,IMDb match unavailable,,,,Unconfirmed,Current UK platform unverified,Research required,,1779803.6570743406,2738159.4724220624,3833423.261390887,6845398.6810551565,,,,,Watchlist
Guillermo del Toro's Cabinet of Curiosities,,,106920000,,3,0.0,0.0,,31.792565947242206,False,Mixed or limited evidence,IMDb match unavailable,,,,Unconfirmed,Current UK platform unverified,Research required,,1779072.9916067147,2737035.371702638,3831849.520383693,6842588.429256595,,,,,Watchlist
That '90s Show,,,82300000,1800000.0,4,0.0,0.0,,31.76258992805755,False,Mixed or limited evidence,IMDb match unavailable,,,,Unconfirmed,Current UK platform unverified,Research required,,1777855.2158273382,2735161.870503597,3829226.6187050357,6837904.676258992,,,,,Watchlist
Resident Alien,,,67800000,8900000.0,5,0.0,0.0,,31.750599520383695,False,Mixed or limited evidence,IMDb match unavailable,,,,Unconfirmed,Current UK platform unverified,Research required,,1777368.1055155878,2734412.4700239813,3828177.4580335733,6836031.175059954,,,,,Watchlist
Jaguar,5.699999809265137,1848,11620000,,1,0.0,0.0,,31.735835668982105,False,Mixed or limited evidence,Exact cleaned title - verify remakes,,,,Unconfirmed,Current UK platform unverified,Research required,,1776768.324052398,2733489.7293113815,3826885.621035934,6833724.323278453,,,,,Watchlist
Cracow Monsters,5.5,1807,13260000,,1,0.0,0.0,,31.699744396099888,False,Mixed or limited evidence,Exact cleaned title - verify remakes,,,,Unconfirmed,Current UK platform unverified,Research required,,1775302.116091558,2731234.024756243,3823727.63465874,6828085.061890608,,,,,Watchlist
The Lørenskog Disappearance,6.099999904632568,668,16040000,,1,0.0,0.0,,31.600126079870794,False,Mixed or limited evidence,Exact cleaned title - verify remakes,,,,Unconfirmed,Current UK platform unverified,Research required,,1771255.1219947513,2725007.879991925,3815011.0319886943,6812519.699979812,,,,,Watchlist
The Glass Dome,,,79800000,17100000.0,4,0.0,0.0,,31.546762589928058,False,Mixed or limited evidence,IMDb match unavailable,,,,Unconfirmed,Current UK platform unverified,Research required,,1769087.2302158275,2721672.661870504,3810341.726618705,6804181.6546762595,,,,,Watchlist
Where is Marta?,6.800000190734863,1336,8640000,,1,0.0,0.0,,31.54551529814838,False,Mixed or limited evidence,Exact cleaned title - verify remakes,,,,Unconfirmed,Current UK platform unverified,Research required,,1769036.558987278,2721594.7061342737,3810232.588587983,6803986.765335685,,,,,Watchlist
Oasis,,,79000000,13700000.0,4,263461.53846153844,0.0,0.0,31.450839328537167,False,Mixed or limited evidence,IMDb match unavailable,,,,Unconfirmed,Current UK platform unverified,Research required,,1765190.3477218223,2715677.458033573,3801948.4412470018,6789193.645083932,,,,,Watchlist
Snowflake Mountain,5.400000095367432,1364,15020000,,1,0.0,0.0,,31.42334855359608,False,Mixed or limited evidence,Exact cleaned title - verify remakes,,,,Unconfirmed,Current UK platform unverified,Research required,,1764073.5349898408,2713959.284599755,3799542.9984396566,6784898.211499387,,,,,Watchlist
Queen,7.099999904632568,1240,7400000,,1,0.0,0.0,,31.408523673173395,False,Mixed or limited evidence,Exact cleaned title - verify remakes,,,,Unconfirmed,Current UK platform unverified,Research required,,1763471.2742226694,2713032.7295733374,3798245.821402672,6782581.823933343,,,,,Watchlist
Unchosen,,,100700000,22300000.0,3,428846.1538461539,0.0,0.0,31.384892086330936,False,Mixed or limited evidence,IMDb match unavailable,,,,Unconfirmed,Current UK platform unverified,Research required,,1762511.2410071944,2711555.7553956835,3796178.0575539568,6778889.388489209,,,,,Watchlist
High Tides,,,57600000,11100000.0,6,30769.23076923077,0.0,0.0,31.378896882494,False,Mixed or limited evidence,IMDb match unavailable,,,,Unconfirmed,Current UK platform unverified,Research required,,1762267.685851319,2711181.055155875,3795653.477218225,6777952.637889688,,,,,Watchlist
The Idaho Murders: College Nightmare,,,76300000,34200000.0,4,657692.3076923077,8550000.0,12.999999999999998,31.378896882494,False,Mixed or limited evidence,IMDb match unavailable,,,,Unconfirmed,Current UK platform unverified,Research required,,1762267.685851319,2711181.055155875,3795653.477218225,6777952.637889688,,,,,Watchlist
No Good Deed,,,75900000,16600000.0,4,0.0,0.0,,31.34292565947242,False,Mixed or limited evidence,IMDb match unavailable,,,,Unconfirmed,Current UK platform unverified,Research required,,1760806.354916067,2708932.8537170263,3792505.9952038364,6772332.134292565,,,,,Watchlist
Super PupZ,7.099999904632568,112,13770000,,1,0.0,0.0,,31.323442037882828,False,Mixed or limited evidence,Exact cleaned title - verify remakes,,,,Unconfirmed,Current UK platform unverified,Research required,,1760014.8327889899,2707715.1273676767,3790801.1783147473,6769287.818419192,,,,,Watchlist
Yu Yu Hakusho,,,75600000,18000000.0,4,0.0,0.0,,31.294964028776977,False,Mixed or limited evidence,IMDb match unavailable,,,,Unconfirmed,Current UK platform unverified,Research required,,1758857.9136690649,2705935.2517985613,3788309.3525179857,6764838.129496403,,,,,Watchlist
Muted,,,99660000,,3,0.0,0.0,,31.264988009592326,False,Mixed or limited evidence,IMDb match unavailable,,,,Unconfirmed,Current UK platform unverified,Research required,,1757640.1378896881,2704061.7505995203,3785686.450839328,6760154.376498801,,,,,Watchlist
Who Were We Running From?,,,75090000,,4,0.0,0.0,,31.187050359712227,False,Mixed or limited evidence,IMDb match unavailable,,,,Unconfirmed,Current UK platform unverified,Research required,,1754473.9208633094,2699190.6474820143,3778866.90647482,6747976.618705036,,,,,Watchlist
MH370: The Plane That Disappeared,,,98820000,,3,0.0,0.0,,31.169064748201436,False,Mixed or limited evidence,IMDb match unavailable,,,,Unconfirmed,Current UK platform unverified,Research required,,1753743.2553956835,2698066.54676259,3777293.1654676255,6745166.366906474,,,,,Watchlist
42 Days of Darkness,6.5,1200,9920000,,1,0.0,0.0,,31.137480434813824,False,Mixed or limited evidence,Exact cleaned title - verify remakes,,,,Unconfirmed,Current UK platform unverified,Research required,,1752460.1426643117,2696092.527175864,3774529.5380462096,6740231.3179396605,,,,,Watchlist
Open Your Eyes,6.5,1520,8220000,,1,0.0,0.0,,31.133136604488865,False,Mixed or limited evidence,Exact cleaned title - verify remakes,,,,Unconfirmed,Current UK platform unverified,Research required,,1752283.6745573601,2695821.037780554,3774149.452892775,6739552.594451385,,,,,Watchlist
SPRIGGAN,6.900000095367432,931,9120000,,1,0.0,0.0,,31.109361419949703,False,Mixed or limited evidence,Exact cleaned title - verify remakes,,,,Unconfirmed,Current UK platform unverified,Research required,,1751317.8076854567,2694335.0887468564,3772069.124245599,6735837.721867141,,,,,Watchlist
The Witcher: Blood Origin,,,98000000,,3,0.0,0.0,,31.09712230215827,False,Mixed or limited evidence,IMDb match unavailable,,,,Unconfirmed,Current UK platform unverified,Research required,,1750820.5935251797,2693570.1438848916,3770998.201438848,6733925.359712229,,,,,Watchlist
Delirium,4.5,370,20200000,3600000.0,2,0.0,0.0,,31.049254009965676,False,Mixed or limited evidence,Exact cleaned title - verify remakes,,,,Unconfirmed,Current UK platform unverified,Research required,,1748875.9441548556,2690578.3756228546,3766809.725871996,6726445.939057136,,,,,Watchlist
Phantom Lawyer,,,60100000,9500000.0,5,182692.3076923077,0.0,0.0,30.92326139088729,False,Mixed or limited evidence,IMDb match unavailable,,,,Unconfirmed,Current UK platform unverified,Research required,,1743757.4940047963,2682703.8369304556,3755785.3717026375,6706759.592326139,,,,,Watchlist
Octonauts: Above & Beyond,7.400000095367432,100,11730000,,1,0.0,0.0,,30.919755021236345,False,Mixed or limited evidence,Exact cleaned title - verify remakes,,,,Unconfirmed,Current UK platform unverified,Research required,,1743615.0477377265,2682484.6888272716,3755478.56435818,6706211.722068179,,,,,Watchlist
The Royals,,,72300000,12100000.0,4,0.0,0.0,,30.875299760191844,False,Mixed or limited evidence,IMDb match unavailable,,,,Unconfirmed,Current UK platform unverified,Research required,,1741809.0527577936,2679706.23501199,3751588.729016786,6699265.587529976,,,,,Watchlist
Devil May Cry,,,71400000,16800000.0,4,123076.92307692308,0.0,0.0,30.79136690647482,False,Mixed or limited evidence,IMDb match unavailable,,,,Unconfirmed,Current UK platform unverified,Research required,,1738399.2805755395,2674460.431654676,3744244.604316546,6686151.07913669,,,,,Watchlist
Bandidos,,,71200000,13400000.0,4,0.0,0.0,,30.755395683453234,False,Mixed or limited evidence,IMDb match unavailable,,,,Unconfirmed,Current UK platform unverified,Research required,,1736937.9496402876,2672212.230215827,3741097.1223021573,6680530.5755395675,,,,,Watchlist
The Seven Deadly Sins,,,70790000,,4,0.0,0.0,,30.731414868105517,False,Mixed or limited evidence,IMDb match unavailable,,,,Unconfirmed,Current UK platform unverified,Research required,,1735963.7290167867,2670713.4292565947,3738998.8009592323,6676783.573141487,,,,,Watchlist
Something Very Bad Is Going to Happen,,,91800000,14500000.0,3,278846.1538461539,0.0,0.0,30.725419664268582,False,Mixed or limited evidence,IMDb match unavailable,,,,Unconfirmed,Current UK platform unverified,Research required,,1735720.1738609113,2670338.7290167864,3738474.2206235006,6675846.822541966,,,,,Watchlist
Unlocked: A Jail Experiment,,,69800000,12600000.0,4,0.0,0.0,,30.68345323741007,False,Mixed or limited evidence,IMDb match unavailable,,,,Unconfirmed,Current UK platform unverified,Research required,,1734015.287769784,2667715.8273381293,3734802.1582733807,6669289.568345323,,,,,Watchlist
Testament: The Story of Moses,,,90600000,21300000.0,3,0.0,0.0,,30.593525179856112,False,Mixed or limited evidence,IMDb match unavailable,,,,Unconfirmed,Current UK platform unverified,Research required,,1730361.9604316545,2662095.3237410067,3726933.4532374092,6655238.309352517,,,,,Watchlist
The Midnight Club,,,90310000,,3,0.0,0.0,,30.569544364508396,False,Mixed or limited evidence,IMDb match unavailable,,,,Unconfirmed,Current UK platform unverified,Research required,,1729387.7398081534,2660596.5227817744,3724835.1318944837,6651491.306954436,,,,,Watchlist
Murder Mindfully,,,56100000,12800000.0,5,51923.07692307692,0.0,0.0,30.467625899280577,False,Mixed or limited evidence,IMDb match unavailable,,,,Unconfirmed,Current UK platform unverified,Research required,,1725247.3021582735,2654226.618705036,3715917.2661870504,6635566.54676259,,,,,Watchlist
Dive Club,6.199999809265137,912,11480000,,1,0.0,0.0,,30.421320813800374,False,Mixed or limited evidence,Exact cleaned title - verify remakes,,,,Unconfirmed,Current UK platform unverified,Research required,,1723366.15806064,2651332.5508625233,3711865.571207532,6628331.377156308,,,,,Watchlist
High Water,,,87170000,,3,0.0,0.0,,30.28177458033573,False,Mixed or limited evidence,IMDb match unavailable,,,,Unconfirmed,Current UK platform unverified,Research required,,1717697.0923261386,2642610.9112709826,3699655.2757793753,6606527.278177457,,,,,Watchlist
Territory,,,87100000,15100000.0,3,0.0,0.0,,30.257793764988012,False,Mixed or limited evidence,IMDb match unavailable,,,,Unconfirmed,Current UK platform unverified,Research required,,1716722.871702638,2641112.110311751,3697556.9544364507,6602780.275779377,,,,,Watchlist
Tires,,,54900000,14900000.0,5,100000.0,1300000.0,13.0,30.239808153477217,False,Mixed or limited evidence,IMDb match unavailable,,,,Unconfirmed,Current UK platform unverified,Research required,,1715992.2062350118,2639988.009592326,3695983.213429256,6599970.023980815,,,,,Watchlist
Taskaree: The Smuggler's Web,,,65300000,12000000.0,4,230769.23076923078,0.0,0.0,30.083932853717027,False,Mixed or limited evidence,IMDb match unavailable,,,,Unconfirmed,Current UK platform unverified,Research required,,1709659.7721822544,2630245.8033573143,3682344.12470024,6575614.508393286,,,,,Watchlist
"Malverde, el santo patrón",,,53640000,,5,0.0,0.0,,30.04796163069544,False,Mixed or limited evidence,IMDb match unavailable,,,,Unconfirmed,Current UK platform unverified,Research required,,1708198.4412470022,2627997.601918465,3679196.6426858506,6569994.004796162,,,,,Watchlist
Anthracite,,,65200000,13100000.0,4,0.0,0.0,,30.03597122302158,False,Mixed or limited evidence,IMDb match unavailable,,,,Unconfirmed,Current UK platform unverified,Research required,,1707711.330935252,2627248.201438849,3678147.4820143883,6568120.503597122,,,,,Watchlist
Danny Go!,,,41200000,20300000.0,9,390384.6153846154,875000.0,2.241379310344828,30.017985611510788,False,Mixed or limited evidence,IMDb match unavailable,,,,Unconfirmed,Current UK platform unverified,Research required,,1706980.6654676257,2626124.100719424,3676573.7410071935,6565310.25179856,,,,,Watchlist
The Bombing of Pan Am 103,,,84100000,14300000.0,3,275000.0,3575000.0,13.0,30.005995203836928,False,Mixed or limited evidence,IMDb match unavailable,,,,Unconfirmed,Current UK platform unverified,Research required,,1706493.5551558754,2625374.7002398083,3675524.580335731,6563436.75059952,,,,,Watchlist
Amy Bradley Is Missing,,,64300000,29000000.0,4,0.0,0.0,,29.96402877697842,False,Mixed or limited evidence,IMDb match unavailable,,,,Unconfirmed,Current UK platform unverified,Research required,,1704788.6690647483,2622751.798561151,3671852.517985611,6556879.496402878,,,,,Watchlist
The Signal,,,64200000,15400000.0,4,0.0,0.0,,29.940047961630693,False,Mixed or limited evidence,IMDb match unavailable,,,,Unconfirmed,Current UK platform unverified,Research required,,1703814.4484412468,2621252.997601918,3669754.1966426848,6553132.494004795,,,,,Watchlist
Lockwood & Co.,,,79910000,,3,0.0,0.0,,29.754196642685848,False,Mixed or limited evidence,IMDb match unavailable,,,,Unconfirmed,Current UK platform unverified,Research required,,1696264.2386091126,2609637.2901678653,3653492.206235011,6524093.225419663,,,,,Watchlist
The Lady's Companion,,,63000000,11200000.0,4,0.0,0.0,,29.74820143884892,False,Mixed or limited evidence,IMDb match unavailable,,,,Unconfirmed,Current UK platform unverified,Research required,,1696020.6834532374,2609262.5899280575,3652967.6258992804,6523156.474820144,,,,,Watchlist
Dear Hongrang,,,79900000,7200000.0,3,0.0,0.0,,29.730215827338125,False,Mixed or limited evidence,IMDb match unavailable,,,,Unconfirmed,Current UK platform unverified,Research required,,1695290.0179856112,2608138.4892086326,3651393.8848920856,6520346.223021582,,,,,Watchlist
World War II: From the Frontlines,,,62500000,12900000.0,4,0.0,0.0,,29.724220623501196,False,Mixed or limited evidence,IMDb match unavailable,,,,Unconfirmed,Current UK platform unverified,Research required,,1695046.462829736,2607763.788968825,3650869.3045563544,6519409.4724220615,,,,,Watchlist
The Apartment Job,,,51200000,9500000.0,5,182692.3076923077,700000.0,3.831578947368421,29.700239808153476,False,Mixed or limited evidence,IMDb match unavailable,,,,Unconfirmed,Current UK platform unverified,Research required,,1694072.2422062352,2606264.9880095925,3648770.9832134293,6515662.470023981,,,,,Watchlist
Yellowstone,,,79600000,10600000.0,3,0.0,0.0,,29.68225419664269,False,Mixed or limited evidence,IMDb match unavailable,,,,Unconfirmed,Current UK platform unverified,Research required,,1693341.5767386092,2605140.887290168,3647197.242206235,6512852.21822542,,,,,Watchlist
The Great Robbery of Brazil's Central Bank,6.400000095367432,572,10880000,,1,0.0,0.0,,29.637686065622386,False,Mixed or limited evidence,Exact cleaned title - verify remakes,,,,Unconfirmed,Current UK platform unverified,Research required,,1691530.9964159096,2602355.3791013993,3643297.530741959,6505888.447753498,,,,,Watchlist
Hot Wheels Let's Race,,,50900000,13800000.0,5,0.0,0.0,,29.60431654676259,False,Mixed or limited evidence,IMDb match unavailable,,,,Unconfirmed,Current UK platform unverified,Research required,,1690175.35971223,2600269.7841726616,3640377.6978417262,6500674.460431654,,,,,Watchlist
The Breakthrough,,,59900000,22600000.0,4,0.0,0.0,,29.556354916067146,False,Mixed or limited evidence,IMDb match unavailable,,,,Unconfirmed,Current UK platform unverified,Research required,,1688226.9184652278,2597272.1822541966,3636181.055155875,6493180.455635492,,,,,Watchlist
Scaredy Cats,6.400000095367432,368,12520000,,1,0.0,0.0,,29.522125819208746,False,Mixed or limited evidence,Exact cleaned title - verify remakes,,,,Unconfirmed,Current UK platform unverified,Research required,,1686836.3614053552,2595132.8637005463,3633186.0091807647,6487832.159251366,,,,,Watchlist
The Crystal Cuckoo,,,59800000,12400000.0,4,238461.53846153847,0.0,0.0,29.508393285371703,False,Mixed or limited evidence,IMDb match unavailable,,,,Unconfirmed,Current UK platform unverified,Research required,,1686278.4772182256,2594274.5803357316,3631984.412470024,6485686.4508393295,,,,,Watchlist
Apple Cider Vinegar,,,75600000,12200000.0,3,0.0,0.0,,29.454436450839328,False,Mixed or limited evidence,IMDb match unavailable,,,,Unconfirmed,Current UK platform unverified,Research required,,1684086.4808153477,2590902.278177458,3627263.189448441,6477255.695443645,,,,,Watchlist
Caught,,,75500000,14500000.0,3,0.0,0.0,,29.38249400479616,False,Mixed or limited evidence,IMDb match unavailable,,,,Unconfirmed,Current UK platform unverified,Research required,,1681163.8189448442,2586405.87529976,3620968.225419664,6466014.6882494,,,,,Watchlist
Baby Fever,6.5,712,9500000,3100000.0,1,0.0,0.0,,29.361787216933045,False,Mixed or limited evidence,Exact cleaned title - verify remakes,,,,Unconfirmed,Current UK platform unverified,Research required,,1680322.6056879049,2585111.701058315,3619156.381481641,6462779.252645788,,,,,Watchlist
Jurassic World: Chaos Theory,,,56200000,14300000.0,4,0.0,0.0,,29.208633093525183,False,Mixed or limited evidence,IMDb match unavailable,,,,Unconfirmed,Current UK platform unverified,Research required,,1674100.7194244608,2575539.568345324,3605755.3956834534,6438848.92086331,,,,,Watchlist
Typhoon Family,,,56200000,7200000.0,4,138461.53846153847,0.0,0.0,29.208633093525183,False,Mixed or limited evidence,IMDb match unavailable,,,,Unconfirmed,Current UK platform unverified,Research required,,1674100.7194244608,2575539.568345324,3605755.3956834534,6438848.92086331,,,,,Watchlist
Iron Reign,,,72700000,8700000.0,3,0.0,0.0,,29.13069544364508,False,Mixed or limited evidence,IMDb match unavailable,,,,Unconfirmed,Current UK platform unverified,Research required,,1670934.5023980816,2570668.4652278177,3598935.8513189447,6426671.163069544,,,,,Watchlist
BAKI-DOU: The Invincible Samurai,,,55800000,9000000.0,4,173076.92307692306,0.0,0.0,29.10071942446043,False,Mixed or limited evidence,IMDb match unavailable,,,,Unconfirmed,Current UK platform unverified,Research required,,1669716.7266187049,2568794.9640287766,3596312.949640287,6421987.410071941,,,,,Watchlist
The Dinosaurs,,,72600000,23400000.0,3,450000.0,0.0,0.0,29.0947242206235,False,Mixed or limited evidence,IMDb match unavailable,,,,Unconfirmed,Current UK platform unverified,Research required,,1669473.1714628302,2568420.2637889693,3595788.369304557,6421050.659472423,,,,,Watchlist
Michael Jackson: The Verdict,,,72500000,27500000.0,3,528846.1538461539,0.0,0.0,29.058752997601918,False,Mixed or limited evidence,IMDb match unavailable,,,,Unconfirmed,Current UK platform unverified,Research required,,1668011.840527578,2566172.06235012,3592640.8872901676,6415430.1558753,,,,,Watchlist
Bandi,,,71400000,9200000.0,3,176923.07692307694,0.0,0.0,28.95083932853717,False,Mixed or limited evidence,IMDb match unavailable,,,,Unconfirmed,Current UK platform unverified,Research required,,1663627.8477218228,2559427.4580335733,3583198.4412470027,6398568.645083933,,,,,Watchlist
Dead Boy Detectives,,,69600000,9600000.0,3,0.0,0.0,,28.782973621103114,False,Mixed or limited evidence,IMDb match unavailable,,,,Unconfirmed,Current UK platform unverified,Research required,,1656808.303357314,2548935.8513189447,3568510.1918465225,6372339.628297362,,,,,Watchlist
La Brea,,,69100000,9700000.0,3,40384.61538461538,0.0,0.0,28.72302158273381,False,Mixed or limited evidence,IMDb match unavailable,,,,Unconfirmed,Current UK platform unverified,Research required,,1654372.751798561,2545188.848920863,3563264.388489208,6362972.122302158,,,,,Watchlist
The Hawk,,,68800000,13300000.0,3,255769.23076923078,575000.0,2.2481203007518795,28.69904076738609,False,Mixed or limited evidence,IMDb match unavailable,,,,Unconfirmed,Current UK platform unverified,Research required,,1653398.5311750602,2543690.047961631,3561166.067146283,6359225.119904077,,,,,Watchlist
A Man in Full,,,68700000,15400000.0,3,0.0,0.0,,28.675059952038367,False,Mixed or limited evidence,IMDb match unavailable,,,,Unconfirmed,Current UK platform unverified,Research required,,1652424.3105515589,2542191.247002398,3559067.745803357,6355478.117505996,,,,,Watchlist
City of Shadows,,,52300000,10900000.0,4,209615.38461538462,0.0,0.0,28.57314148681055,False,Mixed or limited evidence,IMDb match unavailable,,,,Unconfirmed,Current UK platform unverified,Research required,,1648283.8729016786,2535821.3429256594,3550149.880095923,6339553.357314149,,,,,Watchlist
Old Money,,,67200000,11800000.0,3,226923.07692307694,0.0,0.0,28.483213429256594,False,Mixed or limited evidence,IMDb match unavailable,,,,Unconfirmed,Current UK platform unverified,Research required,,1644630.545563549,2530200.8393285368,3542281.1750599514,6325502.098321342,,,,,Watchlist
The Trunk,,,66700000,7900000.0,3,0.0,0.0,,28.45923261390887,False,Mixed or limited evidence,IMDb match unavailable,,,,Unconfirmed,Current UK platform unverified,Research required,,1643656.324940048,2528702.0383693045,3540182.8537170263,6321755.095923262,,,,,Watchlist
Under a Dark Sun,,,66400000,13600000.0,3,0.0,0.0,,28.43525179856115,False,Mixed or limited evidence,IMDb match unavailable,,,,Unconfirmed,Current UK platform unverified,Research required,,1642682.1043165468,2527203.237410072,3538084.5323741003,6318008.09352518,,,,,Watchlist
DEPP V HEARD,,,66100000,27200000.0,3,0.0,0.0,,28.387290167865704,False,Mixed or limited evidence,IMDb match unavailable,,,,Unconfirmed,Current UK platform unverified,Research required,,1640733.6630695444,2524205.635491607,3533887.889688249,6310514.0887290165,,,,,Watchlist
Women at War,,,66040000,,3,0.0,0.0,,28.363309352517984,False,Mixed or limited evidence,IMDb match unavailable,,,,Unconfirmed,Current UK platform unverified,Research required,,1639759.4424460428,2522706.8345323736,3531789.5683453227,6306767.0863309335,,,,,Watchlist
The Potato Lab,,,51000000,5900000.0,4,0.0,0.0,,28.357314148681056,False,Mixed or limited evidence,IMDb match unavailable,,,,Unconfirmed,Current UK platform unverified,Research required,,1639515.887290168,2522332.134292566,3531264.9880095925,6305830.335731415,,,,,Watchlist
Doona!,,,66000000,9400000.0,3,0.0,0.0,,28.315347721822544,False,Mixed or limited evidence,IMDb match unavailable,,,,Unconfirmed,Current UK platform unverified,Research required,,1637811.001199041,2519709.232613909,3527592.9256594726,6299273.081534773,,,,,Watchlist
No Tail to Tell,,,42300000,7600000.0,5,146153.84615384616,0.0,0.0,28.297362110311745,False,Mixed or limited evidence,IMDb match unavailable,,,,Unconfirmed,Current UK platform unverified,Research required,,1637080.3357314148,2518585.131894484,3526019.1846522777,6296462.82973621,,,,,Watchlist
Tokyo Swindlers,,,41900000,6800000.0,5,0.0,0.0,,28.249400479616305,False,Mixed or limited evidence,IMDb match unavailable,,,,Unconfirmed,Current UK platform unverified,Research required,,1635131.8944844122,2515587.5299760187,3521822.541966426,6288968.824940046,,,,,Watchlist
The Secret of the River,,,64500000,11600000.0,3,0.0,0.0,,28.17146282973621,False,Mixed or limited evidence,IMDb match unavailable,,,,Unconfirmed,Current UK platform unverified,Research required,,1631965.6774580337,2510716.426858513,3515002.9976019184,6276791.067146283,,,,,Watchlist
Néro the Assassin,,,63600000,9100000.0,3,175000.0,0.0,0.0,28.0515587529976,False,Mixed or limited evidence,IMDb match unavailable,,,,Unconfirmed,Current UK platform unverified,Research required,,1627094.5743405276,2503222.42206235,3504511.39088729,6258056.055155875,,,,,Watchlist
Trust Me: The False Prophet,,,63400000,19300000.0,3,371153.8461538461,0.0,0.0,28.015587529976017,False,Mixed or limited evidence,IMDb match unavailable,,,,Unconfirmed,Current UK platform unverified,Research required,,1625633.2434052755,2500974.2206235006,3501363.9088729005,6252435.551558752,,,,,Watchlist
Your Honor,,,63400000,6800000.0,3,0.0,0.0,,28.015587529976017,False,Mixed or limited evidence,IMDb match unavailable,,,,Unconfirmed,Current UK platform unverified,Research required,,1625633.2434052755,2500974.2206235006,3501363.9088729005,6252435.551558752,,,,,Watchlist
Master of the House,,,63300000,10700000.0,3,0.0,0.0,,27.967625899280574,False,Mixed or limited evidence,IMDb match unavailable,,,,Unconfirmed,Current UK platform unverified,Research required,,1623684.8021582733,2497976.6187050357,3497167.26618705,6244941.546762589,,,,,Watchlist
Boy Swallows Universe,,,63300000,9300000.0,3,0.0,0.0,,27.967625899280574,False,Mixed or limited evidence,IMDb match unavailable,,,,Unconfirmed,Current UK platform unverified,Research required,,1623684.8021582733,2497976.6187050357,3497167.26618705,6244941.546762589,,,,,Watchlist
Christmas Flow,5.900000095367432,745,9720000,,1,0.0,0.0,,27.870271254955952,False,Mixed or limited evidence,Exact cleaned title - verify remakes,,,,Unconfirmed,Current UK platform unverified,Research required,,1619729.7697325854,2491891.9534347467,3488648.734808645,6229729.883586867,,,,,Watchlist
My Liberation Notes,,,47270000,,4,0.0,0.0,,27.781774580335732,False,Mixed or limited evidence,IMDb match unavailable,,,,Unconfirmed,Current UK platform unverified,Research required,,1616134.5923261393,2486360.9112709835,3480905.2757793767,6215902.278177459,,,,,Watchlist
Straight to Hell,,,60100000,7200000.0,3,138461.53846153847,0.0,0.0,27.7757793764988,False,Mixed or limited evidence,IMDb match unavailable,,,,Unconfirmed,Current UK platform unverified,Research required,,1615891.037170264,2485986.211031175,3480380.695443645,6214965.5275779385,,,,,Watchlist
Unseen,,,59900000,4000000.0,3,0.0,0.0,,27.715827338129493,False,Mixed or limited evidence,IMDb match unavailable,,,,Unconfirmed,Current UK platform unverified,Research required,,1613455.4856115107,2482239.208633093,3475134.8920863303,6205598.021582733,,,,,Watchlist
Blood Sisters,5.300000190734863,947,11070000,,1,0.0,0.0,,27.667185626556318,False,Mixed or limited evidence,Exact cleaned title - verify remakes,,,,Unconfirmed,Current UK platform unverified,Research required,,1611479.4160788506,2479199.10165977,3470878.742323678,6197997.754149426,,,,,Watchlist
Cold Case: Who Killed JonBenét Ramsey,,,59400000,19800000.0,3,0.0,0.0,,27.64388489208633,False,Mixed or limited evidence,IMDb match unavailable,,,,Unconfirmed,Current UK platform unverified,Research required,,1610532.8237410071,2477742.8057553954,3468839.9280575532,6194357.014388489,,,,,Watchlist
Bet,,,59100000,10300000.0,3,0.0,0.0,,27.571942446043163,False,Mixed or limited evidence,IMDb match unavailable,,,,Unconfirmed,Current UK platform unverified,Research required,,1607610.1618705036,2473246.4028776977,3462544.9640287766,6183116.007194244,,,,,Watchlist
Behind Your Touch,,,46000000,6500000.0,4,0.0,0.0,,27.565947242206235,False,Mixed or limited evidence,IMDb match unavailable,,,,Unconfirmed,Current UK platform unverified,Research required,,1607366.6067146282,2472871.7026378894,3462020.383693045,6182179.256594723,,,,,Watchlist
My Happy Marriage,,,30800000,16200000.0,8,0.0,0.0,,27.55395683453237,False,Mixed or limited evidence,IMDb match unavailable,,,,Unconfirmed,Current UK platform unverified,Research required,,1606879.4964028774,2472122.302158273,3460971.223021582,6180305.7553956825,,,,,Watchlist
The Roast of Tom Brady,,,58900000,19200000.0,3,0.0,0.0,,27.547961630695443,False,Mixed or limited evidence,IMDb match unavailable,,,,Unconfirmed,Current UK platform unverified,Research required,,1606635.9412470027,2471747.6019184655,3460446.6426858515,6179369.004796164,,,,,Watchlist
Agatha Christie's Seven Dials,,,58200000,21600000.0,3,415384.6153846154,0.0,0.0,27.499999999999996,False,Mixed or limited evidence,IMDb match unavailable,,,,Unconfirmed,Current UK platform unverified,Research required,,1604687.5,2468750.0,3456250.0,6171875.0,,,,,Watchlist
The Dead Girls,,,57100000,8300000.0,3,159615.38461538462,0.0,0.0,27.452038369304553,False,Mixed or limited evidence,IMDb match unavailable,,,,Unconfirmed,Current UK platform unverified,Research required,,1602739.0587529975,2465752.3980815345,3452053.357314148,6164380.995203836,,,,,Watchlist
The Nurse,,,57050000,,3,0.0,0.0,,27.42805755395683,False,Mixed or limited evidence,IMDb match unavailable,,,,Unconfirmed,Current UK platform unverified,Research required,,1601764.8381294962,2464253.597122302,3449955.0359712224,6160633.992805755,,,,,Watchlist
Bad Dinosaurs,,,37400000,13200000.0,5,0.0,0.0,,27.4220623501199,False,Mixed or limited evidence,IMDb match unavailable,,,,Unconfirmed,Current UK platform unverified,Research required,,1601521.282973621,2463878.896882494,3449430.4556354913,6159697.2422062345,,,,,Watchlist
Thursday's Widows,,,44600000,10000000.0,4,0.0,0.0,,27.338129496402875,False,Mixed or limited evidence,IMDb match unavailable,,,,Unconfirmed,Current UK platform unverified,Research required,,1598111.510791367,2458633.0935251797,3442086.3309352514,6146582.733812949,,,,,Watchlist
The Frog,,,56100000,7300000.0,3,0.0,0.0,,27.320143884892083,False,Mixed or limited evidence,IMDb match unavailable,,,,Unconfirmed,Current UK platform unverified,Research required,,1597380.845323741,2457508.992805755,3440512.589928057,6143772.482014388,,,,,Watchlist
Captivating the King,,,44100000,5600000.0,4,0.0,0.0,,27.230215827338128,False,Mixed or limited evidence,IMDb match unavailable,,,,Unconfirmed,Current UK platform unverified,Research required,,1593727.5179856115,2451888.489208633,3432643.884892086,6129721.223021583,,,,,Watchlist
Sky High: The Series,,,55610000,,3,0.0,0.0,,27.212230215827336,False,Mixed or limited evidence,IMDb match unavailable,,,,Unconfirmed,Current UK platform unverified,Research required,,1592996.8525179853,2450764.388489208,3431070.143884891,6126910.971223021,,,,,Watchlist
Salvador,,,43900000,7100000.0,4,136538.46153846153,0.0,0.0,27.194244604316548,False,Mixed or limited evidence,IMDb match unavailable,,,,Unconfirmed,Current UK platform unverified,Research required,,1592266.1870503598,2449640.287769784,3429496.4028776977,6124100.71942446,,,,,Watchlist
THE DAYS,,,54260000,1700000.0,3,0.0,0.0,,27.044364508393283,False,Mixed or limited evidence,IMDb match unavailable,,,,Unconfirmed,Current UK platform unverified,Research required,,1586177.3081534773,2440272.7817745805,3416381.8944844124,6100681.954436451,,,,,Watchlist
Love to Hate You,,,54210000,,3,0.0,0.0,,27.020383693045563,False,Mixed or limited evidence,IMDb match unavailable,,,,Unconfirmed,Current UK platform unverified,Research required,,1585203.0875299762,2438773.9808153477,3414283.573141487,6096934.952038369,,,,,Watchlist
Karma,,,54200000,10100000.0,3,0.0,0.0,,26.99640287769784,False,Mixed or limited evidence,IMDb match unavailable,,,,Unconfirmed,Current UK platform unverified,Research required,,1584228.8669064748,2437275.179856115,3412185.251798561,6093187.949640287,,,,,Watchlist
Selling Tampa,4.599999904632568,874,14230000,,1,0.0,0.0,,26.98531972136478,False,Mixed or limited evidence,Exact cleaned title - verify remakes,,,,Unconfirmed,Current UK platform unverified,Research required,,1583778.6136804442,2436582.482585299,3411215.475619418,6091456.206463248,,,,,Watchlist
Missing: Dead or Alive?,,,54040000,5200000.0,3,100000.0,0.0,0.0,26.97242206235012,False,Mixed or limited evidence,IMDb match unavailable,,,,Unconfirmed,Current UK platform unverified,Research required,,1583254.646282974,2435776.3788968828,3410086.930455636,6089440.947242207,,,,,Watchlist
Lead Children,,,53700000,9400000.0,3,180769.23076923078,0.0,0.0,26.924460431654673,False,Mixed or limited evidence,IMDb match unavailable,,,,Unconfirmed,Current UK platform unverified,Research required,,1581306.2050359712,2432778.7769784173,3405890.287769784,6081946.942446044,,,,,Watchlist
Bodkin,,,53400000,9200000.0,3,0.0,0.0,,26.87649880095923,False,Mixed or limited evidence,IMDb match unavailable,,,,Unconfirmed,Current UK platform unverified,Research required,,1579357.7637889688,2429781.175059952,3401693.645083932,6074452.93764988,,,,,Watchlist
Should I Marry A Murderer?,,,53300000,21100000.0,3,405769.23076923075,0.0,0.0,26.82853717026379,False,Mixed or limited evidence,IMDb match unavailable,,,,Unconfirmed,Current UK platform unverified,Research required,,1577409.3225419666,2426783.573141487,3397497.0023980816,6066958.932853717,,,,,Watchlist
Rough Diamonds,,,52350000,,3,0.0,0.0,,26.756594724220623,False,Mixed or limited evidence,IMDb match unavailable,,,,Unconfirmed,Current UK platform unverified,Research required,,1574486.6606714628,2422287.1702637887,3391202.038369304,6055717.925659472,,,,,Watchlist
Inside Man,,,77910000,,2,0.0,0.0,,26.73860911270983,False,Mixed or limited evidence,IMDb match unavailable,,,,Unconfirmed,Current UK platform unverified,Research required,,1573755.995203837,2421163.0695443647,3389628.2973621106,6052907.673860911,,,,,Watchlist
Burn the House Down,,,52100000,8100000.0,3,0.0,0.0,,26.70863309352518,False,Mixed or limited evidence,IMDb match unavailable,,,,Unconfirmed,Current UK platform unverified,Research required,,1572538.2194244608,2419289.568345324,3387005.3956834534,6048223.92086331,,,,,Watchlist
Pedal to Metal,6.800000190734863,66,8150000,,1,0.0,0.0,,26.694785103860703,False,Mixed or limited evidence,Exact cleaned title - verify remakes,,,,Unconfirmed,Current UK platform unverified,Research required,,1571975.6448443413,2418424.068991294,3385793.6965878117,6046060.172478235,,,,,Watchlist
Survival of the Thickest,,,40600000,11300000.0,4,30769.23076923077,0.0,0.0,26.666666666666668,False,Mixed or limited evidence,IMDb match unavailable,,,,Unconfirmed,Current UK platform unverified,Research required,,1570833.3333333335,2416666.666666667,3383333.3333333335,6041666.666666668,,,,,Watchlist
Dated and Related,4.300000190734863,379,19800000,,1,0.0,0.0,,26.6332175914036,False,Mixed or limited evidence,Exact cleaned title - verify remakes,,,,Unconfirmed,Current UK platform unverified,Research required,,1569474.4646507713,2414576.099462725,3380406.539247815,6036440.248656813,,,,,Watchlist
The Abandons,,,75500000,14900000.0,2,286538.46153846156,0.0,0.0,26.558752997601914,False,Mixed or limited evidence,IMDb match unavailable,,,,Unconfirmed,Current UK platform unverified,Research required,,1566449.3405275778,2409922.0623501195,3373890.887290167,6024805.155875299,,,,,Watchlist
Quarterback,,,51200000,7900000.0,3,0.0,0.0,,26.552757793764986,False,Mixed or limited evidence,IMDb match unavailable,,,,Unconfirmed,Current UK platform unverified,Research required,,1566205.7853717026,2409547.3621103116,3373366.306954436,6023868.405275779,,,,,Watchlist
Treason,,,74520000,,2,0.0,0.0,,26.47482014388489,False,Mixed or limited evidence,IMDb match unavailable,,,,Unconfirmed,Current UK platform unverified,Research required,,1563039.568345324,2404676.258992806,3366546.762589928,6011690.647482015,,,,,Watchlist
DI4RIES,7.099999904632568,317,4800000,1300000.0,1,0.0,0.0,,26.469516794843724,False,Mixed or limited evidence,Exact cleaned title - verify remakes,,,,Unconfirmed,Current UK platform unverified,Research required,,1562824.119790526,2404344.7996777324,3366082.719548825,6010861.9991943315,,,,,Watchlist
Sara - Woman in the Shadows,,,50900000,9400000.0,3,0.0,0.0,,26.456834532374096,False,Mixed or limited evidence,IMDb match unavailable,,,,Unconfirmed,Current UK platform unverified,Research required,,1562308.9028776977,2403552.158273381,3364973.0215827334,6008880.3956834525,,,,,Watchlist
Human Vapor,,,50500000,7000000.0,3,134615.38461538462,0.0,0.0,26.420863309352516,False,Mixed or limited evidence,IMDb match unavailable,,,,Unconfirmed,Current UK platform unverified,Research required,,1560847.571942446,2401303.9568345323,3361825.539568345,6003259.892086331,,,,,Watchlist
Finding Her Edge,,,73600000,12200000.0,2,234615.38461538462,0.0,0.0,26.378896882494,False,Mixed or limited evidence,IMDb match unavailable,,,,Unconfirmed,Current UK platform unverified,Research required,,1559142.685851319,2398681.055155875,3358153.477218225,5996702.637889688,,,,,Watchlist
Operation Safed Sagar: The Highest Air Force Mission,,,49800000,9000000.0,3,173076.92307692306,2250000.0,13.000000000000002,26.324940047961633,False,Mixed or limited evidence,IMDb match unavailable,,,,Unconfirmed,Current UK platform unverified,Research required,,1556950.6894484414,2395308.752997602,3353432.2541966424,5988271.882494004,,,,,Watchlist
Sleeping Dog,,,49600000,9600000.0,3,0.0,0.0,,26.276978417266182,False,Mixed or limited evidence,IMDb match unavailable,,,,Unconfirmed,Current UK platform unverified,Research required,,1555002.2482014387,2392311.1510791364,3349235.611510791,5980777.877697841,,,,,Watchlist
At Home With The Furys,,,49200000,9100000.0,3,53846.153846153844,0.0,0.0,26.252997601918466,False,Mixed or limited evidence,IMDb match unavailable,,,,Unconfirmed,Current UK platform unverified,Research required,,1554028.0275779373,2390812.3501199037,3347137.290167865,5977030.875299759,,,,,Watchlist
Outlast,,,49030000,4400000.0,3,0.0,0.0,,26.229016786570742,False,Mixed or limited evidence,IMDb match unavailable,,,,Unconfirmed,Current UK platform unverified,Research required,,1553053.8069544365,2389313.5491606714,3345038.96882494,5973283.872901678,,,,,Watchlist
Arnold,,,48710000,7700000.0,3,0.0,0.0,,26.1810551558753,False,Mixed or limited evidence,IMDb match unavailable,,,,Unconfirmed,Current UK platform unverified,Research required,,1551105.3657074342,2386315.9472422064,3340842.3261390887,5965789.868105516,,,,,Watchlist
Dancing for the Devil: The 7M TikTok Cult,,,47900000,17900000.0,3,0.0,0.0,,26.133093525179856,False,Mixed or limited evidence,IMDb match unavailable,,,,Unconfirmed,Current UK platform unverified,Research required,,1549156.9244604313,2383318.3453237405,3336645.6834532367,5958295.863309352,,,,,Watchlist
SPY x FAMILY,,,37300000,5900000.0,4,0.0,0.0,,26.07913669064748,False,Mixed or limited evidence,IMDb match unavailable,,,,Unconfirmed,Current UK platform unverified,Research required,,1546964.928057554,2379946.0431654677,3331924.4604316545,5949865.107913669,,,,,Watchlist
Pedro el escamoso,,,37250000,,4,0.0,0.0,,26.055155875299757,False,Mixed or limited evidence,IMDb match unavailable,,,,Unconfirmed,Current UK platform unverified,Research required,,1545990.7074340528,2378447.242206235,3329826.139088729,5946118.105515587,,,,,Watchlist
Detective Forst,,,47400000,11100000.0,3,0.0,0.0,,26.01318944844125,False,Mixed or limited evidence,IMDb match unavailable,,,,Unconfirmed,Current UK platform unverified,Research required,,1544285.821342926,2375824.3405275783,3326154.0767386095,5939560.851318946,,,,,Watchlist
Between Lands,,,47300000,5400000.0,3,0.0,0.0,,25.989208633093526,False,Mixed or limited evidence,IMDb match unavailable,,,,Unconfirmed,Current UK platform unverified,Research required,,1543311.6007194244,2374325.539568345,3324055.755395683,5935813.848920863,,,,,Watchlist
Simone Biles Rising,,,30800000,17500000.0,5,0.0,0.0,,25.935251798561147,False,Mixed or limited evidence,IMDb match unavailable,,,,Unconfirmed,Current UK platform unverified,Research required,,1541119.6043165468,2370953.237410072,3319334.5323741003,5927383.09352518,,,,,Watchlist
Obsession,,,68010000,,2,0.0,0.0,,25.827338129496404,False,Mixed or limited evidence,IMDb match unavailable,,,,Unconfirmed,Current UK platform unverified,Research required,,1536735.6115107914,2364208.633093525,3309892.086330935,5910521.582733813,,,,,Watchlist
Song of the Bandits,,,46200000,5300000.0,3,0.0,0.0,,25.74940047961631,False,Mixed or limited evidence,IMDb match unavailable,,,,Unconfirmed,Current UK platform unverified,Research required,,1533569.3944844126,2359337.529976019,3303072.5419664267,5898343.824940048,,,,,Watchlist
S.W.A.T.,,,45960000,,3,0.0,0.0,,25.70143884892086,False,Mixed or limited evidence,IMDb match unavailable,,,,Unconfirmed,Current UK platform unverified,Research required,,1531620.95323741,2356339.9280575537,3298875.899280575,5890849.820143884,,,,,Watchlist
Just One Look,,,45300000,10100000.0,3,0.0,0.0,,25.605515587529975,False,Mixed or limited evidence,IMDb match unavailable,,,,Unconfirmed,Current UK platform unverified,Research required,,1527724.0707434053,2350344.7242206233,3290482.6139088725,5875861.810551558,,,,,Watchlist
Losing Judgment,,,43900000,5000000.0,3,96153.84615384616,0.0,0.0,25.353717026378895,False,Mixed or limited evidence,IMDb match unavailable,,,,Unconfirmed,Current UK platform unverified,Research required,,1517494.7541966427,2334607.314148681,3268450.239808153,5836518.285371702,,,,,Watchlist
Fred and Rose West: A British Horror Story,,,43600000,16600000.0,3,0.0,0.0,,25.29376498800959,False,Mixed or limited evidence,IMDb match unavailable,,,,Unconfirmed,Current UK platform unverified,Research required,,1515059.2026378894,2330860.311750599,3263204.4364508386,5827150.7793764975,,,,,Watchlist
Ludik,5.400000095367432,412,9860000,,1,0.0,0.0,,25.14577779583104,False,Mixed or limited evidence,Exact cleaned title - verify remakes,,,,Unconfirmed,Current UK platform unverified,Research required,,1509047.222955636,2321611.11223944,3250255.557135216,5804027.780598599,,,,,Watchlist
Castlevania: Nocturne,,,33000000,8600000.0,4,0.0,0.0,,25.119904076738607,False,Mixed or limited evidence,IMDb match unavailable,,,,Unconfirmed,Current UK platform unverified,Research required,,1507996.103117506,2319994.004796163,3247991.606714628,5799985.0119904075,,,,,Watchlist
"House, M.D.",,,63200000,4000000.0,2,0.0,0.0,,25.107913669064747,False,Mixed or limited evidence,IMDb match unavailable,,,,Unconfirmed,Current UK platform unverified,Research required,,1507508.9928057552,2319244.6043165466,3246942.446043165,5798111.510791367,,,,,Watchlist
Toxic Town,,,41600000,11300000.0,3,0.0,0.0,,25.053956834532375,False,Mixed or limited evidence,IMDb match unavailable,,,,Unconfirmed,Current UK platform unverified,Research required,,1505316.996402878,2315872.3021582738,3242221.223021583,5789680.755395684,,,,,Watchlist
The Hijacking of Flight 601,,,41500000,7900000.0,3,0.0,0.0,,25.02997601918465,False,Mixed or limited evidence,IMDb match unavailable,,,,Unconfirmed,Current UK platform unverified,Research required,,1504342.7757793765,2314373.5011990406,3240122.9016786567,5785933.752997601,,,,,Watchlist
Daily Dose of Sunshine,,,59900000,4600000.0,2,0.0,0.0,,24.892086330935253,False,Mixed or limited evidence,IMDb match unavailable,,,,Unconfirmed,Current UK platform unverified,Research required,,1498741.0071942448,2305755.3956834534,3228057.5539568346,5764388.489208633,,,,,Watchlist
"Old Dog, New Tricks",,,40600000,9700000.0,3,186538.46153846153,0.0,0.0,24.826139088729015,False,Mixed or limited evidence,IMDb match unavailable,,,,Unconfirmed,Current UK platform unverified,Research required,,1496061.9004796161,2301633.693045563,3222287.170263788,5754084.232613908,,,,,Watchlist
Conversations with a Killer: The Jeffrey Dahmer Tapes,,,59110000,,2,0.0,0.0,,24.772182254196647,False,Mixed or limited evidence,IMDb match unavailable,,,,Unconfirmed,Current UK platform unverified,Research required,,1493869.9040767387,2298261.3908872902,3217565.947242206,5745653.477218226,,,,,Watchlist
Unicorn Academy,,,40200000,8700000.0,3,0.0,0.0,,24.742206235011988,False,Mixed or limited evidence,IMDb match unavailable,,,,Unconfirmed,Current UK platform unverified,Research required,,1492652.128297362,2296387.889688249,3214943.045563549,5740969.724220623,,,,,Watchlist
IC 814: The Kandahar Hijack,,,40100000,9000000.0,3,0.0,0.0,,24.706235011990408,False,Mixed or limited evidence,IMDb match unavailable,,,,Unconfirmed,Current UK platform unverified,Research required,,1491190.7973621106,2294139.688249401,3211795.563549161,5735349.2206235025,,,,,Watchlist
That Night,,,40100000,9800000.0,3,188461.53846153847,0.0,0.0,24.706235011990408,False,Mixed or limited evidence,IMDb match unavailable,,,,Unconfirmed,Current UK platform unverified,Research required,,1491190.7973621106,2294139.688249401,3211795.563549161,5735349.2206235025,,,,,Watchlist
Santo,5.0,417,10650000,,1,0.0,0.0,,24.620148192822985,False,Mixed or limited evidence,Exact cleaned title - verify remakes,,,,Unconfirmed,Current UK platform unverified,Research required,,1487693.5203334338,2288759.2620514366,3204262.966872011,5721898.155128592,,,,,Watchlist
Million Dollar Secret,,,39500000,9300000.0,3,50000.0,0.0,0.0,24.598321342925654,False,Mixed or limited evidence,IMDb match unavailable,,,,Unconfirmed,Current UK platform unverified,Research required,,1486806.8045563546,2287395.0839328533,3202353.1175059946,5718487.709832134,,,,,Watchlist
Bad Surgeon: Love Under the Knife,,,39200000,14700000.0,3,0.0,0.0,,24.550359712230215,False,Mixed or limited evidence,IMDb match unavailable,,,,Unconfirmed,Current UK platform unverified,Research required,,1484858.3633093527,2284397.482014389,3198156.474820144,5710993.7050359715,,,,,Watchlist
The Ba***ds of Bollywood,,,39000000,7400000.0,3,142307.6923076923,0.0,0.0,24.490407673860908,False,Mixed or limited evidence,IMDb match unavailable,,,,Unconfirmed,Current UK platform unverified,Research required,,1482422.8117505994,2280650.4796163067,3192910.671462829,5701626.199040767,,,,,Watchlist
Fit for TV: The Reality of the Biggest Loser,,,38900000,18500000.0,3,48076.92307692308,0.0,0.0,24.454436450839328,False,Mixed or limited evidence,IMDb match unavailable,,,,Unconfirmed,Current UK platform unverified,Research required,,1480961.4808153477,2278402.278177458,3189763.189448441,5696005.695443645,,,,,Watchlist
Florida Man,,,55690000,,2,0.0,0.0,,24.412470023980816,False,Mixed or limited evidence,IMDb match unavailable,,,,Unconfirmed,Current UK platform unverified,Research required,,1479256.594724221,2275779.376498801,3186091.1270983214,5689448.441247003,,,,,Watchlist
Rivers of Fate,,,38100000,10500000.0,3,101923.07692307692,0.0,0.0,24.38249400479616,False,Mixed or limited evidence,IMDb match unavailable,,,,Unconfirmed,Current UK platform unverified,Research required,,1478038.8189448442,2273905.87529976,3183468.225419664,5684764.6882494,,,,,Watchlist
Mr. Plankton,,,55600000,5300000.0,2,0.0,0.0,,24.364508393285373,False,Mixed or limited evidence,IMDb match unavailable,,,,Unconfirmed,Current UK platform unverified,Research required,,1477308.1534772185,2272781.774580336,3181894.4844124704,5681954.436450841,,,,,Watchlist
"The Program: Cons, Cults and Kidnapping",,,37400000,11700000.0,3,0.0,0.0,,24.274580335731414,False,Mixed or limited evidence,IMDb match unavailable,,,,Unconfirmed,Current UK platform unverified,Research required,,1473654.826139089,2267161.2709832136,3174025.779376499,5667903.177458034,,,,,Watchlist
Baby Bandito,,,36700000,7100000.0,3,0.0,0.0,,24.046762589928054,False,Mixed or limited evidence,IMDb match unavailable,,,,Unconfirmed,Current UK platform unverified,Research required,,1464399.7302158272,2252922.6618705033,3154091.7266187044,5632306.654676259,,,,,Watchlist
No One Saw Us Leave,,,52800000,12800000.0,2,246153.84615384616,0.0,0.0,23.980815347721823,False,Mixed or limited evidence,IMDb match unavailable,,,,Unconfirmed,Current UK platform unverified,Research required,,1461720.6235011993,2248800.9592326144,3148321.34292566,5622002.3980815355,,,,,Watchlist
Asterix & Obelix: The Big Fight,,,36300000,12000000.0,3,0.0,0.0,,23.962829736211027,False,Mixed or limited evidence,IMDb match unavailable,,,,Unconfirmed,Current UK platform unverified,Research required,,1460989.958033573,2247676.8585131895,3146747.601918465,5619192.146282974,,,,,Watchlist
Idol I,,,28300000,5700000.0,4,109615.38461538461,0.0,0.0,23.92086330935252,False,Mixed or limited evidence,IMDb match unavailable,,,,Unconfirmed,Current UK platform unverified,Research required,,1459285.071942446,2245053.9568345323,3143075.539568345,5612634.892086331,,,,,Watchlist
7 Bears,,,35800000,7800000.0,3,0.0,0.0,,23.902877697841724,False,Mixed or limited evidence,IMDb match unavailable,,,,Unconfirmed,Current UK platform unverified,Research required,,1458554.40647482,2243929.856115108,3141501.7985611507,5609824.64028777,,,,,Watchlist
The Monster of Florence,,,52000000,13000000.0,2,250000.0,0.0,0.0,23.860911270983213,False,Mixed or limited evidence,IMDb match unavailable,,,,Unconfirmed,Current UK platform unverified,Research required,,1456849.5203836933,2241306.954436451,3137829.7362110317,5603267.386091128,,,,,Watchlist
1883,,,51300000,5500000.0,2,0.0,0.0,,23.78896882494005,False,Mixed or limited evidence,IMDb match unavailable,,,,Unconfirmed,Current UK platform unverified,Research required,,1453926.8585131895,2236810.551558753,3131534.772182254,5592026.378896883,,,,,Watchlist
The Amazing Digital Circus,,,27500000,10700000.0,4,71153.84615384616,0.0,0.0,23.752997601918462,False,Mixed or limited evidence,IMDb match unavailable,,,,Unconfirmed,Current UK platform unverified,Research required,,1452465.5275779373,2234562.3501199037,3128387.290167865,5586405.875299759,,,,,Watchlist
The Devil's Plan,,,35000000,5500000.0,3,0.0,0.0,,23.699040767386094,False,Mixed or limited evidence,IMDb match unavailable,,,,Unconfirmed,Current UK platform unverified,Research required,,1450273.5311750602,2231190.047961631,3123666.067146283,5577975.119904077,,,,,Watchlist
Stranded with my Mother-in-Law,,,27300000,6200000.0,4,23076.923076923078,0.0,0.0,23.681055155875296,False,Mixed or limited evidence,IMDb match unavailable,,,,Unconfirmed,Current UK platform unverified,Research required,,1449542.865707434,2230065.947242206,3122092.3261390883,5575164.868105515,,,,,Watchlist
Wrath,,,34700000,7000000.0,3,134615.38461538462,1750000.0,13.0,23.639088729016787,False,Mixed or limited evidence,IMDb match unavailable,,,,Unconfirmed,Current UK platform unverified,Research required,,1447837.9796163067,2227443.045563549,3118420.2637889683,5568607.613908872,,,,,Watchlist
Holy Family,,,34400000,1400000.0,3,0.0,0.0,,23.59112709832134,False,Mixed or limited evidence,IMDb match unavailable,,,,Unconfirmed,Current UK platform unverified,Research required,,1445889.5383693045,2224445.443645084,3114223.6211031172,5561113.60911271,,,,,Watchlist
Reality Check: Inside America's Next Top Model,,,50200000,18000000.0,2,346153.8461538461,0.0,0.0,23.573141486810552,False,Mixed or limited evidence,IMDb match unavailable,,,,Unconfirmed,Current UK platform unverified,Research required,,1445158.8729016786,2223321.3429256594,3112649.880095923,5558303.357314149,,,,,Watchlist
This Is the Zodiac Speaking,,,34300000,15100000.0,3,0.0,0.0,,23.543165467625897,False,Mixed or limited evidence,IMDb match unavailable,,,,Unconfirmed,Current UK platform unverified,Research required,,1443941.0971223023,2221447.841726619,3110026.978417266,5553619.6043165475,,,,,Watchlist
American Manhunt: O.J. Simpson,,,49900000,10000000.0,2,0.0,0.0,,23.52517985611511,False,Mixed or limited evidence,IMDb match unavailable,,,,Unconfirmed,Current UK platform unverified,Research required,,1443210.431654676,2220323.741007194,3108453.2374100713,5550809.352517985,,,,,Watchlist
Midnight at the Pera Palace,,,33870000,1500000.0,3,0.0,0.0,,23.447242206235014,False,Mixed or limited evidence,IMDb match unavailable,,,,Unconfirmed,Current UK platform unverified,Research required,,1440044.2146282976,2215452.6378896884,3101633.6930455635,5538631.594724221,,,,,Watchlist
Dabba Cartel,,,33100000,5900000.0,3,0.0,0.0,,23.30335731414868,False,Mixed or limited evidence,IMDb match unavailable,,,,Unconfirmed,Current UK platform unverified,Research required,,1434198.8908872902,2206459.8321342925,3089043.7649880094,5516149.580335731,,,,,Watchlist
Mr. McMahon,,,47700000,8300000.0,2,0.0,0.0,,23.26139088729017,False,Mixed or limited evidence,IMDb match unavailable,,,,Unconfirmed,Current UK platform unverified,Research required,,1432494.004796163,2203836.9304556353,3085371.7026378894,5509592.326139089,,,,,Watchlist
If Only,,,32970000,,3,0.0,0.0,,23.25539568345324,False,Mixed or limited evidence,IMDb match unavailable,,,,Unconfirmed,Current UK platform unverified,Research required,,1432250.449640288,2203462.2302158275,3084847.1223021583,5508655.575539568,,,,,Watchlist
Departure,,,47600000,11200000.0,2,0.0,0.0,,23.225419664268586,False,Mixed or limited evidence,IMDb match unavailable,,,,Unconfirmed,Current UK platform unverified,Research required,,1431032.6738609113,2201588.7290167864,3082224.2206235006,5503971.822541966,,,,,Watchlist
The Roast of Kevin Hart,,,47600000,16600000.0,2,319230.76923076925,0.0,0.0,23.225419664268586,False,Mixed or limited evidence,IMDb match unavailable,,,,Unconfirmed,Current UK platform unverified,Research required,,1431032.6738609113,2201588.7290167864,3082224.2206235006,5503971.822541966,,,,,Watchlist
The Railway Men - The Untold Story Of Bhopal 1984,,,32600000,8200000.0,3,0.0,0.0,,23.17146282973621,False,Mixed or limited evidence,IMDb match unavailable,,,,Unconfirmed,Current UK platform unverified,Research required,,1428840.6774580337,2198216.426858513,3077502.9976019184,5495541.067146283,,,,,Watchlist
Lady Voyeur,,,46820000,,2,0.0,0.0,,23.069544364508392,False,Mixed or limited evidence,IMDb match unavailable,,,,Unconfirmed,Current UK platform unverified,Research required,,1424700.2398081534,2191846.5227817744,3068585.131894484,5479616.306954436,,,,,Watchlist
The Bequeathed,,,32100000,6800000.0,3,0.0,0.0,,23.06354916067146,False,Mixed or limited evidence,IMDb match unavailable,,,,Unconfirmed,Current UK platform unverified,Research required,,1424456.684652278,2191471.822541966,3068060.5515587525,5478679.556354916,,,,,Watchlist
Melo Movie,,,46800000,4600000.0,2,0.0,0.0,,23.04556354916067,False,Mixed or limited evidence,IMDb match unavailable,,,,Unconfirmed,Current UK platform unverified,Research required,,1423726.0191846523,2190347.7218225417,3066486.810551558,5475869.304556354,,,,,Watchlist
Temptation Island,,,46500000,5200000.0,2,48076.92307692308,0.0,0.0,23.021582733812952,False,Mixed or limited evidence,IMDb match unavailable,,,,Unconfirmed,Current UK platform unverified,Research required,,1422751.7985611511,2188848.9208633094,3064388.489208633,5472122.302158274,,,,,Watchlist
Outlast: The Jungle,,,46400000,7200000.0,2,138461.53846153847,0.0,0.0,22.973621103117505,False,Mixed or limited evidence,IMDb match unavailable,,,,Unconfirmed,Current UK platform unverified,Research required,,1420803.3573141487,2185851.318944844,3060191.8465227815,5464628.29736211,,,,,Watchlist
Flunked,,,31200000,7500000.0,3,144230.76923076922,0.0,0.0,22.919664268585134,False,Mixed or limited evidence,IMDb match unavailable,,,,Unconfirmed,Current UK platform unverified,Research required,,1418611.360911271,2182479.0167865707,3055470.623501199,5456197.541966427,,,,,Watchlist
1992,,,31000000,6900000.0,3,0.0,0.0,,22.847721822541967,False,Mixed or limited evidence,IMDb match unavailable,,,,Unconfirmed,Current UK platform unverified,Research required,,1415688.6990407675,2177982.613908873,3049175.6594724217,5444956.534772182,,,,,Watchlist
Tour de France: Unchained,,,24900000,4400000.0,4,0.0,0.0,,22.72182254196643,False,Mixed or limited evidence,IMDb match unavailable,,,,Unconfirmed,Current UK platform unverified,Research required,,1410574.040767386,2170113.9088729015,3038159.472422062,5425284.772182254,,,,,Watchlist
Half Bad: The Bastard Son & The Devil Himself,,,44720000,,2,0.0,0.0,,22.709832134292565,False,Mixed or limited evidence,IMDb match unavailable,,,,Unconfirmed,Current UK platform unverified,Research required,,1410086.9304556355,2169364.5083932853,3037110.311750599,5423411.270983214,,,,,Watchlist
Young Millionaires,,,30600000,7000000.0,3,19230.76923076923,0.0,0.0,22.703836930455633,False,Mixed or limited evidence,IMDb match unavailable,,,,Unconfirmed,Current UK platform unverified,Research required,,1409843.3752997601,2168989.808153477,3036585.7314148676,5422474.520383692,,,,,Watchlist
Gone Girls: The Long Island Serial Killer,,,44600000,16800000.0,2,0.0,0.0,,22.67386091127098,False,Mixed or limited evidence,IMDb match unavailable,,,,Unconfirmed,Current UK platform unverified,Research required,,1408625.5995203834,2167116.306954436,3033962.8297362104,5417790.76738609,,,,,Watchlist
Cash Queens,,,30200000,5200000.0,3,100000.0,0.0,0.0,22.583932853717027,False,Mixed or limited evidence,IMDb match unavailable,,,,Unconfirmed,Current UK platform unverified,Research required,,1404972.2721822544,2161495.8033573143,3026094.12470024,5403739.508393286,,,,,Watchlist
The Endless Night,,,43280000,,2,0.0,0.0,,22.44604316546763,False,Mixed or limited evidence,IMDb match unavailable,,,,Unconfirmed,Current UK platform unverified,Research required,,1399370.5035971226,2152877.697841727,3014028.7769784178,5382194.2446043175,,,,,Watchlist
Glamorous,,,43100000,5800000.0,2,0.0,0.0,,22.422062350119905,False,Mixed or limited evidence,IMDb match unavailable,,,,Unconfirmed,Current UK platform unverified,Research required,,1398396.282973621,2151378.896882494,3011930.4556354913,5378447.2422062345,,,,,Watchlist
Mandala Murders,,,29200000,5700000.0,3,0.0,0.0,,22.34412470023981,False,Mixed or limited evidence,IMDb match unavailable,,,,Unconfirmed,Current UK platform unverified,Research required,,1395230.0659472423,2146507.793764988,3005110.911270983,5366269.48441247,,,,,Watchlist
Bad Boy,3.799999952316284,1082,9100000,1700000.0,1,0.0,0.0,,22.285351455909204,False,Mixed or limited evidence,Exact cleaned title - verify remakes,,,,Unconfirmed,Current UK platform unverified,Research required,,1392842.4028963116,2142834.4659943255,2999968.2523920555,5357086.164985813,,,,,Watchlist
Dark Winds,,,29100000,6700000.0,3,53846.153846153844,0.0,0.0,22.272182254196643,False,Mixed or limited evidence,IMDb match unavailable,,,,Unconfirmed,Current UK platform unverified,Research required,,1392307.4040767387,2142011.3908872902,2998815.947242206,5355028.477218226,,,,,Watchlist
Alexander: The Making of a God,,,41400000,10600000.0,2,0.0,0.0,,22.18225419664269,False,Mixed or limited evidence,IMDb match unavailable,,,,Unconfirmed,Current UK platform unverified,Research required,,1388654.0767386092,2136390.887290168,2990947.242206235,5340977.21822542,,,,,Watchlist
Ronaldinho: The One and Only,,,28700000,10300000.0,3,198076.92307692306,0.0,0.0,22.152278177458033,False,Mixed or limited evidence,IMDb match unavailable,,,,Unconfirmed,Current UK platform unverified,Research required,,1387436.3009592327,2134517.386091127,2988324.340527578,5336293.465227818,,,,,Watchlist
Canelo Álvarez vs. Terence Crawford,,,69600000,17700000.0,1,340384.6153846154,0.0,0.0,22.152278177458033,False,Mixed or limited evidence,IMDb match unavailable,,,,Unconfirmed,Current UK platform unverified,Research required,,1387436.3009592327,2134517.386091127,2988324.340527578,5336293.465227818,,,,,Watchlist
First Love,,,28580000,,3,0.0,0.0,,22.12829736211031,False,Mixed or limited evidence,IMDb match unavailable,,,,Unconfirmed,Current UK platform unverified,Research required,,1386462.0803357314,2133018.5851318943,2986226.019184652,5332546.462829736,,,,,Watchlist
Special Ops: Lioness,,,41100000,6900000.0,2,0.0,0.0,,22.098321342925658,False,Mixed or limited evidence,IMDb match unavailable,,,,Unconfirmed,Current UK platform unverified,Research required,,1385244.3045563546,2131145.0839328533,2983603.1175059946,5327862.709832134,,,,,Watchlist
"Ashley Madison: Sex, Lies & Scandal",,,40900000,15800000.0,2,0.0,0.0,,22.062350119904078,False,Mixed or limited evidence,IMDb match unavailable,,,,Unconfirmed,Current UK platform unverified,Research required,,1383782.9736211032,2128896.882494005,2980455.635491607,5322242.206235012,,,,,Watchlist
Age of Attraction,,,40800000,7000000.0,2,134615.38461538462,0.0,0.0,22.03836930455636,False,Mixed or limited evidence,IMDb match unavailable,,,,Unconfirmed,Current UK platform unverified,Research required,,1382808.7529976019,2127398.081534772,2978357.314148681,5318495.203836931,,,,,Watchlist
The Museum of Innocence,,,40300000,5300000.0,2,101923.07692307692,0.0,0.0,21.942446043165468,False,Mixed or limited evidence,IMDb match unavailable,,,,Unconfirmed,Current UK platform unverified,Research required,,1378911.8705035972,2121402.8776978417,2969964.028776978,5303507.194244605,,,,,Watchlist
You Are What You Eat: A Twin Experiment,,,39800000,11900000.0,2,0.0,0.0,,21.84652278177458,False,Mixed or limited evidence,IMDb match unavailable,,,,Unconfirmed,Current UK platform unverified,Research required,,1375014.9880095923,2115407.6738609113,2961570.7434052755,5288519.184652278,,,,,Watchlist
Katrina: Come Hell and High Water,,,39600000,11100000.0,2,213461.53846153847,0.0,0.0,21.822541966426858,False,Mixed or limited evidence,IMDb match unavailable,,,,Unconfirmed,Current UK platform unverified,Research required,,1374040.7673860914,2113908.872901679,2959472.4220623504,5284772.182254197,,,,,Watchlist
Divorce Attorney Shin,,,27190000,,3,0.0,0.0,,21.81654676258993,False,Mixed or limited evidence,IMDb match unavailable,,,,Unconfirmed,Current UK platform unverified,Research required,,1373797.212230216,2113534.1726618707,2958947.841726619,5283835.431654677,,,,,Watchlist
The Seven Deadly Sins: Four Knights of the Apocalypse,,,27100000,5800000.0,3,0.0,0.0,,21.792565947242203,False,Mixed or limited evidence,IMDb match unavailable,,,,Unconfirmed,Current UK platform unverified,Research required,,1372822.9916067144,2112035.3717026375,2956849.5203836923,5280088.429256594,,,,,Watchlist
A Virtuous Business,,,27000000,4200000.0,3,0.0,0.0,,21.708633093525183,False,Mixed or limited evidence,IMDb match unavailable,,,,Unconfirmed,Current UK platform unverified,Research required,,1369413.2194244608,2106789.568345324,2949505.3956834534,5266973.92086331,,,,,Watchlist
Smother-in-Law,4.300000190734863,141,11070000,,1,0.0,0.0,,21.673173650508414,False,Mixed or limited evidence,Exact cleaned title - verify remakes,,,,Unconfirmed,Current UK platform unverified,Research required,,1367972.6795519046,2104573.353156776,2946402.6944194864,5261433.38289194,,,,,Watchlist
The Cleaning Lady,,,39000000,5400000.0,2,103846.15384615384,0.0,0.0,21.666666666666668,False,Mixed or limited evidence,IMDb match unavailable,,,,Unconfirmed,Current UK platform unverified,Research required,,1367708.3333333335,2104166.666666667,2945833.3333333335,5260416.666666668,,,,,Watchlist
Maestro in Blue,,,26760000,900000.0,3,0.0,0.0,,21.624700239808153,False,Mixed or limited evidence,IMDb match unavailable,,,,Unconfirmed,Current UK platform unverified,Research required,,1366003.4472422064,2101543.76498801,2942161.2709832136,5253859.412470024,,,,,Watchlist
Hitler and the Nazis: Evil on Trial,,,38800000,6100000.0,2,0.0,0.0,,21.606714628297365,False,Mixed or limited evidence,IMDb match unavailable,,,,Unconfirmed,Current UK platform unverified,Research required,,1365272.7817745802,2100419.664268585,2940587.5299760187,5251049.160671462,,,,,Watchlist
Goodbye Earth,,,37900000,3200000.0,2,0.0,0.0,,21.534772182254198,False,Mixed or limited evidence,IMDb match unavailable,,,,Unconfirmed,Current UK platform unverified,Research required,,1362350.119904077,2095923.2613908874,2934292.565947242,5239808.153477219,,,,,Watchlist
I Woke Up A Vampire,,,26100000,7400000.0,3,0.0,0.0,,21.288968824940046,False,Mixed or limited evidence,IMDb match unavailable,,,,Unconfirmed,Current UK platform unverified,Research required,,1352364.3585131892,2080560.5515587528,2912784.7721822537,5201401.378896882,,,,,Watchlist
Escaping Twin Flames,,,26100000,8900000.0,3,0.0,0.0,,21.288968824940046,False,Mixed or limited evidence,IMDb match unavailable,,,,Unconfirmed,Current UK platform unverified,Research required,,1352364.3585131892,2080560.5515587528,2912784.7721822537,5201401.378896882,,,,,Watchlist
The Pacific,,,36800000,4100000.0,2,0.0,0.0,,21.270983213429258,False,Mixed or limited evidence,IMDb match unavailable,,,,Unconfirmed,Current UK platform unverified,Research required,,1351633.6930455635,2079436.4508393286,2911211.0311750597,5198591.127098322,,,,,Watchlist
I Hate Christmas,,,26020000,1100000.0,3,0.0,0.0,,21.241007194244606,False,Mixed or limited evidence,IMDb match unavailable,,,,Unconfirmed,Current UK platform unverified,Research required,,1350415.9172661873,2077562.949640288,2908588.129496403,5193907.3741007205,,,,,Watchlist
American Manhunt: The Boston Marathon Bombing,,,36560000,,2,0.0,0.0,,21.19904076738609,False,Mixed or limited evidence,IMDb match unavailable,,,,Unconfirmed,Current UK platform unverified,Research required,,1348711.03117506,2074940.0479616306,2904916.0671462826,5187350.119904077,,,,,Watchlist
Kohrra,,,25900000,5300000.0,3,55769.230769230766,0.0,0.0,21.157074340527576,False,Mixed or limited evidence,IMDb match unavailable,,,,Unconfirmed,Current UK platform unverified,Research required,,1347006.145083933,2072317.1462829735,2901244.0047961627,5180792.865707434,,,,,Watchlist
The Leopard,,,36300000,6200000.0,2,0.0,0.0,,21.139088729016787,False,Mixed or limited evidence,IMDb match unavailable,,,,Unconfirmed,Current UK platform unverified,Research required,,1346275.479616307,2071193.0455635493,2899670.263788969,5177982.613908873,,,,,Watchlist
My Brilliant Career,,,36100000,7800000.0,2,150000.0,1950000.0,13.0,21.103117505995208,False,Possible short-term spike,IMDb match unavailable,,,,Unconfirmed,Current UK platform unverified,Research required,,1344814.1486810553,2068944.8441247004,2896522.7817745805,5172362.110311751,,,,,Watchlist
Bad Influence: The Dark Side of Kidfluencing,,,35400000,14000000.0,2,0.0,0.0,,21.043165467625897,False,Mixed or limited evidence,IMDb match unavailable,,,,Unconfirmed,Current UK platform unverified,Research required,,1342378.597122302,2065197.8417266186,2891276.9784172657,5162994.604316547,,,,,Watchlist
Better Late Than Single,,,25200000,4500000.0,3,28846.153846153848,0.0,0.0,21.013189448441246,False,Mixed or limited evidence,IMDb match unavailable,,,,Unconfirmed,Current UK platform unverified,Research required,,1341160.8213429255,2063324.3405275778,2888654.0767386085,5158310.851318944,,,,,Watchlist
RIPLEY,,,35300000,4800000.0,2,0.0,0.0,,20.995203836930457,False,Mixed or limited evidence,IMDb match unavailable,,,,Unconfirmed,Current UK platform unverified,Research required,,1340430.1558752998,2062200.2398081536,2887080.335731415,5155500.599520384,,,,,Watchlist
A Discovery of Witches,,,35100000,6100000.0,2,0.0,0.0,,20.93525179856115,False,Mixed or limited evidence,IMDb match unavailable,,,,Unconfirmed,Current UK platform unverified,Research required,,1337994.6043165468,2058453.237410072,2881834.5323741008,5146133.09352518,,,,,Watchlist
"Go Ahead, Brother",,,35000000,6000000.0,2,0.0,0.0,,20.875299760191847,False,Mixed or limited evidence,IMDb match unavailable,,,,Unconfirmed,Current UK platform unverified,Research required,,1335559.0527577938,2054706.2350119904,2876588.7290167864,5136765.587529976,,,,,Watchlist
Lock Upp,,,34200000,3400000.0,2,65384.61538461538,0.0,0.0,20.695443645083934,False,Mixed or limited evidence,IMDb match unavailable,,,,Unconfirmed,Current UK platform unverified,Research required,,1328252.3980815348,2043465.2278177459,2860851.318944844,5108663.069544365,,,,,Watchlist
Turning Point: The Bomb and the Cold War,,,34000000,3300000.0,2,0.0,0.0,,20.647482014388487,False,Mixed or limited evidence,IMDb match unavailable,,,,Unconfirmed,Current UK platform unverified,Research required,,1326303.9568345323,2040467.6258992804,2856654.6762589924,5101169.0647482015,,,,,Watchlist
The Yara Gambirasio Case: Beyond Reasonable Doubt,,,24500000,5700000.0,3,0.0,0.0,,20.641486810551555,False,Mixed or limited evidence,IMDb match unavailable,,,,Unconfirmed,Current UK platform unverified,Research required,,1326060.401678657,2040092.9256594721,2856130.095923261,5100232.31414868,,,,,Watchlist
Ancient Apocalypse,,,33520000,2200000.0,2,0.0,0.0,,20.5515587529976,False,Mixed or limited evidence,IMDb match unavailable,,,,Unconfirmed,Current UK platform unverified,Research required,,1322407.0743405274,2034472.42206235,2848261.39088729,5086181.055155875,,,,,Watchlist
Prison Cell 211,,,33200000,8900000.0,2,0.0,0.0,,20.51558752997602,False,Mixed or limited evidence,IMDb match unavailable,,,,Unconfirmed,Current UK platform unverified,Research required,,1320945.743405276,2032224.2206235013,2845113.908872902,5080560.5515587535,,,,,Watchlist
Supersex,,,33200000,5600000.0,2,0.0,0.0,,20.51558752997602,False,Mixed or limited evidence,IMDb match unavailable,,,,Unconfirmed,Current UK platform unverified,Research required,,1320945.743405276,2032224.2206235013,2845113.908872902,5080560.5515587535,,,,,Watchlist
Midsummer Night,,,23700000,9300000.0,3,0.0,0.0,,20.437649880095922,False,Mixed or limited evidence,IMDb match unavailable,,,,Unconfirmed,Current UK platform unverified,Research required,,1317779.5263788968,2027353.117505995,2838294.3645083928,5068382.793764988,,,,,Watchlist
Mad Unicorn,,,32600000,4500000.0,2,0.0,0.0,,20.347721822541967,False,Mixed or limited evidence,IMDb match unavailable,,,,Unconfirmed,Current UK platform unverified,Research required,,1314126.1990407675,2021732.613908873,2830425.6594724217,5054331.534772182,,,,,Watchlist
Rotten Legacy,,,32500000,4900000.0,2,0.0,0.0,,20.311750599520384,False,Mixed or limited evidence,IMDb match unavailable,,,,Unconfirmed,Current UK platform unverified,Research required,,1312664.8681055156,2019484.4124700238,2827278.1774580334,5048711.031175059,,,,,Watchlist
Class Act,,,23400000,3700000.0,3,0.0,0.0,,20.281774580335732,False,Mixed or limited evidence,IMDb match unavailable,,,,Unconfirmed,Current UK platform unverified,Research required,,1311447.092326139,2017610.9112709833,2824655.2757793763,5044027.278177458,,,,,Watchlist
I'm Not Afraid,,,32100000,7100000.0,2,136538.46153846153,0.0,0.0,20.239808153477217,False,Mixed or limited evidence,IMDb match unavailable,,,,Unconfirmed,Current UK platform unverified,Research required,,1309742.2062350118,2014988.009592326,2820983.213429256,5037470.023980815,,,,,Watchlist
Files of the Unexplained,,,32000000,6600000.0,2,0.0,0.0,,20.191846522781777,False,Mixed or limited evidence,IMDb match unavailable,,,,Unconfirmed,Current UK platform unverified,Research required,,1307793.7649880098,2011990.4076738611,2816786.5707434053,5029976.019184653,,,,,Watchlist
The Ultimatum: Queer Love,,,31920000,,2,0.0,0.0,,20.167865707434053,False,Mixed or limited evidence,IMDb match unavailable,,,,Unconfirmed,Current UK platform unverified,Research required,,1306819.5443645085,2010491.6067146284,2814688.2494004797,5026229.016786571,,,,,Watchlist
Big Mistakes,,,31600000,7100000.0,2,136538.46153846153,0.0,0.0,20.14388489208633,False,Mixed or limited evidence,IMDb match unavailable,,,,Unconfirmed,Current UK platform unverified,Research required,,1305845.3237410071,2008992.8057553957,2812589.9280575537,5022482.01438849,,,,,Watchlist
Vladimir,,,31100000,7700000.0,2,148076.92307692306,0.0,0.0,20.047961630695443,False,Mixed or limited evidence,IMDb match unavailable,,,,Unconfirmed,Current UK platform unverified,Research required,,1301948.4412470025,2002997.6019184652,2804196.642685851,5007494.004796163,,,,,Watchlist
The Decameron,,,30900000,4200000.0,2,0.0,0.0,,20.0,False,Mixed or limited evidence,IMDb match unavailable,,,,Unconfirmed,Current UK platform unverified,Research required,,1300000.0,2000000.0,2800000.0,5000000.0,,,,,Watchlist
Leanne,,,30700000,5500000.0,2,0.0,0.0,,19.928057553956833,False,Mixed or limited evidence,IMDb match unavailable,,,,Unconfirmed,Current UK platform unverified,Research required,,1297077.3381294964,1995503.597122302,2793705.035971223,4988758.992805755,,,,,Watchlist
BLUE EYE SAMURAI,,,30400000,4800000.0,2,0.0,0.0,,19.84412470023981,False,Mixed or limited evidence,IMDb match unavailable,,,,Unconfirmed,Current UK platform unverified,Research required,,1293667.5659472423,1990257.7937649882,2786360.9112709835,4975644.484412471,,,,,Watchlist
The Chosen One,,,30400000,7100000.0,2,0.0,0.0,,19.84412470023981,False,Mixed or limited evidence,IMDb match unavailable,,,,Unconfirmed,Current UK platform unverified,Research required,,1293667.5659472423,1990257.7937649882,2786360.9112709835,4975644.484412471,,,,,Watchlist
Romantics Anonymous,,,30300000,4700000.0,2,90384.61538461539,0.0,0.0,19.808153477218227,False,Mixed or limited evidence,IMDb match unavailable,,,,Unconfirmed,Current UK platform unverified,Research required,,1292206.2350119904,1988009.592326139,2783213.4292565947,4970023.980815347,,,,,Watchlist
Lies and Deceit,,,30280000,,2,0.0,0.0,,19.784172661870503,False,Mixed or limited evidence,IMDb match unavailable,,,,Unconfirmed,Current UK platform unverified,Research required,,1291232.014388489,1986510.7913669064,2781115.1079136687,4966276.978417266,,,,,Watchlist
The Evil Lawyer,,,30100000,4400000.0,2,84615.38461538461,0.0,0.0,19.73621103117506,False,Mixed or limited evidence,IMDb match unavailable,,,,Unconfirmed,Current UK platform unverified,Research required,,1289283.5731414868,1983513.1894484414,2776918.4652278177,4958782.973621104,,,,,Watchlist
Transatlantic,,,29780000,,2,0.0,0.0,,19.71223021582734,False,Mixed or limited evidence,IMDb match unavailable,,,,Unconfirmed,Current UK platform unverified,Research required,,1288309.3525179857,1982014.3884892089,2774820.143884892,4955035.971223022,,,,,Watchlist
Love Con Revenge,,,29600000,7100000.0,2,136538.46153846153,0.0,0.0,19.688249400479616,False,Mixed or limited evidence,IMDb match unavailable,,,,Unconfirmed,Current UK platform unverified,Research required,,1287335.1318944846,1980515.5875299762,2772721.8225419666,4951288.968824941,,,,,Watchlist
The Helicopter Heist,,,29300000,4900000.0,2,0.0,0.0,,19.616306954436453,False,Mixed or limited evidence,IMDb match unavailable,,,,Unconfirmed,Current UK platform unverified,Research required,,1284412.4700239808,1976019.1846522782,2766426.8585131895,4940047.9616306955,,,,,Watchlist
"Devotion, a Story of Love and Desire",,,29300000,,2,0.0,0.0,,19.616306954436453,False,Mixed or limited evidence,IMDb match unavailable,,,,Unconfirmed,Current UK platform unverified,Research required,,1284412.4700239808,1976019.1846522782,2766426.8585131895,4940047.9616306955,,,,,Watchlist
PAW Patrol,,,29270000,,2,0.0,0.0,,19.568345323741006,False,Mixed or limited evidence,IMDb match unavailable,,,,Unconfirmed,Current UK platform unverified,Research required,,1282464.0287769784,1973021.582733813,2762230.215827338,4932553.956834532,,,,,Watchlist
Luz: The Light of the Heart,,,29200000,2500000.0,2,0.0,0.0,,19.520383693045567,False,Mixed or limited evidence,IMDb match unavailable,,,,Unconfirmed,Current UK platform unverified,Research required,,1280515.5875299762,1970023.980815348,2758033.573141487,4925059.95203837,,,,,Watchlist
Cold Case: The Tylenol Murders,,,29200000,14800000.0,2,0.0,0.0,,19.520383693045567,False,Mixed or limited evidence,IMDb match unavailable,,,,Unconfirmed,Current UK platform unverified,Research required,,1280515.5875299762,1970023.980815348,2758033.573141487,4925059.95203837,,,,,Watchlist
Ballers,,,28900000,6100000.0,2,0.0,0.0,,19.412470023980816,False,Mixed or limited evidence,IMDb match unavailable,,,,Unconfirmed,Current UK platform unverified,Research required,,1276131.5947242207,1963279.376498801,2748591.127098321,4908198.441247002,,,,,Watchlist
Ferry: The Series,,,28800000,4800000.0,2,0.0,0.0,,19.352517985611513,False,Mixed or limited evidence,IMDb match unavailable,,,,Unconfirmed,Current UK platform unverified,Research required,,1273696.0431654677,1959532.3741007196,2743345.323741007,4898830.9352517985,,,,,Watchlist
Maamla Legal Hai,,,21200000,4700000.0,3,30769.23076923077,0.0,0.0,19.274580335731414,False,Mixed or limited evidence,IMDb match unavailable,,,,Unconfirmed,Current UK platform unverified,Research required,,1270529.8261390887,1954661.2709832133,2736525.7793764984,4886653.177458033,,,,,Watchlist
"Ready, Set, Love",,,28000000,4100000.0,2,0.0,0.0,,19.20863309352518,False,Mixed or limited evidence,IMDb match unavailable,,,,Unconfirmed,Current UK platform unverified,Research required,,1267850.7194244603,1950539.5683453237,2730755.395683453,4876348.920863309,,,,,Watchlist
Wellmania,,,27930000,,2,0.0,0.0,,19.18465227817746,False,Mixed or limited evidence,IMDb match unavailable,,,,Unconfirmed,Current UK platform unverified,Research required,,1266876.4988009592,1949040.7673860912,2728657.0743405274,4872601.918465228,,,,,Watchlist
Glow Up,,,27880000,2100000.0,2,0.0,0.0,,19.160671462829736,False,Mixed or limited evidence,IMDb match unavailable,,,,Unconfirmed,Current UK platform unverified,Research required,,1265902.278177458,1947541.9664268584,2726558.752997602,4868854.916067146,,,,,Watchlist
Subteran,,,27700000,6200000.0,2,0.0,0.0,,19.136690647482016,False,Mixed or limited evidence,IMDb match unavailable,,,,Unconfirmed,Current UK platform unverified,Research required,,1264928.057553957,1946043.165467626,2724460.4316546763,4865107.913669065,,,,,Watchlist
Ghosts,,,27600000,4300000.0,2,0.0,0.0,,19.112709832134293,False,Mixed or limited evidence,IMDb match unavailable,,,,Unconfirmed,Current UK platform unverified,Research required,,1263953.8369304556,1944544.3645083932,2722362.1103117503,4861360.9112709835,,,,,Watchlist
Umthetho,,,27400000,5200000.0,2,100000.0,1300000.0,13.0,19.05275779376499,False,Possible short-term spike,IMDb match unavailable,,,,Unconfirmed,Current UK platform unverified,Research required,,1261518.2853717029,1940797.3621103119,2717116.3069544365,4851993.40527578,,,,,Watchlist
Spy Ops,,,27400000,4500000.0,2,0.0,0.0,,19.05275779376499,False,Mixed or limited evidence,IMDb match unavailable,,,,Unconfirmed,Current UK platform unverified,Research required,,1261518.2853717029,1940797.3621103119,2717116.3069544365,4851993.40527578,,,,,Watchlist
Alone,,,27030000,,2,0.0,0.0,,18.944844124700243,False,Mixed or limited evidence,IMDb match unavailable,,,,Unconfirmed,Current UK platform unverified,Research required,,1257134.2925659474,1934052.7577937653,2707673.860911271,4835131.894484413,,,,,Watchlist
Amsterdam Empire,,,26900000,5200000.0,2,100000.0,0.0,0.0,18.848920863309353,False,Mixed or limited evidence,IMDb match unavailable,,,,Unconfirmed,Current UK platform unverified,Research required,,1253237.4100719425,1928057.5539568346,2699280.5755395684,4820143.8848920865,,,,,Watchlist
Until You Burn,,,44400000,900000.0,1,0.0,0.0,,18.80695443645084,False,Mixed or limited evidence,IMDb match unavailable,,,,Unconfirmed,Current UK platform unverified,Research required,,1251532.5239808154,1925434.6522781777,2695608.5131894485,4813586.6306954445,,,,,Watchlist
Notes from the Last Row,,,26700000,4200000.0,2,80769.23076923077,0.0,0.0,18.764988009592326,False,Mixed or limited evidence,IMDb match unavailable,,,,Unconfirmed,Current UK platform unverified,Research required,,1249827.6378896881,1922811.7505995203,2691936.450839328,4807029.376498801,,,,,Watchlist
Heweliusz,,,26700000,5100000.0,2,98076.92307692308,0.0,0.0,18.764988009592326,False,Mixed or limited evidence,IMDb match unavailable,,,,Unconfirmed,Current UK platform unverified,Research required,,1249827.6378896881,1922811.7505995203,2691936.450839328,4807029.376498801,,,,,Watchlist
28 Days Haunted,,,26650000,,2,0.0,0.0,,18.729016786570742,False,Mixed or limited evidence,IMDb match unavailable,,,,Unconfirmed,Current UK platform unverified,Research required,,1248366.3069544365,1920563.5491606714,2688788.96882494,4801408.872901678,,,,,Watchlist
Get Gotti,,,26400000,10500000.0,2,0.0,0.0,,18.633093525179856,False,Mixed or limited evidence,IMDb match unavailable,,,,Unconfirmed,Current UK platform unverified,Research required,,1244469.4244604316,1914568.345323741,2680395.683453237,4786420.863309353,,,,,Watchlist
Christmas Gameday: Ravens vs. Texans,,,42800000,14400000.0,1,0.0,0.0,,18.59112709832134,False,Mixed or limited evidence,IMDb match unavailable,,,,Unconfirmed,Current UK platform unverified,Research required,,1242764.5383693045,1911945.4436450838,2676723.6211031172,4779863.60911271,,,,,Watchlist
Sins of Kujo,,,26300000,3500000.0,2,67307.69230769231,0.0,0.0,18.585131894484412,False,Mixed or limited evidence,IMDb match unavailable,,,,Unconfirmed,Current UK platform unverified,Research required,,1242520.9832134293,1911570.7434052757,2676199.040767386,4778926.8585131895,,,,,Watchlist
BTS THE COMEBACK LIVE | ARIRANG,,,19300000,17800000.0,3,342307.6923076923,0.0,0.0,18.555155875299757,False,Mixed or limited evidence,IMDb match unavailable,,,,Unconfirmed,Current UK platform unverified,Research required,,1241303.2074340526,1909697.2422062347,2673576.1390887285,4774243.105515587,,,,,Watchlist
Dave Chappelle: The Unstoppable...,,,19300000,15300000.0,3,294230.76923076925,0.0,0.0,18.555155875299757,False,Mixed or limited evidence,IMDb match unavailable,,,,Unconfirmed,Current UK platform unverified,Research required,,1241303.2074340526,1909697.2422062347,2673576.1390887285,4774243.105515587,,,,,Watchlist
Adoration,,,26200000,5800000.0,2,0.0,0.0,,18.53717026378897,False,Mixed or limited evidence,IMDb match unavailable,,,,Unconfirmed,Current UK platform unverified,Research required,,1240572.541966427,1908573.1414868105,2672002.3980815345,4771432.853717026,,,,,Watchlist
Don’t Come Home,,,26100000,5800000.0,2,0.0,0.0,,18.465227817745806,False,Mixed or limited evidence,IMDb match unavailable,,,,Unconfirmed,Current UK platform unverified,Research required,,1237649.8800959233,1904076.7386091128,2665707.434052758,4760191.846522782,,,,,Watchlist
A Storm for Christmas,,,25970000,,2,0.0,0.0,,18.39328537170264,False,Mixed or limited evidence,IMDb match unavailable,,,,Unconfirmed,Current UK platform unverified,Research required,,1234727.2182254198,1899580.335731415,2659412.470023981,4748950.839328538,,,,,Watchlist
Delicious in Dungeon,,,11900000,7700000.0,5,0.0,0.0,,18.369304556354916,False,Mixed or limited evidence,IMDb match unavailable,,,,Unconfirmed,Current UK platform unverified,Research required,,1233752.9976019186,1898081.5347721823,2657314.1486810553,4745203.836930456,,,,,Watchlist
Copycat Killer,,,25960000,,2,0.0,0.0,,18.369304556354916,False,Mixed or limited evidence,IMDb match unavailable,,,,Unconfirmed,Current UK platform unverified,Research required,,1233752.9976019186,1898081.5347721823,2657314.1486810553,4745203.836930456,,,,,Watchlist
Christmas Gameday: Chiefs vs. Steelers,,,41200000,14300000.0,1,0.0,0.0,,18.339328537170264,False,Mixed or limited evidence,IMDb match unavailable,,,,Unconfirmed,Current UK platform unverified,Research required,,1232535.2218225421,1896208.0335731416,2654691.247002398,4740520.083932854,,,,,Watchlist
Doc,,,25900000,3600000.0,2,86538.46153846153,0.0,0.0,18.333333333333332,False,Mixed or limited evidence,IMDb match unavailable,,,,Unconfirmed,Current UK platform unverified,Research required,,1232291.6666666667,1895833.3333333333,2654166.6666666665,4739583.333333333,,,,,Watchlist
Land of Sin,,,25800000,7300000.0,2,140384.61538461538,0.0,0.0,18.29736211031175,False,Mixed or limited evidence,IMDb match unavailable,,,,Unconfirmed,Current UK platform unverified,Research required,,1230830.3357314148,1893585.1318944844,2651019.184652278,4733962.829736211,,,,,Watchlist
"To Love, To Lose",,,25500000,3700000.0,2,71153.84615384616,0.0,0.0,18.27338129496403,False,Mixed or limited evidence,IMDb match unavailable,,,,Unconfirmed,Current UK platform unverified,Research required,,1229856.1151079137,1892086.330935252,2648920.8633093527,4730215.827338129,,,,,Watchlist
Pro Bono,,,25400000,2800000.0,2,53846.153846153844,0.0,0.0,18.249400479616305,False,Mixed or limited evidence,IMDb match unavailable,,,,Unconfirmed,Current UK platform unverified,Research required,,1228881.8944844124,1890587.5299760192,2646822.5419664267,4726468.824940048,,,,,Watchlist
Hulk Hogan: Real American,,,25200000,6100000.0,2,117307.69230769231,0.0,0.0,18.189448441247002,False,Mixed or limited evidence,IMDb match unavailable,,,,Unconfirmed,Current UK platform unverified,Research required,,1226446.3429256594,1886840.5275779376,2641576.7386091123,4717101.3189448435,,,,,Watchlist
The Man with 1000 Kids,,,25100000,12000000.0,2,0.0,0.0,,18.1294964028777,False,Mixed or limited evidence,IMDb match unavailable,,,,Unconfirmed,Current UK platform unverified,Research required,,1224010.7913669066,1883093.5251798562,2636330.9352517985,4707733.812949641,,,,,Watchlist
"A Friend, a Murderer",,,17600000,8200000.0,3,157692.3076923077,0.0,0.0,18.003597122302157,False,Mixed or limited evidence,IMDb match unavailable,,,,Unconfirmed,Current UK platform unverified,Research required,,1218896.1330935252,1875224.820143885,2625314.7482014387,4688062.050359713,,,,,Watchlist
Bank Under Siege,,,24600000,6900000.0,2,0.0,0.0,,17.937649880095925,False,Mixed or limited evidence,IMDb match unavailable,,,,Unconfirmed,Current UK platform unverified,Research required,,1216217.026378897,1871103.1175059953,2619544.364508393,4677757.793764988,,,,,Watchlist
In the Name of God: A Holy Betrayal,,,24530000,,2,0.0,0.0,,17.841726618705035,False,Mixed or limited evidence,IMDb match unavailable,,,,Unconfirmed,Current UK platform unverified,Research required,,1212320.143884892,1865107.9136690646,2611151.07913669,4662769.784172662,,,,,Watchlist
Rana Naidu,,,24480000,,2,0.0,0.0,,17.793764988009592,False,Mixed or limited evidence,IMDb match unavailable,,,,Unconfirmed,Current UK platform unverified,Research required,,1210371.7026378897,1862110.3117505994,2606954.436450839,4655275.779376498,,,,,Watchlist
Too Hot to Handle: Germany,,,24240000,,2,0.0,0.0,,17.769784172661872,False,Mixed or limited evidence,IMDb match unavailable,,,,Unconfirmed,Current UK platform unverified,Research required,,1209397.4820143885,1860611.510791367,2604856.1151079135,4651528.776978417,,,,,Watchlist
Till Murder Do Us Part: Soering vs. Haysom,,,24200000,7500000.0,2,0.0,0.0,,17.74580335731415,False,Mixed or limited evidence,IMDb match unavailable,,,,Unconfirmed,Current UK platform unverified,Research required,,1208423.2613908872,1859112.7098321342,2602757.7937649875,4647781.774580335,,,,,Watchlist
The Fragrant Flower Blooms With Dignity,,,13200000,6800000.0,4,130769.23076923077,0.0,0.0,17.73381294964029,False,Mixed or limited evidence,IMDb match unavailable,,,,Unconfirmed,Current UK platform unverified,Research required,,1207936.1510791369,1858363.309352518,2601708.633093525,4645908.273381295,,,,,Watchlist
"Love Is Blind, Habibi",,,24000000,2900000.0,2,0.0,0.0,,17.697841726618705,False,Mixed or limited evidence,IMDb match unavailable,,,,Unconfirmed,Current UK platform unverified,Research required,,1206474.820143885,1856115.107913669,2598561.1510791364,4640287.769784172,,,,,Watchlist
Stranger Things: Tales From '85,,,23900000,4900000.0,2,94230.76923076923,0.0,0.0,17.67386091127098,False,Mixed or limited evidence,IMDb match unavailable,,,,Unconfirmed,Current UK platform unverified,Research required,,1205500.5995203836,1854616.3069544362,2596462.8297362104,4636540.767386091,,,,,Watchlist
Wyatt Earp and The Cowboy War,,,23700000,6100000.0,2,0.0,0.0,,17.61390887290168,False,Mixed or limited evidence,IMDb match unavailable,,,,Unconfirmed,Current UK platform unverified,Research required,,1203065.0479616306,1850869.3045563549,2591217.0263788966,4627173.261390887,,,,,Watchlist
jeen-yuhs: A Kanye Trilogy,,,23660000,,2,0.0,0.0,,17.577937649880095,False,Mixed or limited evidence,IMDb match unavailable,,,,Unconfirmed,Current UK platform unverified,Research required,,1201603.717026379,1848621.103117506,2588069.5443645082,4621552.7577937655,,,,,Watchlist
Rafa,,,16900000,4400000.0,3,84615.38461538461,0.0,0.0,17.571942446043167,False,Mixed or limited evidence,IMDb match unavailable,,,,Unconfirmed,Current UK platform unverified,Research required,,1201360.1618705038,1848246.402877698,2587544.964028777,4620616.007194245,,,,,Watchlist
Dog Days Out,,,16800000,8000000.0,3,0.0,0.0,,17.523980815347723,False,Mixed or limited evidence,IMDb match unavailable,,,,Unconfirmed,Current UK platform unverified,Research required,,1199411.7206235013,1845248.8009592327,2583348.3213429255,4613122.002398082,,,,,Watchlist
Kübra,,,23500000,4000000.0,2,0.0,0.0,,17.505995203836928,False,Mixed or limited evidence,IMDb match unavailable,,,,Unconfirmed,Current UK platform unverified,Research required,,1198681.0551558754,1844124.700239808,2581774.580335731,4610311.75059952,,,,,Watchlist
Lost,,,36800000,2100000.0,1,0.0,0.0,,17.464028776978417,False,Mixed or limited evidence,IMDb match unavailable,,,,Unconfirmed,Current UK platform unverified,Research required,,1196976.1690647483,1841501.7985611511,2578102.517985611,4603754.496402878,,,,,Watchlist
The Mentalist,,,36800000,2200000.0,1,42307.692307692305,0.0,0.0,17.464028776978417,False,Mixed or limited evidence,IMDb match unavailable,,,,Unconfirmed,Current UK platform unverified,Research required,,1196976.1690647483,1841501.7985611511,2578102.517985611,4603754.496402878,,,,,Watchlist
Live to 100: Secrets of the Blue Zones,,,23400000,8800000.0,2,0.0,0.0,,17.45803357314149,False,Mixed or limited evidence,IMDb match unavailable,,,,Unconfirmed,Current UK platform unverified,Research required,,1196732.613908873,1841127.098321343,2577577.93764988,4602817.745803358,,,,,Watchlist
American Conspiracy: The Octopus Murders,,,23400000,6300000.0,2,0.0,0.0,,17.45803357314149,False,Mixed or limited evidence,IMDb match unavailable,,,,Unconfirmed,Current UK platform unverified,Research required,,1196732.613908873,1841127.098321343,2577577.93764988,4602817.745803358,,,,,Watchlist
The Interest of Love,,,23340000,,2,0.0,0.0,,17.41007194244604,False,Mixed or limited evidence,IMDb match unavailable,,,,Unconfirmed,Current UK platform unverified,Research required,,1194784.1726618705,1838129.4964028776,2573381.2949640285,4595323.741007194,,,,,Watchlist
Love from 9 to 5,,,23300000,4800000.0,2,92307.69230769231,0.0,0.0,17.38609112709832,False,Mixed or limited evidence,IMDb match unavailable,,,,Unconfirmed,Current UK platform unverified,Research required,,1193809.9520383694,1836630.6954436451,2571282.973621103,4591576.738609113,,,,,Watchlist
A Body that Works,,,23200000,3200000.0,2,0.0,0.0,,17.3621103117506,False,Mixed or limited evidence,IMDb match unavailable,,,,Unconfirmed,Current UK platform unverified,Research required,,1192835.7314148683,1835131.8944844126,2569184.6522781774,4587829.736211032,,,,,Watchlist
Death by Lightning,,,23100000,6400000.0,2,123076.92307692308,0.0,0.0,17.33812949640288,False,Mixed or limited evidence,IMDb match unavailable,,,,Unconfirmed,Current UK platform unverified,Research required,,1191861.510791367,1833633.09352518,2567086.330935252,4584082.73381295,,,,,Watchlist
Suburræterna,,,22800000,3800000.0,2,0.0,0.0,,17.23021582733813,False,Mixed or limited evidence,IMDb match unavailable,,,,Unconfirmed,Current UK platform unverified,Research required,,1187477.5179856115,1826888.489208633,2557643.884892086,4567221.223021583,,,,,Watchlist
Musafir Cafe,,,22800000,5400000.0,2,103846.15384615384,1350000.0,13.0,17.23021582733813,False,Possible short-term spike,IMDb match unavailable,,,,Unconfirmed,Current UK platform unverified,Research required,,1187477.5179856115,1826888.489208633,2557643.884892086,4567221.223021583,,,,,Watchlist
Jae-seok's B&B Rules!,,,22800000,3000000.0,2,57692.307692307695,0.0,0.0,17.23021582733813,False,Mixed or limited evidence,IMDb match unavailable,,,,Unconfirmed,Current UK platform unverified,Research required,,1187477.5179856115,1826888.489208633,2557643.884892086,4567221.223021583,,,,,Watchlist
Kaala Paani,,,22800000,3100000.0,2,0.0,0.0,,17.23021582733813,False,Mixed or limited evidence,IMDb match unavailable,,,,Unconfirmed,Current UK platform unverified,Research required,,1187477.5179856115,1826888.489208633,2557643.884892086,4567221.223021583,,,,,Watchlist
Conversations with a Killer: The Charles Manson Tapes,,,22800000,8000000.0,2,153846.15384615384,2000000.0,13.0,17.23021582733813,False,Possible short-term spike,IMDb match unavailable,,,,Unconfirmed,Current UK platform unverified,Research required,,1187477.5179856115,1826888.489208633,2557643.884892086,4567221.223021583,,,,,Watchlist
Victoria Beckham,,,22800000,9400000.0,2,180769.23076923078,0.0,0.0,17.23021582733813,False,Mixed or limited evidence,IMDb match unavailable,,,,Unconfirmed,Current UK platform unverified,Research required,,1187477.5179856115,1826888.489208633,2557643.884892086,4567221.223021583,,,,,Watchlist
Jake Paul vs. Anthony Joshua,,,35300000,10900000.0,1,209615.38461538462,0.0,0.0,17.188249400479616,False,Mixed or limited evidence,IMDb match unavailable,,,,Unconfirmed,Current UK platform unverified,Research required,,1185772.6318944846,1824265.5875299762,2553971.8225419666,4560663.968824941,,,,,Watchlist
I Am Not Mendoza,,,35200000,1200000.0,1,0.0,0.0,,17.152278177458033,False,Mixed or limited evidence,IMDb match unavailable,,,,Unconfirmed,Current UK platform unverified,Research required,,1184311.3009592327,1822017.386091127,2550824.340527578,4555043.465227818,,,,,Watchlist
Being Gordon Ramsay,,,22600000,5000000.0,2,96153.84615384616,0.0,0.0,17.074340527577938,False,Mixed or limited evidence,IMDb match unavailable,,,,Unconfirmed,Current UK platform unverified,Research required,,1181145.0839328538,1817146.2829736213,2544004.7961630695,4542865.7074340535,,,,,Watchlist
The Golden Hour,,,22500000,4600000.0,2,0.0,0.0,,17.038369304556355,False,Mixed or limited evidence,IMDb match unavailable,,,,Unconfirmed,Current UK platform unverified,Research required,,1179683.7529976019,1814898.0815347722,2540857.314148681,4537245.203836931,,,,,Watchlist
Letters From The Past,,,22500000,4300000.0,2,0.0,0.0,,17.038369304556355,False,Mixed or limited evidence,IMDb match unavailable,,,,Unconfirmed,Current UK platform unverified,Research required,,1179683.7529976019,1814898.0815347722,2540857.314148681,4537245.203836931,,,,,Watchlist
Skyscraper Live,,,22400000,11500000.0,2,221153.84615384616,0.0,0.0,16.966426858513188,False,Mixed or limited evidence,IMDb match unavailable,,,,Unconfirmed,Current UK platform unverified,Research required,,1176761.0911270983,1810401.6786570742,2534562.3501199037,4526004.196642686,,,,,Watchlist
Is It Cake? Halloween,,,22400000,8600000.0,2,165384.61538461538,0.0,0.0,16.966426858513188,False,Mixed or limited evidence,IMDb match unavailable,,,,Unconfirmed,Current UK platform unverified,Research required,,1176761.0911270983,1810401.6786570742,2534562.3501199037,4526004.196642686,,,,,Watchlist
Thicker Than Water,,,22280000,,2,0.0,0.0,,16.906474820143885,False,Mixed or limited evidence,IMDb match unavailable,,,,Unconfirmed,Current UK platform unverified,Research required,,1174325.5395683453,1806654.6762589929,2529316.54676259,4516636.690647482,,,,,Watchlist
Vatican Girl: The Disappearance of Emanuela Orlandi,,,22220000,,2,0.0,0.0,,16.882494004796165,False,Mixed or limited evidence,IMDb match unavailable,,,,Unconfirmed,Current UK platform unverified,Research required,,1173351.3189448442,1805155.8752997601,2527218.225419664,4512889.6882494,,,,,Watchlist
Viral Hit,,,22100000,4500000.0,2,86538.46153846153,0.0,0.0,16.798561151079134,False,Mixed or limited evidence,IMDb match unavailable,,,,Unconfirmed,Current UK platform unverified,Research required,,1169941.5467625898,1799910.0719424458,2519874.100719424,4499775.179856114,,,,,Watchlist
The Resident,,,33800000,3300000.0,1,0.0,0.0,,16.792565947242206,False,Mixed or limited evidence,IMDb match unavailable,,,,Unconfirmed,Current UK platform unverified,Research required,,1169697.9916067147,1799535.3717026378,2519349.520383693,4498838.429256595,,,,,Watchlist
Little Angel,,,21980000,,2,0.0,0.0,,16.73860911270983,False,Mixed or limited evidence,IMDb match unavailable,,,,Unconfirmed,Current UK platform unverified,Research required,,1167505.995203837,1796163.0695443645,2514628.29736211,4490407.673860911,,,,,Watchlist
Encounters,,,21700000,6400000.0,2,0.0,0.0,,16.642685851318944,False,Mixed or limited evidence,IMDb match unavailable,,,,Unconfirmed,Current UK platform unverified,Research required,,1163609.1127098321,1790167.865707434,2506235.0119904075,4475419.664268585,,,,,Watchlist
The Map of Longing,,,21600000,4800000.0,2,92307.69230769231,0.0,0.0,16.60671462829736,False,Mixed or limited evidence,IMDb match unavailable,,,,Unconfirmed,Current UK platform unverified,Research required,,1162147.7817745802,1787919.664268585,2503087.5299760187,4469799.160671462,,,,,Watchlist
Beyond Goodbye,,,21600000,3300000.0,2,0.0,0.0,,16.60671462829736,False,Mixed or limited evidence,IMDb match unavailable,,,,Unconfirmed,Current UK platform unverified,Research required,,1162147.7817745802,1787919.664268585,2503087.5299760187,4469799.160671462,,,,,Watchlist
Marked,,,21500000,4600000.0,2,0.0,0.0,,16.546762589928058,False,Mixed or limited evidence,IMDb match unavailable,,,,Unconfirmed,Current UK platform unverified,Research required,,1159712.2302158275,1784172.6618705036,2497841.726618705,4460431.654676259,,,,,Watchlist
Guns & Gulaabs,,,21400000,3500000.0,2,0.0,0.0,,16.522781774580338,False,Mixed or limited evidence,IMDb match unavailable,,,,Unconfirmed,Current UK platform unverified,Research required,,1158738.0095923261,1782673.860911271,2495743.4052757793,4456684.652278177,,,,,Watchlist
Untold: Swamp Kings,,,21300000,6900000.0,2,0.0,0.0,,16.498800959232614,False,Mixed or limited evidence,IMDb match unavailable,,,,Unconfirmed,Current UK platform unverified,Research required,,1157763.788968825,1781175.0599520383,2493645.0839328533,4452937.649880096,,,,,Watchlist
Dave Chappelle: The Dreamer,,,14300000,15000000.0,3,0.0,0.0,,16.44484412470024,False,Mixed or limited evidence,IMDb match unavailable,,,,Unconfirmed,Current UK platform unverified,Research required,,1155571.7925659474,1777802.757793765,2488923.860911271,4444506.894484413,,,,,Watchlist
Halo,,,32100000,4200000.0,1,0.0,0.0,,16.432853717026376,False,Mixed or limited evidence,IMDb match unavailable,,,,Unconfirmed,Current UK platform unverified,Research required,,1155084.6822541966,1777053.3573141485,2487874.700239808,4442633.393285371,,,,,Watchlist
The Mole,,,20740000,1800000.0,2,0.0,0.0,,16.354916067146284,False,Mixed or limited evidence,IMDb match unavailable,,,,Unconfirmed,Current UK platform unverified,Research required,,1151918.465227818,1772182.254196643,2481055.1558753,4430455.635491608,,,,,Watchlist
Creature,,,20600000,3300000.0,2,0.0,0.0,,16.306954436450837,False,Mixed or limited evidence,IMDb match unavailable,,,,Unconfirmed,Current UK platform unverified,Research required,,1149970.0239808154,1769184.6522781774,2476858.513189448,4422961.630695444,,,,,Watchlist
Robbie Williams,,,20400000,6100000.0,2,0.0,0.0,,16.282973621103118,False,Mixed or limited evidence,IMDb match unavailable,,,,Unconfirmed,Current UK platform unverified,Research required,,1148995.803357314,1767685.8513189447,2474760.1918465225,4419214.628297362,,,,,Watchlist
Eva Lasting,,,20390000,900000.0,2,0.0,0.0,,16.258992805755394,False,Mixed or limited evidence,IMDb match unavailable,,,,Unconfirmed,Current UK platform unverified,Research required,,1148021.5827338127,1766187.050359712,2472661.8705035965,4415467.6258992795,,,,,Watchlist
Between Father and Son,,,20300000,7200000.0,2,138461.53846153847,0.0,0.0,16.223021582733814,False,Mixed or limited evidence,IMDb match unavailable,,,,Unconfirmed,Current UK platform unverified,Research required,,1146560.2517985613,1763938.8489208636,2469514.3884892086,4409847.122302159,,,,,Watchlist
Sanctuary,,,20250000,,2,0.0,0.0,,16.163069544364507,False,Mixed or limited evidence,IMDb match unavailable,,,,Unconfirmed,Current UK platform unverified,Research required,,1144124.700239808,1760191.8465227815,2464268.585131894,4400479.616306954,,,,,Watchlist
Turn of the Tide,,,19890000,,2,0.0,0.0,,16.06714628297362,False,Mixed or limited evidence,IMDb match unavailable,,,,Unconfirmed,Current UK platform unverified,Research required,,1140227.8177458034,1754196.6426858513,2455875.2997601917,4385491.606714629,,,,,Watchlist
Dirty Pop: The Boy Band Scam,,,19700000,9100000.0,2,0.0,0.0,,15.971223021582734,False,Mixed or limited evidence,IMDb match unavailable,,,,Unconfirmed,Current UK platform unverified,Research required,,1136330.9352517987,1748201.4388489209,2447482.014388489,4370503.597122302,,,,,Watchlist
Fireplace for Your Home: Crackling Birchwood Fireplace,,,10200000,10200000.0,4,61538.46153846154,0.0,0.0,15.959232613908872,False,Mixed or limited evidence,IMDb match unavailable,,,,Unconfirmed,Current UK platform unverified,Research required,,1135843.824940048,1747452.0383693045,2446432.8537170263,4368630.095923262,,,,,Watchlist
My Melody & Kuromi,,,19600000,7100000.0,2,0.0,0.0,,15.93525179856115,False,Mixed or limited evidence,IMDb match unavailable,,,,Unconfirmed,Current UK platform unverified,Research required,,1134869.6043165466,1745953.2374100718,2444334.5323741003,4364883.09352518,,,,,Watchlist
Made with Love,,,19600000,4200000.0,2,80769.23076923077,0.0,0.0,15.93525179856115,False,Mixed or limited evidence,IMDb match unavailable,,,,Unconfirmed,Current UK platform unverified,Research required,,1134869.6043165466,1745953.2374100718,2444334.5323741003,4364883.09352518,,,,,Watchlist
Tuiskoms,,,19500000,3600000.0,2,0.0,0.0,,15.875299760191847,False,Mixed or limited evidence,IMDb match unavailable,,,,Unconfirmed,Current UK platform unverified,Research required,,1132434.052757794,1742206.2350119906,2439088.729016787,4355515.587529977,,,,,Watchlist
Wolf King,,,19400000,5500000.0,2,0.0,0.0,,15.815347721822542,False,Mixed or limited evidence,IMDb match unavailable,,,,Unconfirmed,Current UK platform unverified,Research required,,1129998.501199041,1738459.232613909,2433842.9256594726,4346148.081534773,,,,,Watchlist
Haunted Hotel,,,19400000,4600000.0,2,88461.53846153847,0.0,0.0,15.815347721822542,False,Mixed or limited evidence,IMDb match unavailable,,,,Unconfirmed,Current UK platform unverified,Research required,,1129998.501199041,1738459.232613909,2433842.9256594726,4346148.081534773,,,,,Watchlist
Blood Sacrifice,,,29300000,7000000.0,1,134615.38461538462,1750000.0,13.0,15.809352517985612,False,Possible short-term spike,IMDb match unavailable,,,,Unconfirmed,Current UK platform unverified,Research required,,1129754.9460431656,1738084.5323741008,2433318.345323741,4345211.330935252,,,,,Watchlist
Brigands: The Quest for Gold,,,19300000,3800000.0,2,0.0,0.0,,15.731414868105514,False,Mixed or limited evidence,IMDb match unavailable,,,,Unconfirmed,Current UK platform unverified,Research required,,1126588.7290167867,1733213.4292565947,2426498.8009592323,4333033.573141487,,,,,Watchlist
North of North,,,19100000,5700000.0,2,0.0,0.0,,15.683453237410072,False,Mixed or limited evidence,IMDb match unavailable,,,,Unconfirmed,Current UK platform unverified,Research required,,1124640.2877697845,1730215.8273381297,2422302.1582733816,4325539.568345324,,,,,Watchlist
Moria,,,18900000,3800000.0,2,73076.92307692308,950000.0,13.0,15.623501199040767,False,Possible short-term spike,IMDb match unavailable,,,,Unconfirmed,Current UK platform unverified,Research required,,1122204.7362110314,1726468.8249400482,2417056.3549160673,4316172.06235012,,,,,Watchlist
Desi Bling,,,18900000,3800000.0,2,73076.92307692308,0.0,0.0,15.623501199040767,False,Mixed or limited evidence,IMDb match unavailable,,,,Unconfirmed,Current UK platform unverified,Research required,,1122204.7362110314,1726468.8249400482,2417056.3549160673,4316172.06235012,,,,,Watchlist
Investigation Alien,,,18800000,5000000.0,2,0.0,0.0,,15.575539568345324,False,Mixed or limited evidence,IMDb match unavailable,,,,Unconfirmed,Current UK platform unverified,Research required,,1120256.2949640288,1723471.2230215827,2412859.712230216,4308678.057553956,,,,,Watchlist
Close to Home: Murder in the Coalfield,,,18800000,,2,0.0,0.0,,15.575539568345324,False,Mixed or limited evidence,IMDb match unavailable,,,,Unconfirmed,Current UK platform unverified,Research required,,1120256.2949640288,1723471.2230215827,2412859.712230216,4308678.057553956,,,,,Watchlist
"Jerry Springer: Fights, Camera, Action",,,18300000,11200000.0,2,0.0,0.0,,15.467625899280577,False,Mixed or limited evidence,IMDb match unavailable,,,,Unconfirmed,Current UK platform unverified,Research required,,1115872.3021582735,1716726.6187050361,2403417.2661870504,4291816.54676259,,,,,Watchlist
Deliver Me,,,18200000,4800000.0,2,0.0,0.0,,15.419664268585132,False,Mixed or limited evidence,IMDb match unavailable,,,,Unconfirmed,Current UK platform unverified,Research required,,1113923.860911271,1713729.0167865707,2399220.623501199,4284322.541966427,,,,,Watchlist
Lookism,,,18010000,,2,0.0,0.0,,15.371702637889689,False,Mixed or limited evidence,IMDb match unavailable,,,,Unconfirmed,Current UK platform unverified,Research required,,1111975.4196642686,1710731.4148681057,2395023.9808153477,4276828.537170264,,,,,Watchlist
The Predator of Seville,,,17900000,7500000.0,2,144230.76923076922,0.0,0.0,15.347721822541965,False,Mixed or limited evidence,IMDb match unavailable,,,,Unconfirmed,Current UK platform unverified,Research required,,1111001.1990407673,1709232.6139088727,2392925.6594724217,4273081.534772182,,,,,Watchlist
Summer ’36,,,17800000,3500000.0,2,67307.69230769231,0.0,0.0,15.323741007194243,False,Mixed or limited evidence,IMDb match unavailable,,,,Unconfirmed,Current UK platform unverified,Research required,,1110026.9784172662,1707733.8129496402,2390827.338129496,4269334.532374101,,,,,Watchlist
James.,3.700000047683716,358,2700000,1100000.0,1,21153.846153846152,0.0,0.0,15.268138686108918,False,Mixed or limited evidence,Exact cleaned title - verify remakes,,,,Unconfirmed,Current UK platform unverified,Research required,,1107768.1341231747,1704258.6678818073,2385962.13503453,4260646.669704518,,,,,Watchlist
Free Bert,,,17700000,6900000.0,2,132692.3076923077,0.0,0.0,15.251798561151078,False,Mixed or limited evidence,IMDb match unavailable,,,,Unconfirmed,Current UK platform unverified,Research required,,1107104.3165467626,1703237.4100719425,2384532.374100719,4258093.525179856,,,,,Watchlist
Joko Anwar's Nightmares and Daydreams,,,17700000,2900000.0,2,0.0,0.0,,15.251798561151078,False,Mixed or limited evidence,IMDb match unavailable,,,,Unconfirmed,Current UK platform unverified,Research required,,1107104.3165467626,1703237.4100719425,2384532.374100719,4258093.525179856,,,,,Watchlist
Khakee: The Bengal Chapter,,,17700000,3100000.0,2,0.0,0.0,,15.251798561151078,False,Mixed or limited evidence,IMDb match unavailable,,,,Unconfirmed,Current UK platform unverified,Research required,,1107104.3165467626,1703237.4100719425,2384532.374100719,4258093.525179856,,,,,Watchlist
Khakee: The Bihar Chapter,,,17600000,,2,0.0,0.0,,15.179856115107915,False,Mixed or limited evidence,IMDb match unavailable,,,,Unconfirmed,Current UK platform unverified,Research required,,1104181.654676259,1698741.0071942448,2378237.4100719425,4246852.517985612,,,,,Watchlist
Is It Cake? Holiday,,,17600000,6600000.0,2,0.0,0.0,,15.179856115107915,False,Mixed or limited evidence,IMDb match unavailable,,,,Unconfirmed,Current UK platform unverified,Research required,,1104181.654676259,1698741.0071942448,2378237.4100719425,4246852.517985612,,,,,Watchlist
Oh My Venus,,,17520000,,2,0.0,0.0,,15.119904076738608,False,Mixed or limited evidence,IMDb match unavailable,,,,Unconfirmed,Current UK platform unverified,Research required,,1101746.103117506,1694994.004796163,2372991.606714628,4237485.0119904075,,,,,Watchlist
Graveyard,,,17400000,2500000.0,2,0.0,0.0,,15.083932853717027,False,Mixed or limited evidence,IMDb match unavailable,,,,Unconfirmed,Current UK platform unverified,Research required,,1100284.7721822544,1692745.8033573143,2369844.12470024,4231864.508393286,,,,,Watchlist
Sandokan: The Pirate Prince,,,27000000,3500000.0,1,67307.69230769231,0.0,0.0,15.077937649880097,False,Mixed or limited evidence,IMDb match unavailable,,,,Unconfirmed,Current UK platform unverified,Research required,,1100041.217026379,1692371.103117506,2369319.5443645082,4230927.7577937655,,,,,Watchlist
Single Papa,,,17300000,4300000.0,2,82692.30769230769,0.0,0.0,14.976019184652278,False,Mixed or limited evidence,IMDb match unavailable,,,,Unconfirmed,Current UK platform unverified,Research required,,1095900.7793764987,1686001.1990407673,2360401.678657074,4215002.997601918,,,,,Watchlist
"Juan Gabriel: I Must, I Can, I Will",,,17300000,4200000.0,2,80769.23076923077,0.0,0.0,14.976019184652278,False,Mixed or limited evidence,IMDb match unavailable,,,,Unconfirmed,Current UK platform unverified,Research required,,1095900.7793764987,1686001.1990407673,2360401.678657074,4215002.997601918,,,,,Watchlist
Love is Blind: Sweden,,,17300000,2800000.0,2,0.0,0.0,,14.976019184652278,False,Mixed or limited evidence,IMDb match unavailable,,,,Unconfirmed,Current UK platform unverified,Research required,,1095900.7793764987,1686001.1990407673,2360401.678657074,4215002.997601918,,,,,Watchlist
Predators,,,17300000,4600000.0,2,0.0,0.0,,14.976019184652278,False,Mixed or limited evidence,IMDb match unavailable,,,,Unconfirmed,Current UK platform unverified,Research required,,1095900.7793764987,1686001.1990407673,2360401.678657074,4215002.997601918,,,,,Watchlist
Motorvalley,,,17200000,3700000.0,2,71153.84615384616,0.0,0.0,14.892086330935253,False,Mixed or limited evidence,IMDb match unavailable,,,,Unconfirmed,Current UK platform unverified,Research required,,1092491.0071942448,1680755.3956834534,2353057.5539568346,4201888.489208633,,,,,Watchlist
Our Living World,,,17100000,5100000.0,2,0.0,0.0,,14.844124700239808,False,Mixed or limited evidence,IMDb match unavailable,,,,Unconfirmed,Current UK platform unverified,Research required,,1090542.5659472423,1677757.793764988,2348860.911270983,4194394.48441247,,,,,Watchlist
Cigarette Girl,,,16800000,3100000.0,2,0.0,0.0,,14.700239808153478,False,Mixed or limited evidence,IMDb match unavailable,,,,Unconfirmed,Current UK platform unverified,Research required,,1084697.2422062352,1668764.9880095925,2336270.9832134293,4171912.4700239813,,,,,Watchlist
Agency,,,16700000,,2,0.0,0.0,,14.652278177458033,False,Mixed or limited evidence,IMDb match unavailable,,,,Unconfirmed,Current UK platform unverified,Research required,,1082748.8009592327,1665767.386091127,2332074.340527578,4164418.4652278177,,,,,Watchlist
Who Killed Jill Dando?,,,16600000,7100000.0,2,0.0,0.0,,14.61630695443645,False,Mixed or limited evidence,IMDb match unavailable,,,,Unconfirmed,Current UK platform unverified,Research required,,1081287.4700239808,1663519.1846522782,2328926.8585131895,4158797.9616306955,,,,,Watchlist
Miss Governor,,,16600000,5000000.0,2,0.0,0.0,,14.61630695443645,False,Mixed or limited evidence,IMDb match unavailable,,,,Unconfirmed,Current UK platform unverified,Research required,,1081287.4700239808,1663519.1846522782,2328926.8585131895,4158797.9616306955,,,,,Watchlist
SPRINT,,,16500000,4000000.0,2,0.0,0.0,,14.580335731414868,False,Mixed or limited evidence,IMDb match unavailable,,,,Unconfirmed,Current UK platform unverified,Research required,,1079826.1390887292,1661270.9832134293,2325779.3764988007,4153177.4580335733,,,,,Watchlist
Mermaid Magic,,,16200000,3800000.0,2,0.0,0.0,,14.496402877697841,False,Mixed or limited evidence,IMDb match unavailable,,,,Unconfirmed,Current UK platform unverified,Research required,,1076416.3669064748,1656025.179856115,2318435.251798561,4140062.9496402876,,,,,Watchlist
Killer Sally,,,25360000,,1,0.0,0.0,,14.418465227817745,False,Mixed or limited evidence,IMDb match unavailable,,,,Unconfirmed,Current UK platform unverified,Research required,,1073250.1498800959,1651154.076738609,2311615.7074340526,4127885.1918465225,,,,,Watchlist
Zom 100: Bucket List of the Dead,,,7800000,6500000.0,4,0.0,0.0,,14.412470023980815,False,Mixed or limited evidence,IMDb match unavailable,,,,Unconfirmed,Current UK platform unverified,Research required,,1073006.5947242207,1650779.376498801,2311091.127098321,4126948.441247002,,,,,Watchlist
You and Everything Else,,,25100000,1700000.0,1,32692.30769230769,0.0,0.0,14.322541966426858,False,Mixed or limited evidence,IMDb match unavailable,,,,Unconfirmed,Current UK platform unverified,Research required,,1069353.2673860912,1645158.8729016786,2303222.42206235,4112897.182254196,,,,,Watchlist
Franklin,,,15700000,3300000.0,2,0.0,0.0,,14.304556354916068,False,Mixed or limited evidence,IMDb match unavailable,,,,Unconfirmed,Current UK platform unverified,Research required,,1068622.6019184652,1644034.7721822541,2301648.6810551556,4110086.9304556353,,,,,Watchlist
Doom at Your Service,,,25000000,1500000.0,1,0.0,0.0,,14.274580335731413,False,Mixed or limited evidence,IMDb match unavailable,,,,Unconfirmed,Current UK platform unverified,Research required,,1067404.8261390887,1642161.2709832133,2299025.7793764984,4105403.1774580334,,,,,Watchlist
Can I Tell You A Secret?,,,15600000,9200000.0,2,0.0,0.0,,14.268585131894485,False,Mixed or limited evidence,IMDb match unavailable,,,,Unconfirmed,Current UK platform unverified,Research required,,1067161.2709832136,1641786.5707434053,2298501.1990407673,4104466.426858513,,,,,Watchlist
Mob War: Philadelphia vs. The Mafia,,,15500000,6700000.0,2,128846.15384615384,0.0,0.0,14.232613908872901,False,Mixed or limited evidence,IMDb match unavailable,,,,Unconfirmed,Current UK platform unverified,Research required,,1065699.9400479617,1639538.3693045564,2295353.717026379,4098845.923261391,,,,,Watchlist
Saare Jahan Se Accha: The Silent Guardians,,,15500000,3800000.0,2,0.0,0.0,,14.232613908872901,False,Mixed or limited evidence,IMDb match unavailable,,,,Unconfirmed,Current UK platform unverified,Research required,,1065699.9400479617,1639538.3693045564,2295353.717026379,4098845.923261391,,,,,Watchlist
The Envoys,,,15300000,2400000.0,2,0.0,0.0,,14.196642685851318,False,Mixed or limited evidence,IMDb match unavailable,,,,Unconfirmed,Current UK platform unverified,Research required,,1064238.60911271,1637290.1678657075,2292206.23501199,4093225.419664269,,,,,Watchlist
50 Seconds: The Fernando Báez Sosa Case,,,15200000,6100000.0,2,117307.69230769231,0.0,0.0,14.136690647482014,False,Mixed or limited evidence,IMDb match unavailable,,,,Unconfirmed,Current UK platform unverified,Research required,,1061803.057553957,1633543.165467626,2286960.4316546763,4083857.9136690646,,,,,Watchlist
Kian’s Bizarre B&B,,,15200000,3400000.0,2,0.0,0.0,,14.136690647482014,False,Mixed or limited evidence,IMDb match unavailable,,,,Unconfirmed,Current UK platform unverified,Research required,,1061803.057553957,1633543.165467626,2286960.4316546763,4083857.9136690646,,,,,Watchlist
The Hunting Party,,,24600000,3500000.0,1,67307.69230769231,0.0,0.0,14.130695443645083,False,Mixed or limited evidence,IMDb match unavailable,,,,Unconfirmed,Current UK platform unverified,Research required,,1061559.5023980816,1633168.4652278177,2286435.8513189447,4082921.1630695444,,,,,Watchlist
Countdown: Paul vs. Tyson,,,15000000,9200000.0,2,0.0,0.0,,14.028776978417268,False,Mixed or limited evidence,IMDb match unavailable,,,,Unconfirmed,Current UK platform unverified,Research required,,1057419.0647482015,1626798.5611510794,2277517.985611511,4066996.4028776987,,,,,Watchlist
The Great British Baking Show,,,10000000,4800000.0,3,36538.46153846154,0.0,0.0,14.010791366906474,False,Mixed or limited evidence,IMDb match unavailable,,,,Unconfirmed,Current UK platform unverified,Research required,,1056688.3992805753,1625674.4604316545,2275944.244604316,4064186.151079136,,,,,Watchlist
Conversations with a Killer: The Son of Sam Tapes,,,14900000,5100000.0,2,0.0,0.0,,13.992805755395683,False,Mixed or limited evidence,IMDb match unavailable,,,,Unconfirmed,Current UK platform unverified,Research required,,1055957.7338129496,1624550.35971223,2274370.5035971217,4061375.899280575,,,,,Watchlist
Mark Rober's CrunchLabs,,,14800000,6900000.0,2,132692.3076923077,0.0,0.0,13.932853717026381,False,Mixed or limited evidence,IMDb match unavailable,,,,Unconfirmed,Current UK platform unverified,Research required,,1053522.1822541968,1620803.357314149,2269124.7002398083,4052008.3932853723,,,,,Watchlist
Infamy,,,14800000,2300000.0,2,0.0,0.0,,13.932853717026381,False,Mixed or limited evidence,IMDb match unavailable,,,,Unconfirmed,Current UK platform unverified,Research required,,1053522.1822541968,1620803.357314149,2269124.7002398083,4052008.3932853723,,,,,Watchlist
"The Billionaire, The Butler, and the Boyfriend",,,14800000,5900000.0,2,0.0,0.0,,13.932853717026381,False,Mixed or limited evidence,IMDb match unavailable,,,,Unconfirmed,Current UK platform unverified,Research required,,1053522.1822541968,1620803.357314149,2269124.7002398083,4052008.3932853723,,,,,Watchlist
Miss Adrenaline: A Tale of Twins,,,24100000,1200000.0,1,0.0,0.0,,13.914868105515588,False,Mixed or limited evidence,IMDb match unavailable,,,,Unconfirmed,Current UK platform unverified,Research required,,1052791.516786571,1619679.2565947243,2267550.959232614,4049198.1414868105,,,,,Watchlist
Final Draft,,,14700000,2700000.0,2,0.0,0.0,,13.872901678657074,False,Mixed or limited evidence,IMDb match unavailable,,,,Unconfirmed,Current UK platform unverified,Research required,,1051086.6306954436,1617056.354916067,2263878.896882494,4042640.8872901676,,,,,Watchlist
Crime Scene: The Texas Killing Fields,,,23880000,,1,0.0,0.0,,13.84292565947242,False,Mixed or limited evidence,IMDb match unavailable,,,,Unconfirmed,Current UK platform unverified,Research required,,1049868.854916067,1615182.8537170263,2261255.995203837,4037957.1342925658,,,,,Watchlist
Nothing to See Here,,,14600000,4300000.0,2,0.0,0.0,,13.800959232613907,False,Mixed or limited evidence,IMDb match unavailable,,,,Unconfirmed,Current UK platform unverified,Research required,,1048163.96882494,1612559.9520383691,2257583.9328537164,4031399.880095923,,,,,Watchlist
Three Idiots in Kenya,,,14600000,2900000.0,2,55769.230769230766,0.0,0.0,13.800959232613907,False,Mixed or limited evidence,IMDb match unavailable,,,,Unconfirmed,Current UK platform unverified,Research required,,1048163.96882494,1612559.9520383691,2257583.9328537164,4031399.880095923,,,,,Watchlist
Shameless (U.S.),,,23530000,,1,0.0,0.0,,13.747002398081534,False,Mixed or limited evidence,IMDb match unavailable,,,,Unconfirmed,Current UK platform unverified,Research required,,1045971.9724220623,1609187.6498800959,2252862.709832134,4022969.12470024,,,,,Watchlist
Ranma1/2,,,6900000,6800000.0,4,26923.076923076922,0.0,0.0,13.741007194244602,False,Mixed or limited evidence,IMDb match unavailable,,,,Unconfirmed,Current UK platform unverified,Research required,,1045728.4172661869,1608812.9496402876,2252338.1294964026,4022032.3741007186,,,,,Watchlist
Love is Blind: France,,,14400000,2600000.0,2,50000.0,0.0,0.0,13.717026378896882,False,Mixed or limited evidence,IMDb match unavailable,,,,Unconfirmed,Current UK platform unverified,Research required,,1044754.196642686,1607314.1486810553,2250239.808153477,4018285.3717026385,,,,,Watchlist
Beauty and the Bester,,,14200000,6300000.0,2,121153.84615384616,0.0,0.0,13.513189448441246,False,Mixed or limited evidence,IMDb match unavailable,,,,Unconfirmed,Current UK platform unverified,Research required,,1036473.3213429257,1594574.3405275778,2232404.0767386085,3986435.8513189442,,,,,Watchlist
MADOFF: The Monster of Wall Street,,,23030000,,1,0.0,0.0,,13.507194244604314,False,Mixed or limited evidence,IMDb match unavailable,,,,Unconfirmed,Current UK platform unverified,Research required,,1036229.7661870503,1594199.6402877695,2231879.496402877,3985499.100719424,,,,,Watchlist
The Life You Wanted,,,13900000,2800000.0,2,0.0,0.0,,13.42925659472422,False,Mixed or limited evidence,IMDb match unavailable,,,,Unconfirmed,Current UK platform unverified,Research required,,1033063.5491606717,1589328.537170264,2225059.952038369,3973321.34292566,,,,,Watchlist
The Search For Instagram's Worst Con Artist,,,13700000,9300000.0,2,0.0,0.0,,13.321342925659474,False,Mixed or limited evidence,IMDb match unavailable,,,,Unconfirmed,Current UK platform unverified,Research required,,1028679.5563549161,1582583.932853717,2215617.5059952033,3956459.8321342925,,,,,Watchlist
The Influencer,,,13700000,2400000.0,2,0.0,0.0,,13.321342925659474,False,Mixed or limited evidence,IMDb match unavailable,,,,Unconfirmed,Current UK platform unverified,Research required,,1028679.5563549161,1582583.932853717,2215617.5059952033,3956459.8321342925,,,,,Watchlist
Exploding Kittens,,,13500000,3500000.0,2,0.0,0.0,,13.16546762589928,False,Mixed or limited evidence,IMDb match unavailable,,,,Unconfirmed,Current UK platform unverified,Research required,,1022347.1223021584,1572841.726618705,2201978.417266187,3932104.316546763,,,,,Watchlist
From Me to You: Kimi ni Todoke,,,13330000,,2,0.0,0.0,,13.141486810551559,False,Mixed or limited evidence,IMDb match unavailable,,,,Unconfirmed,Current UK platform unverified,Research required,,1021372.9016786572,1571342.9256594726,2199880.0959232617,3928357.3141486812,,,,,Watchlist
Bad Influencer,,,22200000,4000000.0,1,76923.07692307692,0.0,0.0,13.051558752997602,False,Mixed or limited evidence,IMDb match unavailable,,,,Unconfirmed,Current UK platform unverified,Research required,,1017719.5743405275,1565722.42206235,2192011.39088729,3914306.055155875,,,,,Watchlist
Eve,,,22100000,1300000.0,1,0.0,0.0,,12.991606714628299,False,Mixed or limited evidence,IMDb match unavailable,,,,Unconfirmed,Current UK platform unverified,Research required,,1015284.0227817746,1561975.4196642686,2186765.587529976,3904938.5491606714,,,,,Watchlist
"Cocaine Air: Smugglers at 30,000 Ft.",,,12600000,5700000.0,2,0.0,0.0,,12.853717026378897,False,Mixed or limited evidence,IMDb match unavailable,,,,Unconfirmed,Current UK platform unverified,Research required,,1009682.2541966427,1553357.314148681,2174700.2398081534,3883393.2853717026,,,,,Watchlist
Cooking Up Murder: Uncovering the Story of César Román,,,12600000,5100000.0,2,0.0,0.0,,12.853717026378897,False,Mixed or limited evidence,IMDb match unavailable,,,,Unconfirmed,Current UK platform unverified,Research required,,1009682.2541966427,1553357.314148681,2174700.2398081534,3883393.2853717026,,,,,Watchlist
Waco: American Apocalypse,,,21510000,,1,0.0,0.0,,12.76378896882494,False,Mixed or limited evidence,IMDb match unavailable,,,,Unconfirmed,Current UK platform unverified,Research required,,1006028.9268585132,1547736.8105515586,2166831.534772182,3869342.0263788966,,,,,Watchlist
A Tragedy Foretold: Flight 3054,,,12400000,5400000.0,2,0.0,0.0,,12.697841726618705,False,Mixed or limited evidence,IMDb match unavailable,,,,Unconfirmed,Current UK platform unverified,Research required,,1003349.820143885,1543615.1079136692,2161061.151079137,3859037.769784173,,,,,Watchlist
First Wives Club,,,12400000,3200000.0,2,0.0,0.0,,12.697841726618705,False,Mixed or limited evidence,IMDb match unavailable,,,,Unconfirmed,Current UK platform unverified,Research required,,1003349.820143885,1543615.1079136692,2161061.151079137,3859037.769784173,,,,,Watchlist
The TikTok Killer,,,12400000,7900000.0,2,151923.07692307694,0.0,0.0,12.697841726618705,False,Mixed or limited evidence,IMDb match unavailable,,,,Unconfirmed,Current UK platform unverified,Research required,,1003349.820143885,1543615.1079136692,2161061.151079137,3859037.769784173,,,,,Watchlist
McGREGOR FOREVER,,,20850000,,1,0.0,0.0,,12.595923261390887,False,Mixed or limited evidence,IMDb match unavailable,,,,Unconfirmed,Current UK platform unverified,Research required,,999209.3824940048,1537245.2038369305,2152143.2853717026,3843113.0095923264,,,,,Watchlist
Surviving Black Hawk Down,,,20800000,7900000.0,1,0.0,0.0,,12.571942446043167,False,Mixed or limited evidence,IMDb match unavailable,,,,Unconfirmed,Current UK platform unverified,Research required,,998235.1618705037,1535746.402877698,2150044.964028777,3839366.007194245,,,,,Watchlist
Jamie Foxx: What Had Happened Was...,,,12200000,10600000.0,2,0.0,0.0,,12.553956834532373,False,Mixed or limited evidence,IMDb match unavailable,,,,Unconfirmed,Current UK platform unverified,Research required,,997504.4964028776,1534622.3021582733,2148471.2230215827,3836555.7553956835,,,,,Watchlist
Dragon Ball DAIMA,,,7700000,6300000.0,3,0.0,0.0,,12.523980815347722,False,Mixed or limited evidence,IMDb match unavailable,,,,Unconfirmed,Current UK platform unverified,Research required,,996286.7206235013,1532748.8009592327,2145848.3213429255,3831872.002398082,,,,,Watchlist
Rising Impact,,,12000000,2100000.0,2,0.0,0.0,,12.494004796163068,False,Mixed or limited evidence,IMDb match unavailable,,,,Unconfirmed,Current UK platform unverified,Research required,,995068.9448441246,1530875.2997601917,2143225.4196642684,3827188.2494004793,,,,,Watchlist
Love is Blind: Mexico,,,12000000,2000000.0,2,0.0,0.0,,12.494004796163068,False,Mixed or limited evidence,IMDb match unavailable,,,,Unconfirmed,Current UK platform unverified,Research required,,995068.9448441246,1530875.2997601917,2143225.4196642684,3827188.2494004793,,,,,Watchlist
India’s Got Latent,,,7600000,6100000.0,3,117307.69230769231,0.0,0.0,12.476019184652277,False,Mixed or limited evidence,IMDb match unavailable,,,,Unconfirmed,Current UK platform unverified,Research required,,994338.2793764988,1529751.1990407673,2141651.678657074,3824377.997601918,,,,,Watchlist
Battle Camp,,,20300000,2300000.0,1,0.0,0.0,,12.416067146282973,False,Mixed or limited evidence,IMDb match unavailable,,,,Unconfirmed,Current UK platform unverified,Research required,,991902.7278177458,1526004.1966426857,2136405.8752997597,3815010.491606714,,,,,Watchlist
Trainwreck: Woodstock '99,,,20280000,,1,0.0,0.0,,12.38009592326139,False,Mixed or limited evidence,IMDb match unavailable,,,,Unconfirmed,Current UK platform unverified,Research required,,990441.396882494,1523755.9952038368,2133258.3932853714,3809389.988009592,,,,,Watchlist
Lawmen: Bass Reeves,,,20200000,3300000.0,1,63461.53846153846,0.0,0.0,12.320143884892087,False,Mixed or limited evidence,IMDb match unavailable,,,,Unconfirmed,Current UK platform unverified,Research required,,988005.8453237411,1520008.9928057555,2128012.5899280575,3800022.482014389,,,,,Watchlist
Queen Cleopatra,,,20180000,,1,0.0,0.0,,12.284172661870503,False,Mixed or limited evidence,IMDb match unavailable,,,,Unconfirmed,Current UK platform unverified,Research required,,986544.5143884892,1517760.7913669064,2124865.1079136687,3794401.978417266,,,,,Watchlist
Terminator Zero,,,11500000,3000000.0,2,0.0,0.0,,12.146282973621103,False,Mixed or limited evidence,IMDb match unavailable,,,,Unconfirmed,Current UK platform unverified,Research required,,980942.7458033573,1509142.685851319,2112799.7601918466,3772856.7146282974,,,,,Watchlist
Single's Inferno Reunion,,,11300000,3100000.0,2,59615.38461538462,0.0,0.0,12.014388489208633,False,Mixed or limited evidence,IMDb match unavailable,,,,Unconfirmed,Current UK platform unverified,Research required,,975584.5323741006,1500899.2805755395,2101258.992805755,3752248.201438849,,,,,Watchlist
One-Punch Man,,,6900000,5500000.0,3,105769.23076923077,0.0,0.0,11.900479616306953,False,Mixed or limited evidence,IMDb match unavailable,,,,Unconfirmed,Current UK platform unverified,Research required,,970956.98441247,1493779.9760191846,2091291.9664268582,3734449.9400479617,,,,,Watchlist
Matt Rife: Natural Selection,,,11000000,10300000.0,2,0.0,0.0,,11.870503597122301,False,Mixed or limited evidence,IMDb match unavailable,,,,Unconfirmed,Current UK platform unverified,Research required,,969739.2086330936,1491906.474820144,2088669.0647482015,3729766.1870503603,,,,,Watchlist
Girl From Nowhere The Reset,,,6800000,5300000.0,3,101923.07692307692,0.0,0.0,11.816546762589928,False,Mixed or limited evidence,IMDb match unavailable,,,,Unconfirmed,Current UK platform unverified,Research required,,967547.2122302157,1488534.1726618703,2083947.8417266181,3721335.431654676,,,,,Watchlist
Monk,,,18400000,2000000.0,1,0.0,0.0,,11.696642685851318,False,Mixed or limited evidence,IMDb match unavailable,,,,Unconfirmed,Current UK platform unverified,Research required,,962676.1091127099,1481040.1678657075,2073456.2350119904,3702600.419664269,,,,,Watchlist
Love & Death,,,18400000,2900000.0,1,55769.230769230766,0.0,0.0,11.696642685851318,False,Mixed or limited evidence,IMDb match unavailable,,,,Unconfirmed,Current UK platform unverified,Research required,,962676.1091127099,1481040.1678657075,2073456.2350119904,3702600.419664269,,,,,Watchlist
The Tale of Lady Ok,,,10700000,3300000.0,2,0.0,0.0,,11.666666666666666,False,Mixed or limited evidence,IMDb match unavailable,,,,Unconfirmed,Current UK platform unverified,Research required,,961458.3333333333,1479166.6666666665,2070833.333333333,3697916.666666666,,,,,Watchlist
Emergency: NYC,,,18170000,,1,0.0,0.0,,11.588729016786571,False,Mixed or limited evidence,IMDb match unavailable,,,,Unconfirmed,Current UK platform unverified,Research required,,958292.1163069543,1474295.5635491605,2064013.7889688245,3685738.9088729015,,,,,Watchlist
Ricky Gervais: Armageddon,,,10600000,10100000.0,2,0.0,0.0,,11.558752997601918,False,Mixed or limited evidence,IMDb match unavailable,,,,Unconfirmed,Current UK platform unverified,Research required,,957074.340527578,1472422.06235012,2061390.8872901679,3681055.1558753,,,,,Watchlist
We Were Kings,,,10600000,2800000.0,2,0.0,0.0,,11.558752997601918,False,Mixed or limited evidence,IMDb match unavailable,,,,Unconfirmed,Current UK platform unverified,Research required,,957074.340527578,1472422.06235012,2061390.8872901679,3681055.1558753,,,,,Watchlist
The Many Deaths of Nora Dalmasso,,,10500000,4100000.0,2,0.0,0.0,,11.498800959232614,False,Mixed or limited evidence,IMDb match unavailable,,,,Unconfirmed,Current UK platform unverified,Research required,,954638.7889688249,1468675.0599520383,2056145.0839328535,3671687.649880096,,,,,Watchlist
Chris Rock: Selective Outrage,,,17790000,,1,0.0,0.0,,11.492805755395684,False,Mixed or limited evidence,IMDb match unavailable,,,,Unconfirmed,Current UK platform unverified,Research required,,954395.2338129497,1468300.3597122303,2055620.5035971222,3670750.8992805756,,,,,Watchlist
Tougen Anki,,,6200000,5000000.0,3,0.0,0.0,,11.480815347721823,False,Mixed or limited evidence,IMDb match unavailable,,,,Unconfirmed,Current UK platform unverified,Research required,,953908.1235011991,1467550.959232614,2054571.3429256594,3668877.3980815345,,,,,Watchlist
Raël: The Alien Prophet,,,10200000,3300000.0,2,0.0,0.0,,11.29496402877698,False,Mixed or limited evidence,IMDb match unavailable,,,,Unconfirmed,Current UK platform unverified,Research required,,946357.9136690649,1455935.2517985613,2038309.3525179857,3639838.129496403,,,,,Watchlist
The Outreau Case: A French Nightmare,,,10000000,3200000.0,2,0.0,0.0,,11.18705035971223,False,Mixed or limited evidence,IMDb match unavailable,,,,Unconfirmed,Current UK platform unverified,Research required,,941973.9208633094,1449190.6474820145,2028866.90647482,3622976.618705036,,,,,Watchlist
Captains of the World,,,17300000,3700000.0,1,0.0,0.0,,11.169064748201437,False,Mixed or limited evidence,IMDb match unavailable,,,,Unconfirmed,Current UK platform unverified,Research required,,941243.2553956835,1448066.5467625898,2027293.1654676257,3620166.3669064743,,,,,Watchlist
1923,,,17300000,2200000.0,1,0.0,0.0,,11.169064748201437,False,Mixed or limited evidence,IMDb match unavailable,,,,Unconfirmed,Current UK platform unverified,Research required,,941243.2553956835,1448066.5467625898,2027293.1654676257,3620166.3669064743,,,,,Watchlist
Full Swing,,,17110000,,1,0.0,0.0,,11.06115107913669,False,Mixed or limited evidence,IMDb match unavailable,,,,Unconfirmed,Current UK platform unverified,Research required,,936859.2625899281,1441321.9424460432,2017850.7194244603,3603304.8561151084,,,,,Watchlist
The Gringo Hunters,,,16800000,1700000.0,1,0.0,0.0,,10.893285371702637,False,Mixed or limited evidence,IMDb match unavailable,,,,Unconfirmed,Current UK platform unverified,Research required,,930039.7182254196,1430830.3357314148,2003162.4700239806,3577075.839328537,,,,,Watchlist
"Your Friend, Nate Bargatze",,,9400000,8800000.0,2,0.0,0.0,,10.803357314148682,False,Mixed or limited evidence,IMDb match unavailable,,,,Unconfirmed,Current UK platform unverified,Research required,,926386.3908872901,1425209.8321342925,1995293.7649880094,3563024.580335731,,,,,Watchlist
The Whirlwind,,,16200000,1800000.0,1,0.0,0.0,,10.689448441247002,False,Mixed or limited evidence,IMDb match unavailable,,,,Unconfirmed,Current UK platform unverified,Research required,,921758.8429256595,1418090.5275779376,1985326.7386091126,3545226.318944844,,,,,Watchlist
In Love All Over Again,,,16160000,,1,0.0,0.0,,10.653477218225419,False,Mixed or limited evidence,IMDb match unavailable,,,,Unconfirmed,Current UK platform unverified,Research required,,920297.5119904077,1415842.3261390887,1982179.256594724,3539605.815347722,,,,,Watchlist
Receiver,,,16100000,2200000.0,1,0.0,0.0,,10.629496402877695,False,Mixed or limited evidence,IMDb match unavailable,,,,Unconfirmed,Current UK platform unverified,Research required,,919323.2913669064,1414343.525179856,1980080.9352517982,3535858.8129496397,,,,,Watchlist
Owning Manhattan,,,16000000,2600000.0,1,0.0,0.0,,10.581534772182254,False,Mixed or limited evidence,IMDb match unavailable,,,,Unconfirmed,Current UK platform unverified,Research required,,917374.8501199041,1411345.923261391,1975884.2925659472,3528364.8081534775,,,,,Watchlist
Queen Mantis,,,9100000,2900000.0,2,55769.230769230766,0.0,0.0,10.575539568345324,False,Mixed or limited evidence,IMDb match unavailable,,,,Unconfirmed,Current UK platform unverified,Research required,,917131.2949640288,1410971.2230215827,1975359.7122302155,3527428.0575539568,,,,,Watchlist
True Haunting,,,15700000,5200000.0,1,100000.0,0.0,0.0,10.497601918465227,False,Mixed or limited evidence,IMDb match unavailable,,,,Unconfirmed,Current UK platform unverified,Research required,,913965.0779376499,1406100.1199040767,1968540.1678657073,3515250.2997601917,,,,,Watchlist
Billionaire Island,,,9000000,2000000.0,2,0.0,0.0,,10.479616306954437,False,Mixed or limited evidence,IMDb match unavailable,,,,Unconfirmed,Current UK platform unverified,Research required,,913234.412470024,1404976.0191846523,1966966.426858513,3512440.047961631,,,,,Watchlist
Caught in the Web: The Murders Behind Zona Divas,,,8800000,3100000.0,2,0.0,0.0,,10.359712230215829,False,Mixed or limited evidence,IMDb match unavailable,,,,Unconfirmed,Current UK platform unverified,Research required,,908363.3093525181,1397482.0143884893,1956474.820143885,3493705.0359712234,,,,,Watchlist
America's Team: The Gambler and His Cowboys,,,15200000,1900000.0,1,0.0,0.0,,10.329736211031175,False,Mixed or limited evidence,IMDb match unavailable,,,,Unconfirmed,Current UK platform unverified,Research required,,907145.5335731416,1395608.5131894485,1953851.9184652278,3489021.282973621,,,,,Watchlist
Buying Beverly Hills,,,15200000,1900000.0,1,0.0,0.0,,10.329736211031175,False,Mixed or limited evidence,IMDb match unavailable,,,,Unconfirmed,Current UK platform unverified,Research required,,907145.5335731416,1395608.5131894485,1953851.9184652278,3489021.282973621,,,,,Watchlist
Still Shining,,,8600000,2700000.0,2,51923.07692307692,0.0,0.0,10.251798561151078,False,Mixed or limited evidence,IMDb match unavailable,,,,Unconfirmed,Current UK platform unverified,Research required,,903979.3165467626,1390737.4100719425,1947032.3741007193,3476843.5251798565,,,,,Watchlist
Katt Williams: Woke Foke,,,8500000,8300000.0,2,0.0,0.0,,10.191846522781775,False,Mixed or limited evidence,IMDb match unavailable,,,,Unconfirmed,Current UK platform unverified,Research required,,901543.7649880096,1386990.407673861,1941786.570743405,3467476.0191846523,,,,,Watchlist
Frieren: Beyond Journey's End,,,3800000,3400000.0,3,65384.61538461538,0.0,0.0,10.173860911270982,False,Mixed or limited evidence,IMDb match unavailable,,,,Unconfirmed,Current UK platform unverified,Research required,,900813.0995203838,1385866.3069544365,1940212.8297362109,3464665.767386091,,,,,Watchlist
Ángel Di María: Breaking Down the Wall,,,8400000,3100000.0,2,0.0,0.0,,10.14388489208633,False,Mixed or limited evidence,IMDb match unavailable,,,,Unconfirmed,Current UK platform unverified,Research required,,899595.323741007,1383992.8057553954,1937589.9280575535,3459982.0143884886,,,,,Watchlist
Building The Band,,,14700000,1600000.0,1,0.0,0.0,,10.065947242206235,False,Mixed or limited evidence,IMDb match unavailable,,,,Unconfirmed,Current UK platform unverified,Research required,,896429.1067146283,1379121.7026378897,1930770.3836930455,3447804.256594724,,,,,Watchlist
How to Get Rich,,,14580000,,1,0.0,0.0,,9.958033573141485,False,Mixed or limited evidence,IMDb match unavailable,,,,Unconfirmed,Current UK platform unverified,Research required,,892045.1139088728,1372377.0983213428,1921327.9376498798,3430942.745803357,,,,,Watchlist
DOC,,,14500000,900000.0,1,86538.46153846153,0.0,0.0,9.934052757793765,False,Mixed or limited evidence,IMDb match unavailable,,,,Unconfirmed,Current UK platform unverified,Research required,,891070.8932853717,1370878.2973621103,1919229.6163069543,3427195.743405276,,,,,Watchlist
Garouden: The Way of the Lone Wolf,,,8100000,2400000.0,2,0.0,0.0,,9.916067146282973,False,Mixed or limited evidence,IMDb match unavailable,,,,Unconfirmed,Current UK platform unverified,Research required,,890340.2278177458,1369754.1966426857,1917655.87529976,3424385.491606714,,,,,Watchlist
Boruto: Naruto Next Generations,,,14360000,,1,0.0,0.0,,9.88609112709832,False,Mixed or limited evidence,IMDb match unavailable,,,,Unconfirmed,Current UK platform unverified,Research required,,889122.4520383694,1367880.6954436451,1915032.973621103,3419701.738609113,,,,,Watchlist
Attack on London: Hunting The 7/7 Bombers,,,14300000,4700000.0,1,0.0,0.0,,9.814148681055155,False,Mixed or limited evidence,IMDb match unavailable,,,,Unconfirmed,Current UK platform unverified,Research required,,886199.7901678657,1363384.2925659472,1908738.009592326,3408460.731414868,,,,,Watchlist
Zombieverse,,,14300000,1900000.0,1,0.0,0.0,,9.814148681055155,False,Mixed or limited evidence,IMDb match unavailable,,,,Unconfirmed,Current UK platform unverified,Research required,,886199.7901678657,1363384.2925659472,1908738.009592326,3408460.731414868,,,,,Watchlist
Bling Empire: New York,,,14280000,,1,0.0,0.0,,9.766187050359711,False,Mixed or limited evidence,IMDb match unavailable,,,,Unconfirmed,Current UK platform unverified,Research required,,884251.3489208632,1360386.690647482,1904541.3669064746,3400966.726618705,,,,,Watchlist
The Secret of the Greco Family,,,14200000,,1,0.0,0.0,,9.706235011990406,False,Mixed or limited evidence,IMDb match unavailable,,,,Unconfirmed,Current UK platform unverified,Research required,,881815.7973621102,1356639.6882494004,1899295.5635491603,3391599.2206235006,,,,,Watchlist
"Pepsi, Where's My Jet?",,,14160000,,1,0.0,0.0,,9.670263788968823,False,Mixed or limited evidence,IMDb match unavailable,,,,Unconfirmed,Current UK platform unverified,Research required,,880354.4664268584,1354391.4868105515,1896148.081534772,3385978.717026379,,,,,Watchlist
Snack VS. Chef,,,13870000,,1,0.0,0.0,,9.598321342925658,False,Mixed or limited evidence,IMDb match unavailable,,,,Unconfirmed,Current UK platform unverified,Research required,,877431.804556355,1349895.0839328538,1889853.117505995,3374737.7098321347,,,,,Watchlist
The Reunion,,,13700000,8900000.0,1,171153.84615384616,0.0,0.0,9.514388489208633,False,Mixed or limited evidence,IMDb match unavailable,,,,Unconfirmed,Current UK platform unverified,Research required,,874022.0323741006,1344649.2805755395,1882508.992805755,3361623.201438849,,,,,Watchlist
Turning Point: The Vietnam War,,,13700000,2100000.0,1,0.0,0.0,,9.514388489208633,False,Mixed or limited evidence,IMDb match unavailable,,,,Unconfirmed,Current UK platform unverified,Research required,,874022.0323741006,1344649.2805755395,1882508.992805755,3361623.201438849,,,,,Watchlist
War Sailor,,,13640000,,1,0.0,0.0,,9.454436450839328,False,Mixed or limited evidence,IMDb match unavailable,,,,Unconfirmed,Current UK platform unverified,Research required,,871586.4808153476,1340902.2781774579,1877263.189448441,3352255.6954436447,,,,,Watchlist
Barbecue Showdown,,,13630000,,1,0.0,0.0,,9.430455635491604,False,Mixed or limited evidence,IMDb match unavailable,,,,Unconfirmed,Current UK platform unverified,Research required,,870612.2601918464,1339403.4772182251,1875164.8681055151,3348508.693045563,,,,,Watchlist
Tex Mex Motors,,,13600000,2800000.0,1,0.0,0.0,,9.394484412470023,False,Mixed or limited evidence,IMDb match unavailable,,,,Unconfirmed,Current UK platform unverified,Research required,,869150.9292565946,1337155.2757793763,1872017.3860911266,3342888.1894484404,,,,,Watchlist
The Hooligan,,,13600000,3600000.0,1,0.0,0.0,,9.394484412470023,False,Mixed or limited evidence,IMDb match unavailable,,,,Unconfirmed,Current UK platform unverified,Research required,,869150.9292565946,1337155.2757793763,1872017.3860911266,3342888.1894484404,,,,,Watchlist
Just Alice,,,13300000,1000000.0,1,19230.76923076923,0.0,0.0,9.310551558752996,False,Mixed or limited evidence,IMDb match unavailable,,,,Unconfirmed,Current UK platform unverified,Research required,,865741.1570743405,1331909.4724220622,1864673.261390887,3329773.6810551556,,,,,Watchlist
The Last Ship,,,13100000,1900000.0,1,36538.46153846154,0.0,0.0,9.238609112709831,False,Mixed or limited evidence,IMDb match unavailable,,,,Unconfirmed,Current UK platform unverified,Research required,,862818.4952038369,1327413.0695443645,1858378.29736211,3318532.6738609113,,,,,Watchlist
Hound's Hill,,,12900000,2400000.0,1,0.0,0.0,,9.190647482014388,False,Mixed or limited evidence,IMDb match unavailable,,,,Unconfirmed,Current UK platform unverified,Research required,,860870.0539568345,1324415.4676258992,1854181.6546762588,3311038.669064748,,,,,Watchlist
From Rock Star to Killer,,,7000000,3300000.0,2,0.0,0.0,,9.172661870503598,False,Mixed or limited evidence,IMDb match unavailable,,,,Unconfirmed,Current UK platform unverified,Research required,,860139.3884892086,1323291.3669064748,1852607.9136690646,3308228.4172661873,,,,,Watchlist
Married at First Sight,,,12810000,,1,0.0,0.0,,9.166666666666666,False,Mixed or limited evidence,IMDb match unavailable,,,,Unconfirmed,Current UK platform unverified,Research required,,859895.8333333333,1322916.6666666665,1852083.333333333,3307291.666666666,,,,,Watchlist
Someone Has to Know,,,12800000,2600000.0,1,50000.0,0.0,0.0,9.130695443645083,False,Mixed or limited evidence,IMDb match unavailable,,,,Unconfirmed,Current UK platform unverified,Research required,,858434.5023980815,1320668.4652278177,1848935.8513189445,3301671.1630695444,,,,,Watchlist
"With Love, Meghan",,,12600000,2600000.0,1,0.0,0.0,,9.046762589928056,False,Mixed or limited evidence,IMDb match unavailable,,,,Unconfirmed,Current UK platform unverified,Research required,,855024.7302158272,1315422.6618705033,1841591.7266187046,3288556.6546762586,,,,,Watchlist
Black Warrant,,,12600000,2300000.0,1,0.0,0.0,,9.046762589928056,False,Mixed or limited evidence,IMDb match unavailable,,,,Unconfirmed,Current UK platform unverified,Research required,,855024.7302158272,1315422.6618705033,1841591.7266187046,3288556.6546762586,,,,,Watchlist
Too Much,,,12500000,1900000.0,1,0.0,0.0,,8.95083932853717,False,Mixed or limited evidence,IMDb match unavailable,,,,Unconfirmed,Current UK platform unverified,Research required,,851127.8477218226,1309427.458033573,1833198.4412470022,3273568.6450839327,,,,,Watchlist
Oh My Ghost Clients,,,6700000,2000000.0,2,0.0,0.0,,8.920863309352518,False,Mixed or limited evidence,IMDb match unavailable,,,,Unconfirmed,Current UK platform unverified,Research required,,849910.071942446,1307553.9568345323,1830575.539568345,3268884.892086331,,,,,Watchlist
Mighty Bheem's Playtime,,,6700000,2600000.0,2,0.0,0.0,,8.920863309352518,False,Mixed or limited evidence,IMDb match unavailable,,,,Unconfirmed,Current UK platform unverified,Research required,,849910.071942446,1307553.9568345323,1830575.539568345,3268884.892086331,,,,,Watchlist
Court of Gold,,,12400000,2800000.0,1,0.0,0.0,,8.890887290167864,False,Mixed or limited evidence,IMDb match unavailable,,,,Unconfirmed,Current UK platform unverified,Research required,,848692.2961630695,1305680.4556354915,1827952.6378896881,3264201.139088729,,,,,Watchlist
Sex and the City,,,12300000,2500000.0,1,0.0,0.0,,8.806954436450837,False,Mixed or limited evidence,IMDb match unavailable,,,,Unconfirmed,Current UK platform unverified,Research required,,845282.5239808153,1300434.6522781774,1820608.5131894483,3251086.6306954436,,,,,Watchlist
Lies Hidden in my Garden,,,6500000,2200000.0,2,0.0,0.0,,8.788968824940047,False,Mixed or limited evidence,IMDb match unavailable,,,,Unconfirmed,Current UK platform unverified,Research required,,844551.8585131895,1299310.551558753,1819034.7721822541,3248276.3788968828,,,,,Watchlist
Frankly Speaking,,,6400000,2200000.0,2,0.0,0.0,,8.741007194244604,False,Mixed or limited evidence,IMDb match unavailable,,,,Unconfirmed,Current UK platform unverified,Research required,,842603.4172661871,1296312.9496402878,1814838.1294964028,3240782.3741007196,,,,,Watchlist
Glory,,,12000000,1900000.0,1,36538.46153846154,0.0,0.0,8.687050359712229,False,Mixed or limited evidence,IMDb match unavailable,,,,Unconfirmed,Current UK platform unverified,Research required,,840411.4208633093,1292940.6474820143,1810116.9064748199,3232351.6187050357,,,,,Watchlist
Pokémon Concierge,,,6200000,5200000.0,2,0.0,0.0,,8.657074340527577,False,Mixed or limited evidence,IMDb match unavailable,,,,Unconfirmed,Current UK platform unverified,Research required,,839193.6450839329,1291067.1462829737,1807494.0047961632,3227667.8657074342,,,,,Watchlist
Trevor Noah: Where Was I,,,6200000,5500000.0,2,0.0,0.0,,8.657074340527577,False,Mixed or limited evidence,IMDb match unavailable,,,,Unconfirmed,Current UK platform unverified,Research required,,839193.6450839329,1291067.1462829737,1807494.0047961632,3227667.8657074342,,,,,Watchlist
How to Become a Mob Boss,,,11900000,3900000.0,1,0.0,0.0,,8.591127098321342,False,Mixed or limited evidence,IMDb match unavailable,,,,Unconfirmed,Current UK platform unverified,Research required,,836514.5383693045,1286945.4436450838,1801723.6211031172,3217363.6091127098,,,,,Watchlist
The Apothecary Diaries,,,11900000,1300000.0,1,0.0,0.0,,8.591127098321342,False,Mixed or limited evidence,IMDb match unavailable,,,,Unconfirmed,Current UK platform unverified,Research required,,836514.5383693045,1286945.4436450838,1801723.6211031172,3217363.6091127098,,,,,Watchlist
Oddballs,,,11900000,,1,0.0,0.0,,8.591127098321342,False,Mixed or limited evidence,IMDb match unavailable,,,,Unconfirmed,Current UK platform unverified,Research required,,836514.5383693045,1286945.4436450838,1801723.6211031172,3217363.6091127098,,,,,Watchlist
Hack My Home,,,11900000,2600000.0,1,0.0,0.0,,8.591127098321342,False,Mixed or limited evidence,IMDb match unavailable,,,,Unconfirmed,Current UK platform unverified,Research required,,836514.5383693045,1286945.4436450838,1801723.6211031172,3217363.6091127098,,,,,Watchlist
Matt Rife: Lucid - A Crowd Work Special,,,6100000,6800000.0,2,0.0,0.0,,8.57314148681055,False,Mixed or limited evidence,IMDb match unavailable,,,,Unconfirmed,Current UK platform unverified,Research required,,835783.8729016787,1285821.3429256594,1800149.880095923,3214553.3573141485,,,,,Watchlist
Bullsh*t The Gameshow,,,11850000,,1,0.0,0.0,,8.519184652278176,False,Mixed or limited evidence,IMDb match unavailable,,,,Unconfirmed,Current UK platform unverified,Research required,,833591.8764988009,1282449.040767386,1795428.6570743404,3206122.6019184655,,,,,Watchlist
Joe Rogan: Burn the Boats,,,6000000,5400000.0,2,0.0,0.0,,8.489208633093526,False,Mixed or limited evidence,IMDb match unavailable,,,,Unconfirmed,Current UK platform unverified,Research required,,832374.1007194244,1280575.5395683453,1792805.7553956832,3201438.848920863,,,,,Watchlist
The Walking Dead: The Ones Who Live,,,11700000,2300000.0,1,0.0,0.0,,8.471223021582732,False,Mixed or limited evidence,IMDb match unavailable,,,,Unconfirmed,Current UK platform unverified,Research required,,831643.4352517985,1279451.4388489206,1791232.0143884888,3198628.5971223013,,,,,Watchlist
Blood Ties,,,11660000,,1,0.0,0.0,,8.447242206235012,False,Mixed or limited evidence,IMDb match unavailable,,,,Unconfirmed,Current UK platform unverified,Research required,,830669.2146282975,1277952.6378896884,1789133.6930455635,3194881.594724221,,,,,Watchlist
Wild Croc Territory,,,11550000,,1,0.0,0.0,,8.375299760191846,False,Mixed or limited evidence,IMDb match unavailable,,,,Unconfirmed,Current UK platform unverified,Research required,,827746.5527577938,1273456.2350119904,1782838.7290167864,3183640.587529976,,,,,Watchlist
Ashes to Crown,,,11500000,1400000.0,1,26923.076923076922,0.0,0.0,8.339328537170264,False,Mixed or limited evidence,IMDb match unavailable,,,,Unconfirmed,Current UK platform unverified,Research required,,826285.221822542,1271208.0335731416,1779691.2470023981,3178020.083932854,,,,,Watchlist
Crime Scene Berlin: Nightlife Killer,,,5800000,3300000.0,2,0.0,0.0,,8.333333333333334,False,Mixed or limited evidence,IMDb match unavailable,,,,Unconfirmed,Current UK platform unverified,Research required,,826041.6666666667,1270833.3333333335,1779166.6666666667,3177083.333333334,,,,,Watchlist
Hell's Paradise: Jigokuraku,,,5800000,1800000.0,2,17307.69230769231,0.0,0.0,8.333333333333334,False,Mixed or limited evidence,IMDb match unavailable,,,,Unconfirmed,Current UK platform unverified,Research required,,826041.6666666667,1270833.3333333335,1779166.6666666667,3177083.333333334,,,,,Watchlist
Summer Heat,,,11470000,,1,0.0,0.0,,8.279376498800959,False,Mixed or limited evidence,IMDb match unavailable,,,,Unconfirmed,Current UK platform unverified,Research required,,823849.670263789,1267461.03117506,1774445.4436450838,3168652.57793765,,,,,Watchlist
Unstable,,,11360000,,1,0.0,0.0,,8.231414868105515,False,Mixed or limited evidence,IMDb match unavailable,,,,Unconfirmed,Current UK platform unverified,Research required,,821901.2290167866,1264463.4292565947,1770248.8009592325,3161158.573141487,,,,,Watchlist
Maledictions,,,5500000,2600000.0,2,50000.0,0.0,0.0,8.16546762589928,False,Mixed or limited evidence,IMDb match unavailable,,,,Unconfirmed,Current UK platform unverified,Research required,,819222.1223021584,1260341.726618705,1764478.417266187,3150854.316546763,,,,,Watchlist
Ripple,,,11100000,2000000.0,1,38461.53846153846,0.0,0.0,8.135491606714629,False,Mixed or limited evidence,IMDb match unavailable,,,,Unconfirmed,Current UK platform unverified,Research required,,818004.3465227818,1258468.2254196643,1761855.5155875299,3146170.563549161,,,,,Watchlist
The Playlist,,,10920000,,1,0.0,0.0,,8.039568345323742,False,Mixed or limited evidence,IMDb match unavailable,,,,Unconfirmed,Current UK platform unverified,Research required,,814107.464028777,1252473.0215827338,1753462.2302158272,3131182.5539568346,,,,,Watchlist
Hot Skull,,,10910000,,1,0.0,0.0,,8.015587529976019,False,Mixed or limited evidence,IMDb match unavailable,,,,Unconfirmed,Current UK platform unverified,Research required,,813133.2434052757,1250974.220623501,1751363.9088729015,3127435.5515587525,,,,,Watchlist
STEEL BALL RUN JoJo’s Bizarre Adventure,,,5000000,6400000.0,2,123076.92307692308,0.0,0.0,8.009592326139089,False,Mixed or limited evidence,IMDb match unavailable,,,,Unconfirmed,Current UK platform unverified,Research required,,812889.6882494005,1250599.520383693,1750839.32853717,3126498.8009592327,,,,,Watchlist
Our Oceans,,,10900000,2100000.0,1,0.0,0.0,,7.991606714628298,False,Mixed or limited evidence,IMDb match unavailable,,,,Unconfirmed,Current UK platform unverified,Research required,,812159.0227817746,1249475.4196642686,1749265.587529976,3123688.5491606714,,,,,Watchlist
When the Stars Gossip,,,10800000,2400000.0,1,0.0,0.0,,7.919664268585132,False,Mixed or limited evidence,IMDb match unavailable,,,,Unconfirmed,Current UK platform unverified,Research required,,809236.360911271,1244979.0167865707,1742970.6235011988,3112447.5419664267,,,,,Watchlist
Don't Pick Up the Phone,,,10780000,,1,0.0,0.0,,7.89568345323741,False,Mixed or limited evidence,IMDb match unavailable,,,,Unconfirmed,Current UK platform unverified,Research required,,808262.1402877698,1243480.2158273382,1740872.3021582733,3108700.5395683455,,,,,Watchlist
WWE: Unreal,,,10700000,2300000.0,1,0.0,0.0,,7.859712230215826,False,Mixed or limited evidence,IMDb match unavailable,,,,Unconfirmed,Current UK platform unverified,Research required,,806800.809352518,1241232.014388489,1737724.8201438845,3103080.0359712224,,,,,Watchlist
Asaf,,,10600000,2300000.0,1,0.0,0.0,,7.7517985611510785,False,Mixed or limited evidence,IMDb match unavailable,,,,Unconfirmed,Current UK platform unverified,Research required,,802416.8165467626,1234487.4100719425,1728282.3741007193,3086218.5251798565,,,,,Watchlist
Tribhuvan Mishra CA Topper,,,10500000,1200000.0,1,0.0,0.0,,7.691846522781774,False,Mixed or limited evidence,IMDb match unavailable,,,,Unconfirmed,Current UK platform unverified,Research required,,799981.2649880096,1230740.407673861,1723036.5707434053,3076851.0191846523,,,,,Watchlist
Kaiju No. 8,,,4500000,1500000.0,2,0.0,0.0,,7.661870503597122,False,Mixed or limited evidence,IMDb match unavailable,,,,Unconfirmed,Current UK platform unverified,Research required,,798763.4892086331,1228866.90647482,1720413.669064748,3072167.2661870504,,,,,Watchlist
She Would Never Know,,,10420000,,1,0.0,0.0,,7.63189448441247,False,Mixed or limited evidence,IMDb match unavailable,,,,Unconfirmed,Current UK platform unverified,Research required,,797545.7134292566,1226993.4052757793,1717790.767386091,3067483.513189448,,,,,Watchlist
W.A.G.s to Riches,,,10400000,2300000.0,1,0.0,0.0,,7.6079136690647475,False,Mixed or limited evidence,IMDb match unavailable,,,,Unconfirmed,Current UK platform unverified,Research required,,796571.4928057553,1225494.6043165466,1715692.4460431652,3063736.5107913665,,,,,Watchlist
Franco Escamilla: Ladies' man,,,4300000,3500000.0,2,0.0,0.0,,7.577937649880095,False,Mixed or limited evidence,IMDb match unavailable,,,,Unconfirmed,Current UK platform unverified,Research required,,795353.717026379,1223621.103117506,1713069.5443645082,3059052.757793765,,,,,Watchlist
Lord of the Flies,,,10300000,2500000.0,1,48076.92307692308,0.0,0.0,7.547961630695443,False,Mixed or limited evidence,IMDb match unavailable,,,,Unconfirmed,Current UK platform unverified,Research required,,794135.9412470025,1221747.6019184652,1710446.6426858513,3054369.004796163,,,,,Watchlist
Kevin Hart: Acting My Age,,,10300000,9200000.0,1,176923.07692307694,0.0,0.0,7.547961630695443,False,Mixed or limited evidence,IMDb match unavailable,,,,Unconfirmed,Current UK platform unverified,Research required,,794135.9412470025,1221747.6019184652,1710446.6426858513,3054369.004796163,,,,,Watchlist
Om Nom Stories,,,4100000,4100000.0,2,0.0,0.0,,7.529976019184653,False,Mixed or limited evidence,IMDb match unavailable,,,,Unconfirmed,Current UK platform unverified,Research required,,793405.2757793765,1220623.5011990408,1708872.901678657,3051558.752997602,,,,,Watchlist
A Nonsense Christmas with Sabrina Carpenter,,,3900000,4600000.0,2,0.0,0.0,,7.434052757793766,False,Mixed or limited evidence,IMDb match unavailable,,,,Unconfirmed,Current UK platform unverified,Research required,,789508.3932853717,1214628.2973621103,1700479.6163069543,3036570.743405276,,,,,Watchlist
Muscles & Mayhem: An Unauthorized Story of American Gladiators,,,10100000,2800000.0,1,0.0,0.0,,7.416067146282973,False,Mixed or limited evidence,IMDb match unavailable,,,,Unconfirmed,Current UK platform unverified,Research required,,788777.7278177459,1213504.196642686,1698905.8752997601,3033760.4916067147,,,,,Watchlist
Somebody,,,9940000,,1,0.0,0.0,,7.320143884892086,False,Mixed or limited evidence,IMDb match unavailable,,,,Unconfirmed,Current UK platform unverified,Research required,,784880.845323741,1207508.9928057552,1690512.5899280573,3018772.482014388,,,,,Watchlist
Class,,,9910000,,1,0.0,0.0,,7.272182254196642,False,Mixed or limited evidence,IMDb match unavailable,,,,Unconfirmed,Current UK platform unverified,Research required,,782932.4040767386,1204511.3908872902,1686315.9472422062,3011278.4772182256,,,,,Watchlist
José Totoy 3,,,3600000,4800000.0,2,69230.76923076923,0.0,0.0,7.254196642685852,False,Mixed or limited evidence,IMDb match unavailable,,,,Unconfirmed,Current UK platform unverified,Research required,,782201.7386091128,1203387.2901678658,1684742.206235012,3008468.2254196648,,,,,Watchlist
Hunter X Hunter (2011),,,9890000,,1,0.0,0.0,,7.248201438848921,False,Mixed or limited evidence,IMDb match unavailable,,,,Unconfirmed,Current UK platform unverified,Research required,,781958.1834532374,1203012.5899280575,1684217.6258992804,3007531.4748201435,,,,,Watchlist
The Later Daters,,,9800000,1800000.0,1,0.0,0.0,,7.200239808153477,False,Mixed or limited evidence,IMDb match unavailable,,,,Unconfirmed,Current UK platform unverified,Research required,,780009.7422062351,1200014.9880095923,1680020.983213429,3000037.470023981,,,,,Watchlist
Big Vape: The Rise and Fall of Juul,,,9700000,3100000.0,1,0.0,0.0,,7.152278177458034,False,Mixed or limited evidence,IMDb match unavailable,,,,Unconfirmed,Current UK platform unverified,Research required,,778061.3009592326,1197017.386091127,1675824.3405275778,2992543.4652278177,,,,,Watchlist
Royal Rumble,,,9600000,2100000.0,1,0.0,0.0,,7.128297362110311,False,Mixed or limited evidence,IMDb match unavailable,,,,Unconfirmed,Current UK platform unverified,Research required,,777087.0803357315,1195518.5851318946,1673726.0191846523,2988796.4628297365,,,,,Watchlist
"Instadocs: Alex Murdaugh, Unconvicted",,,3300000,6600000.0,2,126923.07692307692,0.0,0.0,7.098321342925659,False,Mixed or limited evidence,IMDb match unavailable,,,,Unconfirmed,Current UK platform unverified,Research required,,775869.304556355,1193645.0839328538,1671103.117505995,2984112.7098321347,,,,,Watchlist
Terror Tuesday: Extreme,,,9500000,1700000.0,1,0.0,0.0,,7.09232613908873,False,Mixed or limited evidence,IMDb match unavailable,,,,Unconfirmed,Current UK platform unverified,Research required,,775625.7494004796,1193270.3836930455,1670578.5371702635,2983175.9592326134,,,,,Watchlist
Katie Taylor vs. Amanda Serrano 3,,,9400000,2800000.0,1,0.0,0.0,,6.996402877697842,False,Mixed or limited evidence,IMDb match unavailable,,,,Unconfirmed,Current UK platform unverified,Research required,,771728.8669064748,1187275.179856115,1662185.2517985608,2968187.9496402876,,,,,Watchlist
Critical: Between Life and Death,,,9300000,2000000.0,1,0.0,0.0,,6.96043165467626,False,Mixed or limited evidence,IMDb match unavailable,,,,Unconfirmed,Current UK platform unverified,Research required,,770267.535971223,1185026.9784172662,1659037.7697841725,2962567.4460431654,,,,,Watchlist
The Summer Hikaru Died,,,3100000,3400000.0,2,0.0,0.0,,6.918465227817746,False,Mixed or limited evidence,IMDb match unavailable,,,,Unconfirmed,Current UK platform unverified,Research required,,768562.6498800961,1182404.0767386092,1655365.7074340528,2956010.191846523,,,,,Watchlist
Friendly Rivalry,,,9200000,1100000.0,1,0.0,0.0,,6.876498800959233,False,Mixed or limited evidence,IMDb match unavailable,,,,Unconfirmed,Current UK platform unverified,Research required,,766857.7637889689,1179781.175059952,1651693.645083933,2949452.93764988,,,,,Watchlist
The Bad Guys: The Series,,,9200000,2400000.0,1,46153.846153846156,0.0,0.0,6.876498800959233,False,Mixed or limited evidence,IMDb match unavailable,,,,Unconfirmed,Current UK platform unverified,Research required,,766857.7637889689,1179781.175059952,1651693.645083933,2949452.93764988,,,,,Watchlist
MARINES,,,9000000,2800000.0,1,53846.153846153844,0.0,0.0,6.672661870503596,False,Mixed or limited evidence,IMDb match unavailable,,,,Unconfirmed,Current UK platform unverified,Research required,,758576.8884892086,1167041.3669064748,1633857.9136690646,2917603.4172661873,,,,,Watchlist
Blood Legacy,,,9000000,1100000.0,1,0.0,0.0,,6.672661870503596,False,Mixed or limited evidence,IMDb match unavailable,,,,Unconfirmed,Current UK platform unverified,Research required,,758576.8884892086,1167041.3669064748,1633857.9136690646,2917603.4172661873,,,,,Watchlist
School Spirits,,,8900000,1400000.0,1,0.0,0.0,,6.600719424460431,False,Mixed or limited evidence,IMDb match unavailable,,,,Unconfirmed,Current UK platform unverified,Research required,,755654.2266187051,1162544.964028777,1627562.9496402878,2906362.410071943,,,,,Watchlist
Surviving Paradise,,,8900000,1300000.0,1,0.0,0.0,,6.600719424460431,False,Mixed or limited evidence,IMDb match unavailable,,,,Unconfirmed,Current UK platform unverified,Research required,,755654.2266187051,1162544.964028777,1627562.9496402878,2906362.410071943,,,,,Watchlist
Monique Olivier: Accessory to Evil,,,8720000,,1,0.0,0.0,,6.528776978417265,False,Mixed or limited evidence,IMDb match unavailable,,,,Unconfirmed,Current UK platform unverified,Research required,,752731.5647482015,1158048.5611510791,1621267.9856115107,2895121.4028776977,,,,,Watchlist
Under Fire,,,8620000,,1,0.0,0.0,,6.480815347721822,False,Mixed or limited evidence,IMDb match unavailable,,,,Unconfirmed,Current UK platform unverified,Research required,,750783.1235011991,1155050.959232614,1617071.3429256594,2887627.3980815345,,,,,Watchlist
Glass Heart,,,8600000,1200000.0,1,0.0,0.0,,6.44484412470024,False,Mixed or limited evidence,IMDb match unavailable,,,,Unconfirmed,Current UK platform unverified,Research required,,749321.7925659473,1152802.757793765,1613923.860911271,2882006.894484413,,,,,Watchlist
Let's Get Divorced,,,8500000,900000.0,1,0.0,0.0,,6.384892086330934,False,Mixed or limited evidence,IMDb match unavailable,,,,Unconfirmed,Current UK platform unverified,Research required,,746886.2410071943,1149055.7553956835,1608678.0575539568,2872639.3884892086,,,,,Watchlist
Santita,,,8500000,1900000.0,1,36538.46153846154,0.0,0.0,6.384892086330934,False,Mixed or limited evidence,IMDb match unavailable,,,,Unconfirmed,Current UK platform unverified,Research required,,746886.2410071943,1149055.7553956835,1608678.0575539568,2872639.3884892086,,,,,Watchlist
Love Never Lies,,,8370000,,1,0.0,0.0,,6.31294964028777,False,Mixed or limited evidence,IMDb match unavailable,,,,Unconfirmed,Current UK platform unverified,Research required,,743963.5791366907,1144559.3525179857,1602383.09352518,2861398.3812949643,,,,,Watchlist
The Manhattan Alien Abduction,,,8300000,4000000.0,1,0.0,0.0,,6.252997601918466,False,Mixed or limited evidence,IMDb match unavailable,,,,Unconfirmed,Current UK platform unverified,Research required,,741528.0275779377,1140812.3501199041,1597137.2901678658,2852030.87529976,,,,,Watchlist
Everything Now,,,8300000,1300000.0,1,0.0,0.0,,6.252997601918466,False,Mixed or limited evidence,IMDb match unavailable,,,,Unconfirmed,Current UK platform unverified,Research required,,741528.0275779377,1140812.3501199041,1597137.2901678658,2852030.87529976,,,,,Watchlist
Together: Treble Winners,,,8300000,1800000.0,1,0.0,0.0,,6.252997601918466,False,Mixed or limited evidence,IMDb match unavailable,,,,Unconfirmed,Current UK platform unverified,Research required,,741528.0275779377,1140812.3501199041,1597137.2901678658,2852030.87529976,,,,,Watchlist
MOURINHO,,,8300000,2900000.0,1,55769.230769230766,725000.0,13.0,6.252997601918466,False,Possible short-term spike,IMDb match unavailable,,,,Unconfirmed,Current UK platform unverified,Research required,,741528.0275779377,1140812.3501199041,1597137.2901678658,2852030.87529976,,,,,Watchlist
Freeridge,,,8270000,,1,0.0,0.0,,6.19304556354916,False,Mixed or limited evidence,IMDb match unavailable,,,,Unconfirmed,Current UK platform unverified,Research required,,739092.4760191847,1137065.3477218226,1591891.4868105515,2842663.3693045564,,,,,Watchlist
Agent from Above,,,8100000,1400000.0,1,26923.076923076922,0.0,0.0,6.109112709832135,False,Mixed or limited evidence,IMDb match unavailable,,,,Unconfirmed,Current UK platform unverified,Research required,,735682.7038369306,1131819.5443645085,1584547.3621103119,2829548.860911271,,,,,Watchlist
Loudermilk,,,8000000,1700000.0,1,0.0,0.0,,6.061151079136691,False,Mixed or limited evidence,IMDb match unavailable,,,,Unconfirmed,Current UK platform unverified,Research required,,733734.2625899281,1128821.9424460432,1580350.7194244605,2822054.8561151084,,,,,Watchlist
Buying London,,,8000000,1900000.0,1,0.0,0.0,,6.061151079136691,False,Mixed or limited evidence,IMDb match unavailable,,,,Unconfirmed,Current UK platform unverified,Research required,,733734.2625899281,1128821.9424460432,1580350.7194244605,2822054.8561151084,,,,,Watchlist
Entrapped,,,7900000,,1,0.0,0.0,,6.013189448441247,False,Mixed or limited evidence,IMDb match unavailable,,,,Unconfirmed,Current UK platform unverified,Research required,,731785.8213429258,1125824.340527578,1576154.0767386092,2814560.851318945,,,,,Watchlist
Valle Salvaje,,,7900000,1300000.0,1,0.0,0.0,,6.013189448441247,False,Mixed or limited evidence,IMDb match unavailable,,,,Unconfirmed,Current UK platform unverified,Research required,,731785.8213429258,1125824.340527578,1576154.0767386092,2814560.851318945,,,,,Watchlist
Gangs of Oslo,,,7700000,1600000.0,1,0.0,0.0,,5.893285371702637,False,Mixed or limited evidence,IMDb match unavailable,,,,Unconfirmed,Current UK platform unverified,Research required,,726914.7182254196,1118330.3357314148,1565662.4700239806,2795825.839328537,,,,,Watchlist
The Fairly OddParents: A New Wish,,,7500000,2000000.0,1,0.0,0.0,,5.773381294964029,False,Mixed or limited evidence,IMDb match unavailable,,,,Unconfirmed,Current UK platform unverified,Research required,,722043.6151079137,1110836.330935252,1555170.8633093527,2777090.8273381297,,,,,Watchlist
Bad Thoughts,,,7500000,3800000.0,1,0.0,0.0,,5.773381294964029,False,Mixed or limited evidence,IMDb match unavailable,,,,Unconfirmed,Current UK platform unverified,Research required,,722043.6151079137,1110836.330935252,1555170.8633093527,2777090.8273381297,,,,,Watchlist
The Trust,,,7500000,2100000.0,1,0.0,0.0,,5.773381294964029,False,Mixed or limited evidence,IMDb match unavailable,,,,Unconfirmed,Current UK platform unverified,Research required,,722043.6151079137,1110836.330935252,1555170.8633093527,2777090.8273381297,,,,,Watchlist
Aniela,,,7400000,1200000.0,1,0.0,0.0,,5.617505995203836,False,Mixed or limited evidence,IMDb match unavailable,,,,Unconfirmed,Current UK platform unverified,Research required,,715711.1810551559,1101094.1247002399,1541531.7745803357,2752735.3117505996,,,,,Watchlist
The Turkish Passion,,,7400000,1400000.0,1,0.0,0.0,,5.617505995203836,False,Mixed or limited evidence,IMDb match unavailable,,,,Unconfirmed,Current UK platform unverified,Research required,,715711.1810551559,1101094.1247002399,1541531.7745803357,2752735.3117505996,,,,,Watchlist
Scott Pilgrim Takes Off,,,7400000,2000000.0,1,0.0,0.0,,5.617505995203836,False,Mixed or limited evidence,IMDb match unavailable,,,,Unconfirmed,Current UK platform unverified,Research required,,715711.1810551559,1101094.1247002399,1541531.7745803357,2752735.3117505996,,,,,Watchlist
My Dad the Bounty Hunter,,,7300000,1700000.0,1,0.0,0.0,,5.5215827338129495,False,Mixed or limited evidence,IMDb match unavailable,,,,Unconfirmed,Current UK platform unverified,Research required,,711814.2985611511,1095098.9208633094,1533138.489208633,2737747.3021582738,,,,,Watchlist
How to Become a Cult Leader,,,7300000,2300000.0,1,0.0,0.0,,5.5215827338129495,False,Mixed or limited evidence,IMDb match unavailable,,,,Unconfirmed,Current UK platform unverified,Research required,,711814.2985611511,1095098.9208633094,1533138.489208633,2737747.3021582738,,,,,Watchlist
Mech Cadets,,,7300000,1800000.0,1,0.0,0.0,,5.5215827338129495,False,Mixed or limited evidence,IMDb match unavailable,,,,Unconfirmed,Current UK platform unverified,Research required,,711814.2985611511,1095098.9208633094,1533138.489208633,2737747.3021582738,,,,,Watchlist
Brazil '70: The Third Star,,,7200000,1300000.0,1,25000.0,0.0,0.0,5.461630695443645,False,Mixed or limited evidence,IMDb match unavailable,,,,Unconfirmed,Current UK platform unverified,Research required,,709378.7470023981,1091351.9184652278,1527892.6858513188,2728379.7961630695,,,,,Watchlist
My Family,,,7100000,1600000.0,1,0.0,0.0,,5.425659472422062,False,Mixed or limited evidence,IMDb match unavailable,,,,Unconfirmed,Current UK platform unverified,Research required,,707917.4160671463,1089103.717026379,1524745.2038369305,2722759.2925659474,,,,,Watchlist
The Diamond Heist,,,7000000,3100000.0,1,0.0,0.0,,5.365707434052758,False,Mixed or limited evidence,IMDb match unavailable,,,,Unconfirmed,Current UK platform unverified,Research required,,705481.8645083933,1085356.7146282974,1519499.4004796161,2713391.7865707437,,,,,Watchlist
Katt Williams: The Last Report,,,7000000,7100000.0,1,136538.46153846153,0.0,0.0,5.365707434052758,False,Mixed or limited evidence,IMDb match unavailable,,,,Unconfirmed,Current UK platform unverified,Research required,,705481.8645083933,1085356.7146282974,1519499.4004796161,2713391.7865707437,,,,,Watchlist
Chastity High,,,7000000,1000000.0,1,0.0,0.0,,5.365707434052758,False,Mixed or limited evidence,IMDb match unavailable,,,,Unconfirmed,Current UK platform unverified,Research required,,705481.8645083933,1085356.7146282974,1519499.4004796161,2713391.7865707437,,,,,Watchlist
The Rats: A Witcher Tale,,,6900000,5000000.0,1,96153.84615384616,0.0,0.0,5.26978417266187,False,Mixed or limited evidence,IMDb match unavailable,,,,Unconfirmed,Current UK platform unverified,Research required,,701584.9820143885,1079361.510791367,1511106.1151079135,2698403.7769784173,,,,,Watchlist
The Indrani Mukerjea Story: Buried Truth,,,6900000,2200000.0,1,0.0,0.0,,5.26978417266187,False,Mixed or limited evidence,IMDb match unavailable,,,,Unconfirmed,Current UK platform unverified,Research required,,701584.9820143885,1079361.510791367,1511106.1151079135,2698403.7769784173,,,,,Watchlist
Onimusha,,,6800000,1800000.0,1,0.0,0.0,,5.185851318944843,False,Mixed or limited evidence,IMDb match unavailable,,,,Unconfirmed,Current UK platform unverified,Research required,,698175.2098321342,1074115.7074340526,1503761.9904076736,2685289.2685851315,,,,,Watchlist
Love After Music,,,6800000,,1,0.0,0.0,,5.185851318944843,False,Mixed or limited evidence,IMDb match unavailable,,,,Unconfirmed,Current UK platform unverified,Research required,,698175.2098321342,1074115.7074340526,1503761.9904076736,2685289.2685851315,,,,,Watchlist
Aema,,,6700000,1100000.0,1,21153.846153846152,0.0,0.0,5.113908872901678,False,Mixed or limited evidence,IMDb match unavailable,,,,Unconfirmed,Current UK platform unverified,Research required,,695252.5479616307,1069619.3045563549,1497467.0263788968,2674048.261390887,,,,,Watchlist
Mysteries of the Faith,,,6600000,2300000.0,1,0.0,0.0,,5.041966426858513,False,Mixed or limited evidence,IMDb match unavailable,,,,Unconfirmed,Current UK platform unverified,Research required,,692329.8860911272,1065122.9016786572,1491172.06235012,2662807.254196643,,,,,Watchlist
Children of the Church Steps,,,6600000,2000000.0,1,0.0,0.0,,5.041966426858513,False,Mixed or limited evidence,IMDb match unavailable,,,,Unconfirmed,Current UK platform unverified,Research required,,692329.8860911272,1065122.9016786572,1491172.06235012,2662807.254196643,,,,,Watchlist
Chicken Nugget,,,6600000,1200000.0,1,0.0,0.0,,5.041966426858513,False,Mixed or limited evidence,IMDb match unavailable,,,,Unconfirmed,Current UK platform unverified,Research required,,692329.8860911272,1065122.9016786572,1491172.06235012,2662807.254196643,,,,,Watchlist
6ixtynin9 The Series,,,6500000,1400000.0,1,0.0,0.0,,4.982014388489208,False,Mixed or limited evidence,IMDb match unavailable,,,,Unconfirmed,Current UK platform unverified,Research required,,689894.3345323742,1061375.8992805756,1485926.2589928056,2653439.748201439,,,,,Watchlist
Kylie,,,6400000,2100000.0,1,40384.61538461538,0.0,0.0,4.934052757793765,False,Mixed or limited evidence,IMDb match unavailable,,,,Unconfirmed,Current UK platform unverified,Research required,,687945.8932853717,1058378.2973621103,1481729.6163069543,2645945.743405276,,,,,Watchlist
Futuro desierto,,,6200000,1200000.0,1,23076.923076923078,0.0,0.0,4.850119904076738,False,Mixed or limited evidence,IMDb match unavailable,,,,Unconfirmed,Current UK platform unverified,Research required,,684536.1211031176,1053132.4940047963,1474385.4916067147,2632831.2350119906,,,,,Watchlist
Magic and Muscles,,,6200000,1300000.0,1,0.0,0.0,,4.850119904076738,False,Mixed or limited evidence,IMDb match unavailable,,,,Unconfirmed,Current UK platform unverified,Research required,,684536.1211031176,1053132.4940047963,1474385.4916067147,2632831.2350119906,,,,,Watchlist
Replacing Chef Chico,,,6100000,1300000.0,1,0.0,0.0,,4.7661870503597115,False,Mixed or limited evidence,IMDb match unavailable,,,,Unconfirmed,Current UK platform unverified,Research required,,681126.3489208632,1047886.6906474819,1467041.3669064746,2619716.726618705,,,,,Watchlist
Fiasco,,,6000000,1400000.0,1,0.0,0.0,,4.682254196642686,False,Mixed or limited evidence,IMDb match unavailable,,,,Unconfirmed,Current UK platform unverified,Research required,,677716.5767386091,1042640.8872901679,1459697.242206235,2606602.2182254195,,,,,Watchlist
Aaron Rodgers: Enigma,,,6000000,1800000.0,1,0.0,0.0,,4.682254196642686,False,Mixed or limited evidence,IMDb match unavailable,,,,Unconfirmed,Current UK platform unverified,Research required,,677716.5767386091,1042640.8872901679,1459697.242206235,2606602.2182254195,,,,,Watchlist
The Kings of Tupelo: A Southern Crime Saga,,,6000000,1800000.0,1,0.0,0.0,,4.682254196642686,False,Mixed or limited evidence,IMDb match unavailable,,,,Unconfirmed,Current UK platform unverified,Research required,,677716.5767386091,1042640.8872901679,1459697.242206235,2606602.2182254195,,,,,Watchlist
Love Never Lies: Poland,,,6000000,1200000.0,1,0.0,0.0,,4.682254196642686,False,Mixed or limited evidence,IMDb match unavailable,,,,Unconfirmed,Current UK platform unverified,Research required,,677716.5767386091,1042640.8872901679,1459697.242206235,2606602.2182254195,,,,,Watchlist
Kaulitz & Kaulitz,,,5900000,1000000.0,1,0.0,0.0,,4.59832134292566,False,Mixed or limited evidence,IMDb match unavailable,,,,Unconfirmed,Current UK platform unverified,Research required,,674306.804556355,1037395.0839328538,1452353.117505995,2593487.7098321347,,,,,Watchlist
Crime Scene Zero,,,5900000,1100000.0,1,21153.846153846152,0.0,0.0,4.59832134292566,False,Mixed or limited evidence,IMDb match unavailable,,,,Unconfirmed,Current UK platform unverified,Research required,,674306.804556355,1037395.0839328538,1452353.117505995,2593487.7098321347,,,,,Watchlist
Gundam: Requiem for Vengeance,,,5800000,2400000.0,1,0.0,0.0,,4.526378896882494,False,Mixed or limited evidence,IMDb match unavailable,,,,Unconfirmed,Current UK platform unverified,Research required,,671384.1426858513,1032898.6810551558,1446058.153477218,2582246.7026378894,,,,,Watchlist
The Haunted Palace,,,5800000,1400000.0,1,0.0,0.0,,4.526378896882494,False,Mixed or limited evidence,IMDb match unavailable,,,,Unconfirmed,Current UK platform unverified,Research required,,671384.1426858513,1032898.6810551558,1446058.153477218,2582246.7026378894,,,,,Watchlist
900 Days Without Anabel,,,5700000,2200000.0,1,0.0,0.0,,4.430455635491606,False,Mixed or limited evidence,IMDb match unavailable,,,,Unconfirmed,Current UK platform unverified,Research required,,667487.2601918465,1026903.4772182254,1437664.8681055154,2567258.6930455635,,,,,Watchlist
Full Speed,,,5700000,1500000.0,1,0.0,0.0,,4.430455635491606,False,Mixed or limited evidence,IMDb match unavailable,,,,Unconfirmed,Current UK platform unverified,Research required,,667487.2601918465,1026903.4772182254,1437664.8681055154,2567258.6930455635,,,,,Watchlist
THE MAGIC PRANK SHOW with Justin Willman,,,5700000,2000000.0,1,0.0,0.0,,4.430455635491606,False,Mixed or limited evidence,IMDb match unavailable,,,,Unconfirmed,Current UK platform unverified,Research required,,667487.2601918465,1026903.4772182254,1437664.8681055154,2567258.6930455635,,,,,Watchlist
Gold & Greed: The Hunt for Fenn's Treasure,,,5700000,2100000.0,1,0.0,0.0,,4.430455635491606,False,Mixed or limited evidence,IMDb match unavailable,,,,Unconfirmed,Current UK platform unverified,Research required,,667487.2601918465,1026903.4772182254,1437664.8681055154,2567258.6930455635,,,,,Watchlist
The 31st Annual Screen Actors Guild Awards,,,5500000,2600000.0,1,0.0,0.0,,4.358513189448441,False,Mixed or limited evidence,IMDb match unavailable,,,,Unconfirmed,Current UK platform unverified,Research required,,664564.598321343,1022407.0743405276,1431369.9040767385,2556017.685851319,,,,,Watchlist
Love Never Lies: Destination Sardinia,,,5420000,,1,0.0,0.0,,4.322541966426859,False,Mixed or limited evidence,IMDb match unavailable,,,,Unconfirmed,Current UK platform unverified,Research required,,663103.2673860912,1020158.8729016787,1428222.42206235,2550397.1822541966,,,,,Watchlist
Love Is Blind: Italy,,,5400000,1300000.0,1,25000.0,0.0,0.0,4.2745803357314145,False,Mixed or limited evidence,IMDb match unavailable,,,,Unconfirmed,Current UK platform unverified,Research required,,661154.8261390887,1017161.2709832133,1424025.7793764987,2542903.1774580334,,,,,Watchlist
Kevin Hart: The Kennedy Center Mark Twain Prize for American Humor,,,5400000,4100000.0,1,0.0,0.0,,4.2745803357314145,False,Mixed or limited evidence,IMDb match unavailable,,,,Unconfirmed,Current UK platform unverified,Research required,,661154.8261390887,1017161.2709832133,1424025.7793764987,2542903.1774580334,,,,,Watchlist
Ricky Gervais: Mortality,,,5000000,5100000.0,1,98076.92307692308,0.0,0.0,4.202637889688249,False,Mixed or limited evidence,IMDb match unavailable,,,,Unconfirmed,Current UK platform unverified,Research required,,658232.1642685852,1012664.8681055156,1417730.8153477218,2531662.170263789,,,,,Watchlist
How to Ruin Love,,,4900000,1600000.0,1,0.0,0.0,,4.118705035971224,False,Mixed or limited evidence,IMDb match unavailable,,,,Unconfirmed,Current UK platform unverified,Research required,,654822.392086331,1007419.0647482015,1410386.690647482,2518547.661870504,,,,,Watchlist
Stokes Twins,,,4900000,1500000.0,1,28846.153846153848,0.0,0.0,4.118705035971224,False,Mixed or limited evidence,IMDb match unavailable,,,,Unconfirmed,Current UK platform unverified,Research required,,654822.392086331,1007419.0647482015,1410386.690647482,2518547.661870504,,,,,Watchlist
Fisk,,,4900000,1800000.0,1,0.0,0.0,,4.118705035971224,False,Mixed or limited evidence,IMDb match unavailable,,,,Unconfirmed,Current UK platform unverified,Research required,,654822.392086331,1007419.0647482015,1410386.690647482,2518547.661870504,,,,,Watchlist
Gabriel Iglesias: Legend of Fluffy,,,4900000,2900000.0,1,0.0,0.0,,4.118705035971224,False,Mixed or limited evidence,IMDb match unavailable,,,,Unconfirmed,Current UK platform unverified,Research required,,654822.392086331,1007419.0647482015,1410386.690647482,2518547.661870504,,,,,Watchlist
Love Is Blind: Germany,,,4600000,1300000.0,1,0.0,0.0,,3.95083932853717,False,Mixed or limited evidence,IMDb match unavailable,,,,Unconfirmed,Current UK platform unverified,Research required,,648002.8477218226,996927.4580335731,1395698.4412470022,2492318.6450839327,,,,,Watchlist
The Grimm Variations,,,4600000,1100000.0,1,0.0,0.0,,3.95083932853717,False,Mixed or limited evidence,IMDb match unavailable,,,,Unconfirmed,Current UK platform unverified,Research required,,648002.8477218226,996927.4580335731,1395698.4412470022,2492318.6450839327,,,,,Watchlist
Tom Segura: Sledgehammer,,,4600000,4500000.0,1,0.0,0.0,,3.95083932853717,False,Mixed or limited evidence,IMDb match unavailable,,,,Unconfirmed,Current UK platform unverified,Research required,,648002.8477218226,996927.4580335731,1395698.4412470022,2492318.6450839327,,,,,Watchlist
Diary of a Ditched Girl,,,4500000,1300000.0,1,25000.0,0.0,0.0,3.854916067146283,False,Mixed or limited evidence,IMDb match unavailable,,,,Unconfirmed,Current UK platform unverified,Research required,,644105.9652278178,990932.2541966427,1387305.1558752996,2477330.635491607,,,,,Watchlist
Matt Rife: Unwrapped - A Christmas Crowd Work Special,,,4500000,4600000.0,1,88461.53846153847,0.0,0.0,3.854916067146283,False,Mixed or limited evidence,IMDb match unavailable,,,,Unconfirmed,Current UK platform unverified,Research required,,644105.9652278178,990932.2541966427,1387305.1558752996,2477330.635491607,,,,,Watchlist
"Dr. Seuss’s Red Fish, Blue Fish",,,4500000,2000000.0,1,38461.53846153846,0.0,0.0,3.854916067146283,False,Mixed or limited evidence,IMDb match unavailable,,,,Unconfirmed,Current UK platform unverified,Research required,,644105.9652278178,990932.2541966427,1387305.1558752996,2477330.635491607,,,,,Watchlist
Reporting for Duty,,,4400000,1200000.0,1,0.0,0.0,,3.794964028776979,False,Mixed or limited evidence,IMDb match unavailable,,,,Unconfirmed,Current UK platform unverified,Research required,,641670.4136690648,987185.2517985612,1382059.3525179855,2467963.129496403,,,,,Watchlist
Camp CrunchLabs,,,4200000,1800000.0,1,34615.38461538462,450000.0,13.0,3.747002398081535,False,Possible short-term spike,IMDb match unavailable,,,,Unconfirmed,Current UK platform unverified,Research required,,639721.9724220624,984187.649880096,1377862.7098321342,2460469.12470024,,,,,Watchlist
If I Were Luísa Sonza,,,4000000,2200000.0,1,0.0,0.0,,3.6870503597122304,False,Mixed or limited evidence,IMDb match unavailable,,,,Unconfirmed,Current UK platform unverified,Research required,,637286.4208633094,980440.6474820144,1372616.90647482,2451101.618705036,,,,,Watchlist
Go!,,,4000000,1500000.0,1,0.0,0.0,,3.6870503597122304,False,Mixed or limited evidence,IMDb match unavailable,,,,Unconfirmed,Current UK platform unverified,Research required,,637286.4208633094,980440.6474820144,1372616.90647482,2451101.618705036,,,,,Watchlist
CMXXIV,,,3900000,2100000.0,1,40384.61538461538,0.0,0.0,3.6270983213429253,False,Mixed or limited evidence,IMDb match unavailable,,,,Unconfirmed,Current UK platform unverified,Research required,,634850.8693045564,976693.6450839329,1367371.103117506,2441734.1127098324,,,,,Watchlist
GOOD BOY,,,3900000,1000000.0,1,0.0,0.0,,3.6270983213429253,False,Mixed or limited evidence,IMDb match unavailable,,,,Unconfirmed,Current UK platform unverified,Research required,,634850.8693045564,976693.6450839329,1367371.103117506,2441734.1127098324,,,,,Watchlist
Ready or Not: Texas,,,3800000,1100000.0,1,21153.846153846152,0.0,0.0,3.5431654676258995,False,Mixed or limited evidence,IMDb match unavailable,,,,Unconfirmed,Current UK platform unverified,Research required,,631441.0971223022,971447.8417266187,1360026.9784172662,2428619.6043165466,,,,,Watchlist
Mike Epps: Delusional,,,3800000,3800000.0,1,73076.92307692308,0.0,0.0,3.5431654676258995,False,Mixed or limited evidence,IMDb match unavailable,,,,Unconfirmed,Current UK platform unverified,Research required,,631441.0971223022,971447.8417266187,1360026.9784172662,2428619.6043165466,,,,,Watchlist
Project UFO,,,3800000,1100000.0,1,0.0,0.0,,3.5431654676258995,False,Mixed or limited evidence,IMDb match unavailable,,,,Unconfirmed,Current UK platform unverified,Research required,,631441.0971223022,971447.8417266187,1360026.9784172662,2428619.6043165466,,,,,Watchlist
My Korean Boyfriend,,,3700000,1400000.0,1,26923.076923076922,0.0,0.0,3.4832134292565944,False,Mixed or limited evidence,IMDb match unavailable,,,,Unconfirmed,Current UK platform unverified,Research required,,629005.5455635492,967700.8393285371,1354781.1750599518,2419252.098321343,,,,,Watchlist
Regular Show,,,3600000,1600000.0,1,0.0,0.0,,3.447242206235012,False,Mixed or limited evidence,IMDb match unavailable,,,,Unconfirmed,Current UK platform unverified,Research required,,627544.2146282974,965452.6378896883,1351633.6930455635,2413631.5947242207,,,,,Watchlist
Masters of the Universe: Revolution,,,3400000,1500000.0,1,0.0,0.0,,3.3752997601918464,False,Mixed or limited evidence,IMDb match unavailable,,,,Unconfirmed,Current UK platform unverified,Research required,,624621.5527577938,960956.2350119904,1345338.7290167864,2402390.587529976,,,,,Watchlist
"Angi: Fake Life, True Crime",,,3400000,2700000.0,1,0.0,0.0,,3.3752997601918464,False,Mixed or limited evidence,IMDb match unavailable,,,,Unconfirmed,Current UK platform unverified,Research required,,624621.5527577938,960956.2350119904,1345338.7290167864,2402390.587529976,,,,,Watchlist
The Last Hours of Mario Biondo,,,3300000,1500000.0,1,0.0,0.0,,3.29136690647482,False,Mixed or limited evidence,IMDb match unavailable,,,,Unconfirmed,Current UK platform unverified,Research required,,621211.7805755397,955710.4316546763,1337994.6043165468,2389276.079136691,,,,,Watchlist
Leanne Morgan: Unspeakable Things,,,3300000,3000000.0,1,57692.307692307695,0.0,0.0,3.29136690647482,False,Mixed or limited evidence,IMDb match unavailable,,,,Unconfirmed,Current UK platform unverified,Research required,,621211.7805755397,955710.4316546763,1337994.6043165468,2389276.079136691,,,,,Watchlist
The Playing Card Killer,,,3300000,1300000.0,1,0.0,0.0,,3.29136690647482,False,Mixed or limited evidence,IMDb match unavailable,,,,Unconfirmed,Current UK platform unverified,Research required,,621211.7805755397,955710.4316546763,1337994.6043165468,2389276.079136691,,,,,Watchlist
Super Rich in Korea,,,3300000,1100000.0,1,0.0,0.0,,3.29136690647482,False,Mixed or limited evidence,IMDb match unavailable,,,,Unconfirmed,Current UK platform unverified,Research required,,621211.7805755397,955710.4316546763,1337994.6043165468,2389276.079136691,,,,,Watchlist
Is It Cake? Valentines,,,3200000,4300000.0,1,82692.30769230769,0.0,0.0,3.183453237410072,False,Mixed or limited evidence,IMDb match unavailable,,,,Unconfirmed,Current UK platform unverified,Research required,,616827.7877697842,948965.8273381295,1328552.1582733812,2372414.5683453237,,,,,Watchlist
Òlòtūré: The Journey,,,3200000,1700000.0,1,0.0,0.0,,3.183453237410072,False,Mixed or limited evidence,IMDb match unavailable,,,,Unconfirmed,Current UK platform unverified,Research required,,616827.7877697842,948965.8273381295,1328552.1582733812,2372414.5683453237,,,,,Watchlist
My Wife My Abuser: Captured On Camera,,,3200000,2100000.0,1,0.0,0.0,,3.183453237410072,False,Mixed or limited evidence,IMDb match unavailable,,,,Unconfirmed,Current UK platform unverified,Research required,,616827.7877697842,948965.8273381295,1328552.1582733812,2372414.5683453237,,,,,Watchlist
Mike Epps: Ready to Sell Out,,,3100000,3000000.0,1,0.0,0.0,,3.1115107913669062,False,Mixed or limited evidence,IMDb match unavailable,,,,Unconfirmed,Current UK platform unverified,Research required,,613905.1258992807,944469.4244604317,1322257.1942446043,2361173.5611510794,,,,,Watchlist
Don't Hate the Player,,,3000000,1100000.0,1,0.0,0.0,,3.0755395683453237,False,Mixed or limited evidence,IMDb match unavailable,,,,Unconfirmed,Current UK platform unverified,Research required,,612443.7949640288,942221.2230215827,1319109.7122302158,2355553.0575539568,,,,,Watchlist
Adam Sandler: Love You,,,2900000,2400000.0,1,0.0,0.0,,3.015587529976019,False,Mixed or limited evidence,IMDb match unavailable,,,,Unconfirmed,Current UK platform unverified,Research required,,610008.2434052759,938474.2206235012,1313863.9088729017,2346185.551558753,,,,,Watchlist
Baby Shark Hospital Play,,,2900000,1900000.0,1,36538.46153846154,0.0,0.0,3.015587529976019,False,Mixed or limited evidence,IMDb match unavailable,,,,Unconfirmed,Current UK platform unverified,Research required,,610008.2434052759,938474.2206235012,1313863.9088729017,2346185.551558753,,,,,Watchlist
Bert Kreischer: Lucky,,,2900000,2600000.0,1,0.0,0.0,,3.015587529976019,False,Mixed or limited evidence,IMDb match unavailable,,,,Unconfirmed,Current UK platform unverified,Research required,,610008.2434052759,938474.2206235012,1313863.9088729017,2346185.551558753,,,,,Watchlist
Andrew Schulz: LIFE,,,2900000,2900000.0,1,0.0,0.0,,3.015587529976019,False,Mixed or limited evidence,IMDb match unavailable,,,,Unconfirmed,Current UK platform unverified,Research required,,610008.2434052759,938474.2206235012,1313863.9088729017,2346185.551558753,,,,,Watchlist
Ellen DeGeneres: For Your Approval,,,2800000,2400000.0,1,0.0,0.0,,2.9556354916067145,False,Mixed or limited evidence,IMDb match unavailable,,,,Unconfirmed,Current UK platform unverified,Research required,,607572.6918465227,934727.2182254196,1308618.1055155874,2336818.0455635493,,,,,Watchlist
Marcello Hernández: American Boy,,,2700000,2500000.0,1,48076.92307692308,0.0,0.0,2.89568345323741,False,Mixed or limited evidence,IMDb match unavailable,,,,Unconfirmed,Current UK platform unverified,Research required,,605137.1402877698,930980.2158273382,1303372.3021582733,2327450.5395683455,,,,,Watchlist
85 South: Ghetto Legends,,,2700000,3000000.0,1,0.0,0.0,,2.89568345323741,False,Mixed or limited evidence,IMDb match unavailable,,,,Unconfirmed,Current UK platform unverified,Research required,,605137.1402877698,930980.2158273382,1303372.3021582733,2327450.5395683455,,,,,Watchlist
Ali Wong: Single Lady,,,2700000,2700000.0,1,0.0,0.0,,2.89568345323741,False,Mixed or limited evidence,IMDb match unavailable,,,,Unconfirmed,Current UK platform unverified,Research required,,605137.1402877698,930980.2158273382,1303372.3021582733,2327450.5395683455,,,,,Watchlist
Ricky Gervais Alley Cats,,,2600000,1500000.0,1,28846.153846153848,375000.0,13.0,2.76378896882494,False,Possible short-term spike,IMDb match unavailable,,,,Unconfirmed,Current UK platform unverified,Research required,,599778.9268585132,922736.8105515587,1291831.534772182,2306842.026378897,,,,,Watchlist
Taylor Tomlinson: Have It All,,,2600000,2300000.0,1,0.0,0.0,,2.76378896882494,False,Mixed or limited evidence,IMDb match unavailable,,,,Unconfirmed,Current UK platform unverified,Research required,,599778.9268585132,922736.8105515587,1291831.534772182,2306842.026378897,,,,,Watchlist
Toriko X One Piece Collaboration Special,,,2600000,1100000.0,1,21153.846153846152,0.0,0.0,2.76378896882494,False,Mixed or limited evidence,IMDb match unavailable,,,,Unconfirmed,Current UK platform unverified,Research required,,599778.9268585132,922736.8105515587,1291831.534772182,2306842.026378897,,,,,Watchlist
Funny AF with Kevin Hart,,,2600000,2200000.0,1,42307.692307692305,0.0,0.0,2.76378896882494,False,Mixed or limited evidence,IMDb match unavailable,,,,Unconfirmed,Current UK platform unverified,Research required,,599778.9268585132,922736.8105515587,1291831.534772182,2306842.026378897,,,,,Watchlist
Shane Gillis: Beautiful Dogs,,,2600000,2900000.0,1,0.0,0.0,,2.76378896882494,False,Mixed or limited evidence,IMDb match unavailable,,,,Unconfirmed,Current UK platform unverified,Research required,,599778.9268585132,922736.8105515587,1291831.534772182,2306842.026378897,,,,,Watchlist
Represent,,,2600000,800000.0,1,0.0,0.0,,2.76378896882494,False,Mixed or limited evidence,IMDb match unavailable,,,,Unconfirmed,Current UK platform unverified,Research required,,599778.9268585132,922736.8105515587,1291831.534772182,2306842.026378897,,,,,Watchlist
Kountry Wayne: A Woman's Prayer,,,2600000,2600000.0,1,0.0,0.0,,2.76378896882494,False,Mixed or limited evidence,IMDb match unavailable,,,,Unconfirmed,Current UK platform unverified,Research required,,599778.9268585132,922736.8105515587,1291831.534772182,2306842.026378897,,,,,Watchlist
Love is Blind Brazil: After the Altar,,,2500000,1700000.0,1,0.0,0.0,,2.6558752997601918,False,Mixed or limited evidence,IMDb match unavailable,,,,Unconfirmed,Current UK platform unverified,Research required,,595394.9340527578,915992.206235012,1282389.0887290167,2289980.51558753,,,,,Watchlist
Jo Koy: Live from Brooklyn,,,2500000,2500000.0,1,0.0,0.0,,2.6558752997601918,False,Mixed or limited evidence,IMDb match unavailable,,,,Unconfirmed,Current UK platform unverified,Research required,,595394.9340527578,915992.206235012,1282389.0887290167,2289980.51558753,,,,,Watchlist
Starto Countdown 2025→2026,,,2400000,1100000.0,1,21153.846153846152,0.0,0.0,2.6199040767386093,False,Mixed or limited evidence,IMDb match unavailable,,,,Unconfirmed,Current UK platform unverified,Research required,,593933.603117506,913744.0047961631,1279241.6067146282,2284360.0119904075,,,,,Watchlist
Jimmy Carr: Natural Born Killer,,,2300000,2300000.0,1,0.0,0.0,,2.5959232613908876,False,Mixed or limited evidence,IMDb match unavailable,,,,Unconfirmed,Current UK platform unverified,Research required,,592959.3824940048,912245.2038369305,1277143.2853717026,2280613.0095923264,,,,,Watchlist
Jim Jefferies: Two Limb Policy,,,2200000,2100000.0,1,0.0,0.0,,2.5719424460431655,False,Mixed or limited evidence,IMDb match unavailable,,,,Unconfirmed,Current UK platform unverified,Research required,,591985.1618705036,910746.4028776978,1275044.9640287769,2276866.007194245,,,,,Watchlist
Pete Davidson: Turbo Fonzarelli,,,2100000,2300000.0,1,0.0,0.0,,2.5359712230215825,False,Mixed or limited evidence,IMDb match unavailable,,,,Unconfirmed,Current UK platform unverified,Research required,,590523.8309352518,908498.2014388489,1271897.4820143883,2271245.503597122,,,,,Watchlist
Mike Birbiglia: The Old Man and The Pool,,,2100000,1600000.0,1,0.0,0.0,,2.5359712230215825,False,Mixed or limited evidence,IMDb match unavailable,,,,Unconfirmed,Current UK platform unverified,Research required,,590523.8309352518,908498.2014388489,1271897.4820143883,2271245.503597122,,,,,Watchlist
The Boyfriend,,,2000000,900000.0,1,0.0,0.0,,2.4760191846522783,False,Mixed or limited evidence,IMDb match unavailable,,,,Unconfirmed,Current UK platform unverified,Research required,,588088.2793764988,904751.1990407674,1266651.6786570742,2261877.9976019184,,,,,Watchlist
Amy Schumer: Emergency Contact,,,2000000,2400000.0,1,0.0,0.0,,2.4760191846522783,False,Mixed or limited evidence,IMDb match unavailable,,,,Unconfirmed,Current UK platform unverified,Research required,,588088.2793764988,904751.1990407674,1266651.6786570742,2261877.9976019184,,,,,Watchlist
Anthony Jeselnik: Bones and All,,,2000000,2400000.0,1,0.0,0.0,,2.4760191846522783,False,Mixed or limited evidence,IMDb match unavailable,,,,Unconfirmed,Current UK platform unverified,Research required,,588088.2793764988,904751.1990407674,1266651.6786570742,2261877.9976019184,,,,,Watchlist
Nevertheless : The Shapes of Love,,,1800000,1100000.0,1,0.0,0.0,,2.4280575539568345,False,Mixed or limited evidence,IMDb match unavailable,,,,Unconfirmed,Current UK platform unverified,Research required,,586139.8381294964,901753.5971223022,1262455.035971223,2254383.992805755,,,,,Watchlist
Hannah Berner: We Ride at Dawn,,,1600000,1900000.0,1,0.0,0.0,,2.36810551558753,False,Mixed or limited evidence,IMDb match unavailable,,,,Unconfirmed,Current UK platform unverified,Research required,,583704.2865707434,898006.5947242206,1257209.2326139088,2245016.4868105515,,,,,Watchlist
Chelsea Handler: The Feeling,,,1600000,1600000.0,1,0.0,0.0,,2.36810551558753,False,Mixed or limited evidence,IMDb match unavailable,,,,Unconfirmed,Current UK platform unverified,Research required,,583704.2865707434,898006.5947242206,1257209.2326139088,2245016.4868105515,,,,,Watchlist
Ronny Chieng: Love to Hate It,,,1600000,1500000.0,1,0.0,0.0,,2.36810551558753,False,Mixed or limited evidence,IMDb match unavailable,,,,Unconfirmed,Current UK platform unverified,Research required,,583704.2865707434,898006.5947242206,1257209.2326139088,2245016.4868105515,,,,,Watchlist
Fireplace for Your Home: Classic Crackling Fireplace,,,1600000,1600000.0,1,0.0,0.0,,2.36810551558753,False,Mixed or limited evidence,IMDb match unavailable,,,,Unconfirmed,Current UK platform unverified,Research required,,583704.2865707434,898006.5947242206,1257209.2326139088,2245016.4868105515,,,,,Watchlist
Bebefinn Playtime,,,1500000,1500000.0,1,0.0,0.0,,2.2721822541966428,False,Mixed or limited evidence,IMDb match unavailable,,,,Unconfirmed,Current UK platform unverified,Research required,,579807.4040767386,892011.3908872901,1248815.9472422062,2230028.477218225,,,,,Watchlist
Mark Normand: Soup to Nuts,,,1500000,1700000.0,1,0.0,0.0,,2.2721822541966428,False,Mixed or limited evidence,IMDb match unavailable,,,,Unconfirmed,Current UK platform unverified,Research required,,579807.4040767386,892011.3908872901,1248815.9472422062,2230028.477218225,,,,,Watchlist
Torching 2024: A Roast of the Year,,,1500000,2100000.0,1,0.0,0.0,,2.2721822541966428,False,Mixed or limited evidence,IMDb match unavailable,,,,Unconfirmed,Current UK platform unverified,Research required,,579807.4040767386,892011.3908872901,1248815.9472422062,2230028.477218225,,,,,Watchlist
Tony Hinchcliffe: Man of the People,,,1500000,1600000.0,1,30769.23076923077,0.0,0.0,2.2721822541966428,False,Mixed or limited evidence,IMDb match unavailable,,,,Unconfirmed,Current UK platform unverified,Research required,,579807.4040767386,892011.3908872901,1248815.9472422062,2230028.477218225,,,,,Watchlist
Jeff Arcuri: Nice to Meet You,,,1400000,1300000.0,1,25000.0,0.0,0.0,2.212230215827338,False,Mixed or limited evidence,IMDb match unavailable,,,,Unconfirmed,Current UK platform unverified,Research required,,577371.8525179856,888264.3884892086,1243570.143884892,2220660.971223022,,,,,Watchlist
Pinkfong Little Dino School,,,1300000,1900000.0,1,0.0,0.0,,2.188249400479616,False,Mixed or limited evidence,IMDb match unavailable,,,,Unconfirmed,Current UK platform unverified,Research required,,576397.6318944844,886765.587529976,1241471.8225419663,2216913.9688249403,,,,,Watchlist
Steve Treviño: Simple Man,,,1200000,1300000.0,1,0.0,0.0,,2.1522781774580335,False,Mixed or limited evidence,IMDb match unavailable,,,,Unconfirmed,Current UK platform unverified,Research required,,574936.3009592326,884517.3860911271,1238324.3405275778,2211293.4652278177,,,,,Watchlist
Larva in Mars,,,1200000,1200000.0,1,0.0,0.0,,2.1522781774580335,False,Mixed or limited evidence,IMDb match unavailable,,,,Unconfirmed,Current UK platform unverified,Research required,,574936.3009592326,884517.3860911271,1238324.3405275778,2211293.4652278177,,,,,Watchlist
Dave Attell: Hot Cross Buns,,,1000000,1500000.0,1,0.0,0.0,,2.1043165467625897,False,Mixed or limited evidence,IMDb match unavailable,,,,Unconfirmed,Current UK platform unverified,Research required,,572987.8597122302,881519.7841726618,1234127.6978417265,2203799.4604316545,,,,,Watchlist
Silent Truth,,,1000000,1200000.0,1,23076.923076923078,0.0,0.0,2.1043165467625897,False,Mixed or limited evidence,IMDb match unavailable,,,,Unconfirmed,Current UK platform unverified,Research required,,572987.8597122302,881519.7841726618,1234127.6978417265,2203799.4604316545,,,,,Watchlist
Hot Ones: Extra Heat,,,900000,2000000.0,1,38461.53846153846,0.0,0.0,2.068345323741007,False,Mixed or limited evidence,IMDb match unavailable,,,,Unconfirmed,Current UK platform unverified,Research required,,571526.5287769785,879271.582733813,1230980.2158273382,2198178.9568345323,,,,,Watchlist
【OSHI NO KO】,,,800000,1000000.0,1,0.0,0.0,,2.0443645083932855,False,Mixed or limited evidence,IMDb match unavailable,,,,Unconfirmed,Current UK platform unverified,Research required,,570552.3081534773,877772.7817745804,1228881.8944844124,2194431.9544364507,,,,,Watchlist
